run_id,timestamp,person,experiment_id,scenario,option_type,scheme,method,method_params,n_paths,n_steps,replicate_id,seed,machine_id,price,std_error,ci_low,ci_high,exact_price,abs_error,runtime_sec,extra_json
31f102bd66b4,2026-09-24T16:10:46,aritra,control,asian_arith,call,exact,plain,{},256,252,0,588972481,JARVIS_AMD64,3.193741069475115,0.37256522789194346,2.4635266409149486,3.9239554980352818,,,0.001280100000258244,
9afbc5b95703,2026-09-24T16:10:46,aritra,control,asian_arith,call,exact,plain,{},256,252,1,411305767,JARVIS_AMD64,3.079835665132749,0.39962545727817067,2.2965841615621843,3.8630871687033137,,,0.00138639999931911,
3955b3080031,2026-09-24T16:10:46,aritra,control,asian_arith,call,exact,plain,{},256,252,2,2732422744,JARVIS_AMD64,3.9786202482313353,0.4242844446662772,3.1470380174848547,4.810202478977816,,,0.0010603000000628526,
267a9e452692,2026-09-24T16:10:46,aritra,control,asian_arith,call,exact,plain,{},256,252,3,3876638989,JARVIS_AMD64,2.89410408682505,0.37916661700410975,2.150951173357102,3.6372570002929976,,,0.0013954999994894024,
1ca7f37d29dc,2026-09-24T16:10:46,aritra,control,asian_arith,call,exact,plain,{},256,252,4,984337779,JARVIS_AMD64,3.0802888171263203,0.35970726760576455,2.3752755276417106,3.78530210661093,,,0.0011739999999917927,
1455de31ad12,2026-09-24T16:10:46,aritra,control,asian_arith,call,exact,plain,{},256,252,5,2635891761,JARVIS_AMD64,2.913905694705992,0.375976250407629,2.1770057848646265,3.6508056045473576,,,0.0015020999999251217,
5afa5ad8b899,2026-09-24T16:10:46,aritra,control,asian_arith,call,exact,plain,{},256,252,6,568117751,JARVIS_AMD64,4.031009591936325,0.42666103524730864,3.1947693292450254,4.867249854627625,,,0.0013359000004129484,
c99287ea468e,2026-09-24T16:10:46,aritra,control,asian_arith,call,exact,plain,{},256,252,7,8695120,JARVIS_AMD64,3.396854489590768,0.39631082721743477,2.62009954156132,4.173609437620216,,,0.0012734000001728418,
21ce27fad4ee,2026-09-24T16:10:46,aritra,control,asian_arith,call,exact,plain,{},256,252,8,1930920518,JARVIS_AMD64,3.075329797798302,0.3516016279035077,2.386203270201774,3.76445632539483,,,0.0012868000003436464,
9ad62304eaab,2026-09-24T16:10:46,aritra,control,asian_arith,call,exact,plain,{},256,252,9,3117525036,JARVIS_AMD64,2.147075534642518,0.285497925264071,1.5875098834640307,2.706641185821005,,,0.0011192000001756242,
4b80b9e11c79,2026-09-24T16:10:46,aritra,control,asian_arith,call,exact,plain,{},256,252,10,677331469,JARVIS_AMD64,3.3281963815856135,0.4055393326934266,2.53335389519209,4.123038867979137,,,0.0010285999996995088,
20f3fe7ad33e,2026-09-24T16:10:46,aritra,control,asian_arith,call,exact,plain,{},256,252,11,896217686,JARVIS_AMD64,3.727668591971795,0.40782007000031245,2.928355942598579,4.526981241345011,,,0.0009710000003906316,
2e71369847f8,2026-09-24T16:10:46,aritra,control,asian_arith,call,exact,plain,{},256,252,12,3210443480,JARVIS_AMD64,2.8422312954091358,0.37731782522058066,2.102701947251819,3.5817606435664526,,,0.0009716999993543141,
39ec688e425e,2026-09-24T16:10:46,aritra,control,asian_arith,call,exact,plain,{},256,252,13,317324802,JARVIS_AMD64,3.5702017026224278,0.4600019809419396,2.668614387159146,4.47178901808571,,,0.0008660000003146706,
170b40ebd455,2026-09-24T16:10:46,aritra,control,asian_arith,call,exact,plain,{},256,252,14,1239478720,JARVIS_AMD64,3.5963097927387846,0.42193352163029807,2.7693352864732486,4.423284299004321,,,0.0008730999998078914,
6ca7436c76aa,2026-09-24T16:10:46,aritra,control,asian_arith,call,exact,plain,{},256,252,15,1033921145,JARVIS_AMD64,2.271855264730687,0.3060472783998671,1.6720136215004442,2.87169690796093,,,0.0009070000005522161,
d4ca6c292f76,2026-09-24T16:10:46,aritra,control,asian_arith,call,exact,plain,{},256,252,16,2705586407,JARVIS_AMD64,2.9634480981984304,0.37589712496144057,2.2267032713818544,3.7001929250150063,,,0.0008876000001691864,
bb98523c4cca,2026-09-24T16:10:46,aritra,control,asian_arith,call,exact,plain,{},256,252,17,1841880639,JARVIS_AMD64,3.0509419280893986,0.3880106235799593,2.2904550802537504,3.8114287759250467,,,0.0008550000002287561,
b253dde84b43,2026-09-24T16:10:46,aritra,control,asian_arith,call,exact,plain,{},256,252,18,2787952828,JARVIS_AMD64,2.8374338729691555,0.3455051241781424,2.1602562731059574,3.5146114728323536,,,0.0008545999999114429,
4c5f7baefe39,2026-09-24T16:10:46,aritra,control,asian_arith,call,exact,plain,{},256,252,19,1205390894,JARVIS_AMD64,3.4174254758323883,0.3888713824376631,2.655251571636267,4.17959938002851,,,0.00087340000027325,
722f6dea7d5d,2026-09-24T16:10:46,aritra,control,asian_arith,call,exact,plain,{},1024,252,0,803447313,JARVIS_AMD64,3.1242496196678946,0.19051861993389096,2.7508399862131934,3.497659253122596,,,0.0046547000001737615,
54849bff10c6,2026-09-24T16:10:46,aritra,control,asian_arith,call,exact,plain,{},1024,252,1,4084949952,JARVIS_AMD64,3.2857342034406845,0.19837619702134573,2.896924001888825,3.674544404992544,,,0.004971100000147999,
ae7e01fb7f41,2026-09-24T16:10:46,aritra,control,asian_arith,call,exact,plain,{},1024,252,2,3076735857,JARVIS_AMD64,3.150404404631499,0.19776721126601468,2.762787793227186,3.538021016035812,,,0.004900400000224181,
773e7c27bcf9,2026-09-24T16:10:46,aritra,control,asian_arith,call,exact,plain,{},1024,252,3,1627555706,JARVIS_AMD64,3.1338472304752774,0.1874877294243647,2.766378033260332,3.501316427690223,,,0.004873299999417213,
1fe6e4194ce5,2026-09-24T16:10:46,aritra,control,asian_arith,call,exact,plain,{},1024,252,4,2460603813,JARVIS_AMD64,3.039308138497867,0.1804782354614126,2.685577297000159,3.393038979995575,,,0.004976600000190956,
dde8b00e05b8,2026-09-24T16:10:46,aritra,control,asian_arith,call,exact,plain,{},1024,252,5,2861051433,JARVIS_AMD64,3.2070835412118854,0.1957918958611237,2.823338476859266,3.590828605564505,,,0.005238700000518293,
da1171123df2,2026-09-24T16:10:46,aritra,control,asian_arith,call,exact,plain,{},1024,252,6,1552534250,JARVIS_AMD64,3.2310282087721713,0.1944782924870478,2.849857759722711,3.6121986578216316,,,0.005315800000062154,
70f42c2cc94e,2026-09-24T16:10:46,aritra,control,asian_arith,call,exact,plain,{},1024,252,7,4283133772,JARVIS_AMD64,3.234199601010102,0.1906723634230255,2.8604886358538395,3.6079105661663644,,,0.00495390000014595,
afa2e8e0c356,2026-09-24T16:10:46,aritra,control,asian_arith,call,exact,plain,{},1024,252,8,144091674,JARVIS_AMD64,3.1067811885581884,0.18226386860207974,2.7495505704151713,3.4640118067012056,,,0.004875999999967462,
3181649f2430,2026-09-24T16:10:46,aritra,control,asian_arith,call,exact,plain,{},1024,252,9,1550476011,JARVIS_AMD64,2.952088465581583,0.1795995235780231,2.6000798677281054,3.3040970634350604,,,0.004807899999832443,
973f59a065fd,2026-09-24T16:10:46,aritra,control,asian_arith,call,exact,plain,{},1024,252,10,1643041348,JARVIS_AMD64,3.1289780125502764,0.19290001451173294,2.750900931490026,3.5070550936105267,,,0.0047418000003744964,
5a41ee1827cf,2026-09-24T16:10:46,aritra,control,asian_arith,call,exact,plain,{},1024,252,11,1316317324,JARVIS_AMD64,2.9487130370694006,0.17794641459295224,2.5999444732891814,3.2974816008496197,,,0.004730700000436627,
41b7fd740c6c,2026-09-24T16:10:46,aritra,control,asian_arith,call,exact,plain,{},1024,252,12,2818114978,JARVIS_AMD64,3.1986924022435765,0.1940239918821511,2.8184123660178684,3.5789724384692847,,,0.004875199999332835,
efcdc22d291f,2026-09-24T16:10:46,aritra,control,asian_arith,call,exact,plain,{},1024,252,13,3670599515,JARVIS_AMD64,2.9863851614750043,0.19168702824485218,2.610685489811582,3.3620848331384265,,,0.0048986000001605134,
6697fb79de0f,2026-09-24T16:10:46,aritra,control,asian_arith,call,exact,plain,{},1024,252,14,668084015,JARVIS_AMD64,3.3703687604831694,0.20673043608933364,2.965184551239816,3.775552969726523,,,0.004819400000087626,
96af5dd5f021,2026-09-24T16:10:46,aritra,control,asian_arith,call,exact,plain,{},1024,252,15,2428137079,JARVIS_AMD64,2.89490602363688,0.18467542838776382,2.5329488351673572,3.256863212106403,,,0.0049007999996319995,
b1808c5678d3,2026-09-24T16:10:46,aritra,control,asian_arith,call,exact,plain,{},1024,252,16,3864998711,JARVIS_AMD64,3.382828321599807,0.18780561585303895,3.0147360784334865,3.750920564766128,,,0.00508440000066912,
b4cb62112993,2026-09-24T16:10:46,aritra,control,asian_arith,call,exact,plain,{},1024,252,17,3474452632,JARVIS_AMD64,2.9345625063491827,0.17901106798659527,2.583707260261405,3.2854177524369605,,,0.00515220000033878,
dfbaac64a4dc,2026-09-24T16:10:46,aritra,control,asian_arith,call,exact,plain,{},1024,252,18,4161626065,JARVIS_AMD64,3.418772971110142,0.20831637567374903,3.010480377399678,3.8270655648206056,,,0.004867499999818392,
4542d3e85160,2026-09-24T16:10:46,aritra,control,asian_arith,call,exact,plain,{},1024,252,19,3530790885,JARVIS_AMD64,3.1207347825145666,0.18351318507533534,2.761055549078676,3.480414015950457,,,0.004795800000465533,
0e27afa1f15e,2026-09-24T16:10:46,aritra,control,asian_arith,call,exact,plain,{},4096,252,0,343588194,JARVIS_AMD64,3.274802360864276,0.09829612336473642,3.0821454992494863,3.4674592224790657,,,0.020995700000639772,
dc69b2f7b75b,2026-09-24T16:10:46,aritra,control,asian_arith,call,exact,plain,{},4096,252,1,2765042083,JARVIS_AMD64,3.1369871158096987,0.09705206304844115,2.9467685676094435,3.327205664009954,,,0.019117099999675702,
b73ff0eae01a,2026-09-24T16:10:46,aritra,control,asian_arith,call,exact,plain,{},4096,252,2,1371148783,JARVIS_AMD64,3.157269603200284,0.09480692676919601,2.9714514412477335,3.343087765152834,,,0.01900389999991603,
48ac07043f36,2026-09-24T16:10:46,aritra,control,asian_arith,call,exact,plain,{},4096,252,3,1856154223,JARVIS_AMD64,3.193635171615001,0.09883143508950959,2.999929118299154,3.387341224930848,,,0.019772500000726723,
ae71b66d557c,2026-09-24T16:10:46,aritra,control,asian_arith,call,exact,plain,{},4096,252,4,1342572956,JARVIS_AMD64,3.2141358607686312,0.0976991321311458,3.0226490804707655,3.405622641066497,,,0.0195477999996001,
999a4b092fc5,2026-09-24T16:10:46,aritra,control,asian_arith,call,exact,plain,{},4096,252,5,1335705071,JARVIS_AMD64,3.220530668946069,0.09304843720712647,3.0381590832023644,3.4029022546897734,,,0.019352400000570924,
9c8fbd37daf8,2026-09-24T16:10:46,aritra,control,asian_arith,call,exact,plain,{},4096,252,6,1796038461,JARVIS_AMD64,3.0404472419938076,0.09462759669127123,2.8549805605353344,3.2259139234522807,,,0.019036200000300596,
2fff8a086138,2026-09-24T16:10:46,aritra,control,asian_arith,call,exact,plain,{},4096,252,7,1743662916,JARVIS_AMD64,3.1764291698082348,0.09659052677697132,2.987115216077619,3.3657431235388504,,,0.0187885000004826,
5069baf41886,2026-09-24T16:10:47,aritra,control,asian_arith,call,exact,plain,{},4096,252,8,1768955121,JARVIS_AMD64,3.2095095503202398,0.09589615625806583,3.0215565377986056,3.397462562841874,,,0.019720300000699353,
56a1586d12a7,2026-09-24T16:10:47,aritra,control,asian_arith,call,exact,plain,{},4096,252,9,191086990,JARVIS_AMD64,3.125806139762823,0.09591822611843163,2.937809871109728,3.313802408415918,,,0.019253999999818916,
8bce29874e38,2026-09-24T16:10:47,aritra,control,asian_arith,call,exact,plain,{},4096,252,10,3057067459,JARVIS_AMD64,3.0462136337503694,0.09355206044184915,2.8628549646048307,3.229572302895908,,,0.01911050000035175,
a00c6f72be85,2026-09-24T16:10:47,aritra,control,asian_arith,call,exact,plain,{},4096,252,11,880938799,JARVIS_AMD64,3.129529455783518,0.09439987277700007,2.9445091049954346,3.314549806571601,,,0.019995599999674596,
adc17825bcc2,2026-09-24T16:10:47,aritra,control,asian_arith,call,exact,plain,{},4096,252,12,3407312849,JARVIS_AMD64,3.242131512353123,0.09771313654829716,3.0506172839020165,3.43364574080423,,,0.019418000000769098,
d97eed8b15e8,2026-09-24T16:10:47,aritra,control,asian_arith,call,exact,plain,{},4096,252,13,957515668,JARVIS_AMD64,2.976438930681332,0.09375867863256403,2.7926752973234414,3.1602025640392224,,,0.01899740000044403,
cbe2535fd61f,2026-09-24T16:10:47,aritra,control,asian_arith,call,exact,plain,{},4096,252,14,2306540949,JARVIS_AMD64,3.1003212517871432,0.09436182888293582,2.9153754656612576,3.285267037913029,,,0.019331200000124227,
8da3f4ec99a4,2026-09-24T16:10:47,aritra,control,asian_arith,call,exact,plain,{},4096,252,15,4017800728,JARVIS_AMD64,3.3168639340961668,0.09948120543907549,3.1218843542969488,3.5118435138953847,,,0.019171299999470648,
91b4cb8d1d4b,2026-09-24T16:10:47,aritra,control,asian_arith,call,exact,plain,{},4096,252,16,3200440879,JARVIS_AMD64,3.194808513060652,0.09707554210610417,3.004543946752986,3.3850730793683175,,,0.019154599999637867,
c6600365f2cb,2026-09-24T16:10:47,aritra,control,asian_arith,call,exact,plain,{},4096,252,17,3701280207,JARVIS_AMD64,3.151621546260401,0.09555896482040452,2.964329416812478,3.3389136757083238,,,0.019663000000036845,
a0043b616508,2026-09-24T16:10:47,aritra,control,asian_arith,call,exact,plain,{},4096,252,18,2571190807,JARVIS_AMD64,3.0409895570377463,0.09329558768836592,2.8581335652520505,3.223845548823442,,,0.019524599999385828,
7ab10febfefe,2026-09-24T16:10:47,aritra,control,asian_arith,call,exact,plain,{},4096,252,19,1677525644,JARVIS_AMD64,3.202977798642128,0.09730044325910704,3.0122724341744953,3.393683163109761,,,0.019922499999665888,
080b99ad78bc,2026-09-24T16:10:47,aritra,control,asian_arith,call,exact,plain,{},16384,252,0,2438711682,JARVIS_AMD64,3.1359782610862847,0.04769309426750514,3.042501514010701,3.2294550081618687,,,0.08046179999928427,
576bc59b7745,2026-09-24T16:10:47,aritra,control,asian_arith,call,exact,plain,{},16384,252,1,3889873546,JARVIS_AMD64,3.19436688164904,0.04818801387058104,3.0999201099761846,3.2888136533218955,,,0.08292100000016944,
826915e6f628,2026-09-24T16:10:47,aritra,control,asian_arith,call,exact,plain,{},16384,252,2,1813071043,JARVIS_AMD64,3.1913060917020757,0.047829583526764766,3.0975618305940666,3.2850503528100847,,,0.08033650000015768,
fe47609fd08c,2026-09-24T16:10:47,aritra,control,asian_arith,call,exact,plain,{},16384,252,3,3019075287,JARVIS_AMD64,3.0813396472346612,0.04753093685129839,2.988180722854669,3.1744985716146537,,,0.07940500000040629,
c0b4a37fe6cc,2026-09-24T16:10:47,aritra,control,asian_arith,call,exact,plain,{},16384,252,4,643029994,JARVIS_AMD64,3.1482095680320095,0.047808156083630704,3.0545073039408237,3.2419118321231952,,,0.07862070000010135,
d78af2e43e59,2026-09-24T16:10:47,aritra,control,asian_arith,call,exact,plain,{},16384,252,5,2694654496,JARVIS_AMD64,3.2098573821095524,0.047883765058772135,3.1160069271501816,3.3037078370689232,,,0.07912949999990815,
31a34a36407a,2026-09-24T16:10:47,aritra,control,asian_arith,call,exact,plain,{},16384,252,6,2387059051,JARVIS_AMD64,3.182755599221467,0.048368655648821236,3.0879547761691573,3.2775564222737765,,,0.07888470000034431,
524717d7a2f6,2026-09-24T16:10:47,aritra,control,asian_arith,call,exact,plain,{},16384,252,7,3766370593,JARVIS_AMD64,3.1309750385154835,0.04711505150313945,3.0386312344395803,3.223318842591387,,,0.07896339999933844,
f710747218cf,2026-09-24T16:10:47,aritra,control,asian_arith,call,exact,plain,{},16384,252,8,4047171850,JARVIS_AMD64,3.16528234564828,0.048189850200875295,3.070831974834184,3.259732716462376,,,0.09275499999966996,
adeb8a01cdbf,2026-09-24T16:10:48,aritra,control,asian_arith,call,exact,plain,{},16384,252,9,2284557935,JARVIS_AMD64,3.1720184043882034,0.04813071770016478,3.077683931145816,3.266352877630591,,,0.08389640000041254,
ede0073dab1e,2026-09-24T16:10:48,aritra,control,asian_arith,call,exact,plain,{},16384,252,10,2854535465,JARVIS_AMD64,3.1769927670032807,0.048165084390744344,3.0825909362850896,3.271394597721472,,,0.0793532999996387,
0714967084d0,2026-09-24T16:10:48,aritra,control,asian_arith,call,exact,plain,{},16384,252,11,3236971974,JARVIS_AMD64,3.226459726858552,0.048875871849908464,3.1306647783197366,3.322254675397368,,,0.08136029999968741,
32aa5162b4ce,2026-09-24T16:10:48,aritra,control,asian_arith,call,exact,plain,{},16384,252,12,1789871693,JARVIS_AMD64,3.1148999856287514,0.04730973020371214,3.0221746183111686,3.207625352946334,,,0.08052039999984117,
ad998f63a8b0,2026-09-24T16:10:48,aritra,control,asian_arith,call,exact,plain,{},16384,252,13,2005907253,JARVIS_AMD64,3.1847509143122386,0.04823431607552183,3.0902133919852943,3.279288436639183,,,0.07874619999984134,
a95811d3c468,2026-09-24T16:10:48,aritra,control,asian_arith,call,exact,plain,{},16384,252,14,2418175427,JARVIS_AMD64,3.1141563436400896,0.04798146610415573,3.020114398150515,3.208198289129664,,,0.07897179999963555,
1741cef3c85a,2026-09-24T16:10:48,aritra,control,asian_arith,call,exact,plain,{},16384,252,15,1444993185,JARVIS_AMD64,3.212417287140812,0.04824114519383797,3.117866379987922,3.306968194293702,,,0.07970359999944776,
ea578ab2def9,2026-09-24T16:10:48,aritra,control,asian_arith,call,exact,plain,{},16384,252,16,2365424009,JARVIS_AMD64,3.1643124064741075,0.04842820312394758,3.06939487251518,3.259229940433035,,,0.2849958000006154,
d23ff10d10e8,2026-09-24T16:10:49,aritra,control,asian_arith,call,exact,plain,{},16384,252,17,2124175627,JARVIS_AMD64,3.1675316628742065,0.048081863558172115,3.07329294199062,3.261770383757793,,,0.34709120000024996,
c648ed4d4895,2026-09-24T16:10:49,aritra,control,asian_arith,call,exact,plain,{},16384,252,18,495090211,JARVIS_AMD64,3.078605568901497,0.046695157672267944,2.9870847416114326,3.1701263961915616,,,0.37016810000022815,
de29a213b6bd,2026-09-24T16:10:49,aritra,control,asian_arith,call,exact,plain,{},16384,252,19,130155604,JARVIS_AMD64,3.175879738430742,0.04813710705953508,3.0815327422741046,3.2702267345873794,,,0.3165540999998484,
7f527c3c0103,2026-09-24T16:10:51,aritra,control,asian_arith,call,exact,plain,{},65536,252,0,531981755,JARVIS_AMD64,3.186390443673769,0.024031773284197214,3.1392890335521106,3.2334918537954276,,,1.3483784999998534,
0653d02f9208,2026-09-24T16:10:52,aritra,control,asian_arith,call,exact,plain,{},65536,252,1,825923748,JARVIS_AMD64,3.1615025359247486,0.02391085503724598,3.1146381212121885,3.2083669506373087,,,1.3226328999999168,
89df33a09ec5,2026-09-24T16:10:54,aritra,control,asian_arith,call,exact,plain,{},65536,252,2,4070181053,JARVIS_AMD64,3.1513865856851466,0.02411420946230905,3.104123603623366,3.1986495677469273,,,1.5185308999998597,
7e2f2def29cc,2026-09-24T16:10:55,aritra,control,asian_arith,call,exact,plain,{},65536,252,3,4081095275,JARVIS_AMD64,3.1925332934247246,0.024221534397169227,3.145059958355975,3.2400066284934743,,,1.2629383000003145,
57ad136acc88,2026-09-24T16:10:56,aritra,control,asian_arith,call,exact,plain,{},65536,252,4,3342624536,JARVIS_AMD64,3.125023836809489,0.023979259959231974,3.078025350913471,3.172022322705507,,,1.2500732999997126,
b0f42a2e0986,2026-09-24T16:10:57,aritra,control,asian_arith,call,exact,plain,{},65536,252,5,1774849138,JARVIS_AMD64,3.1665065867999687,0.02392730807641961,3.119609924723192,3.2134032488767454,,,1.3084659000005558,
899f0379780d,2026-09-24T16:10:58,aritra,control,asian_arith,call,exact,plain,{},65536,252,6,3093065706,JARVIS_AMD64,3.179958351972955,0.02416508138390709,3.1325956627770175,3.227321041168892,,,0.9976358999992954,
b7e2dd7fcddd,2026-09-24T16:11:00,aritra,control,asian_arith,call,exact,plain,{},65536,252,7,2242326931,JARVIS_AMD64,3.1633601826933875,0.023971661635646076,3.1163765892379405,3.2103437761488345,,,1.284924399999909,
ea4660ba9d0f,2026-09-24T16:11:01,aritra,control,asian_arith,call,exact,plain,{},65536,252,8,178642938,JARVIS_AMD64,3.18293602377514,0.02430348606074483,3.135302066397309,3.230569981152971,,,1.5679918999994698,
71ee874dcba9,2026-09-24T16:11:03,aritra,control,asian_arith,call,exact,plain,{},65536,252,9,1006574324,JARVIS_AMD64,3.130158546078284,0.023824624663737363,3.0834631397921743,3.176853952364394,,,1.4761960999994699,
26f6729f73c3,2026-09-24T16:11:04,aritra,control,asian_arith,call,exact,plain,{},65536,252,10,2630089397,JARVIS_AMD64,3.1448765258047535,0.02398465501433531,3.0978674657950385,3.1918855858144686,,,1.3411815999997998,
0ac8b65fc923,2026-09-24T16:11:06,aritra,control,asian_arith,call,exact,plain,{},65536,252,11,2646264561,JARVIS_AMD64,3.1592077355450825,0.023932738769760837,3.1123004295049457,3.2061150415852193,,,1.558598399999937,
77ea7c556036,2026-09-24T16:11:07,aritra,control,asian_arith,call,exact,plain,{},65536,252,12,170631619,JARVIS_AMD64,3.1586773539611244,0.023873240119887142,3.1118866631318687,3.20546804479038,,,1.6131423999995604,
753faf686528,2026-09-24T16:11:09,aritra,control,asian_arith,call,exact,plain,{},65536,252,13,213842398,JARVIS_AMD64,3.1575445478474613,0.024046266881926247,3.1104147307962475,3.204674364898675,,,1.2855627999997523,
c4dae09f6cdd,2026-09-24T16:11:10,aritra,control,asian_arith,call,exact,plain,{},65536,252,14,2374574101,JARVIS_AMD64,3.180286923755806,0.024105518716945495,3.1330409752419364,3.2275328722696752,,,1.4124724999992395,
8d2dbd61ac74,2026-09-24T16:11:11,aritra,control,asian_arith,call,exact,plain,{},65536,252,15,1006420544,JARVIS_AMD64,3.1677009722414997,0.02395035348087695,3.1207591420019773,3.214642802481022,,,1.1821940999998333,
a1ace39b839a,2026-09-24T16:11:12,aritra,control,asian_arith,call,exact,plain,{},65536,252,16,4112019383,JARVIS_AMD64,3.1692145641614733,0.02415420667513774,3.1218731890030664,3.21655593931988,,,1.2568707000000359,
643ffe8ece1d,2026-09-24T16:11:14,aritra,control,asian_arith,call,exact,plain,{},65536,252,17,3384661057,JARVIS_AMD64,3.1424113882156233,0.023758942465365317,3.095844716672748,3.1889780597584987,,,1.086605800000143,
7b3509a77875,2026-09-24T16:11:15,aritra,control,asian_arith,call,exact,plain,{},65536,252,18,1027556651,JARVIS_AMD64,3.206510732740214,0.024126006105297748,3.159224629683037,3.253796835797391,,,1.2782892000004722,
cc5193069e3f,2026-09-24T16:11:16,aritra,control,asian_arith,call,exact,plain,{},65536,252,19,2936841959,JARVIS_AMD64,3.1621717005415744,0.024089084662457714,3.114957962182621,3.2093854389005276,,,1.595954200000051,
9aa7ebd09c6f,2026-09-24T16:11:16,aritra,control,asian_arith,call,exact,control_variate,{},256,252,0,194668063,JARVIS_AMD64,3.1659329612918894,0.009881903867162898,3.1465647856135632,3.1853011369702156,,,0.02148990000023332,"{""control"": ""geometric_asian"", ""control_mean"": 3.000200360178781, ""b_hat"": 1.0452297883288104, ""rho"": 0.999594174993808, ""pilot_rho"": 0.9997172277186981, ""pilot_paths"": 256, ""total_paths_simulated"": 512, ""plain_std_error"": 0.3340568767436414, ""observed_vrf"": 1142.771980375727, ""theoretical_vrf"": 1232.308185084613}"
a0568ff30794,2026-09-24T16:11:16,aritra,control,asian_arith,call,exact,control_variate,{},256,252,1,4201333061,JARVIS_AMD64,3.188009555111522,0.014400353747302804,3.1597853804021723,3.216233729820872,,,0.019712600000275415,"{""control"": ""geometric_asian"", ""control_mean"": 3.000200360178781, ""b_hat"": 1.0432288476649185, ""rho"": 0.9995254071727289, ""pilot_rho"": 0.9996036802911674, ""pilot_paths"": 256, ""total_paths_simulated"": 512, ""plain_std_error"": 0.4451691355220868, ""observed_vrf"": 955.6607971832885, ""theoretical_vrf"": 1053.7847342614841}"
3b2670409fcc,2026-09-24T16:11:17,aritra,control,asian_arith,call,exact,control_variate,{},256,252,2,1699421660,JARVIS_AMD64,3.139448727151585,0.00823124806024987,3.12331577740568,3.15558167689749,,,0.019669899999826157,"{""control"": ""geometric_asian"", ""control_mean"": 3.000200360178781, ""b_hat"": 1.0423337227538183, ""rho"": 0.9997673605512296, ""pilot_rho"": 0.9996981737621081, ""pilot_paths"": 256, ""total_paths_simulated"": 512, ""plain_std_error"": 0.3784400999257653, ""observed_vrf"": 2113.7952470942996, ""theoretical_vrf"": 2149.49858792733}"
494f0133910f,2026-09-24T16:11:17,aritra,control,asian_arith,call,exact,control_variate,{},256,252,3,40954810,JARVIS_AMD64,3.1721239101478487,0.013542913523153326,3.1455802873967276,3.1986675328989698,,,0.022657499999695574,"{""control"": ""geometric_asian"", ""control_mean"": 3.000200360178781, ""b_hat"": 1.041877851000778, ""rho"": 0.9992839432304255, ""pilot_rho"": 0.9996634546859086, ""pilot_paths"": 256, ""total_paths_simulated"": 512, ""plain_std_error"": 0.35334289704830274, ""observed_vrf"": 680.7200151390037, ""theoretical_vrf"": 698.5187481779095}"
f748e87423d5,2026-09-24T16:11:17,aritra,control,asian_arith,call,exact,control_variate,{},256,252,4,119262038,JARVIS_AMD64,3.1812521080818343,0.01647058088966609,3.148970362733635,3.2135338534300337,,,0.020217700000102923,"{""control"": ""geometric_asian"", ""control_mean"": 3.000200360178781, ""b_hat"": 1.0455175060265638, ""rho"": 0.999405634818712, ""pilot_rho"": 0.999461814495188, ""pilot_paths"": 256, ""total_paths_simulated"": 512, ""plain_std_error"": 0.432562956945066, ""observed_vrf"": 689.7327030694453, ""theoretical_vrf"": 841.4837396487243}"
d8dc2b1c2d75,2026-09-24T16:11:17,aritra,control,asian_arith,call,exact,control_variate,{},256,252,5,3363728078,JARVIS_AMD64,3.1760604141794317,0.014669633955420295,3.147308459960422,3.2048123683984415,,,0.017905099999552476,"{""control"": ""geometric_asian"", ""control_mean"": 3.000200360178781, ""b_hat"": 1.0458448855305957, ""rho"": 0.9994245544296588, ""pilot_rho"": 0.9997038901873805, ""pilot_paths"": 256, ""total_paths_simulated"": 512, ""plain_std_error"": 0.4258889096097585, ""observed_vrf"": 842.8574064166215, ""theoretical_vrf"": 869.1419807092834}"
fd14166ab1f2,2026-09-24T16:11:17,aritra,control,asian_arith,call,exact,control_variate,{},256,252,6,2914349347,JARVIS_AMD64,3.164739401613007,0.011780294389725988,3.141650448881865,3.187828354344149,,,0.015018899999631685,"{""control"": ""geometric_asian"", ""control_mean"": 3.000200360178781, ""b_hat"": 1.0446562670283164, ""rho"": 0.999409021505005, ""pilot_rho"": 0.9995536726646256, ""pilot_paths"": 256, ""total_paths_simulated"": 512, ""plain_std_error"": 0.3397442597283819, ""observed_vrf"": 831.7483885926248, ""theoretical_vrf"": 846.3045483538831}"
4cb933dea4ac,2026-09-24T16:11:17,aritra,control,asian_arith,call,exact,control_variate,{},256,252,7,4216025124,JARVIS_AMD64,3.171038033316143,0.01241736701061277,3.146700441192526,3.19537562543976,,,0.015365699999165372,"{""control"": ""geometric_asian"", ""control_mean"": 3.000200360178781, ""b_hat"": 1.0422573139304285, ""rho"": 0.9995886312630488, ""pilot_rho"": 0.9994966720323301, ""pilot_paths"": 256, ""total_paths_simulated"": 512, ""plain_std_error"": 0.42198245454489614, ""observed_vrf"": 1154.8611003829305, ""theoretical_vrf"": 1215.7045940048824}"
f1ae380c1f02,2026-09-24T16:11:17,aritra,control,asian_arith,call,exact,control_variate,{},256,252,8,131202494,JARVIS_AMD64,3.171986156055887,0.012784080337409404,3.146929819019098,3.1970424930926757,,,0.01566389999970852,"{""control"": ""geometric_asian"", ""control_mean"": 3.000200360178781, ""b_hat"": 1.0510070336373378, ""rho"": 0.9995369227256442, ""pilot_rho"": 0.9993802905579733, ""pilot_paths"": 256, ""total_paths_simulated"": 512, ""plain_std_error"": 0.4182379178085274, ""observed_vrf"": 1070.305667784122, ""theoretical_vrf"": 1079.9834581076586}"
7016a02a0764,2026-09-24T16:11:17,aritra,control,asian_arith,call,exact,control_variate,{},256,252,9,3630747186,JARVIS_AMD64,3.1740245507253273,0.01528656496190501,3.1440634339526614,3.203985667497993,,,0.014124500000434637,"{""control"": ""geometric_asian"", ""control_mean"": 3.000200360178781, ""b_hat"": 1.0457980778193892, ""rho"": 0.9990543181650924, ""pilot_rho"": 0.9996801706711407, ""pilot_paths"": 256, ""total_paths_simulated"": 512, ""plain_std_error"": 0.35144781990413076, ""observed_vrf"": 528.5692509631962, ""theoretical_vrf"": 528.9691668337268}"
d00d9266c64c,2026-09-24T16:11:17,aritra,control,asian_arith,call,exact,control_variate,{},256,252,10,3727540316,JARVIS_AMD64,3.1836339840698544,0.01587295759238134,3.1525235588606555,3.2147444092790534,,,0.011182600000211096,"{""control"": ""geometric_asian"", ""control_mean"": 3.000200360178781, ""b_hat"": 1.0424631063360634, ""rho"": 0.9993997008305331, ""pilot_rho"": 0.9995963164256796, ""pilot_paths"": 256, ""total_paths_simulated"": 512, ""plain_std_error"": 0.444838108233963, ""observed_vrf"": 785.3952283593095, ""theoretical_vrf"": 833.1681023229555}"
3d319855d4d9,2026-09-24T16:11:17,aritra,control,asian_arith,call,exact,control_variate,{},256,252,11,3208290242,JARVIS_AMD64,3.170654103697342,0.011791874879107694,3.1475424536240886,3.1937657537705957,,,0.0116437999995469,"{""control"": ""geometric_asian"", ""control_mean"": 3.000200360178781, ""b_hat"": 1.0427983753378756, ""rho"": 0.9994843529857242, ""pilot_rho"": 0.9996628365262793, ""pilot_paths"": 256, ""total_paths_simulated"": 512, ""plain_std_error"": 0.3644265486903851, ""observed_vrf"": 955.111977757256, ""theoretical_vrf"": 969.9056353522469}"
0c54c38e06b0,2026-09-24T16:11:17,aritra,control,asian_arith,call,exact,control_variate,{},256,252,12,3972717322,JARVIS_AMD64,3.16519819877213,0.010029771510618252,3.1455402078381525,3.1848561897061076,,,0.012038999999276712,"{""control"": ""geometric_asian"", ""control_mean"": 3.000200360178781, ""b_hat"": 1.0511409880817295, ""rho"": 0.9996465363104949, ""pilot_rho"": 0.9995173359500271, ""pilot_paths"": 256, ""total_paths_simulated"": 512, ""plain_std_error"": 0.3702902155870455, ""observed_vrf"": 1363.0205205798854, ""theoretical_vrf"": 1414.822501973039}"
95883d4b0b43,2026-09-24T16:11:17,aritra,control,asian_arith,call,exact,control_variate,{},256,252,13,1177905469,JARVIS_AMD64,3.163620609071774,0.010936281370953866,3.1421858914599077,3.18505532668364,,,0.011216899999453744,"{""control"": ""geometric_asian"", ""control_mean"": 3.000200360178781, ""b_hat"": 1.0431623521659203, ""rho"": 0.9995797407607379, ""pilot_rho"": 0.9994765033383349, ""pilot_paths"": 256, ""total_paths_simulated"": 512, ""plain_std_error"": 0.37650985994842634, ""observed_vrf"": 1185.259260357463, ""theoretical_vrf"": 1189.991891123441}"
b8409cfe51ae,2026-09-24T16:11:17,aritra,control,asian_arith,call,exact,control_variate,{},256,252,14,2864723845,JARVIS_AMD64,3.1697051665077254,0.014426635517299244,3.1414294804757326,3.197980852539718,,,0.013721700000132842,"{""control"": ""geometric_asian"", ""control_mean"": 3.000200360178781, ""b_hat"": 1.0453369236574195, ""rho"": 0.9991415940763198, ""pilot_rho"": 0.9995147064044592, ""pilot_paths"": 256, ""total_paths_simulated"": 512, ""plain_std_error"": 0.347742055359614, ""observed_vrf"": 581.0109456344837, ""theoretical_vrf"": 582.725118535383}"
20fd526e3821,2026-09-24T16:11:17,aritra,control,asian_arith,call,exact,control_variate,{},256,252,15,1862812740,JARVIS_AMD64,3.1597066095270208,0.01326991887033148,3.1336980464634028,3.1857151725906387,,,0.012106099999982689,"{""control"": ""geometric_asian"", ""control_mean"": 3.000200360178781, ""b_hat"": 1.0546234509830459, ""rho"": 0.9993279686019791, ""pilot_rho"": 0.9994550017827867, ""pilot_paths"": 256, ""total_paths_simulated"": 512, ""plain_std_error"": 0.3533683727340233, ""observed_vrf"": 709.1185033854166, ""theoretical_vrf"": 744.2629403845461}"
8b9b7b878bcc,2026-09-24T16:11:17,aritra,control,asian_arith,call,exact,control_variate,{},256,252,16,716899636,JARVIS_AMD64,3.155347353939652,0.010961200085632488,3.133863796544475,3.176830911334829,,,0.012172499999905995,"{""control"": ""geometric_asian"", ""control_mean"": 3.000200360178781, ""b_hat"": 1.0404656620767772, ""rho"": 0.9995919065939147, ""pilot_rho"": 0.9995797999234342, ""pilot_paths"": 256, ""total_paths_simulated"": 512, ""plain_std_error"": 0.37988022231661756, ""observed_vrf"": 1201.0944387591535, ""theoretical_vrf"": 1225.459751899972}"
30325f46e02e,2026-09-24T16:11:17,aritra,control,asian_arith,call,exact,control_variate,{},256,252,17,2327556055,JARVIS_AMD64,3.13877336036274,0.012557191452556671,3.114161717368755,3.1633850033567255,,,0.012110099999517843,"{""control"": ""geometric_asian"", ""control_mean"": 3.000200360178781, ""b_hat"": 1.0493907207742292, ""rho"": 0.9996516740333776, ""pilot_rho"": 0.9996083636313644, ""pilot_paths"": 256, ""total_paths_simulated"": 512, ""plain_std_error"": 0.41884698335771536, ""observed_vrf"": 1112.565919316659, ""theoretical_vrf"": 1435.6870993853665}"
17df479fd2c3,2026-09-24T16:11:17,aritra,control,asian_arith,call,exact,control_variate,{},256,252,18,102176602,JARVIS_AMD64,3.161567829084643,0.013310007539914823,3.1354806936724535,3.1876549644968324,,,0.016248900000391586,"{""control"": ""geometric_asian"", ""control_mean"": 3.000200360178781, ""b_hat"": 1.0536397485064046, ""rho"": 0.999460894830099, ""pilot_rho"": 0.9994605762023777, ""pilot_paths"": 256, ""total_paths_simulated"": 512, ""plain_std_error"": 0.3945073939684266, ""observed_vrf"": 878.5241240064978, ""theoretical_vrf"": 927.7128852677276}"
77cdda7c22e1,2026-09-24T16:11:17,aritra,control,asian_arith,call,exact,control_variate,{},256,252,19,668505163,JARVIS_AMD64,3.1670462154536394,0.010449420904423919,3.1465657268216685,3.1875267040856103,,,0.01628990000062913,"{""control"": ""geometric_asian"", ""control_mean"": 3.000200360178781, ""b_hat"": 1.0471418370680219, ""rho"": 0.9995854666057803, ""pilot_rho"": 0.9995819281230762, ""pilot_paths"": 256, ""total_paths_simulated"": 512, ""plain_std_error"": 0.36276539182747886, ""observed_vrf"": 1205.2225547007433, ""theoretical_vrf"": 1206.4254938352788}"
476cfd825d81,2026-09-24T16:11:17,aritra,control,asian_arith,call,exact,control_variate,{},1024,252,0,3450062418,JARVIS_AMD64,3.169069915615276,0.0063812451590709455,3.1565629049269766,3.1815769263035754,,,0.03481680000004417,"{""control"": ""geometric_asian"", ""control_mean"": 3.000200360178781, ""b_hat"": 1.0417799234816842, ""rho"": 0.9994388808216057, ""pilot_rho"": 0.9996535378497439, ""pilot_paths"": 256, ""total_paths_simulated"": 1280, ""plain_std_error"": 0.18774051261456795, ""observed_vrf"": 865.5758656695084, ""theoretical_vrf"": 891.3263677668358}"
310a8f7b444f,2026-09-24T16:11:17,aritra,control,asian_arith,call,exact,control_variate,{},1024,252,1,554897915,JARVIS_AMD64,3.1731818543708306,0.008059272771927037,3.157385969996269,3.188977738745392,,,0.03254899999956251,"{""control"": ""geometric_asian"", ""control_mean"": 3.000200360178781, ""b_hat"": 1.0385305375958636, ""rho"": 0.9992957226783946, ""pilot_rho"": 0.9994362623702409, ""pilot_paths"": 256, ""total_paths_simulated"": 1280, ""plain_std_error"": 0.19717575604022144, ""observed_vrf"": 598.5705140363154, ""theoretical_vrf"": 710.1976962894657}"
abfd771ea604,2026-09-24T16:11:17,aritra,control,asian_arith,call,exact,control_variate,{},1024,252,2,339911713,JARVIS_AMD64,3.1571293466121735,0.006056608825111619,3.1452586114465073,3.1690000817778397,,,0.029748599999948055,"{""control"": ""geometric_asian"", ""control_mean"": 3.000200360178781, ""b_hat"": 1.0506878308830878, ""rho"": 0.9995763161777499, ""pilot_rho"": 0.9995140948711027, ""pilot_paths"": 256, ""total_paths_simulated"": 1280, ""plain_std_error"": 0.20317754003495278, ""observed_vrf"": 1125.3622572859822, ""theoretical_vrf"": 1180.3753580744556}"
2c9a6c8ab89b,2026-09-24T16:11:17,aritra,control,asian_arith,call,exact,control_variate,{},1024,252,3,3852229680,JARVIS_AMD64,3.160777684641834,0.005561735346279427,3.149876883671583,3.1716784856120848,,,0.03155160000005708,"{""control"": ""geometric_asian"", ""control_mean"": 3.000200360178781, ""b_hat"": 1.0474650915233843, ""rho"": 0.9995550444690283, ""pilot_rho"": 0.9990875108677828, ""pilot_paths"": 256, ""total_paths_simulated"": 1280, ""plain_std_error"": 0.1849148474940959, ""observed_vrf"": 1105.4088286313204, ""theoretical_vrf"": 1123.9578538203052}"
52bc607840d2,2026-09-24T16:11:17,aritra,control,asian_arith,call,exact,control_variate,{},1024,252,4,1382668152,JARVIS_AMD64,3.1538870740109686,0.005742285855571834,3.142632400545114,3.1651417474768233,,,0.029432400000587222,"{""control"": ""geometric_asian"", ""control_mean"": 3.000200360178781, ""b_hat"": 1.0440907557768127, ""rho"": 0.999523450091574, ""pilot_rho"": 0.9996290445112233, ""pilot_paths"": 256, ""total_paths_simulated"": 1280, ""plain_std_error"": 0.18498467201643332, ""observed_vrf"": 1037.7718147264513, ""theoretical_vrf"": 1049.458109273634}"
8da91eb0b876,2026-09-24T16:11:17,aritra,control,asian_arith,call,exact,control_variate,{},1024,252,5,3978198256,JARVIS_AMD64,3.16876939837286,0.005920348544589649,3.1571657284495402,3.18037306829618,,,0.03663039999992179,"{""control"": ""geometric_asian"", ""control_mean"": 3.000200360178781, ""b_hat"": 1.0360208291756026, ""rho"": 0.9996016385380087, ""pilot_rho"": 0.9996493883199381, ""pilot_paths"": 256, ""total_paths_simulated"": 1280, ""plain_std_error"": 0.20166315781184738, ""observed_vrf"": 1160.2686985831347, ""theoretical_vrf"": 1255.3915424098313}"
e7646127c9c0,2026-09-24T16:11:17,aritra,control,asian_arith,call,exact,control_variate,{},1024,252,6,1936132611,JARVIS_AMD64,3.169287399945392,0.0058861388354380295,3.157750779819931,3.1808240200708533,,,0.04699709999931656,"{""control"": ""geometric_asian"", ""control_mean"": 3.000200360178781, ""b_hat"": 1.0483257750361539, ""rho"": 0.9994856578196009, ""pilot_rho"": 0.9996114164524876, ""pilot_paths"": 256, ""total_paths_simulated"": 1280, ""plain_std_error"": 0.1823687170082864, ""observed_vrf"": 959.9302607158609, ""theoretical_vrf"": 972.3655528970189}"
d857e5533d9f,2026-09-24T16:11:17,aritra,control,asian_arith,call,exact,control_variate,{},1024,252,7,2199044901,JARVIS_AMD64,3.1624867285109217,0.006279902026830529,3.150178346711894,3.1747951103099497,,,0.04557890000069165,"{""control"": ""geometric_asian"", ""control_mean"": 3.000200360178781, ""b_hat"": 1.0368688202549314, ""rho"": 0.9994392484671338, ""pilot_rho"": 0.9996508987662376, ""pilot_paths"": 256, ""total_paths_simulated"": 1280, ""plain_std_error"": 0.18289008543901128, ""observed_vrf"": 848.1537545493856, ""theoretical_vrf"": 891.9105840748779}"
da34b70b1439,2026-09-24T16:11:17,aritra,control,asian_arith,call,exact,control_variate,{},1024,252,8,2663182723,JARVIS_AMD64,3.160182481474794,0.00636335330150953,3.1477105381829316,3.1726544247666566,,,0.054203999999117514,"{""control"": ""geometric_asian"", ""control_mean"": 3.000200360178781, ""b_hat"": 1.04272870073249, ""rho"": 0.9994321252412639, ""pilot_rho"": 0.9994428619655611, ""pilot_paths"": 256, ""total_paths_simulated"": 1280, ""plain_std_error"": 0.18875541548260102, ""observed_vrf"": 879.886730539379, ""theoretical_vrf"": 880.7259018247563}"
9a91487a85ad,2026-09-24T16:11:17,aritra,control,asian_arith,call,exact,control_variate,{},1024,252,9,1731260972,JARVIS_AMD64,3.1667309230751393,0.006138792213727764,3.154699111427658,3.1787627347226204,,,0.051255700000183424,"{""control"": ""geometric_asian"", ""control_mean"": 3.000200360178781, ""b_hat"": 1.0478047243324562, ""rho"": 0.999503351397254, ""pilot_rho"": 0.9995154195765651, ""pilot_paths"": 256, ""total_paths_simulated"": 1280, ""plain_std_error"": 0.19438696337801956, ""observed_vrf"": 1002.693971289329, ""theoretical_vrf"": 1006.9980872302326}"
3e8c2ffe27c6,2026-09-24T16:11:17,aritra,control,asian_arith,call,exact,control_variate,{},1024,252,10,3850361850,JARVIS_AMD64,3.156722388227645,0.00549258849457917,3.1459571125963706,3.1674876638589193,,,0.04319539999960398,"{""control"": ""geometric_asian"", ""control_mean"": 3.000200360178781, ""b_hat"": 1.0480930063620983, ""rho"": 0.9996200141297256, ""pilot_rho"": 0.9994742700770257, ""pilot_paths"": 256, ""total_paths_simulated"": 1280, ""plain_std_error"": 0.1940460888565004, ""observed_vrf"": 1248.1180433371928, ""theoretical_vrf"": 1316.088448653388}"
d7c8419e8406,2026-09-24T16:11:17,aritra,control,asian_arith,call,exact,control_variate,{},1024,252,11,1452023154,JARVIS_AMD64,3.160314853855853,0.00535389926987438,3.1498214041100443,3.170808303601662,,,0.0420551000006526,"{""control"": ""geometric_asian"", ""control_mean"": 3.000200360178781, ""b_hat"": 1.0406231283831968, ""rho"": 0.9995723973511038, ""pilot_rho"": 0.9994631877608714, ""pilot_paths"": 256, ""total_paths_simulated"": 1280, ""plain_std_error"": 0.18038341649453005, ""observed_vrf"": 1135.1488791173658, ""theoretical_vrf"": 1169.5599286243998}"
7761b31a32f5,2026-09-24T16:11:17,aritra,control,asian_arith,call,exact,control_variate,{},1024,252,12,3729614071,JARVIS_AMD64,3.1632582533926277,0.005792223841333686,3.1519057032732194,3.174610803512036,,,0.040060299999822746,"{""control"": ""geometric_asian"", ""control_mean"": 3.000200360178781, ""b_hat"": 1.0465572743900038, ""rho"": 0.9995020036788012, ""pilot_rho"": 0.9994536025007127, ""pilot_paths"": 256, ""total_paths_simulated"": 1280, ""plain_std_error"": 0.18340050103176114, ""observed_vrf"": 1002.5599736688797, ""theoretical_vrf"": 1004.2735433950528}"
b2a9b275cf1f,2026-09-24T16:11:17,aritra,control,asian_arith,call,exact,control_variate,{},1024,252,13,4131318604,JARVIS_AMD64,3.174660755235047,0.0072526253512657495,3.1604458707532044,3.18887563971689,,,0.04924970000047324,"{""control"": ""geometric_asian"", ""control_mean"": 3.000200360178781, ""b_hat"": 1.0436230457811684, ""rho"": 0.9994090526694561, ""pilot_rho"": 0.99945737507206, ""pilot_paths"": 256, ""total_paths_simulated"": 1280, ""plain_std_error"": 0.20229623612316094, ""observed_vrf"": 778.0098896187496, ""theoretical_vrf"": 846.3491662405338}"
9ed001221e70,2026-09-24T16:11:17,aritra,control,asian_arith,call,exact,control_variate,{},1024,252,14,4010670847,JARVIS_AMD64,3.150866254996503,0.005870535483551535,3.1393602168787775,3.162372293114229,,,0.05013539999981731,"{""control"": ""geometric_asian"", ""control_mean"": 3.000200360178781, ""b_hat"": 1.0465997359714532, ""rho"": 0.9995226559310989, ""pilot_rho"": 0.9990347638185472, ""pilot_paths"": 256, ""total_paths_simulated"": 1280, ""plain_std_error"": 0.1863022589033327, ""observed_vrf"": 1007.1190400881242, ""theoretical_vrf"": 1047.7125350222032}"
e55a17124d10,2026-09-24T16:11:18,aritra,control,asian_arith,call,exact,control_variate,{},1024,252,15,3302573271,JARVIS_AMD64,3.165866410950975,0.00676357776898129,3.1526100421171357,3.179122779784814,,,0.05162039999959234,"{""control"": ""geometric_asian"", ""control_mean"": 3.000200360178781, ""b_hat"": 1.04194883128473, ""rho"": 0.9993676989629351, ""pilot_rho"": 0.9995690137623288, ""pilot_paths"": 256, ""total_paths_simulated"": 1280, ""plain_std_error"": 0.18959085101068437, ""observed_vrf"": 785.7452711190645, ""theoretical_vrf"": 791.0126600018273}"
26b6684322cd,2026-09-24T16:11:18,aritra,control,asian_arith,call,exact,control_variate,{},1024,252,16,1330437163,JARVIS_AMD64,3.1646455305900743,0.00639037707296778,3.152120621679427,3.1771704395007214,,,0.026325400000132504,"{""control"": ""geometric_asian"", ""control_mean"": 3.000200360178781, ""b_hat"": 1.039933517589828, ""rho"": 0.9995410465915104, ""pilot_rho"": 0.9997589687450267, ""pilot_paths"": 256, ""total_paths_simulated"": 1280, ""plain_std_error"": 0.20705374871174131, ""observed_vrf"": 1049.816092006398, ""theoretical_vrf"": 1089.6852609371913}"
b52ed8ec799b,2026-09-24T16:11:18,aritra,control,asian_arith,call,exact,control_variate,{},1024,252,17,2342894179,JARVIS_AMD64,3.16528553025118,0.0060126526667266715,3.153500947572847,3.1770701129295134,,,0.029701999999815598,"{""control"": ""geometric_asian"", ""control_mean"": 3.000200360178781, ""b_hat"": 1.0431210691789472, ""rho"": 0.999514313565448, ""pilot_rho"": 0.9994164954796464, ""pilot_paths"": 256, ""total_paths_simulated"": 1280, ""plain_std_error"": 0.19248469241107274, ""observed_vrf"": 1024.8496602797484, ""theoretical_vrf"": 1029.7208559334802}"
ec15abb24804,2026-09-24T16:11:18,aritra,control,asian_arith,call,exact,control_variate,{},1024,252,18,912010101,JARVIS_AMD64,3.1556736081641255,0.005570845595974837,3.144754951432581,3.16659226489567,,,0.03209480000077747,"{""control"": ""geometric_asian"", ""control_mean"": 3.000200360178781, ""b_hat"": 1.0387218113200278, ""rho"": 0.9996055774110845, ""pilot_rho"": 0.9996077773661816, ""pilot_paths"": 256, ""total_paths_simulated"": 1280, ""plain_std_error"": 0.19281770043680158, ""observed_vrf"": 1197.9854824601714, ""theoretical_vrf"": 1267.9259229858976}"
5fcfb70e46b5,2026-09-24T16:11:18,aritra,control,asian_arith,call,exact,control_variate,{},1024,252,19,1398266896,JARVIS_AMD64,3.168749408882066,0.006427361696341467,3.1561520114416246,3.1813468063225074,,,0.03201010000066162,"{""control"": ""geometric_asian"", ""control_mean"": 3.000200360178781, ""b_hat"": 1.0409376435827882, ""rho"": 0.9995050998253519, ""pilot_rho"": 0.9995714155615126, ""pilot_paths"": 256, ""total_paths_simulated"": 1280, ""plain_std_error"": 0.20085341175947202, ""observed_vrf"": 976.5465404530393, ""theoretical_vrf"": 1010.5548174893833}"
cbf0c776286c,2026-09-24T16:11:18,aritra,control,asian_arith,call,exact,control_variate,{},4096,252,0,4280591693,JARVIS_AMD64,3.164841411558869,0.003167418294775445,3.158633385777136,3.1710494373406024,,,0.149598099999821,"{""control"": ""geometric_asian"", ""control_mean"": 3.000200360178781, ""b_hat"": 1.0505910508684495, ""rho"": 0.9994283593617649, ""pilot_rho"": 0.9992039394787542, ""pilot_paths"": 410, ""total_paths_simulated"": 4506, ""plain_std_error"": 0.09304338494362384, ""observed_vrf"": 862.8993897021571, ""theoretical_vrf"": 874.9254646450939}"
1a25cc75947a,2026-09-24T16:11:18,aritra,control,asian_arith,call,exact,control_variate,{},4096,252,1,2362498050,JARVIS_AMD64,3.1662187167883795,0.0031443868850187327,3.1600558317402827,3.1723816018364763,,,0.15704480000022158,"{""control"": ""geometric_asian"", ""control_mean"": 3.000200360178781, ""b_hat"": 1.0495274844828653, ""rho"": 0.9994889461679992, ""pilot_rho"": 0.9992953260966695, ""pilot_paths"": 410, ""total_paths_simulated"": 4506, ""plain_std_error"": 0.09804846256318984, ""observed_vrf"": 972.3209065284574, ""theoretical_vrf"": 978.6205773183689}"
4588ba44f6e9,2026-09-24T16:11:18,aritra,control,asian_arith,call,exact,control_variate,{},4096,252,2,230769389,JARVIS_AMD64,3.158935393684391,0.0029285522931816444,3.1531955366629125,3.1646752507058693,,,0.1710934000002453,"{""control"": ""geometric_asian"", ""control_mean"": 3.000200360178781, ""b_hat"": 1.042063666665576, ""rho"": 0.9995556039677158, ""pilot_rho"": 0.9995349447569515, ""pilot_paths"": 410, ""total_paths_simulated"": 4506, ""plain_std_error"": 0.0979617152848603, ""observed_vrf"": 1118.939989183196, ""theoretical_vrf"": 1125.3726121922934}"
4d2eeb1b9d47,2026-09-24T16:11:18,aritra,control,asian_arith,call,exact,control_variate,{},4096,252,3,4068716997,JARVIS_AMD64,3.156791615561341,0.0027982702952002707,3.15130710656374,3.162276124558942,,,0.1181879999994635,"{""control"": ""geometric_asian"", ""control_mean"": 3.000200360178781, ""b_hat"": 1.048657365187988, ""rho"": 0.9995770763614815, ""pilot_rho"": 0.9995203926492807, ""pilot_paths"": 410, ""total_paths_simulated"": 4506, ""plain_std_error"": 0.09468041476638017, ""observed_vrf"": 1144.8299406969309, ""theoretical_vrf"": 1182.4965731977761}"
088bb1fe8526,2026-09-24T16:11:18,aritra,control,asian_arith,call,exact,control_variate,{},4096,252,4,289063411,JARVIS_AMD64,3.166984367166603,0.0033847853402486994,3.1603503098043166,3.1736184245288896,,,0.11169150000023365,"{""control"": ""geometric_asian"", ""control_mean"": 3.000200360178781, ""b_hat"": 1.0434238272517125, ""rho"": 0.9994122714413013, ""pilot_rho"": 0.9997415929144419, ""pilot_paths"": 410, ""total_paths_simulated"": 4506, ""plain_std_error"": 0.09814516587035498, ""observed_vrf"": 840.7668191564508, ""theoretical_vrf"": 850.9829374938905}"
0f53a9c9bb7b,2026-09-24T16:11:18,aritra,control,asian_arith,call,exact,control_variate,{},4096,252,5,1699311620,JARVIS_AMD64,3.167425029813212,0.0032339659125762885,3.1610865730973323,3.173763486529092,,,0.11754839999957767,"{""control"": ""geometric_asian"", ""control_mean"": 3.000200360178781, ""b_hat"": 1.0448974489362068, ""rho"": 0.9994635340706933, ""pilot_rho"": 0.9995758084482473, ""pilot_paths"": 410, ""total_paths_simulated"": 4506, ""plain_std_error"": 0.09821403178103594, ""observed_vrf"": 922.3084835178555, ""theoretical_vrf"": 932.2757050252906}"
097ac70065b1,2026-09-24T16:11:19,aritra,control,asian_arith,call,exact,control_variate,{},4096,252,6,1765054862,JARVIS_AMD64,3.1655706642835124,0.0031164016960438003,3.159462629197907,3.1716786993691177,,,0.1322786000000633,"{""control"": ""geometric_asian"", ""control_mean"": 3.000200360178781, ""b_hat"": 1.044686521982595, ""rho"": 0.9994725913199174, ""pilot_rho"": 0.999574317633147, ""pilot_paths"": 410, ""total_paths_simulated"": 4506, ""plain_std_error"": 0.09596648241791166, ""observed_vrf"": 948.2706057589819, ""theoretical_vrf"": 948.2814861349462}"
b174142e83a0,2026-09-24T16:11:19,aritra,control,asian_arith,call,exact,control_variate,{},4096,252,7,40451746,JARVIS_AMD64,3.162441657848967,0.0031295941029297245,3.156307766120996,3.1685755495769383,,,0.14490070000010746,"{""control"": ""geometric_asian"", ""control_mean"": 3.000200360178781, ""b_hat"": 1.0499012455138474, ""rho"": 0.9994818828721197, ""pilot_rho"": 0.9996258288699145, ""pilot_paths"": 410, ""total_paths_simulated"": 4506, ""plain_std_error"": 0.09560820436333754, ""observed_vrf"": 933.2850173357349, ""theoretical_vrf"": 965.282821072572}"
e5a2c7a6ccdf,2026-09-24T16:11:19,aritra,control,asian_arith,call,exact,control_variate,{},4096,252,8,307202493,JARVIS_AMD64,3.155216836912131,0.002905047423241422,3.149523048589197,3.160910625235065,,,0.14846330000000307,"{""control"": ""geometric_asian"", ""control_mean"": 3.000200360178781, ""b_hat"": 1.0426678937905947, ""rho"": 0.9995205319177295, ""pilot_rho"": 0.9995031874524507, ""pilot_paths"": 410, ""total_paths_simulated"": 4506, ""plain_std_error"": 0.09380548639215855, ""observed_vrf"": 1042.6775589579722, ""theoretical_vrf"": 1043.0723425745905}"
33d1b40402fb,2026-09-24T16:11:19,aritra,control,asian_arith,call,exact,control_variate,{},4096,252,9,957531412,JARVIS_AMD64,3.158179408090869,0.0029580122275234045,3.152381810659094,3.163977005522644,,,0.14591749999999593,"{""control"": ""geometric_asian"", ""control_mean"": 3.000200360178781, ""b_hat"": 1.0458141198795705, ""rho"": 0.9995488019023454, ""pilot_rho"": 0.9994300722672805, ""pilot_paths"": 410, ""total_paths_simulated"": 4506, ""plain_std_error"": 0.09838941122538913, ""observed_vrf"": 1106.3608354638718, ""theoretical_vrf"": 1108.410756998493}"
4527102f2012,2026-09-24T16:11:19,aritra,control,asian_arith,call,exact,control_variate,{},4096,252,10,2097654186,JARVIS_AMD64,3.1610030124802915,0.003129306436154621,3.154869684568839,3.167136340391744,,,0.15833290000045963,"{""control"": ""geometric_asian"", ""control_mean"": 3.000200360178781, ""b_hat"": 1.0504229473230222, ""rho"": 0.9994445766257734, ""pilot_rho"": 0.9996554097260465, ""pilot_paths"": 410, ""total_paths_simulated"": 4506, ""plain_std_error"": 0.09272514672015332, ""observed_vrf"": 878.0088059743118, ""theoretical_vrf"": 900.4642541602575}"
dd2f9fb7328e,2026-09-24T16:11:19,aritra,control,asian_arith,call,exact,control_variate,{},4096,252,11,256201969,JARVIS_AMD64,3.15580220950772,0.003069609266210403,3.149785885899337,3.161818533116103,,,0.13338890000068204,"{""control"": ""geometric_asian"", ""control_mean"": 3.000200360178781, ""b_hat"": 1.0510529179938952, ""rho"": 0.9995208200616182, ""pilot_rho"": 0.9994445232520688, ""pilot_paths"": 410, ""total_paths_simulated"": 4506, ""plain_std_error"": 0.09601942726884838, ""observed_vrf"": 978.4801685718827, ""theoretical_vrf"": 1043.699419850784}"
ce831a04f1bf,2026-09-24T16:11:20,aritra,control,asian_arith,call,exact,control_variate,{},4096,252,12,417228090,JARVIS_AMD64,3.1601926564664122,0.0029358794868170677,3.1544384384093007,3.1659468745235237,,,0.14981989999978396,"{""control"": ""geometric_asian"", ""control_mean"": 3.000200360178781, ""b_hat"": 1.042460179931291, ""rho"": 0.9995086447343018, ""pilot_rho"": 0.999600582403431, ""pilot_paths"": 410, ""total_paths_simulated"": 4506, ""plain_std_error"": 0.09354994785534976, ""observed_vrf"": 1015.3380236609197, ""theoretical_vrf"": 1017.8437149582737}"
253d5fa9c50f,2026-09-24T16:11:20,aritra,control,asian_arith,call,exact,control_variate,{},4096,252,13,3158216161,JARVIS_AMD64,3.1574285435587037,0.0028573945656768305,3.1518281531203565,3.163028933997051,,,0.14490459999979066,"{""control"": ""geometric_asian"", ""control_mean"": 3.000200360178781, ""b_hat"": 1.045644185804391, ""rho"": 0.9995398720914659, ""pilot_rho"": 0.9996442733215982, ""pilot_paths"": 410, ""total_paths_simulated"": 4506, ""plain_std_error"": 0.0939785311566287, ""observed_vrf"": 1081.7250250090963, ""theoretical_vrf"": 1086.904421949199}"
83318d0929a9,2026-09-24T16:11:20,aritra,control,asian_arith,call,exact,control_variate,{},4096,252,14,1280225583,JARVIS_AMD64,3.1621311318480703,0.0030658640348468443,3.156122148758274,3.1681401149378665,,,0.13078740000037214,"{""control"": ""geometric_asian"", ""control_mean"": 3.000200360178781, ""b_hat"": 1.0473455466045267, ""rho"": 0.999498341326547, ""pilot_rho"": 0.9995142176789013, ""pilot_paths"": 410, ""total_paths_simulated"": 4506, ""plain_std_error"": 0.09673875465450134, ""observed_vrf"": 995.6236469431682, ""theoretical_vrf"": 996.9436842216553}"
8874b087874c,2026-09-24T16:11:20,aritra,control,asian_arith,call,exact,control_variate,{},4096,252,15,3501209521,JARVIS_AMD64,3.1608795631333955,0.003227387794030375,3.154553999292952,3.167205126973839,,,0.10972029999993538,"{""control"": ""geometric_asian"", ""control_mean"": 3.000200360178781, ""b_hat"": 1.0377112506442683, ""rho"": 0.9994982642840206, ""pilot_rho"": 0.9996051888081411, ""pilot_paths"": 410, ""total_paths_simulated"": 4506, ""plain_std_error"": 0.09930952662521528, ""observed_vrf"": 946.846371443169, ""theoretical_vrf"": 996.7906399246574}"
ee8d58fc014d,2026-09-24T16:11:20,aritra,control,asian_arith,call,exact,control_variate,{},4096,252,16,1261124673,JARVIS_AMD64,3.162062654152132,0.003100491321889391,3.15598580282685,3.168139505477414,,,0.12367050000011659,"{""control"": ""geometric_asian"", ""control_mean"": 3.000200360178781, ""b_hat"": 1.0424264013460516, ""rho"": 0.9995175981787274, ""pilot_rho"": 0.9995318020902244, ""pilot_paths"": 410, ""total_paths_simulated"": 4506, ""plain_std_error"": 0.09915748615974243, ""observed_vrf"": 1022.7982488009226, ""theoretical_vrf"": 1036.7303925842625}"
0419543db8a0,2026-09-24T16:11:20,aritra,control,asian_arith,call,exact,control_variate,{},4096,252,17,4020735284,JARVIS_AMD64,3.1651197557926483,0.0030862091848224585,3.1590708969416395,3.171168614643657,,,0.13829119999991235,"{""control"": ""geometric_asian"", ""control_mean"": 3.000200360178781, ""b_hat"": 1.0458538072972743, ""rho"": 0.9994268641874725, ""pilot_rho"": 0.9993018696602609, ""pilot_paths"": 410, ""total_paths_simulated"": 4506, ""plain_std_error"": 0.09115281231678013, ""observed_vrf"": 872.3473094378206, ""theoretical_vrf"": 872.6436458749224}"
37bf2723071b,2026-09-24T16:11:20,aritra,control,asian_arith,call,exact,control_variate,{},4096,252,18,3781924778,JARVIS_AMD64,3.1648839269513704,0.0028849110108967635,3.1592296052714097,3.170538248631331,,,0.11827050000010786,"{""control"": ""geometric_asian"", ""control_mean"": 3.000200360178781, ""b_hat"": 1.0480612761453767, ""rho"": 0.9995394287052884, ""pilot_rho"": 0.999421101035718, ""pilot_paths"": 410, ""total_paths_simulated"": 4506, ""plain_std_error"": 0.09500614470685827, ""observed_vrf"": 1084.5224525467631, ""theoretical_vrf"": 1085.8583135510635}"
58758cea4603,2026-09-24T16:11:20,aritra,control,asian_arith,call,exact,control_variate,{},4096,252,19,3382888114,JARVIS_AMD64,3.163076969971907,0.003207292715935154,3.1567907917607965,3.1693631481830176,,,0.09969889999956649,"{""control"": ""geometric_asian"", ""control_mean"": 3.000200360178781, ""b_hat"": 1.0508016818697532, ""rho"": 0.9994377954613499, ""pilot_rho"": 0.9994080097735099, ""pilot_paths"": 410, ""total_paths_simulated"": 4506, ""plain_std_error"": 0.09398944853792225, ""observed_vrf"": 858.7781914925995, ""theoretical_vrf"": 889.6061064464104}"
f8dafa8dd21c,2026-09-24T16:11:21,aritra,control,asian_arith,call,exact,control_variate,{},16384,252,0,3769307716,JARVIS_AMD64,3.164555865988526,0.0015006641720573934,3.1616146182584037,3.167497113718648,,,0.49619170000005397,"{""control"": ""geometric_asian"", ""control_mean"": 3.000200360178781, ""b_hat"": 1.043691265913811, ""rho"": 0.9995204835465957, ""pilot_rho"": 0.9994953191655914, ""pilot_paths"": 1639, ""total_paths_simulated"": 18023, ""plain_std_error"": 0.048401974760620296, ""observed_vrf"": 1040.3012820874756, ""theoretical_vrf"": 1042.9671480753466}"
c2187f8a9401,2026-09-24T16:11:21,aritra,control,asian_arith,call,exact,control_variate,{},16384,252,1,779904109,JARVIS_AMD64,3.1644346736315976,0.0016144510179889075,3.1612704077815352,3.16759893948166,,,0.4634024999995745,"{""control"": ""geometric_asian"", ""control_mean"": 3.000200360178781, ""b_hat"": 1.0479384929392908, ""rho"": 0.9994596997692048, ""pilot_rho"": 0.9994727930860489, ""pilot_paths"": 1639, ""total_paths_simulated"": 18023, ""plain_std_error"": 0.04909059519419712, ""observed_vrf"": 924.5850120330823, ""theoretical_vrf"": 925.6614805105548}"
c6036c135418,2026-09-24T16:11:22,aritra,control,asian_arith,call,exact,control_variate,{},16384,252,2,866721111,JARVIS_AMD64,3.159762168823528,0.001544002098840349,3.1567359803177464,3.162788357329309,,,0.5678921999997328,"{""control"": ""geometric_asian"", ""control_mean"": 3.000200360178781, ""b_hat"": 1.043912903880913, ""rho"": 0.9994939926743419, ""pilot_rho"": 0.9995071409813661, ""pilot_paths"": 1639, ""total_paths_simulated"": 18023, ""plain_std_error"": 0.04852368543684877, ""observed_vrf"": 987.6698229589546, ""theoretical_vrf"": 988.3780500499355}"
b1d671c9667a,2026-09-24T16:11:22,aritra,control,asian_arith,call,exact,control_variate,{},16384,252,3,3055398933,JARVIS_AMD64,3.1648969464957615,0.0015422982959160387,3.1618740973823485,3.1679197956091745,,,0.5320784000005006,"{""control"": ""geometric_asian"", ""control_mean"": 3.000200360178781, ""b_hat"": 1.0433754252272178, ""rho"": 0.9994680061417681, ""pilot_rho"": 0.9995278146309313, ""pilot_paths"": 1639, ""total_paths_simulated"": 18023, ""plain_std_error"": 0.047140054765736565, ""observed_vrf"": 934.2076257042955, ""theoretical_vrf"": 940.1105409626354}"
3c49a3f56e24,2026-09-24T16:11:23,aritra,control,asian_arith,call,exact,control_variate,{},16384,252,4,3745618946,JARVIS_AMD64,3.159876053274051,0.001484414394156656,3.156966654523371,3.162785452024731,,,0.5423807999995915,"{""control"": ""geometric_asian"", ""control_mean"": 3.000200360178781, ""b_hat"": 1.0468760305155604, ""rho"": 0.9995300597656721, ""pilot_rho"": 0.9993725216326024, ""pilot_paths"": 1639, ""total_paths_simulated"": 18023, ""plain_std_error"": 0.04830354248781039, ""observed_vrf"": 1058.8822065500146, ""theoretical_vrf"": 1064.215140859016}"
1e51ca78d2d2,2026-09-24T16:11:24,aritra,control,asian_arith,call,exact,control_variate,{},16384,252,5,1841597135,JARVIS_AMD64,3.159632484749828,0.00148671485663965,3.1567185771755337,3.1625463923241224,,,0.5150266999999076,"{""control"": ""geometric_asian"", ""control_mean"": 3.000200360178781, ""b_hat"": 1.0471202012723115, ""rho"": 0.999512031287511, ""pilot_rho"": 0.9995332427067176, ""pilot_paths"": 1639, ""total_paths_simulated"": 18023, ""plain_std_error"": 0.047365168660418844, ""observed_vrf"": 1014.9924541743317, ""theoretical_vrf"": 1024.905919477033}"
bf6e0d5c2cf4,2026-09-24T16:11:24,aritra,control,asian_arith,call,exact,control_variate,{},16384,252,6,842661951,JARVIS_AMD64,3.1641123881511213,0.0016491709587300775,3.160880072467661,3.1673447038345817,,,0.5150439999997616,"{""control"": ""geometric_asian"", ""control_mean"": 3.000200360178781, ""b_hat"": 1.0460889149301116, ""rho"": 0.9994263146523887, ""pilot_rho"": 0.9995127994494526, ""pilot_paths"": 1639, ""total_paths_simulated"": 18023, ""plain_std_error"": 0.048680945629317754, ""observed_vrf"": 871.3380005590706, ""theoretical_vrf"": 871.8079772658751}"
f069b738a0d8,2026-09-24T16:11:25,aritra,control,asian_arith,call,exact,control_variate,{},16384,252,7,1470287779,JARVIS_AMD64,3.1636685496284604,0.0015884498526071472,3.1605552451261025,3.1667818541308184,,,0.5033174999998664,"{""control"": ""geometric_asian"", ""control_mean"": 3.000200360178781, ""b_hat"": 1.0463335446704134, ""rho"": 0.9994575946878307, ""pilot_rho"": 0.9995396685742131, ""pilot_paths"": 1639, ""total_paths_simulated"": 18023, ""plain_std_error"": 0.048228146077120185, ""observed_vrf"": 921.8369626850689, ""theoretical_vrf"": 922.069948233348}"
abc0790d6945,2026-09-24T16:11:25,aritra,control,asian_arith,call,exact,control_variate,{},16384,252,8,4294836226,JARVIS_AMD64,3.162000320415215,0.0015473948433787372,3.1589674822523297,3.1650331585781006,,,0.5283122000000731,"{""control"": ""geometric_asian"", ""control_mean"": 3.000200360178781, ""b_hat"": 1.0412352955637805, ""rho"": 0.9994890077768639, ""pilot_rho"": 0.9995002298090853, ""pilot_paths"": 1639, ""total_paths_simulated"": 18023, ""plain_std_error"": 0.0481019362852211, ""observed_vrf"": 966.3241356219822, ""theoretical_vrf"": 978.7385366333144}"
ed5d416e3e6b,2026-09-24T16:11:26,aritra,control,asian_arith,call,exact,control_variate,{},16384,252,9,4121856557,JARVIS_AMD64,3.161242142762049,0.001502268443040351,3.158297750718579,3.164186534805519,,,0.4234324999997625,"{""control"": ""geometric_asian"", ""control_mean"": 3.000200360178781, ""b_hat"": 1.0460378763642866, ""rho"": 0.999494738289765, ""pilot_rho"": 0.9994628738515471, ""pilot_paths"": 1639, ""total_paths_simulated"": 18023, ""plain_std_error"": 0.04722836918464369, ""observed_vrf"": 988.3500987762812, ""theoretical_vrf"": 989.8362318295935}"
c17c3a43747f,2026-09-24T16:11:26,aritra,control,asian_arith,call,exact,control_variate,{},16384,252,10,279235771,JARVIS_AMD64,3.1626015977423316,0.0015187913291622194,3.159624821437142,3.1655783740475214,,,0.48960579999948095,"{""control"": ""geometric_asian"", ""control_mean"": 3.000200360178781, ""b_hat"": 1.0436803550336233, ""rho"": 0.9995098189290845, ""pilot_rho"": 0.9996151014797651, ""pilot_paths"": 1639, ""total_paths_simulated"": 18023, ""plain_std_error"": 0.04843872980915048, ""observed_vrf"": 1017.1600030012844, ""theoretical_vrf"": 1020.2812898827688}"
bb2e25ffde90,2026-09-24T16:11:27,aritra,control,asian_arith,call,exact,control_variate,{},16384,252,11,879883755,JARVIS_AMD64,3.160375470142008,0.0015274235685193923,3.1573817749585724,3.163369165325444,,,0.5073597000000518,"{""control"": ""geometric_asian"", ""control_mean"": 3.000200360178781, ""b_hat"": 1.0472788631847942, ""rho"": 0.9995094758997517, ""pilot_rho"": 0.999470574817491, ""pilot_paths"": 1639, ""total_paths_simulated"": 18023, ""plain_std_error"": 0.04861851408360581, ""observed_vrf"": 1013.1748196318405, ""theoretical_vrf"": 1019.5679699652167}"
ac165afa1788,2026-09-24T16:11:27,aritra,control,asian_arith,call,exact,control_variate,{},16384,252,12,4069550877,JARVIS_AMD64,3.1631664887891215,0.0014936998551508258,3.160238890869313,3.16609408670893,,,0.5592413000003944,"{""control"": ""geometric_asian"", ""control_mean"": 3.000200360178781, ""b_hat"": 1.0438830328159876, ""rho"": 0.9994999626294109, ""pilot_rho"": 0.9994966413808881, ""pilot_paths"": 1639, ""total_paths_simulated"": 18023, ""plain_std_error"": 0.04717816787967025, ""observed_vrf"": 997.5977596298547, ""theoretical_vrf"": 1000.1753269279251}"
f6c61297d2af,2026-09-24T16:11:28,aritra,control,asian_arith,call,exact,control_variate,{},16384,252,13,2268627413,JARVIS_AMD64,3.162825979923669,0.0015051187672540515,3.1598760013473957,3.1657759584999425,,,0.4263848999999027,"{""control"": ""geometric_asian"", ""control_mean"": 3.000200360178781, ""b_hat"": 1.045814983509563, ""rho"": 0.9994928176947201, ""pilot_rho"": 0.9995348518765202, ""pilot_paths"": 1639, ""total_paths_simulated"": 18023, ""plain_std_error"": 0.04723076480657825, ""observed_vrf"": 984.7101497111796, ""theoretical_vrf"": 986.0888728416431}"
9a63c15d03eb,2026-09-24T16:11:28,aritra,control,asian_arith,call,exact,control_variate,{},16384,252,14,3205701420,JARVIS_AMD64,3.161188671375653,0.0015187922878156259,3.1582118931915373,3.1641654495597686,,,0.33107010000003356,"{""control"": ""geometric_asian"", ""control_mean"": 3.000200360178781, ""b_hat"": 1.0496323307059867, ""rho"": 0.9995118792132058, ""pilot_rho"": 0.9995085137295028, ""pilot_paths"": 1639, ""total_paths_simulated"": 18023, ""plain_std_error"": 0.047999504632961196, ""observed_vrf"": 998.7958848663387, ""theoretical_vrf"": 1024.5866873881407}"
76dbb27644c9,2026-09-24T16:11:28,aritra,control,asian_arith,call,exact,control_variate,{},16384,252,15,535683478,JARVIS_AMD64,3.16306993133208,0.0015686595576551434,3.1599954150950715,3.1661444475690885,,,0.33809540000038396,"{""control"": ""geometric_asian"", ""control_mean"": 3.000200360178781, ""b_hat"": 1.0484837974540802, ""rho"": 0.9994738411364952, ""pilot_rho"": 0.9994175629974065, ""pilot_paths"": 1639, ""total_paths_simulated"": 18023, ""plain_std_error"": 0.04824008280986705, ""observed_vrf"": 945.7115419302604, ""theoretical_vrf"": 950.5334016401766}"
c9a8fa5b2c6b,2026-09-24T16:11:29,aritra,control,asian_arith,call,exact,control_variate,{},16384,252,16,2607386265,JARVIS_AMD64,3.1617323023339106,0.0015145253346516023,3.1587638872243198,3.1647007174435013,,,0.3625273000006928,"{""control"": ""geometric_asian"", ""control_mean"": 3.000200360178781, ""b_hat"": 1.0465126975263153, ""rho"": 0.9995206859933001, ""pilot_rho"": 0.9993751761245312, ""pilot_paths"": 1639, ""total_paths_simulated"": 18023, ""plain_std_error"": 0.04884763877351934, ""observed_vrf"": 1040.2412363821056, ""theoretical_vrf"": 1043.4075579591176}"
b0e29551942d,2026-09-24T16:11:29,aritra,control,asian_arith,call,exact,control_variate,{},16384,252,17,1898113819,JARVIS_AMD64,3.1641766259003,0.0015004346353419203,3.161235828053873,3.167117423746727,,,0.3435220000001209,"{""control"": ""geometric_asian"", ""control_mean"": 3.000200360178781, ""b_hat"": 1.0469711542709117, ""rho"": 0.9995068486520722, ""pilot_rho"": 0.9994692812508728, ""pilot_paths"": 1639, ""total_paths_simulated"": 18023, ""plain_std_error"": 0.04775333502718377, ""observed_vrf"": 1012.9155858376707, ""theoretical_vrf"": 1014.1375874683164}"
31242fb86ed8,2026-09-24T16:11:29,aritra,control,asian_arith,call,exact,control_variate,{},16384,252,18,3464577590,JARVIS_AMD64,3.162895598349534,0.0015543719552839703,3.1598490852985983,3.16594211140047,,,0.35136080000029324,"{""control"": ""geometric_asian"", ""control_mean"": 3.000200360178781, ""b_hat"": 1.0442681738212, ""rho"": 0.9994971255464467, ""pilot_rho"": 0.9996065883108939, ""pilot_paths"": 1639, ""total_paths_simulated"": 18023, ""plain_std_error"": 0.04896567270729936, ""observed_vrf"": 992.3698174736427, ""theoretical_vrf"": 994.5340167863551}"
b07d466e1c82,2026-09-24T16:11:30,aritra,control,asian_arith,call,exact,control_variate,{},16384,252,19,3001183512,JARVIS_AMD64,3.163788496155,0.001550904715046751,3.160748778770055,3.166828213539945,,,0.36534259999916685,"{""control"": ""geometric_asian"", ""control_mean"": 3.000200360178781, ""b_hat"": 1.045115355566188, ""rho"": 0.9994896477464826, ""pilot_rho"": 0.9994944540865759, ""pilot_paths"": 1639, ""total_paths_simulated"": 18023, ""plain_std_error"": 0.048473877844078785, ""observed_vrf"": 976.8891712881332, ""theoretical_vrf"": 979.9655378853193}"
ce4cd5e134d6,2026-09-24T16:11:31,aritra,control,asian_arith,call,exact,control_variate,{},65536,252,0,2739414958,JARVIS_AMD64,3.163788665382003,0.0007757866523966733,3.1622681514836186,3.1653091792803876,,,1.7521010999998907,"{""control"": ""geometric_asian"", ""control_mean"": 3.000200360178781, ""b_hat"": 1.044454979320954, ""rho"": 0.9994664975524047, ""pilot_rho"": 0.9994908376768872, ""pilot_paths"": 6554, ""total_paths_simulated"": 72090, ""plain_std_error"": 0.023728354830087086, ""observed_vrf"": 935.5147727306695, ""theoretical_vrf"": 937.4528897735521}"
c9136fbf7cd9,2026-09-24T16:11:33,aritra,control,asian_arith,call,exact,control_variate,{},65536,252,1,3618815453,JARVIS_AMD64,3.162459301624244,0.0007580185479871555,3.160973612570576,3.163944990677912,,,1.5923668999994334,"{""control"": ""geometric_asian"", ""control_mean"": 3.000200360178781, ""b_hat"": 1.0449366167396255, ""rho"": 0.9994918223987119, ""pilot_rho"": 0.9994956645283154, ""pilot_paths"": 6554, ""total_paths_simulated"": 72090, ""plain_std_error"": 0.02377769438948251, ""observed_vrf"": 983.9653759479366, ""theoretical_vrf"": 984.1580491179221}"
532c2c5a292d,2026-09-24T16:11:34,aritra,control,asian_arith,call,exact,control_variate,{},65536,252,2,3003581870,JARVIS_AMD64,3.163318061670515,0.0007696171936705827,3.161809639689038,3.1648264836519924,,,1.4649106000006213,"{""control"": ""geometric_asian"", ""control_mean"": 3.000200360178781, ""b_hat"": 1.0451798071819303, ""rho"": 0.999487411078762, ""pilot_rho"": 0.9995051933699537, ""pilot_paths"": 6554, ""total_paths_simulated"": 72090, ""plain_std_error"": 0.024035247074655992, ""observed_vrf"": 975.3211874956272, ""theoretical_vrf"": 975.6905765233664}"
8e01016162c4,2026-09-24T16:11:37,aritra,control,asian_arith,call,exact,control_variate,{},65536,252,3,3429635501,JARVIS_AMD64,3.161936230726197,0.0007674309420529327,3.1604320937191517,3.1634403677332426,,,2.1400713000002725,"{""control"": ""geometric_asian"", ""control_mean"": 3.000200360178781, ""b_hat"": 1.0457655294123516, ""rho"": 0.9995001395377232, ""pilot_rho"": 0.999521990720461, ""pilot_paths"": 6554, ""total_paths_simulated"": 72090, ""plain_std_error"": 0.024265338669554375, ""observed_vrf"": 999.7561932066743, ""theoretical_vrf"": 1000.5292158494436}"
bc7e20809e6b,2026-09-24T16:11:39,aritra,control,asian_arith,call,exact,control_variate,{},65536,252,4,2552172995,JARVIS_AMD64,3.16128497779112,0.0007643396572562693,3.1597868995909417,3.162783055991298,,,2.0440806999995402,"{""control"": ""geometric_asian"", ""control_mean"": 3.000200360178781, ""b_hat"": 1.0443023412890444, ""rho"": 0.999493505358808, ""pilot_rho"": 0.9995373523654559, ""pilot_paths"": 6554, ""total_paths_simulated"": 72090, ""plain_std_error"": 0.024012376812822325, ""observed_vrf"": 986.9553674637413, ""theoretical_vrf"": 987.4273389319611}"
1bc5353c5bf8,2026-09-24T16:11:41,aritra,control,asian_arith,call,exact,control_variate,{},65536,252,5,3318295200,JARVIS_AMD64,3.162740689207481,0.0007728584101336879,3.1612259145584702,3.164255463856492,,,2.151524800000516,"{""control"": ""geometric_asian"", ""control_mean"": 3.000200360178781, ""b_hat"": 1.0446088967867182, ""rho"": 0.9994756938997794, ""pilot_rho"": 0.9994835244219279, ""pilot_paths"": 6554, ""total_paths_simulated"": 72090, ""plain_std_error"": 0.02386070932562892, ""observed_vrf"": 953.1622325548673, ""theoretical_vrf"": 953.8914589888404}"
fc8c6456dc15,2026-09-24T16:11:43,aritra,control,asian_arith,call,exact,control_variate,{},65536,252,6,1734375287,JARVIS_AMD64,3.1624316863606428,0.0007654390261212156,3.1609314534370836,3.163931919284202,,,2.071518400000059,"{""control"": ""geometric_asian"", ""control_mean"": 3.000200360178781, ""b_hat"": 1.0458022497859107, ""rho"": 0.9994969842669208, ""pilot_rho"": 0.9994832519788095, ""pilot_paths"": 6554, ""total_paths_simulated"": 72090, ""plain_std_error"": 0.024135674220002172, ""observed_vrf"": 994.2547355349528, ""theoretical_vrf"": 994.2547572176965}"
915ef0d53d3c,2026-09-24T16:11:45,aritra,control,asian_arith,call,exact,control_variate,{},65536,252,7,2748384185,JARVIS_AMD64,3.1642486181878406,0.0007722599694589464,3.1627350164609993,3.165762219914682,,,2.196760799999538,"{""control"": ""geometric_asian"", ""control_mean"": 3.000200360178781, ""b_hat"": 1.0470657162165802, ""rho"": 0.9994750424227182, ""pilot_rho"": 0.9994465917238495, ""pilot_paths"": 6554, ""total_paths_simulated"": 72090, ""plain_std_error"": 0.023824840118511336, ""observed_vrf"": 951.7720406271665, ""theoretical_vrf"": 952.7079815488675}"
dd43b936f863,2026-09-24T16:11:47,aritra,control,asian_arith,call,exact,control_variate,{},65536,252,8,2347288340,JARVIS_AMD64,3.1643061392724974,0.0007771218616198524,3.1627830084121236,3.165829270132871,,,2.30890460000046,"{""control"": ""geometric_asian"", ""control_mean"": 3.000200360178781, ""b_hat"": 1.0459707809537417, ""rho"": 0.9994681316905354, ""pilot_rho"": 0.9995207769137012, ""pilot_paths"": 6554, ""total_paths_simulated"": 72090, ""plain_std_error"": 0.02383029203093983, ""observed_vrf"": 940.3303985188198, ""theoretical_vrf"": 940.3323972257626}"
9ac0ad5071f3,2026-09-24T16:11:50,aritra,control,asian_arith,call,exact,control_variate,{},65536,252,9,2989411455,JARVIS_AMD64,3.162889407130119,0.0007683232990810281,3.161383521135437,3.1643952931248007,,,2.139318700000331,"{""control"": ""geometric_asian"", ""control_mean"": 3.000200360178781, ""b_hat"": 1.0447672574784979, ""rho"": 0.9994881562296609, ""pilot_rho"": 0.9994937343921514, ""pilot_paths"": 6554, ""total_paths_simulated"": 72090, ""plain_std_error"": 0.024012746822346453, ""observed_vrf"": 976.7775682870391, ""theoretical_vrf"": 977.1106393805537}"
62ae02320033,2026-09-24T16:11:52,aritra,control,asian_arith,call,exact,control_variate,{},65536,252,10,3629777324,JARVIS_AMD64,3.1612318634359458,0.0007510863077561725,3.1597597613234627,3.162703965548429,,,2.0300218000002133,"{""control"": ""geometric_asian"", ""control_mean"": 3.000200360178781, ""b_hat"": 1.0458790219707275, ""rho"": 0.999505184044909, ""pilot_rho"": 0.9994718620082904, ""pilot_paths"": 6554, ""total_paths_simulated"": 72090, ""plain_std_error"": 0.02387214630147482, ""observed_vrf"": 1010.190418522395, ""theoretical_vrf"": 1010.7267751899831}"
47c0a33db167,2026-09-24T16:11:54,aritra,control,asian_arith,call,exact,control_variate,{},65536,252,11,2429846645,JARVIS_AMD64,3.16329908243442,0.0007700158986788696,3.1617898790054864,3.1648082858633537,,,2.145150199999989,"{""control"": ""geometric_asian"", ""control_mean"": 3.000200360178781, ""b_hat"": 1.046823696625652, ""rho"": 0.9994794365013651, ""pilot_rho"": 0.9994651454664036, ""pilot_paths"": 6554, ""total_paths_simulated"": 72090, ""plain_std_error"": 0.023856375928609612, ""observed_vrf"": 959.8636716740403, ""theoretical_vrf"": 960.7476822102589}"
74b6cf078177,2026-09-24T16:11:56,aritra,control,asian_arith,call,exact,control_variate,{},65536,252,12,4199186437,JARVIS_AMD64,3.1626731689023018,0.0007611532509476616,3.161181335943729,3.1641650018608747,,,2.1149532999997973,"{""control"": ""geometric_asian"", ""control_mean"": 3.000200360178781, ""b_hat"": 1.048054405518042, ""rho"": 0.9994927216062034, ""pilot_rho"": 0.9994211896430165, ""pilot_paths"": 6554, ""total_paths_simulated"": 72090, ""plain_std_error"": 0.02382025121012282, ""observed_vrf"": 979.3737540151762, ""theoretical_vrf"": 985.9021355708198}"
efd8f71fb801,2026-09-24T16:11:58,aritra,control,asian_arith,call,exact,control_variate,{},65536,252,13,1777940854,JARVIS_AMD64,3.1620703574026283,0.0007756884213875817,3.160550036033484,3.1635906787717727,,,2.0210071000001335,"{""control"": ""geometric_asian"", ""control_mean"": 3.000200360178781, ""b_hat"": 1.0449095559863941, ""rho"": 0.99949014527938, ""pilot_rho"": 0.9995153076005827, ""pilot_paths"": 6554, ""total_paths_simulated"": 72090, ""plain_std_error"": 0.02429120888671621, ""observed_vrf"": 980.6716929771127, ""theoretical_vrf"": 980.9215761976748}"
4491049dc461,2026-09-24T16:12:00,aritra,control,asian_arith,call,exact,control_variate,{},65536,252,14,2849537564,JARVIS_AMD64,3.1633325992674104,0.0007677251585146576,3.161827885606696,3.1648373129281246,,,1.6890322000008382,"{""control"": ""geometric_asian"", ""control_mean"": 3.000200360178781, ""b_hat"": 1.0447555081378352, ""rho"": 0.9994867272121754, ""pilot_rho"": 0.9995010372852605, ""pilot_paths"": 6554, ""total_paths_simulated"": 72090, ""plain_std_error"": 0.02395946188062532, ""observed_vrf"": 973.9632584962918, ""theoretical_vrf"": 974.3909340220284}"
6b1f6d30fd87,2026-09-24T16:12:02,aritra,control,asian_arith,call,exact,control_variate,{},65536,252,15,1648298754,JARVIS_AMD64,3.1626033920811047,0.000761969464721704,3.161109959372931,3.1640968247892785,,,2.0976857999994536,"{""control"": ""geometric_asian"", ""control_mean"": 3.000200360178781, ""b_hat"": 1.0460100749314944, ""rho"": 0.9994966860421994, ""pilot_rho"": 0.9994685668265441, ""pilot_paths"": 6554, ""total_paths_simulated"": 72090, ""plain_std_error"": 0.024016070564632765, ""observed_vrf"": 993.4105468377288, ""theoretical_vrf"": 993.6657873517953}"
e7e0ac83badd,2026-09-24T16:12:04,aritra,control,asian_arith,call,exact,control_variate,{},65536,252,16,2841746465,JARVIS_AMD64,3.1630326844284387,0.0007663884609502718,3.161530590646809,3.164534778210068,,,2.215257599999859,"{""control"": ""geometric_asian"", ""control_mean"": 3.000200360178781, ""b_hat"": 1.0460665172478594, ""rho"": 0.9994865868767501, ""pilot_rho"": 0.9994938153672026, ""pilot_paths"": 6554, ""total_paths_simulated"": 72090, ""plain_std_error"": 0.02391763785533467, ""observed_vrf"": 973.9544746049032, ""theoretical_vrf"": 974.124664115697}"
53cae760c92b,2026-09-24T16:12:06,aritra,control,asian_arith,call,exact,control_variate,{},65536,252,17,1599154346,JARVIS_AMD64,3.1622526227680754,0.00076434641652935,3.1607545313199656,3.163750714216185,,,1.9472819000002346,"{""control"": ""geometric_asian"", ""control_mean"": 3.000200360178781, ""b_hat"": 1.046907230708458, ""rho"": 0.9994897604689433, ""pilot_rho"": 0.9994851608648587, ""pilot_paths"": 6554, ""total_paths_simulated"": 72090, ""plain_std_error"": 0.023907308696204516, ""observed_vrf"": 978.3199525359213, ""theoretical_vrf"": 980.1819772732849}"
4a3e08935a05,2026-09-24T16:12:08,aritra,control,asian_arith,call,exact,control_variate,{},65536,252,18,2705541295,JARVIS_AMD64,3.162948423830106,0.0007742884226807089,3.1614308464080056,3.164466001252207,,,1.9976870999998937,"{""control"": ""geometric_asian"", ""control_mean"": 3.000200360178781, ""b_hat"": 1.045684835607954, ""rho"": 0.9994940960570502, ""pilot_rho"": 0.9994840207072542, ""pilot_paths"": 6554, ""total_paths_simulated"": 72090, ""plain_std_error"": 0.024343805575883202, ""observed_vrf"": 988.4880202610884, ""theoretical_vrf"": 988.5799764082935}"
6fdf5beab854,2026-09-24T16:12:10,aritra,control,asian_arith,call,exact,control_variate,{},65536,252,19,482552137,JARVIS_AMD64,3.1626766098147683,0.0007700389224477473,3.161167361260077,3.1641858583694598,,,2.153894600000058,"{""control"": ""geometric_asian"", ""control_mean"": 3.000200360178781, ""b_hat"": 1.045674032538291, ""rho"": 0.9994889375628287, ""pilot_rho"": 0.9995057767268158, ""pilot_paths"": 6554, ""total_paths_simulated"": 72090, ""plain_std_error"": 0.02408885246972932, ""observed_vrf"": 978.6037337842698, ""theoretical_vrf"": 978.6041037059083}"
d0784c800254,2026-09-24T16:12:10,aritra,control,paper_barrier,call,exact,plain,{},256,252,0,1196204278,JARVIS_AMD64,6.980062671220344,0.7058140258386841,5.5966926007933,8.363432741647388,7.1055282627933245,0.1254655915729801,0.00604380000004312,
168726408863,2026-09-24T16:12:10,aritra,control,paper_barrier,call,exact,plain,{},256,252,1,2180121663,JARVIS_AMD64,8.266392625483014,0.801597535145771,6.695290326501223,9.837494924464806,7.1055282627933245,1.16086436268969,0.005178399999749672,
0af8bb46f500,2026-09-24T16:12:10,aritra,control,paper_barrier,call,exact,plain,{},256,252,2,4199071339,JARVIS_AMD64,5.962333140800572,0.7156627363146713,4.559659952546431,7.365006329054713,7.1055282627933245,1.1431951219927523,0.005147400000169,
87d35514eb43,2026-09-24T16:12:10,aritra,control,paper_barrier,call,exact,plain,{},256,252,3,1821675859,JARVIS_AMD64,7.284124928725838,0.7748621658200006,5.765422990735933,8.802826866715742,7.1055282627933245,0.17859666593251333,0.0037752999996882863,
6d1d78fb8025,2026-09-24T16:12:10,aritra,control,paper_barrier,call,exact,plain,{},256,252,4,3611803979,JARVIS_AMD64,5.949800238512537,0.747898277759722,4.483946550003948,7.4156539270211255,7.1055282627933245,1.155728024280788,0.0031995999997889157,
5ca0b92baa67,2026-09-24T16:12:10,aritra,control,paper_barrier,call,exact,plain,{},256,252,5,2471129754,JARVIS_AMD64,6.604194730344333,0.7686364171089481,5.097695035604888,8.110694425083778,7.1055282627933245,0.5013335324489914,0.0032746999995652004,
7dcd9c657f7c,2026-09-24T16:12:10,aritra,control,paper_barrier,call,exact,plain,{},256,252,6,3379689155,JARVIS_AMD64,7.880651387001946,0.8492616082841887,6.216129221312373,9.54517355269152,7.1055282627933245,0.7751231242086218,0.003087000000050466,
03078fb8ced3,2026-09-24T16:12:10,aritra,control,paper_barrier,call,exact,plain,{},256,252,7,3373214227,JARVIS_AMD64,7.306487485780954,0.767627984969053,5.801964281716556,8.811010689845352,7.1055282627933245,0.20095922298762936,0.003920099999959348,
acb5461c8030,2026-09-24T16:12:10,aritra,control,paper_barrier,call,exact,plain,{},256,252,8,1786360490,JARVIS_AMD64,6.005623513099819,0.6827202621508509,4.667516387768407,7.34373063843123,7.1055282627933245,1.099904749693506,0.004179100000328617,
ae110406f8f3,2026-09-24T16:12:10,aritra,control,paper_barrier,call,exact,plain,{},256,252,9,2197863831,JARVIS_AMD64,7.290989602475869,0.7631452335867385,5.795252429672455,8.786726775279282,7.1055282627933245,0.1854613396825444,0.004472999999961758,
afaeb30df807,2026-09-24T16:12:10,aritra,control,paper_barrier,call,exact,plain,{},256,252,10,841442965,JARVIS_AMD64,7.76540921506791,0.8574172729147411,6.084902240432467,9.445916189703354,7.1055282627933245,0.6598809522745857,0.004332999999860476,
6cbe071833af,2026-09-24T16:12:10,aritra,control,paper_barrier,call,exact,plain,{},256,252,11,3786697555,JARVIS_AMD64,7.444389831866877,0.7967287819634585,5.882830113772033,9.005949549961722,7.1055282627933245,0.33886156907355236,0.0060826999997516396,
e0ab3fde0f82,2026-09-24T16:12:10,aritra,control,paper_barrier,call,exact,plain,{},256,252,12,49631012,JARVIS_AMD64,8.336533595477539,0.8862164432433933,6.599581284213302,10.073485906741775,7.1055282627933245,1.231005332684214,0.005688199999895005,
1d70ebd6789f,2026-09-24T16:12:10,aritra,control,paper_barrier,call,exact,plain,{},256,252,13,2718018369,JARVIS_AMD64,7.573865015636766,0.76697134244523,6.070628807269779,9.077101224003753,7.1055282627933245,0.4683367528434417,0.006238099999791302,
c8396ae1e970,2026-09-24T16:12:10,aritra,control,paper_barrier,call,exact,plain,{},256,252,14,2927053203,JARVIS_AMD64,8.224699659097656,0.851410408222452,6.555965922919105,9.893433395276206,7.1055282627933245,1.1191713963043313,0.006398500000614149,
9a9e0f50972f,2026-09-24T16:12:10,aritra,control,paper_barrier,call,exact,plain,{},256,252,15,2895980121,JARVIS_AMD64,6.391528382808874,0.7095334464527697,5.0008683819348665,7.782188383682881,7.1055282627933245,0.7139998799844509,0.006138900000223657,
dba79177a049,2026-09-24T16:12:10,aritra,control,paper_barrier,call,exact,plain,{},256,252,16,2439288719,JARVIS_AMD64,7.802678044164119,0.8312848144572534,6.173389746932841,9.431966341395396,7.1055282627933245,0.6971497813707943,0.005920799999330484,
348dba5fd3fd,2026-09-24T16:12:10,aritra,control,paper_barrier,call,exact,plain,{},256,252,17,77189581,JARVIS_AMD64,6.963459200933371,0.7757224778105303,5.44307108242656,8.483847319440182,7.1055282627933245,0.14206906185995383,0.006118599999354046,
ead35e713d10,2026-09-24T16:12:10,aritra,control,paper_barrier,call,exact,plain,{},256,252,18,4200147237,JARVIS_AMD64,9.047303541602979,0.9417086806435917,7.201588443612808,10.89301863959315,7.1055282627933245,1.9417752788096543,0.010493599999790604,
209231ad694f,2026-09-24T16:12:10,aritra,control,paper_barrier,call,exact,plain,{},256,252,19,1797437581,JARVIS_AMD64,7.098954851667134,0.7760776861463056,5.577870537615196,8.620039165719072,7.1055282627933245,0.006573411126190365,0.007290200000170444,
74fd95eb287a,2026-09-24T16:12:10,aritra,control,paper_barrier,call,exact,plain,{},1024,252,0,2756327889,JARVIS_AMD64,7.057863066518788,0.3694216360137992,6.333809964821876,7.7819161682157,7.1055282627933245,0.04766519627453647,0.026474899999811896,
5ec59fb6d056,2026-09-24T16:12:10,aritra,control,paper_barrier,call,exact,plain,{},1024,252,1,2889041875,JARVIS_AMD64,7.186226793023568,0.3926610007104897,6.416625373497552,7.9558282125495845,7.1055282627933245,0.08069853023024365,0.019106200000351237,
806184035540,2026-09-24T16:12:10,aritra,control,paper_barrier,call,exact,plain,{},1024,252,2,2636771840,JARVIS_AMD64,7.0988448120260115,0.3963008402204084,6.322109438151049,7.875580185900974,7.1055282627933245,0.006683450767313026,0.020054300000083458,
cfa6ac07220a,2026-09-24T16:12:10,aritra,control,paper_barrier,call,exact,plain,{},1024,252,3,1398738558,JARVIS_AMD64,6.639683648711012,0.36894214214639554,5.91657033772502,7.362796959697004,7.1055282627933245,0.4658446140823127,0.019947099999626516,
31dba3e11655,2026-09-24T16:12:10,aritra,control,paper_barrier,call,exact,plain,{},1024,252,4,3321177618,JARVIS_AMD64,7.105777731751898,0.3870000783478542,6.347271516175924,7.864283947327872,7.1055282627933245,0.0002494689585734733,0.01912270000048011,
f6a75d8128db,2026-09-24T16:12:10,aritra,control,paper_barrier,call,exact,plain,{},1024,252,5,2150753239,JARVIS_AMD64,6.65595840069008,0.37853647525804973,5.914040542349565,7.397876259030595,7.1055282627933245,0.44956986210324423,0.019572799999878043,
e54404930e1c,2026-09-24T16:12:10,aritra,control,paper_barrier,call,exact,plain,{},1024,252,6,3311290034,JARVIS_AMD64,6.493023375069248,0.3702243810687005,5.767396921975962,7.218649828162533,7.1055282627933245,0.6125048877240769,0.026408599999740545,
f314a6609e75,2026-09-24T16:12:10,aritra,control,paper_barrier,call,exact,plain,{},1024,252,7,3177716022,JARVIS_AMD64,7.538587486080706,0.41812491437255966,6.719077712871595,8.358097259289817,7.1055282627933245,0.43305922328738156,0.01997529999971448,
9bdfc9927dff,2026-09-24T16:12:10,aritra,control,paper_barrier,call,exact,plain,{},1024,252,8,2685980685,JARVIS_AMD64,6.783352560928494,0.36504494079761374,6.067877624226615,7.498827497630373,7.1055282627933245,0.3221757018648308,0.019277999999758322,
d3c4c87320ea,2026-09-24T16:12:10,aritra,control,paper_barrier,call,exact,plain,{},1024,252,9,4280721886,JARVIS_AMD64,7.511559987026544,0.40185130227267146,6.723945907431589,8.299174066621498,7.1055282627933245,0.40603172423321965,0.016391199999816308,
081cb7aeb684,2026-09-24T16:12:10,aritra,control,paper_barrier,call,exact,plain,{},1024,252,10,882449546,JARVIS_AMD64,7.317394258386492,0.37132851960730584,6.589603733523597,8.045184783249386,7.1055282627933245,0.21186599559316743,0.018787199999678705,
1b92210b4512,2026-09-24T16:12:10,aritra,control,paper_barrier,call,exact,plain,{},1024,252,11,4211677167,JARVIS_AMD64,7.278505213378786,0.3920650344782732,6.510071866203916,8.046938560553656,7.1055282627933245,0.17297695058546125,0.025315399999271904,
d438b0de14bd,2026-09-24T16:12:10,aritra,control,paper_barrier,call,exact,plain,{},1024,252,12,1694480461,JARVIS_AMD64,7.403607491042331,0.41359597908599355,6.592974267883203,8.21424071420146,7.1055282627933245,0.2980792282490068,0.0271682000002329,
93123d4b885b,2026-09-24T16:12:10,aritra,control,paper_barrier,call,exact,plain,{},1024,252,13,3970534595,JARVIS_AMD64,6.79262958763222,0.3727122912594691,6.062126920168258,7.523132255096182,7.1055282627933245,0.3128986751611045,0.024690600000212726,
5a751147df27,2026-09-24T16:12:11,aritra,control,paper_barrier,call,exact,plain,{},1024,252,14,4082375726,JARVIS_AMD64,6.505673166284427,0.3623024023796477,5.795573506107979,7.215772826460875,7.1055282627933245,0.5998550965088976,0.025034799999957613,
486c2d25bd7a,2026-09-24T16:12:11,aritra,control,paper_barrier,call,exact,plain,{},1024,252,15,3084288160,JARVIS_AMD64,7.26666928781987,0.4036717342715313,6.475487227070846,8.057851348568894,7.1055282627933245,0.16114102502654593,0.025602499999877182,
696a154aabde,2026-09-24T16:12:11,aritra,control,paper_barrier,call,exact,plain,{},1024,252,16,3755651275,JARVIS_AMD64,6.846347948605745,0.3867993701275457,6.088235113912977,7.604460783298513,7.1055282627933245,0.2591803141875797,0.024944800000412215,
a1643591a13b,2026-09-24T16:12:11,aritra,control,paper_barrier,call,exact,plain,{},1024,252,17,91052651,JARVIS_AMD64,7.777526510016114,0.4111407068783841,6.971705531956141,8.583347488076086,7.1055282627933245,0.6719982472227892,0.014927999999599706,
95cb36a1a3f1,2026-09-24T16:12:11,aritra,control,paper_barrier,call,exact,plain,{},1024,252,18,3479680765,JARVIS_AMD64,7.492187100048074,0.41064685741916945,6.687334049141947,8.297040150954201,7.1055282627933245,0.3866588372547497,0.014875799999572337,
746f8611da59,2026-09-24T16:12:11,aritra,control,paper_barrier,call,exact,plain,{},1024,252,19,2700980464,JARVIS_AMD64,7.515799747940606,0.40147807565244586,6.728917179079365,8.302682316801846,7.1055282627933245,0.4102714851472813,0.018917200000032608,
39cf7cbc4f4c,2026-09-24T16:12:11,aritra,control,paper_barrier,call,exact,plain,{},4096,252,0,941005227,JARVIS_AMD64,7.067802894788126,0.19764952837427863,6.680416937613212,7.455188851963039,7.1055282627933245,0.03772536800519877,0.10375569999996515,
50dd9601da8e,2026-09-24T16:12:11,aritra,control,paper_barrier,call,exact,plain,{},4096,252,1,2431066067,JARVIS_AMD64,7.543143564930487,0.20317679476007544,7.144924364706453,7.941362765154521,7.1055282627933245,0.4376153021371625,0.10339699999985896,
a29a49e32690,2026-09-24T16:12:11,aritra,control,paper_barrier,call,exact,plain,{},4096,252,2,457096717,JARVIS_AMD64,7.140358171232665,0.19472433898241454,6.758705479913764,7.522010862551567,7.1055282627933245,0.03482990843934086,0.11028979999991861,
f801fc9e6c7f,2026-09-24T16:12:11,aritra,control,paper_barrier,call,exact,plain,{},4096,252,3,2759818868,JARVIS_AMD64,6.926919946692382,0.1907292775418112,6.553097431913088,7.3007424614716765,7.1055282627933245,0.1786083161009424,0.11164840000037657,
448f91b85e90,2026-09-24T16:12:11,aritra,control,paper_barrier,call,exact,plain,{},4096,252,4,1528487695,JARVIS_AMD64,7.3090713781071734,0.2035291147411474,6.910161643409205,7.707981112805142,7.1055282627933245,0.20354311531384894,0.08826440000029834,
3e322024c322,2026-09-24T16:12:11,aritra,control,paper_barrier,call,exact,plain,{},4096,252,5,3565594504,JARVIS_AMD64,7.269800600373218,0.20193265624155562,6.874019866837261,7.6655813339091745,7.1055282627933245,0.16427233757989335,0.09180529999957798,
5d60f016687b,2026-09-24T16:12:11,aritra,control,paper_barrier,call,exact,plain,{},4096,252,6,2872208434,JARVIS_AMD64,6.851709355390261,0.1913560765486292,6.476658337132058,7.226760373648464,7.1055282627933245,0.2538189074030637,0.11336250000022119,
dc4d76543bd1,2026-09-24T16:12:11,aritra,control,paper_barrier,call,exact,plain,{},4096,252,7,445192983,JARVIS_AMD64,6.765099466234133,0.19299591530980822,6.386834423063567,7.1433645094047,7.1055282627933245,0.3404287965591912,0.09263289999944391,
298319cd6627,2026-09-24T16:12:12,aritra,control,paper_barrier,call,exact,plain,{},4096,252,8,2034542179,JARVIS_AMD64,7.1785425188978484,0.1930976129104014,6.800078152092805,7.557006885702892,7.1055282627933245,0.07301425610452394,0.08383420000063779,
8edda091327e,2026-09-24T16:12:12,aritra,control,paper_barrier,call,exact,plain,{},4096,252,9,1378316871,JARVIS_AMD64,6.878602319889817,0.19339109667907248,6.499562735468131,7.257641904311503,7.1055282627933245,0.22692594290350776,0.10303769999973156,
71c5c888e4a8,2026-09-24T16:12:12,aritra,control,paper_barrier,call,exact,plain,{},4096,252,10,3847130711,JARVIS_AMD64,7.172070699230164,0.19573129826968405,6.788444403974316,7.555696994486012,7.1055282627933245,0.06654243643683966,0.08015979999981937,
f3d8d59c9587,2026-09-24T16:12:12,aritra,control,paper_barrier,call,exact,plain,{},4096,252,11,3781421213,JARVIS_AMD64,7.138399563607511,0.19313138158493304,6.75986901141658,7.516930115798441,7.1055282627933245,0.0328713008141861,0.07616340000004129,
ff519cb429ca,2026-09-24T16:12:12,aritra,control,paper_barrier,call,exact,plain,{},4096,252,12,357761513,JARVIS_AMD64,6.831752162946154,0.1906174233439352,6.458148878366217,7.205355447526092,7.1055282627933245,0.27377609984717033,0.08306530000027124,
cb4cb365e254,2026-09-24T16:12:12,aritra,control,paper_barrier,call,exact,plain,{},4096,252,13,1976538813,JARVIS_AMD64,7.307083882966417,0.19915305675904274,6.916751064307632,7.697416701625202,7.1055282627933245,0.20155562017309236,0.08371659999920666,
f785c5827551,2026-09-24T16:12:12,aritra,control,paper_barrier,call,exact,plain,{},4096,252,14,3811071642,JARVIS_AMD64,7.3047400853003595,0.19918135882655424,6.914351795608564,7.695128374992155,7.1055282627933245,0.19921182250703495,0.09180629999991652,
7d9fa45b8650,2026-09-24T16:12:12,aritra,control,paper_barrier,call,exact,plain,{},4096,252,15,3087007305,JARVIS_AMD64,7.222191837108559,0.1979433403835587,6.834230018977231,7.610153655239887,7.1055282627933245,0.11666357431523444,0.07545119999940653,
c2e7e3aa8d5a,2026-09-24T16:12:12,aritra,control,paper_barrier,call,exact,plain,{},4096,252,16,2667016432,JARVIS_AMD64,6.992338484789439,0.19481346799749308,6.610511103811006,7.374165865767872,7.1055282627933245,0.11318977800388552,0.0764484999999695,
910da7f650c6,2026-09-24T16:12:12,aritra,control,paper_barrier,call,exact,plain,{},4096,252,17,347695071,JARVIS_AMD64,7.373636402728438,0.20577544054650262,6.970323950354429,7.776948855102446,7.1055282627933245,0.26810813993511307,0.07279809999999998,
8e7bfee31055,2026-09-24T16:12:12,aritra,control,paper_barrier,call,exact,plain,{},4096,252,18,2881529701,JARVIS_AMD64,6.949712341448424,0.19089807721313543,6.575558985392732,7.323865697504116,7.1055282627933245,0.1558159213449004,0.07847519999995711,
44031d8d3034,2026-09-24T16:12:12,aritra,control,paper_barrier,call,exact,plain,{},4096,252,19,202465598,JARVIS_AMD64,7.337526779081241,0.20026483946240542,6.9450149063652304,7.730038651797251,7.1055282627933245,0.23199851628791635,0.06706140000005689,
0acd4876d773,2026-09-24T16:12:13,aritra,control,paper_barrier,call,exact,plain,{},16384,252,0,1352973939,JARVIS_AMD64,7.166092580542417,0.09863119419713834,6.97277899216385,7.359406168920984,7.1055282627933245,0.06056431774909221,0.2721099000000322,
7d4abb00c7f8,2026-09-24T16:12:13,aritra,control,paper_barrier,call,exact,plain,{},16384,252,1,1742905950,JARVIS_AMD64,6.990243308217366,0.0959696746924762,6.8021462022120875,7.178340414222644,7.1055282627933245,0.11528495457595866,0.3066070999993826,
fc9629f68b08,2026-09-24T16:12:13,aritra,control,paper_barrier,call,exact,plain,{},16384,252,2,653102835,JARVIS_AMD64,7.116880144946039,0.09824480832664366,6.924323858957777,7.309436430934301,7.1055282627933245,0.011351882152714765,0.36250529999961145,
67b29cda97f9,2026-09-24T16:12:14,aritra,control,paper_barrier,call,exact,plain,{},16384,252,3,1474050264,JARVIS_AMD64,7.023245404705772,0.09828582943309311,6.830608718826263,7.215882090585281,7.1055282627933245,0.08228285808755231,0.3362907000000632,
b2de3b211d3d,2026-09-24T16:12:14,aritra,control,paper_barrier,call,exact,plain,{},16384,252,4,3591346988,JARVIS_AMD64,6.972759092860776,0.09567657048914033,6.785236460537753,7.160281725183799,7.1055282627933245,0.13276916993254861,0.23635290000038367,
eb8ed8b6ef25,2026-09-24T16:12:14,aritra,control,paper_barrier,call,exact,plain,{},16384,252,5,3657070465,JARVIS_AMD64,7.026774138778611,0.096881044873897,6.8368907800411645,7.216657497516058,7.1055282627933245,0.07875412401471316,0.38450709999960964,
ef83c7c707df,2026-09-24T16:12:15,aritra,control,paper_barrier,call,exact,plain,{},16384,252,6,2160704,JARVIS_AMD64,7.143042588629097,0.09855726787161774,6.9498738931860595,7.336211284072134,7.1055282627933245,0.03751432583577241,0.3417735000002722,
020f059185ee,2026-09-24T16:12:15,aritra,control,paper_barrier,call,exact,plain,{},16384,252,7,1064318637,JARVIS_AMD64,7.0828339719701905,0.09747014737317802,6.89179599355095,7.273871950389431,7.1055282627933245,0.02269429082313401,0.3692648999995072,
a954eab9fb27,2026-09-24T16:12:16,aritra,control,paper_barrier,call,exact,plain,{},16384,252,8,921447252,JARVIS_AMD64,7.100439561748088,0.09819166406837132,6.907987436592024,7.292891686904151,7.1055282627933245,0.005088701045236732,0.34941520000029413,
aef85d03a701,2026-09-24T16:12:16,aritra,control,paper_barrier,call,exact,plain,{},16384,252,9,3345560205,JARVIS_AMD64,7.112164045599617,0.09886188682370028,6.91839830798149,7.305929783217745,7.1055282627933245,0.006635782806292845,0.38141340000038326,
41a1538ae6c9,2026-09-24T16:12:16,aritra,control,paper_barrier,call,exact,plain,{},16384,252,10,106722195,JARVIS_AMD64,7.186669738797941,0.09861159601745305,6.99339456214572,7.379944915450163,7.1055282627933245,0.08114147600461674,0.3778967999996894,
932f1e99449f,2026-09-24T16:12:17,aritra,control,paper_barrier,call,exact,plain,{},16384,252,11,292397703,JARVIS_AMD64,6.984385127380642,0.09776971957855636,6.792759998228091,7.176010256533193,7.1055282627933245,0.12114313541268285,0.3820543000001635,
b68b0fdea41e,2026-09-24T16:12:17,aritra,control,paper_barrier,call,exact,plain,{},16384,252,12,3940543017,JARVIS_AMD64,7.0978671634509745,0.09922535361485937,6.903389044012599,7.29234528288935,7.1055282627933245,0.007661099342350042,0.3431317000004128,
a1ee87c6aa23,2026-09-24T16:12:17,aritra,control,paper_barrier,call,exact,plain,{},16384,252,13,439880206,JARVIS_AMD64,7.123828867668592,0.09831617004534884,6.931132715281792,7.3165250200553915,7.1055282627933245,0.01830060487526719,0.33787930000016786,
d48d71c1d75f,2026-09-24T16:12:18,aritra,control,paper_barrier,call,exact,plain,{},16384,252,14,3260348611,JARVIS_AMD64,7.206896874972122,0.09888251363594144,7.013090709544886,7.400703040399358,7.1055282627933245,0.10136861217879733,0.32074310000007245,
e9771b649266,2026-09-24T16:12:18,aritra,control,paper_barrier,call,exact,plain,{},16384,252,15,4172324283,JARVIS_AMD64,7.073034065084193,0.09768180390428564,6.881581247486889,7.264486882681497,7.1055282627933245,0.032494197709131534,0.3180427999996027,
2648fe79b3ab,2026-09-24T16:12:18,aritra,control,paper_barrier,call,exact,plain,{},16384,252,16,2786440881,JARVIS_AMD64,7.082338117556798,0.09832703486833722,6.8896206705082434,7.275055564605353,7.1055282627933245,0.023190145236526405,0.3707389000001058,
70755b758869,2026-09-24T16:12:19,aritra,control,paper_barrier,call,exact,plain,{},16384,252,17,1451240741,JARVIS_AMD64,7.013275275917202,0.09671515067002892,6.8237170638445805,7.202833487989824,7.1055282627933245,0.09225298687612238,0.40752229999998235,
ef8df67a5a1f,2026-09-24T16:12:19,aritra,control,paper_barrier,call,exact,plain,{},16384,252,18,4031513971,JARVIS_AMD64,7.0512198754337705,0.09709316442488738,6.860920770015966,7.241518980851575,7.1055282627933245,0.05430838735955401,0.42290150000008,
a9884bbc0305,2026-09-24T16:12:20,aritra,control,paper_barrier,call,exact,plain,{},16384,252,19,1387242741,JARVIS_AMD64,7.166448793831554,0.09890732959870935,6.972593990011052,7.360303597652057,7.1055282627933245,0.0609205310382297,0.32852640000055544,
e24f705dcf83,2026-09-24T16:12:21,aritra,control,paper_barrier,call,exact,plain,{},65536,252,0,1357012330,JARVIS_AMD64,7.1538531112378,0.049180530145827135,7.057461043411393,7.2502451790642075,7.1055282627933245,0.0483248484444756,1.381291699999565,
20e2bd540c1a,2026-09-24T16:12:22,aritra,control,paper_barrier,call,exact,plain,{},65536,252,1,3192536050,JARVIS_AMD64,7.121989894761584,0.049177142754298825,7.025604466100574,7.2183753234225945,7.1055282627933245,0.01646163196825956,1.4884533000004012,
053c36a7d95e,2026-09-24T16:12:24,aritra,control,paper_barrier,call,exact,plain,{},65536,252,2,1031331851,JARVIS_AMD64,7.066579552511623,0.048888291981508285,6.970760260962188,7.162398844061058,7.1055282627933245,0.03894871028170144,1.4629411999994772,
141cee0d9b53,2026-09-24T16:12:25,aritra,control,paper_barrier,call,exact,plain,{},65536,252,3,2283774228,JARVIS_AMD64,7.04575868249564,0.048693559860822626,6.950321058889382,7.1411963061018975,7.1055282627933245,0.059769580297684755,1.4141491000000315,
fa8240e7260e,2026-09-24T16:12:27,aritra,control,paper_barrier,call,exact,plain,{},65536,252,4,3967739055,JARVIS_AMD64,7.051096296446677,0.04877403001715549,6.955500954232177,7.146691638661178,7.1055282627933245,0.054431966346647265,1.3188322000005428,
a0f5e75dc3ab,2026-09-24T16:12:28,aritra,control,paper_barrier,call,exact,plain,{},65536,252,5,906907240,JARVIS_AMD64,7.065554772137812,0.048819962196859724,6.96986940450536,7.161240139770264,7.1055282627933245,0.03997349065551248,1.2300201999996716,
00faf1183260,2026-09-24T16:12:29,aritra,control,paper_barrier,call,exact,plain,{},65536,252,6,2681868470,JARVIS_AMD64,7.153371714628454,0.04927539272445157,7.056793719564462,7.249949709692446,7.1055282627933245,0.04784345183512961,1.1926595000004454,
2de29516f0a6,2026-09-24T16:12:30,aritra,control,paper_barrier,call,exact,plain,{},65536,252,7,3724467032,JARVIS_AMD64,7.1162010814320755,0.04916968664448486,7.019830266477765,7.212571896386386,7.1055282627933245,0.010672818638751025,1.3207554000000528,
7c7685ffb10d,2026-09-24T16:12:32,aritra,control,paper_barrier,call,exact,plain,{},65536,252,8,623625708,JARVIS_AMD64,7.099417848342098,0.04924587573642114,7.002897705511577,7.1959379911726185,7.1055282627933245,0.006110414451226731,1.4909731999996438,
126bb11c77b1,2026-09-24T16:12:33,aritra,control,paper_barrier,call,exact,plain,{},65536,252,9,2855876541,JARVIS_AMD64,7.118759057329743,0.04881185749958598,7.023089574612053,7.214428540047432,7.1055282627933245,0.013230794536418067,1.4731139000004987,
c2a3781bf538,2026-09-24T16:12:35,aritra,control,paper_barrier,call,exact,plain,{},65536,252,10,3870446927,JARVIS_AMD64,7.1172968114884,0.04932604118114844,7.020619547273409,7.2139740757033906,7.1055282627933245,0.011768548695075154,1.1597355000003517,
61b21e5868da,2026-09-24T16:12:35,aritra,control,paper_barrier,call,exact,plain,{},65536,252,11,3283489344,JARVIS_AMD64,7.0399565402387765,0.04868523196394524,6.944535239010466,7.135377841467087,7.1055282627933245,0.06557172255454802,0.9397289000007731,
e0553491642b,2026-09-24T16:12:36,aritra,control,paper_barrier,call,exact,plain,{},65536,252,12,2798014540,JARVIS_AMD64,7.1302751370784865,0.04922746942742831,7.033791069950681,7.226759204206292,7.1055282627933245,0.02474687428516198,0.3665891999999076,
83b102379f2b,2026-09-24T16:12:36,aritra,control,paper_barrier,call,exact,plain,{},65536,252,13,2172269896,JARVIS_AMD64,7.043394769891556,0.04876115372173944,6.947824664752326,7.138964875030786,7.1055282627933245,0.062133492901768506,0.3571838000007119,
134dbfc2cf34,2026-09-24T16:12:37,aritra,control,paper_barrier,call,exact,plain,{},65536,252,14,1702025280,JARVIS_AMD64,7.065307274099399,0.0492445391714695,6.968789750888047,7.161824797310751,7.1055282627933245,0.04022098869392554,0.33155700000043,
d0fd9e9c1250,2026-09-24T16:12:37,aritra,control,paper_barrier,call,exact,plain,{},65536,252,15,4054336350,JARVIS_AMD64,7.113394285254457,0.049003315145665194,7.017349552445887,7.209439018063027,7.1055282627933245,0.007866022461132438,0.33695429999988846,
26bc1645a2d6,2026-09-24T16:12:37,aritra,control,paper_barrier,call,exact,plain,{},65536,252,16,3520718102,JARVIS_AMD64,7.0679837239386405,0.048942513182650214,6.972058160787769,7.163909287089512,7.1055282627933245,0.037544538854684006,0.351126600000498,
b7cf14cde7bf,2026-09-24T16:12:38,aritra,control,paper_barrier,call,exact,plain,{},65536,252,17,2024201496,JARVIS_AMD64,7.085873619396347,0.04900850753792839,6.989818709685948,7.181928529106746,7.1055282627933245,0.019654643396977534,0.33308080000006157,
acfb60a72efc,2026-09-24T16:12:38,aritra,control,paper_barrier,call,exact,plain,{},65536,252,18,3516532856,JARVIS_AMD64,7.004496898432942,0.04892007939558496,6.908615304696755,7.100378492169129,7.1055282627933245,0.10103136436038263,0.3450769000000946,
028284ca790e,2026-09-24T16:12:38,aritra,control,paper_barrier,call,exact,plain,{},65536,252,19,2838575390,JARVIS_AMD64,7.11815454328328,0.04879273535214329,7.022522539285885,7.213786547280676,7.1055282627933245,0.012626280489955732,0.3666846000005535,
e4c82f17d336,2026-09-24T16:12:38,aritra,control,paper_barrier,call,exact,control_variate,{},256,252,0,4035096105,JARVIS_AMD64,7.07890825134891,0.022810320025308854,7.034200845623472,7.123615657074348,7.1055282627933245,0.026620011444414615,0.00250179999966349,"{""control"": ""european_terminal"", ""control_mean"": 7.1280646692617395, ""b_hat"": 1.0009717998428074, ""rho"": 0.9995907004278957, ""pilot_rho"": 0.9997783590867685, ""pilot_paths"": 256, ""total_paths_simulated"": 512, ""plain_std_error"": 0.7971473646074986, ""observed_vrf"": 1221.2778274972457, ""theoretical_vrf"": 1221.8491782605697}"
6f75b4e237c6,2026-09-24T16:12:38,aritra,control,paper_barrier,call,exact,control_variate,{},256,252,1,3754490500,JARVIS_AMD64,7.111492073584795,0.013957045511509421,7.084136767051651,7.13884738011794,7.1055282627933245,0.005963810791470792,0.0023545999993075384,"{""control"": ""european_terminal"", ""control_mean"": 7.1280646692617395, ""b_hat"": 1.001428971401978, ""rho"": 0.9998508186675245, ""pilot_rho"": 0.9996042793572801, ""pilot_paths"": 256, ""total_paths_simulated"": 512, ""plain_std_error"": 0.8066589500967322, ""observed_vrf"": 3340.3573062384453, ""theoretical_vrf"": 3351.8757998576184}"
31531113506c,2026-09-24T16:12:38,aritra,control,paper_barrier,call,exact,control_variate,{},256,252,2,2036768115,JARVIS_AMD64,7.1009533126601525,0.020578047781741726,7.060621080135794,7.141285545184511,7.1055282627933245,0.0045749501331719955,0.002183300000069721,"{""control"": ""european_terminal"", ""control_mean"": 7.1280646692617395, ""b_hat"": 1.0005167166566382, ""rho"": 0.9996704204986704, ""pilot_rho"": 0.999891234090599, ""pilot_paths"": 256, ""total_paths_simulated"": 512, ""plain_std_error"": 0.8015760854100759, ""observed_vrf"": 1517.3339002502703, ""theoretical_vrf"": 1517.3346838559462}"
2eabc1469a8e,2026-09-24T16:12:38,aritra,control,paper_barrier,call,exact,control_variate,{},256,252,3,2223019652,JARVIS_AMD64,7.124156460732784,0.002870987226072988,7.118529429169606,7.129783492295961,7.1055282627933245,0.018628197939459135,0.002498599999853468,"{""control"": ""european_terminal"", ""control_mean"": 7.1280646692617395, ""b_hat"": 1.0006933207586295, ""rho"": 0.9999954462703995, ""pilot_rho"": 0.9997012156498177, ""pilot_paths"": 256, ""total_paths_simulated"": 512, ""plain_std_error"": 0.9335393076918921, ""observed_vrf"": 105731.08717711235, ""theoretical_vrf"": 109800.35757433409}"
11685b4c99a4,2026-09-24T16:12:38,aritra,control,paper_barrier,call,exact,control_variate,{},256,252,4,2302595089,JARVIS_AMD64,7.07606370662177,0.024055783723625754,7.028915236903579,7.123212176339962,7.1055282627933245,0.02946455617155408,0.002194900000176858,"{""control"": ""european_terminal"", ""control_mean"": 7.1280646692617395, ""b_hat"": 1.0008841115771725, ""rho"": 0.9994480089807517, ""pilot_rho"": 0.9996351788329451, ""pilot_paths"": 256, ""total_paths_simulated"": 512, ""plain_std_error"": 0.7240380184786761, ""observed_vrf"": 905.9072205448424, ""theoretical_vrf"": 906.0619075526973}"
a34d6029fc58,2026-09-24T16:12:38,aritra,control,paper_barrier,call,exact,control_variate,{},256,252,5,2748770144,JARVIS_AMD64,7.086085811514644,0.022004199026755177,7.042958373913552,7.129213249115735,7.1055282627933245,0.019442451278680828,0.0023117000000638654,"{""control"": ""european_terminal"", ""control_mean"": 7.1280646692617395, ""b_hat"": 1.0008573741341937, ""rho"": 0.999637708055516, ""pilot_rho"": 0.9997693651285721, ""pilot_paths"": 256, ""total_paths_simulated"": 512, ""plain_std_error"": 0.817514944960773, ""observed_vrf"": 1380.3215631837727, ""theoretical_vrf"": 1380.3524947492165}"
ce7c2bb2efea,2026-09-24T16:12:38,aritra,control,paper_barrier,call,exact,control_variate,{},256,252,6,3142959085,JARVIS_AMD64,7.061732193202538,0.02638393554253454,7.010020629768744,7.1134437566363315,7.1055282627933245,0.04379606959078686,0.0022623999993811594,"{""control"": ""european_terminal"", ""control_mean"": 7.1280646692617395, ""b_hat"": 1.001236791980398, ""rho"": 0.999481919536596, ""pilot_rho"": 0.9993078601089708, ""pilot_paths"": 256, ""total_paths_simulated"": 512, ""plain_std_error"": 0.8196544381331327, ""observed_vrf"": 965.1224876844014, ""theoretical_vrf"": 965.3511162907927}"
14921b3b3ce6,2026-09-24T16:12:38,aritra,control,paper_barrier,call,exact,control_variate,{},256,252,7,2351958326,JARVIS_AMD64,7.119939699104889,0.006095199440396254,7.107993327723124,7.1318860704866545,7.1055282627933245,0.014411436311564607,0.0022073999998610816,"{""control"": ""european_terminal"", ""control_mean"": 7.1280646692617395, ""b_hat"": 1.0007810961905088, ""rho"": 0.9999696197641365, ""pilot_rho"": 0.9996739656316644, ""pilot_paths"": 256, ""total_paths_simulated"": 512, ""plain_std_error"": 0.7805119586936413, ""observed_vrf"": 16397.713028681617, ""theoretical_vrf"": 16458.31840871608}"
dc9b7982dfcf,2026-09-24T16:12:38,aritra,control,paper_barrier,call,exact,control_variate,{},256,252,8,2682761806,JARVIS_AMD64,7.1091356557946925,0.009524434520130763,7.090468107162126,7.127803204427259,7.1055282627933245,0.003607393001368031,0.002208500000051572,"{""control"": ""european_terminal"", ""control_mean"": 7.1280646692617395, ""b_hat"": 1.0009473110009355, ""rho"": 0.9999308946279456, ""pilot_rho"": 0.999787788414514, ""pilot_paths"": 256, ""total_paths_simulated"": 512, ""plain_std_error"": 0.8100037177611962, ""observed_vrf"": 7232.61959434403, ""theoretical_vrf"": 7235.577525668754}"
34d0e247a60b,2026-09-24T16:12:38,aritra,control,paper_barrier,call,exact,control_variate,{},256,252,9,3405906406,JARVIS_AMD64,7.08738857188329,0.021588692809577502,7.045075511503219,7.129701632263361,7.1055282627933245,0.018139690910034645,0.002200000000811997,"{""control"": ""european_terminal"", ""control_mean"": 7.1280646692617395, ""b_hat"": 1.0005731422197788, ""rho"": 0.9995822860783418, ""pilot_rho"": 0.9993939028579654, ""pilot_paths"": 256, ""total_paths_simulated"": 512, ""plain_std_error"": 0.7468497809085067, ""observed_vrf"": 1196.7786210442089, ""theoretical_vrf"": 1197.2415195316191}"
596e3e25340d,2026-09-24T16:12:38,aritra,control,paper_barrier,call,exact,control_variate,{},256,252,10,2113872332,JARVIS_AMD64,7.075204790334838,0.020692958013249798,7.034647337895269,7.115762242774407,7.1055282627933245,0.030323472458486656,0.0022811999997429666,"{""control"": ""european_terminal"", ""control_mean"": 7.1280646692617395, ""b_hat"": 1.0008900708628774, ""rho"": 0.9996661105166353, ""pilot_rho"": 0.9998721477565674, ""pilot_paths"": 256, ""total_paths_simulated"": 512, ""plain_std_error"": 0.8003233933301692, ""observed_vrf"": 1495.8425051733632, ""theoretical_vrf"": 1497.7515352357168}"
3444d1ed44c9,2026-09-24T16:12:38,aritra,control,paper_barrier,call,exact,control_variate,{},256,252,11,3118773234,JARVIS_AMD64,7.085339213193661,0.0260397957269655,7.034302151404029,7.136376274983293,7.1055282627933245,0.020189049599663278,0.00220660000013595,"{""control"": ""european_terminal"", ""control_mean"": 7.1280646692617395, ""b_hat"": 1.0002225300374945, ""rho"": 0.9993923774758592, ""pilot_rho"": 0.999974363025922, ""pilot_paths"": 256, ""total_paths_simulated"": 512, ""plain_std_error"": 0.7469423216218625, ""observed_vrf"": 822.8089145624584, ""theoretical_vrf"": 823.129380371315}"
cc1e0fb59b28,2026-09-24T16:12:38,aritra,control,paper_barrier,call,exact,control_variate,{},256,252,12,1255395057,JARVIS_AMD64,7.112320586773528,0.012494144914898768,7.087832512722702,7.136808660824354,7.1055282627933245,0.006792323980203463,0.00238439999975526,"{""control"": ""european_terminal"", ""control_mean"": 7.1280646692617395, ""b_hat"": 1.0007784781015714, ""rho"": 0.9998802091179635, ""pilot_rho"": 0.9997003393616559, ""pilot_paths"": 256, ""total_paths_simulated"": 512, ""plain_std_error"": 0.8070489890653803, ""observed_vrf"": 4172.407505525985, ""theoretical_vrf"": 4174.190397579251}"
13317b7611bf,2026-09-24T16:12:38,aritra,control,paper_barrier,call,exact,control_variate,{},256,252,13,1238124262,JARVIS_AMD64,7.08468007819744,0.021338630473796392,7.042857130989391,7.12650302540549,7.1055282627933245,0.020848184595884334,0.002359699999942677,"{""control"": ""european_terminal"", ""control_mean"": 7.1280646692617395, ""b_hat"": 1.0011919546784736, ""rho"": 0.9996271049629637, ""pilot_rho"": 0.9997213567148268, ""pilot_paths"": 256, ""total_paths_simulated"": 512, ""plain_std_error"": 0.7814437139314294, ""observed_vrf"": 1341.1035699066201, ""theoretical_vrf"": 1341.109941066691}"
922552fa318c,2026-09-24T16:12:38,aritra,control,paper_barrier,call,exact,control_variate,{},256,252,14,4294476594,JARVIS_AMD64,7.114869137729853,0.009637582299523342,7.095979823524747,7.133758451934959,7.1055282627933245,0.009340874936528465,0.0022865000000820146,"{""control"": ""european_terminal"", ""control_mean"": 7.1280646692617395, ""b_hat"": 1.0015964937486352, ""rho"": 0.9999034795506363, ""pilot_rho"": 0.9995409702043175, ""pilot_paths"": 256, ""total_paths_simulated"": 512, ""plain_std_error"": 0.6917944205063885, ""observed_vrf"": 5152.498933872405, ""theoretical_vrf"": 5180.499413059812}"
bece66545df7,2026-09-24T16:12:38,aritra,control,paper_barrier,call,exact,control_variate,{},256,252,15,3472755952,JARVIS_AMD64,7.1107424551091984,0.008497826405581787,7.094087021407384,7.1273978888110125,7.1055282627933245,0.0052141923158739445,0.0025647000002209097,"{""control"": ""european_terminal"", ""control_mean"": 7.1280646692617395, ""b_hat"": 1.0003441680644143, ""rho"": 0.9999478434708386, ""pilot_rho"": 0.9999559259111351, ""pilot_paths"": 256, ""total_paths_simulated"": 512, ""plain_std_error"": 0.8316238900634467, ""observed_vrf"": 9577.192209171899, ""theoretical_vrf"": 9586.777485240951}"
3fedf360c571,2026-09-24T16:12:38,aritra,control,paper_barrier,call,exact,control_variate,{},256,252,16,2869033196,JARVIS_AMD64,7.104092067055804,0.011880730664253417,7.080806262843847,7.127377871267761,7.1055282627933245,0.001436195737520407,0.0023337000002356945,"{""control"": ""european_terminal"", ""control_mean"": 7.1280646692617395, ""b_hat"": 1.0007924726990414, ""rho"": 0.9998707812725767, ""pilot_rho"": 0.9996661999177461, ""pilot_paths"": 256, ""total_paths_simulated"": 512, ""plain_std_error"": 0.7390552438243949, ""observed_vrf"": 3869.612742368863, ""theoretical_vrf"": 3869.65818918042}"
9e563371c0e3,2026-09-24T16:12:38,aritra,control,paper_barrier,call,exact,control_variate,{},256,252,17,3813594496,JARVIS_AMD64,7.10591818438684,0.014229943082944651,7.078028008442214,7.133808360331466,7.1055282627933245,0.0003899215935154743,0.0023185000000012224,"{""control"": ""european_terminal"", ""control_mean"": 7.1280646692617395, ""b_hat"": 1.000836038539138, ""rho"": 0.9998430033878657, ""pilot_rho"": 0.9998868846042159, ""pilot_paths"": 256, ""total_paths_simulated"": 512, ""plain_std_error"": 0.803070590388904, ""observed_vrf"": 3184.9389894194333, ""theoretical_vrf"": 3185.03211907868}"
f5dd08d72070,2026-09-24T16:12:38,aritra,control,paper_barrier,call,exact,control_variate,{},256,252,18,954972744,JARVIS_AMD64,7.097223252376631,0.021995028361832467,7.054113788948502,7.14033271580476,7.1055282627933245,0.008305010416693293,0.0021362000006774906,"{""control"": ""european_terminal"", ""control_mean"": 7.1280646692617395, ""b_hat"": 1.0012254977817856, ""rho"": 0.9995731418264987, ""pilot_rho"": 0.999580906664002, ""pilot_paths"": 256, ""total_paths_simulated"": 512, ""plain_std_error"": 0.7527140268726767, ""observed_vrf"": 1171.1458014106565, ""theoretical_vrf"": 1171.5993001191196}"
ea19d71473b1,2026-09-24T16:12:38,aritra,control,paper_barrier,call,exact,control_variate,{},256,252,19,1218253484,JARVIS_AMD64,7.083259711419279,0.024612514757691197,7.035020068925244,7.1314993539133145,7.1055282627933245,0.022268551374045487,0.0022807000004831934,"{""control"": ""european_terminal"", ""control_mean"": 7.1280646692617395, ""b_hat"": 1.0007883231344097, ""rho"": 0.9994185258727531, ""pilot_rho"": 0.9997372483092327, ""pilot_paths"": 256, ""total_paths_simulated"": 512, ""plain_std_error"": 0.7218163093771718, ""observed_vrf"": 860.0850568080459, ""theoretical_vrf"": 860.1335594692337}"
cfc7ebda2027,2026-09-24T16:12:38,aritra,control,paper_barrier,call,exact,control_variate,{},1024,252,0,4150040415,JARVIS_AMD64,7.109358595800778,0.006594341588813488,7.096433923784949,7.122283267816607,7.1055282627933245,0.0038303330074533903,0.007153999999900407,"{""control"": ""european_terminal"", ""control_mean"": 7.1280646692617395, ""b_hat"": 1.0010109793838702, ""rho"": 0.9998425501861014, ""pilot_rho"": 0.9996174357464925, ""pilot_paths"": 256, ""total_paths_simulated"": 1280, ""plain_std_error"": 0.3715135699890517, ""observed_vrf"": 3173.996789352352, ""theoretical_vrf"": 3175.8650783445496}"
c0b89e44af66,2026-09-24T16:12:38,aritra,control,paper_barrier,call,exact,control_variate,{},1024,252,1,1517348376,JARVIS_AMD64,7.100644202947283,0.008755860655861505,7.083483031408143,7.117805374486423,7.1055282627933245,0.004884059846041566,0.006760700000086217,"{""control"": ""european_terminal"", ""control_mean"": 7.1280646692617395, ""b_hat"": 1.0011219154000246, ""rho"": 0.9997601987162811, ""pilot_rho"": 0.9997085720897312, ""pilot_paths"": 256, ""total_paths_simulated"": 1280, ""plain_std_error"": 0.3997751738254198, ""observed_vrf"": 2084.6538817644437, ""theoretical_vrf"": 2085.3097604600066}"
0844e3084122,2026-09-24T16:12:38,aritra,control,paper_barrier,call,exact,control_variate,{},1024,252,2,1402874420,JARVIS_AMD64,7.090749418466396,0.010188144550338805,7.070781022078444,7.110717814854349,7.1055282627933245,0.014778844326928109,0.007118500000615313,"{""control"": ""european_terminal"", ""control_mean"": 7.1280646692617395, ""b_hat"": 1.000398247299587, ""rho"": 0.9996527555602674, ""pilot_rho"": 0.9999445555847134, ""pilot_paths"": 256, ""total_paths_simulated"": 1280, ""plain_std_error"": 0.3865083525151464, ""observed_vrf"": 1439.2212767503897, ""theoretical_vrf"": 1440.157908849587}"
0980b695cb10,2026-09-24T16:12:38,aritra,control,paper_barrier,call,exact,control_variate,{},1024,252,3,2401251216,JARVIS_AMD64,7.088976193186073,0.01145918072598847,7.0665166116708,7.111435774701346,7.1055282627933245,0.01655206960725142,0.007209299999885843,"{""control"": ""european_terminal"", ""control_mean"": 7.1280646692617395, ""b_hat"": 1.000844124297332, ""rho"": 0.9995323116650892, ""pilot_rho"": 0.9998846844079913, ""pilot_paths"": 256, ""total_paths_simulated"": 1280, ""plain_std_error"": 0.37472282004723717, ""observed_vrf"": 1069.3334340962913, ""theoretical_vrf"": 1069.3380871409415}"
2aa431bddb19,2026-09-24T16:12:38,aritra,control,paper_barrier,call,exact,control_variate,{},1024,252,4,1561355567,JARVIS_AMD64,7.0944506083198435,0.010094322266619061,7.07466610022893,7.114235116410757,7.1055282627933245,0.011077654473480969,0.006677299999864772,"{""control"": ""european_terminal"", ""control_mean"": 7.1280646692617395, ""b_hat"": 1.00072209478726, ""rho"": 0.9996229806935618, ""pilot_rho"": 0.9998424167214454, ""pilot_paths"": 256, ""total_paths_simulated"": 1280, ""plain_std_error"": 0.36762594466364895, ""observed_vrf"": 1326.349492601745, ""theoretical_vrf"": 1326.4420788486366}"
5177463a9cc7,2026-09-24T16:12:38,aritra,control,paper_barrier,call,exact,control_variate,{},1024,252,5,2629375799,JARVIS_AMD64,7.083220194463161,0.012456763155233771,7.058805387314957,7.1076350016113645,7.1055282627933245,0.022308068330163522,0.006810800000494055,"{""control"": ""european_terminal"", ""control_mean"": 7.1280646692617395, ""b_hat"": 1.0008036753348184, ""rho"": 0.9993642766053303, ""pilot_rho"": 0.9996222147216999, ""pilot_paths"": 256, ""total_paths_simulated"": 1280, ""plain_std_error"": 0.34939054879376913, ""observed_vrf"": 786.7049658419455, ""theoretical_vrf"": 786.7556638255404}"
19185427672f,2026-09-24T16:12:38,aritra,control,paper_barrier,call,exact,control_variate,{},1024,252,6,1901103716,JARVIS_AMD64,7.096560231286926,0.009665990776501819,7.077615237490086,7.115505225083766,7.1055282627933245,0.008968031506398688,0.006913000000167813,"{""control"": ""european_terminal"", ""control_mean"": 7.1280646692617395, ""b_hat"": 1.0002733437387386, ""rho"": 0.9997109033507063, ""pilot_rho"": 0.9999439747049117, ""pilot_paths"": 256, ""total_paths_simulated"": 1280, ""plain_std_error"": 0.401907263819716, ""observed_vrf"": 1728.856543725004, ""theoretical_vrf"": 1729.7754430317939}"
18821aa6ecb0,2026-09-24T16:12:38,aritra,control,paper_barrier,call,exact,control_variate,{},1024,252,7,3255147364,JARVIS_AMD64,7.077794355980788,0.012591778799158054,7.053114923033143,7.102473788928433,7.1055282627933245,0.027733906812536624,0.007441599999765458,"{""control"": ""european_terminal"", ""control_mean"": 7.1280646692617395, ""b_hat"": 1.0010278937479533, ""rho"": 0.9994787145340722, ""pilot_rho"": 0.9995062691769089, ""pilot_paths"": 256, ""total_paths_simulated"": 1280, ""plain_std_error"": 0.3900194419820572, ""observed_vrf"": 959.3969679906328, ""theoretical_vrf"": 959.4174171968064}"
caddac741d5c,2026-09-24T16:12:38,aritra,control,paper_barrier,call,exact,control_variate,{},1024,252,8,54110877,JARVIS_AMD64,7.079265595858965,0.012213330617367225,7.055327907717645,7.103203284000285,7.1055282627933245,0.026262666934359302,0.00657130000035977,"{""control"": ""european_terminal"", ""control_mean"": 7.1280646692617395, ""b_hat"": 1.001387511390303, ""rho"": 0.9993832377500098, ""pilot_rho"": 0.9995110247215098, ""pilot_paths"": 256, ""total_paths_simulated"": 1280, ""plain_std_error"": 0.3477971255423462, ""observed_vrf"": 810.930713361573, ""theoretical_vrf"": 810.935231743772}"
8b32e4f6b782,2026-09-24T16:12:38,aritra,control,paper_barrier,call,exact,control_variate,{},1024,252,9,1198564832,JARVIS_AMD64,7.102324396711779,0.008708251683620017,7.085256537043573,7.119392256379985,7.1055282627933245,0.0032038660815452147,0.007630099999914819,"{""control"": ""european_terminal"", ""control_mean"": 7.1280646692617395, ""b_hat"": 1.0008789111749692, ""rho"": 0.9997064849663784, ""pilot_rho"": 0.9997188923287372, ""pilot_paths"": 256, ""total_paths_simulated"": 1280, ""plain_std_error"": 0.3594366852106532, ""observed_vrf"": 1703.6597226934337, ""theoretical_vrf"": 1703.740293498904}"
e8550e34784a,2026-09-24T16:12:38,aritra,control,paper_barrier,call,exact,control_variate,{},1024,252,10,2174323170,JARVIS_AMD64,7.079723806708792,0.01232296478485624,7.055571239547718,7.103876373869865,7.1055282627933245,0.025804456084532745,0.007566100000076403,"{""control"": ""european_terminal"", ""control_mean"": 7.1280646692617395, ""b_hat"": 1.001489925679345, ""rho"": 0.999455783891648, ""pilot_rho"": 0.9995233670760744, ""pilot_paths"": 256, ""total_paths_simulated"": 1280, ""plain_std_error"": 0.37355837979176737, ""observed_vrf"": 918.9387204918637, ""theoretical_vrf"": 919.0027332581066}"
84f768efeaaf,2026-09-24T16:12:38,aritra,control,paper_barrier,call,exact,control_variate,{},1024,252,11,1080040702,JARVIS_AMD64,7.094870706269456,0.010911611464608102,7.073484340785529,7.116257071753382,7.1055282627933245,0.010657556523868905,0.006794099999751779,"{""control"": ""european_terminal"", ""control_mean"": 7.1280646692617395, ""b_hat"": 1.0021361882841966, ""rho"": 0.9996047156718811, ""pilot_rho"": 0.9990779426630678, ""pilot_paths"": 256, ""total_paths_simulated"": 1280, ""plain_std_error"": 0.3876202892180915, ""observed_vrf"": 1261.9298565618556, ""theoretical_vrf"": 1265.162327575839}"
443bd7faaa39,2026-09-24T16:12:38,aritra,control,paper_barrier,call,exact,control_variate,{},1024,252,12,234795908,JARVIS_AMD64,7.088967223015736,0.010571994449135787,7.068246494650673,7.109687951380799,7.1055282627933245,0.016561039777588604,0.0072067999999489984,"{""control"": ""european_terminal"", ""control_mean"": 7.1280646692617395, ""b_hat"": 1.0013215673802887, ""rho"": 0.9996509862651864, ""pilot_rho"": 0.9995687180139372, ""pilot_paths"": 256, ""total_paths_simulated"": 1280, ""plain_std_error"": 0.4001644557186633, ""observed_vrf"": 1432.7260833198561, ""theoretical_vrf"": 1432.8584201129445}"
019b50ee878f,2026-09-24T16:12:38,aritra,control,paper_barrier,call,exact,control_variate,{},1024,252,13,2252968075,JARVIS_AMD64,7.10006339998796,0.00914575929516009,7.082138041158173,7.117988758817746,7.1055282627933245,0.005464862805364845,0.007366799999545037,"{""control"": ""european_terminal"", ""control_mean"": 7.1280646692617395, ""b_hat"": 1.0023356357087, ""rho"": 0.9997184404861448, ""pilot_rho"": 0.9995410606099522, ""pilot_paths"": 256, ""total_paths_simulated"": 1280, ""plain_std_error"": 0.3846039439364156, ""observed_vrf"": 1768.4302396383175, ""theoretical_vrf"": 1776.0735303956612}"
5bf721bb7133,2026-09-24T16:12:38,aritra,control,paper_barrier,call,exact,control_variate,{},1024,252,14,109120506,JARVIS_AMD64,7.086484737159526,0.011851005947163816,7.0632571923225145,7.109712281996537,7.1055282627933245,0.01904352563379863,0.006672200000139128,"{""control"": ""european_terminal"", ""control_mean"": 7.1280646692617395, ""b_hat"": 1.0007502003026165, ""rho"": 0.9995111319444946, ""pilot_rho"": 0.9996986073047193, ""pilot_paths"": 256, ""total_paths_simulated"": 1280, ""plain_std_error"": 0.3790395522123878, ""observed_vrf"": 1022.9599442510242, ""theoretical_vrf"": 1023.0209179409622}"
3ebb7cc718f7,2026-09-24T16:12:38,aritra,control,paper_barrier,call,exact,control_variate,{},1024,252,15,1781871387,JARVIS_AMD64,7.093319667799609,0.009820854541043658,7.0740711466017565,7.112568188997461,7.1055282627933245,0.012208594993715849,0.007206199999927776,"{""control"": ""european_terminal"", ""control_mean"": 7.1280646692617395, ""b_hat"": 1.0008973558295295, ""rho"": 0.9996949097215724, ""pilot_rho"": 0.9997645042230777, ""pilot_paths"": 256, ""total_paths_simulated"": 1280, ""plain_std_error"": 0.3976020736375562, ""observed_vrf"": 1639.0746146490276, ""theoretical_vrf"": 1639.109206572168}"
9acd364ec73a,2026-09-24T16:12:38,aritra,control,paper_barrier,call,exact,control_variate,{},1024,252,16,2043904186,JARVIS_AMD64,7.086220121644436,0.011049558919080573,7.064563384117984,7.107876859170887,7.1055282627933245,0.01930814114888868,0.0073838999996951316,"{""control"": ""european_terminal"", ""control_mean"": 7.1280646692617395, ""b_hat"": 1.000588340095803, ""rho"": 0.9995991035576256, ""pilot_rho"": 0.999486539077412, ""pilot_paths"": 256, ""total_paths_simulated"": 1280, ""plain_std_error"": 0.3902134264789125, ""observed_vrf"": 1247.1380596163378, ""theoretical_vrf"": 1247.4549318582226}"
3dca5974d18c,2026-09-24T16:12:38,aritra,control,paper_barrier,call,exact,control_variate,{},1024,252,17,958948806,JARVIS_AMD64,7.103489426057979,0.008563885829988528,7.086704518263488,7.120274333852469,7.1055282627933245,0.0020388367353456616,0.006823900000199501,"{""control"": ""european_terminal"", ""control_mean"": 7.1280646692617395, ""b_hat"": 1.0004366972375764, ""rho"": 0.9997560023295324, ""pilot_rho"": 0.999640854211074, ""pilot_paths"": 256, ""total_paths_simulated"": 1280, ""plain_std_error"": 0.38767495143735037, ""observed_vrf"": 2049.244341894168, ""theoretical_vrf"": 2049.4499226246103}"
d1a17ad5bfe4,2026-09-24T16:12:38,aritra,control,paper_barrier,call,exact,control_variate,{},1024,252,18,4206771733,JARVIS_AMD64,7.085704635702075,0.011266533188745672,7.063622636421508,7.1077866349826415,7.1055282627933245,0.01982362709124974,0.008090700000138895,"{""control"": ""european_terminal"", ""control_mean"": 7.1280646692617395, ""b_hat"": 1.0010642268007406, ""rho"": 0.9995659938160417, ""pilot_rho"": 0.999717036480993, ""pilot_paths"": 256, ""total_paths_simulated"": 1280, ""plain_std_error"": 0.3824496665960026, ""observed_vrf"": 1152.3063962073188, ""theoretical_vrf"": 1152.307371602687}"
d953253ced14,2026-09-24T16:12:39,aritra,control,paper_barrier,call,exact,control_variate,{},1024,252,19,1485736251,JARVIS_AMD64,7.086789464566026,0.011005742244508385,7.065218606143659,7.108360322988394,7.1055282627933245,0.018738798227298403,0.007124300000214134,"{""control"": ""european_terminal"", ""control_mean"": 7.1280646692617395, ""b_hat"": 1.0008264186259235, ""rho"": 0.9996445654311227, ""pilot_rho"": 0.9998331211200652, ""pilot_paths"": 256, ""total_paths_simulated"": 1280, ""plain_std_error"": 0.412815606200414, ""observed_vrf"": 1406.933399242948, ""theoretical_vrf"": 1406.9787190828567}"
4f332dc3009b,2026-09-24T16:12:39,aritra,control,paper_barrier,call,exact,control_variate,{},4096,252,0,1715574485,JARVIS_AMD64,7.0929339226752655,0.00509911210295426,7.082939846600342,7.1029279987501885,7.1055282627933245,0.012594340118059044,0.025333799999316398,"{""control"": ""european_terminal"", ""control_mean"": 7.1280646692617395, ""b_hat"": 1.0001786475687078, ""rho"": 0.9996674597397815, ""pilot_rho"": 0.9999904808763286, ""pilot_paths"": 410, ""total_paths_simulated"": 4506, ""plain_std_error"": 0.1976718384720581, ""observed_vrf"": 1502.7975663696786, ""theoretical_vrf"": 1503.8273818685593}"
d0d57591928f,2026-09-24T16:12:39,aritra,control,paper_barrier,call,exact,control_variate,{},4096,252,1,4248355196,JARVIS_AMD64,7.09334087107482,0.004960221280010036,7.083619016010651,7.1030627261389885,7.1055282627933245,0.012187391718504692,0.027250699999967765,"{""control"": ""european_terminal"", ""control_mean"": 7.1280646692617395, ""b_hat"": 1.0008268645903657, ""rho"": 0.9996737085002033, ""pilot_rho"": 0.9998815750647506, ""pilot_paths"": 410, ""total_paths_simulated"": 4506, ""plain_std_error"": 0.19418563943633635, ""observed_vrf"": 1532.6116291620567, ""theoretical_vrf"": 1532.622169124724}"
046fccf9d2d7,2026-09-24T16:12:39,aritra,control,paper_barrier,call,exact,control_variate,{},4096,252,2,344828306,JARVIS_AMD64,7.0907843539802204,0.00531853051730895,7.0803602257156175,7.101208482244823,7.1055282627933245,0.014743908813104056,0.026035599999886472,"{""control"": ""european_terminal"", ""control_mean"": 7.1280646692617395, ""b_hat"": 1.0015050721100678, ""rho"": 0.9995984262338229, ""pilot_rho"": 0.9993348551077343, ""pilot_paths"": 410, ""total_paths_simulated"": 4506, ""plain_std_error"": 0.18765821006521666, ""observed_vrf"": 1244.949766608485, ""theoretical_vrf"": 1245.3513046037388}"
74fc31b82c13,2026-09-24T16:12:39,aritra,control,paper_barrier,call,exact,control_variate,{},4096,252,3,1166628350,JARVIS_AMD64,7.094428257156549,0.004812350473554745,7.084996223547398,7.1038602907657005,7.1055282627933245,0.011100005636775379,0.026968699999997625,"{""control"": ""european_terminal"", ""control_mean"": 7.1280646692617395, ""b_hat"": 1.0004593421831012, ""rho"": 0.9996942339945423, ""pilot_rho"": 0.9999445182850731, ""pilot_paths"": 410, ""total_paths_simulated"": 4506, ""plain_std_error"": 0.19458684781384117, ""observed_vrf"": 1634.9800902528916, ""theoretical_vrf"": 1635.4874128050099}"
5ef53abf87f5,2026-09-24T16:12:39,aritra,control,paper_barrier,call,exact,control_variate,{},4096,252,4,1213646684,JARVIS_AMD64,7.096681024288759,0.004665146039227962,7.0875375060692525,7.105824542508265,7.1055282627933245,0.008847238504565702,0.022621799999797076,"{""control"": ""european_terminal"", ""control_mean"": 7.1280646692617395, ""b_hat"": 1.0014064906920828, ""rho"": 0.9997059589686609, ""pilot_rho"": 0.9996734059864412, ""pilot_paths"": 410, ""total_paths_simulated"": 4506, ""plain_std_error"": 0.1923377896678915, ""observed_vrf"": 1699.803638526594, ""theoretical_vrf"": 1700.6929910069387}"
76e3b67f5e1d,2026-09-24T16:12:39,aritra,control,paper_barrier,call,exact,control_variate,{},4096,252,5,875849878,JARVIS_AMD64,7.094893918254644,0.005165105251127576,7.084770497986075,7.105017338523212,7.1055282627933245,0.010634344538680729,0.022121999999399122,"{""control"": ""european_terminal"", ""control_mean"": 7.1280646692617395, ""b_hat"": 1.0012164164924202, ""rho"": 0.9996383837148028, ""pilot_rho"": 0.9995894119938259, ""pilot_paths"": 410, ""total_paths_simulated"": 4506, ""plain_std_error"": 0.19205600180168464, ""observed_vrf"": 1382.6027476990673, ""theoretical_vrf"": 1382.9311369299237}"
5c22777426b7,2026-09-24T16:12:39,aritra,control,paper_barrier,call,exact,control_variate,{},4096,252,6,1634534317,JARVIS_AMD64,7.1038452094320235,0.0039881338296156935,7.096028610760451,7.111661808103596,7.1055282627933245,0.0016830533613010346,0.0218550999998115,"{""control"": ""european_terminal"", ""control_mean"": 7.1280646692617395, ""b_hat"": 1.001259559659596, ""rho"": 0.9997911582482375, ""pilot_rho"": 0.9994440646555438, ""pilot_paths"": 410, ""total_paths_simulated"": 4506, ""plain_std_error"": 0.1950700183146985, ""observed_vrf"": 2392.4430166706784, ""theoretical_vrf"": 2394.407304431266}"
00a9b89bf643,2026-09-24T16:12:39,aritra,control,paper_barrier,call,exact,control_variate,{},4096,252,7,3708275197,JARVIS_AMD64,7.09227353167304,0.005264027103531355,7.081956228136476,7.102590835209605,7.1055282627933245,0.013254731120284191,0.021702400000322086,"{""control"": ""european_terminal"", ""control_mean"": 7.1280646692617395, ""b_hat"": 1.0008256179766886, ""rho"": 0.9996353343269205, ""pilot_rho"": 0.9996399486434544, ""pilot_paths"": 410, ""total_paths_simulated"": 4506, ""plain_std_error"": 0.19493681525480974, ""observed_vrf"": 1371.3600693634498, ""theoretical_vrf"": 1371.3689550784395}"
a8f9b73f0c5d,2026-09-24T16:12:39,aritra,control,paper_barrier,call,exact,control_variate,{},4096,252,8,1414355022,JARVIS_AMD64,7.0894958700908735,0.005174055098498535,7.079354908443791,7.099636831737956,7.1055282627933245,0.016032392702451048,0.02224870000009105,"{""control"": ""european_terminal"", ""control_mean"": 7.1280646692617395, ""b_hat"": 1.0012443833062519, ""rho"": 0.9996602002316174, ""pilot_rho"": 0.9996257766460779, ""pilot_paths"": 410, ""total_paths_simulated"": 4506, ""plain_std_error"": 0.19848544940963805, ""observed_vrf"": 1471.6185431160536, ""theoretical_vrf"": 1471.7048418185677}"
d3323729e9dc,2026-09-24T16:12:39,aritra,control,paper_barrier,call,exact,control_variate,{},4096,252,9,1994906431,JARVIS_AMD64,7.092251395075935,0.005282947917297607,7.08189700742583,7.102605782726039,7.1055282627933245,0.013276867717389784,0.02194599999984348,"{""control"": ""european_terminal"", ""control_mean"": 7.1280646692617395, ""b_hat"": 1.0003906235828979, ""rho"": 0.9996265235960408, ""pilot_rho"": 0.9999289626509289, ""pilot_paths"": 410, ""total_paths_simulated"": 4506, ""plain_std_error"": 0.19328699433087362, ""observed_vrf"": 1338.6055062830824, ""theoretical_vrf"": 1339.0227099712354}"
6803acba3d3f,2026-09-24T16:12:39,aritra,control,paper_barrier,call,exact,control_variate,{},4096,252,10,668401039,JARVIS_AMD64,7.087289472693945,0.0058065602669548485,7.075908823696651,7.098670121691238,7.1055282627933245,0.018238790099379898,0.021885000000111177,"{""control"": ""european_terminal"", ""control_mean"": 7.1280646692617395, ""b_hat"": 1.0006439708645218, ""rho"": 0.9995482376943114, ""pilot_rho"": 0.9997576166300751, ""pilot_paths"": 410, ""total_paths_simulated"": 4506, ""plain_std_error"": 0.19318722985153747, ""observed_vrf"": 1106.9269321984543, ""theoretical_vrf"": 1107.0267700425206}"
d0a7656ab5f8,2026-09-24T16:12:39,aritra,control,paper_barrier,call,exact,control_variate,{},4096,252,11,835992743,JARVIS_AMD64,7.098762590773358,0.0046635523226271625,7.089622196180991,7.107902985365725,7.1055282627933245,0.006765672019966473,0.02250110000022687,"{""control"": ""european_terminal"", ""control_mean"": 7.1280646692617395, ""b_hat"": 1.0008984477344014, ""rho"": 0.9997333333368041, ""pilot_rho"": 0.9997389794492144, ""pilot_paths"": 410, ""total_paths_simulated"": 4506, ""plain_std_error"": 0.2019454878517645, ""observed_vrf"": 1875.1438965199627, ""theoretical_vrf"": 1875.250057741772}"
8ffca88d5d00,2026-09-24T16:12:39,aritra,control,paper_barrier,call,exact,control_variate,{},4096,252,12,1041664768,JARVIS_AMD64,7.097499000193562,0.00471172908456098,7.088264180882912,7.106733819504211,7.1055282627933245,0.008029262599762887,0.02361190000010538,"{""control"": ""european_terminal"", ""control_mean"": 7.1280646692617395, ""b_hat"": 1.000906037049068, ""rho"": 0.9997096956717186, ""pilot_rho"": 0.999509776644432, ""pilot_paths"": 410, ""total_paths_simulated"": 4506, ""plain_std_error"": 0.195554108458507, ""observed_vrf"": 1722.5556699904675, ""theoretical_vrf"": 1722.5805401478874}"
fc2e33f8eee4,2026-09-24T16:12:39,aritra,control,paper_barrier,call,exact,control_variate,{},4096,252,13,1731158585,JARVIS_AMD64,7.094692981334457,0.005155235640437739,7.084588905147381,7.104797057521532,7.1055282627933245,0.010835281458867918,0.021816800000124204,"{""control"": ""european_terminal"", ""control_mean"": 7.1280646692617395, ""b_hat"": 1.0016534496769887, ""rho"": 0.99966753905173, ""pilot_rho"": 0.99933625712883, ""pilot_paths"": 410, ""total_paths_simulated"": 4506, ""plain_std_error"": 0.1998371896780621, ""observed_vrf"": 1502.642211576575, ""theoretical_vrf"": 1504.1860755614}"
e848fd0bbb74,2026-09-24T16:12:39,aritra,control,paper_barrier,call,exact,control_variate,{},4096,252,14,4193484965,JARVIS_AMD64,7.094697870482239,0.005196756625530654,7.0845124146597795,7.104883326304699,7.1055282627933245,0.01083039231108529,0.02246610000020155,"{""control"": ""european_terminal"", ""control_mean"": 7.1280646692617395, ""b_hat"": 1.000548861186859, ""rho"": 0.9996545087109964, ""pilot_rho"": 0.999680371258752, ""pilot_paths"": 410, ""total_paths_simulated"": 4506, ""plain_std_error"": 0.19770388256045818, ""observed_vrf"": 1447.323585910211, ""theoretical_vrf"": 1447.4645343088334}"
7d5f488d5c31,2026-09-24T16:12:39,aritra,control,paper_barrier,call,exact,control_variate,{},4096,252,15,1263330398,JARVIS_AMD64,7.0896088976947595,0.005127208696688017,7.079559753308031,7.099658042081488,7.1055282627933245,0.015919365098564953,0.02271920000021055,"{""control"": ""european_terminal"", ""control_mean"": 7.1280646692617395, ""b_hat"": 1.0004259382214724, ""rho"": 0.9996759088791293, ""pilot_rho"": 0.9997952604104388, ""pilot_paths"": 410, ""total_paths_simulated"": 4506, ""plain_std_error"": 0.2013454162287073, ""observed_vrf"": 1542.1318385932705, ""theoretical_vrf"": 1543.0260309760754}"
db6e95e4b485,2026-09-24T16:12:39,aritra,control,paper_barrier,call,exact,control_variate,{},4096,252,16,1666016166,JARVIS_AMD64,7.099494930566934,0.004243785589638516,7.091177263653132,7.107812597480735,7.1055282627933245,0.006033332226390797,0.021907099999225466,"{""control"": ""european_terminal"", ""control_mean"": 7.1280646692617395, ""b_hat"": 1.0010901315635647, ""rho"": 0.9997591344477158, ""pilot_rho"": 0.9997393613420842, ""pilot_paths"": 410, ""total_paths_simulated"": 4506, ""plain_std_error"": 0.1933518370112754, ""observed_vrf"": 2075.8202186013755, ""theoretical_vrf"": 2076.0968884871922}"
c79b78355203,2026-09-24T16:12:39,aritra,control,paper_barrier,call,exact,control_variate,{},4096,252,17,3324664552,JARVIS_AMD64,7.099120373026656,0.004542299693460204,7.090217629220486,7.108023116832825,7.1055282627933245,0.006407889766668617,0.022308099999463593,"{""control"": ""european_terminal"", ""control_mean"": 7.1280646692617395, ""b_hat"": 1.0013311778807215, ""rho"": 0.9997403775193822, ""pilot_rho"": 0.9996982111644788, ""pilot_paths"": 410, ""total_paths_simulated"": 4506, ""plain_std_error"": 0.19928823843290397, ""observed_vrf"": 1924.915931371808, ""theoretical_vrf"": 1926.1233189693685}"
fde54afe07af,2026-09-24T16:12:39,aritra,control,paper_barrier,call,exact,control_variate,{},4096,252,18,135727593,JARVIS_AMD64,7.089673182600267,0.005447468280167314,7.078996340964214,7.100350024236319,7.1055282627933245,0.015855080193057702,0.022044099999220634,"{""control"": ""european_terminal"", ""control_mean"": 7.1280646692617395, ""b_hat"": 1.0013661752040857, ""rho"": 0.9996253893154636, ""pilot_rho"": 0.9994744693045209, ""pilot_paths"": 410, ""total_paths_simulated"": 4506, ""plain_std_error"": 0.19901395865925953, ""observed_vrf"": 1334.6815493547567, ""theoretical_vrf"": 1334.969051496767}"
dedd1ca4457d,2026-09-24T16:12:39,aritra,control,paper_barrier,call,exact,control_variate,{},4096,252,19,4292114199,JARVIS_AMD64,7.096412585395082,0.004917842627017051,7.086773790964492,7.106051379825671,7.1055282627933245,0.009115677398242816,0.022439599999415805,"{""control"": ""european_terminal"", ""control_mean"": 7.1280646692617395, ""b_hat"": 1.0012526005279232, ""rho"": 0.9996858935375688, ""pilot_rho"": 0.9993910011682847, ""pilot_paths"": 410, ""total_paths_simulated"": 4506, ""plain_std_error"": 0.19619579459193212, ""observed_vrf"": 1591.586087687186, ""theoretical_vrf"": 1592.0670179140002}"
15f5bc945b09,2026-09-24T16:12:39,aritra,control,paper_barrier,call,exact,control_variate,{},16384,252,0,136763383,JARVIS_AMD64,7.090752373913012,0.0026334258223149522,7.085590954145316,7.095913793680707,7.1055282627933245,0.014775888880312671,0.09866979999969772,"{""control"": ""european_terminal"", ""control_mean"": 7.1280646692617395, ""b_hat"": 1.0007664886905014, ""rho"": 0.9996319416463973, ""pilot_rho"": 0.9996901412039201, ""pilot_paths"": 1639, ""total_paths_simulated"": 18023, ""plain_std_error"": 0.09706814721157694, ""observed_vrf"": 1358.6615987983469, ""theoretical_vrf"": 1358.730284559104}"
fb75c5699517,2026-09-24T16:12:39,aritra,control,paper_barrier,call,exact,control_variate,{},16384,252,1,1210361132,JARVIS_AMD64,7.094580726160981,0.002544518205911408,7.089593562119388,7.099567890202573,7.1055282627933245,0.010947536632343713,0.10014950000004319,"{""control"": ""european_terminal"", ""control_mean"": 7.1280646692617395, ""b_hat"": 1.0010608723350656, ""rho"": 0.9996650832750452, ""pilot_rho"": 0.9995680914230304, ""pilot_paths"": 1639, ""total_paths_simulated"": 18023, ""plain_std_error"": 0.09831964940498115, ""observed_vrf"": 1493.0333796686402, ""theoretical_vrf"": 1493.1584658015759}"
05fcf7905619,2026-09-24T16:12:39,aritra,control,paper_barrier,call,exact,control_variate,{},16384,252,2,3157053794,JARVIS_AMD64,7.096209459919121,0.0024029416038214807,7.091499780918679,7.100919138919564,7.1055282627933245,0.009318802874203058,0.090391599999748,"{""control"": ""european_terminal"", ""control_mean"": 7.1280646692617395, ""b_hat"": 1.0007637863288212, ""rho"": 0.9996913981748901, ""pilot_rho"": 0.9997164795731776, ""pilot_paths"": 1639, ""total_paths_simulated"": 18023, ""plain_std_error"": 0.09672967989455597, ""observed_vrf"": 1620.4404202884232, ""theoretical_vrf"": 1620.4608063622377}"
c5509d04529a,2026-09-24T16:12:39,aritra,control,paper_barrier,call,exact,control_variate,{},16384,252,3,378881665,JARVIS_AMD64,7.090533752708817,0.0026205789235846217,7.085397512399946,7.095669993017688,7.1055282627933245,0.014994510084507695,0.0943805999995675,"{""control"": ""european_terminal"", ""control_mean"": 7.1280646692617395, ""b_hat"": 1.0008323499835248, ""rho"": 0.9996473622427714, ""pilot_rho"": 0.9996622552329184, ""pilot_paths"": 1639, ""total_paths_simulated"": 18023, ""plain_std_error"": 0.09868507092894366, ""observed_vrf"": 1418.10512828025, ""theoretical_vrf"": 1418.1356497852926}"
33c8a674c567,2026-09-24T16:12:39,aritra,control,paper_barrier,call,exact,control_variate,{},16384,252,4,83978560,JARVIS_AMD64,7.090779124355514,0.0026586296097976365,7.085568306072079,7.0959899426389486,7.1055282627933245,0.014749138437810672,0.09019989999978861,"{""control"": ""european_terminal"", ""control_mean"": 7.1280646692617395, ""b_hat"": 1.0007102029524384, ""rho"": 0.9996184738899797, ""pilot_rho"": 0.9998188599659926, ""pilot_paths"": 1639, ""total_paths_simulated"": 18023, ""plain_std_error"": 0.09625046227750257, ""observed_vrf"": 1310.659783026832, ""theoretical_vrf"": 1310.7763442446042}"
59e2d5b05b3d,2026-09-24T16:12:40,aritra,control,paper_barrier,call,exact,control_variate,{},16384,252,5,709251387,JARVIS_AMD64,7.096740275531623,0.002462376095303364,7.091914107068436,7.10156644399481,7.1055282627933245,0.008787987261701602,0.09597810000013851,"{""control"": ""european_terminal"", ""control_mean"": 7.1280646692617395, ""b_hat"": 1.000981111968356, ""rho"": 0.9996810595754412, ""pilot_rho"": 0.9996088917309243, ""pilot_paths"": 1639, ""total_paths_simulated"": 18023, ""plain_std_error"": 0.09750077062249816, ""observed_vrf"": 1567.860156842522, ""theoretical_vrf"": 1567.9409360394666}"
8b82245a4eef,2026-09-24T16:12:40,aritra,control,paper_barrier,call,exact,control_variate,{},16384,252,6,2680494457,JARVIS_AMD64,7.097291036530307,0.002351756251072455,7.0926816789777885,7.101900394082826,7.1055282627933245,0.008237226263017483,0.09657580000020971,"{""control"": ""european_terminal"", ""control_mean"": 7.1280646692617395, ""b_hat"": 1.0010680252145265, ""rho"": 0.9997007623065157, ""pilot_rho"": 0.9996170734859292, ""pilot_paths"": 1639, ""total_paths_simulated"": 18023, ""plain_std_error"": 0.09613462987834376, ""observed_vrf"": 1670.9948178411414, ""theoretical_vrf"": 1671.1625290087677}"
8c04fb56218e,2026-09-24T16:12:40,aritra,control,paper_barrier,call,exact,control_variate,{},16384,252,7,3093054271,JARVIS_AMD64,7.095770101415066,0.002370781654956112,7.0911234547561435,7.100416748073988,7.1055282627933245,0.009758161378258912,0.09935089999999036,"{""control"": ""european_terminal"", ""control_mean"": 7.1280646692617395, ""b_hat"": 1.0006553937009635, ""rho"": 0.9997056696683317, ""pilot_rho"": 0.9997069615029718, ""pilot_paths"": 1639, ""total_paths_simulated"": 18023, ""plain_std_error"": 0.09771757430930196, ""observed_vrf"": 1698.8781839889696, ""theoretical_vrf"": 1699.02160806493}"
caf39147426b,2026-09-24T16:12:40,aritra,control,paper_barrier,call,exact,control_variate,{},16384,252,8,2723298938,JARVIS_AMD64,7.094468793896109,0.00253829441641381,7.089493828257779,7.099443759534439,7.1055282627933245,0.011059468897215652,0.09064310000030673,"{""control"": ""european_terminal"", ""control_mean"": 7.1280646692617395, ""b_hat"": 1.000808093156171, ""rho"": 0.9996712210797223, ""pilot_rho"": 0.9996612945876417, ""pilot_paths"": 1639, ""total_paths_simulated"": 18023, ""plain_std_error"": 0.09899436486995357, ""observed_vrf"": 1521.0271227135972, ""theoretical_vrf"": 1521.0288050760405}"
a1012c9b7f24,2026-09-24T16:12:40,aritra,control,paper_barrier,call,exact,control_variate,{},16384,252,9,2661726354,JARVIS_AMD64,7.0916217143802,0.0026297317559799568,7.086467534849478,7.096775893910922,7.1055282627933245,0.01390654841312422,0.09112639999966632,"{""control"": ""european_terminal"", ""control_mean"": 7.1280646692617395, ""b_hat"": 1.0007294781522131, ""rho"": 0.9996355652552492, ""pilot_rho"": 0.9997622878095767, ""pilot_paths"": 1639, ""total_paths_simulated"": 18023, ""plain_std_error"": 0.09741254804822401, ""observed_vrf"": 1372.1667937714508, ""theoretical_vrf"": 1372.2377805463695}"
d5dc825ab8e2,2026-09-24T16:12:40,aritra,control,paper_barrier,call,exact,control_variate,{},16384,252,10,1072981337,JARVIS_AMD64,7.1012033581597205,0.0021733331018407177,7.096943703553704,7.105463012765737,7.1055282627933245,0.004324904633604021,0.09197570000014821,"{""control"": ""european_terminal"", ""control_mean"": 7.1280646692617395, ""b_hat"": 1.0008304549268823, ""rho"": 0.9997519039921287, ""pilot_rho"": 0.9996888404412216, ""pilot_paths"": 1639, ""total_paths_simulated"": 18023, ""plain_std_error"": 0.09757158661547848, ""observed_vrf"": 2015.552638525683, ""theoretical_vrf"": 2015.5988642759492}"
bb5ca1e16f59,2026-09-24T16:12:40,aritra,control,paper_barrier,call,exact,control_variate,{},16384,252,11,1107746956,JARVIS_AMD64,7.095626905839507,0.0024740027733339736,7.09077794950612,7.100475862172893,7.1055282627933245,0.009901356953817775,0.09126289999949222,"{""control"": ""european_terminal"", ""control_mean"": 7.1280646692617395, ""b_hat"": 1.000985638295008, ""rho"": 0.9996773461013495, ""pilot_rho"": 0.9996429505543853, ""pilot_paths"": 1639, ""total_paths_simulated"": 18023, ""plain_std_error"": 0.09739644626468175, ""observed_vrf"": 1549.8364032689349, ""theoretical_vrf"": 1549.8981372347957}"
a19fd93ab070,2026-09-24T16:12:40,aritra,control,paper_barrier,call,exact,control_variate,{},16384,252,12,1733713840,JARVIS_AMD64,7.092507905076615,0.002538256195743395,7.087533014349423,7.097482795803807,7.1055282627933245,0.013020357716709619,0.09246910000001662,"{""control"": ""european_terminal"", ""control_mean"": 7.1280646692617395, ""b_hat"": 1.0008651293184676, ""rho"": 0.9996581500786432, ""pilot_rho"": 0.9996516935063632, ""pilot_paths"": 1639, ""total_paths_simulated"": 18023, ""plain_std_error"": 0.09708190566262219, ""observed_vrf"": 1462.8698041350478, ""theoretical_vrf"": 1462.8801876147338}"
a975e98f1960,2026-09-24T16:12:40,aritra,control,paper_barrier,call,exact,control_variate,{},16384,252,13,804672400,JARVIS_AMD64,7.095582234744665,0.00242897873094975,7.09082152391279,7.10034294557654,7.1055282627933245,0.009946028048659628,0.09211029999914899,"{""control"": ""european_terminal"", ""control_mean"": 7.1280646692617395, ""b_hat"": 1.0010640776463182, ""rho"": 0.9996946962414064, ""pilot_rho"": 0.9996345173299577, ""pilot_paths"": 1639, ""total_paths_simulated"": 18023, ""plain_std_error"": 0.09830131415349488, ""observed_vrf"": 1637.8390579589823, ""theoretical_vrf"": 1637.9632530444471}"
cb99580b2892,2026-09-24T16:12:40,aritra,control,paper_barrier,call,exact,control_variate,{},16384,252,14,1877663739,JARVIS_AMD64,7.091296260863564,0.0025765165326599717,7.086246381253979,7.09634614047315,7.1055282627933245,0.014232001929760152,0.09092750000036176,"{""control"": ""european_terminal"", ""control_mean"": 7.1280646692617395, ""b_hat"": 1.0011623217444952, ""rho"": 0.9996486084907245, ""pilot_rho"": 0.9996095572304818, ""pilot_paths"": 1639, ""total_paths_simulated"": 18023, ""plain_std_error"": 0.09719609544541224, ""observed_vrf"": 1423.0880460725668, ""theoretical_vrf"": 1423.164334122727}"
feae1829a4c6,2026-09-24T16:12:40,aritra,control,paper_barrier,call,exact,control_variate,{},16384,252,15,3071904176,JARVIS_AMD64,7.092196513052404,0.0025962223721647574,7.087108010707103,7.097285015397704,7.1055282627933245,0.013331749740920884,0.09381320000011328,"{""control"": ""european_terminal"", ""control_mean"": 7.1280646692617395, ""b_hat"": 1.0008125632924127, ""rho"": 0.999649494751032, ""pilot_rho"": 0.9996938777629111, ""pilot_paths"": 1639, ""total_paths_simulated"": 18023, ""plain_std_error"": 0.09806543007477596, ""observed_vrf"": 1426.750714208089, ""theoretical_vrf"": 1426.7622044011468}"
aad933993852,2026-09-24T16:12:41,aritra,control,paper_barrier,call,exact,control_variate,{},16384,252,16,2949123004,JARVIS_AMD64,7.097498641682714,0.002370179359254129,7.092853175501675,7.102144107863753,7.1055282627933245,0.008029621110610563,0.09037369999987277,"{""control"": ""european_terminal"", ""control_mean"": 7.1280646692617395, ""b_hat"": 1.000555568141845, ""rho"": 0.999703165588922, ""pilot_rho"": 0.9998718735301543, ""pilot_paths"": 1639, ""total_paths_simulated"": 18023, ""plain_std_error"": 0.09727829502437654, ""observed_vrf"": 1684.4940330764994, ""theoretical_vrf"": 1684.6908611512708}"
4fb7a29e5aed,2026-09-24T16:12:41,aritra,control,paper_barrier,call,exact,control_variate,{},16384,252,17,1070092634,JARVIS_AMD64,7.094526622227896,0.0025304173691595095,7.089567095318489,7.099486149137303,7.1055282627933245,0.011001640565428517,0.08949499999926047,"{""control"": ""european_terminal"", ""control_mean"": 7.1280646692617395, ""b_hat"": 1.0011429608427562, ""rho"": 0.9996636846833934, ""pilot_rho"": 0.9996071562870863, ""pilot_paths"": 1639, ""total_paths_simulated"": 18023, ""plain_std_error"": 0.09756933885400856, ""observed_vrf"": 1486.7652586024524, ""theoretical_vrf"": 1486.9500979492823}"
4b2f77965e22,2026-09-24T16:12:41,aritra,control,paper_barrier,call,exact,control_variate,{},16384,252,18,2887913523,JARVIS_AMD64,7.095301076698096,0.002457139355291047,7.09048517205673,7.100116981339462,7.1055282627933245,0.010227186095228546,0.09378960000049119,"{""control"": ""european_terminal"", ""control_mean"": 7.1280646692617395, ""b_hat"": 1.0008576658228487, ""rho"": 0.9996867645712727, ""pilot_rho"": 0.9997077012465214, ""pilot_paths"": 1639, ""total_paths_simulated"": 18023, ""plain_std_error"": 0.09817778923541429, ""observed_vrf"": 1596.4926409324562, ""theoretical_vrf"": 1596.4934846465899}"
4022c52bcb50,2026-09-24T16:12:41,aritra,control,paper_barrier,call,exact,control_variate,{},16384,252,19,1803446036,JARVIS_AMD64,7.09352423668377,0.002519714676610125,7.088585686666297,7.098462786701242,7.1055282627933245,0.012004026109554644,0.09392380000008416,"{""control"": ""european_terminal"", ""control_mean"": 7.1280646692617395, ""b_hat"": 1.0011246789581187, ""rho"": 0.9996781144230423, ""pilot_rho"": 0.9996745672807811, ""pilot_paths"": 1639, ""total_paths_simulated"": 18023, ""plain_std_error"": 0.09931173551173682, ""observed_vrf"": 1553.4540497032863, ""theoretical_vrf"": 1553.597054811121}"
188ea8b112f3,2026-09-24T16:12:41,aritra,control,paper_barrier,call,exact,control_variate,{},65536,252,0,3427045580,JARVIS_AMD64,7.0953234078774505,0.001217852769062267,7.092936460311616,7.097710355443285,7.1055282627933245,0.010204854915873973,0.3601013999996212,"{""control"": ""european_terminal"", ""control_mean"": 7.1280646692617395, ""b_hat"": 1.0008624352152218, ""rho"": 0.9996937466281144, ""pilot_rho"": 0.9996997695304801, ""pilot_paths"": 6554, ""total_paths_simulated"": 72090, ""plain_std_error"": 0.049212178671271346, ""observed_vrf"": 1632.8850331017877, ""theoretical_vrf"": 1632.885123809867}"
1f15420b22ba,2026-09-24T16:12:42,aritra,control,paper_barrier,call,exact,control_variate,{},65536,252,1,548578694,JARVIS_AMD64,7.095767134587807,0.0012203207986905842,7.0933753497727885,7.098158919402826,7.1055282627933245,0.009761128205517444,0.3653228000002855,"{""control"": ""european_terminal"", ""control_mean"": 7.1280646692617395, ""b_hat"": 1.000969659905654, ""rho"": 0.9996892447079502, ""pilot_rho"": 0.9996611831232302, ""pilot_paths"": 6554, ""total_paths_simulated"": 72090, ""plain_std_error"": 0.04895285565958766, ""observed_vrf"": 1609.1926350519823, ""theoretical_vrf"": 1609.2330965544795}"
3a195c5efb4b,2026-09-24T16:12:42,aritra,control,paper_barrier,call,exact,control_variate,{},65536,252,2,1240395443,JARVIS_AMD64,7.094427520591905,0.0012483050986325161,7.0919808875568675,7.096874153626943,7.1055282627933245,0.011100742201419322,0.3590070000000196,"{""control"": ""european_terminal"", ""control_mean"": 7.1280646692617395, ""b_hat"": 1.0008939598295252, ""rho"": 0.9996784875219393, ""pilot_rho"": 0.9996927894940042, ""pilot_paths"": 6554, ""total_paths_simulated"": 72090, ""plain_std_error"": 0.049231311115156905, ""observed_vrf"": 1555.397208371831, ""theoretical_vrf"": 1555.3996350602645}"
70428e9b3d1b,2026-09-24T16:12:42,aritra,control,paper_barrier,call,exact,control_variate,{},65536,252,3,372754850,JARVIS_AMD64,7.093674276244453,0.0012652576558711303,7.091194416807782,7.096154135681124,7.1055282627933245,0.011853986548871376,0.3695336999999199,"{""control"": ""european_terminal"", ""control_mean"": 7.1280646692617395, ""b_hat"": 1.0009134692921018, ""rho"": 0.9996655402890939, ""pilot_rho"": 0.9996782695159006, ""pilot_paths"": 6554, ""total_paths_simulated"": 72090, ""plain_std_error"": 0.04892470001004862, ""observed_vrf"": 1495.1969246568272, ""theoretical_vrf"": 1495.1984128617482}"
44818a3390c6,2026-09-24T16:12:43,aritra,control,paper_barrier,call,exact,control_variate,{},65536,252,4,2193720347,JARVIS_AMD64,7.095431340294567,0.001221017710607318,7.093038189557292,7.097824491031843,7.1055282627933245,0.010096922498757266,0.368229099999553,"{""control"": ""european_terminal"", ""control_mean"": 7.1280646692617395, ""b_hat"": 1.0008104094303507, ""rho"": 0.999685267864998, ""pilot_rho"": 0.9997499039946417, ""pilot_paths"": 6554, ""total_paths_simulated"": 72090, ""plain_std_error"": 0.04867098670981742, ""observed_vrf"": 1588.8993045007962, ""theoretical_vrf"": 1588.9025612671585}"
c4d2c5a3bdbe,2026-09-24T16:12:43,aritra,control,paper_barrier,call,exact,control_variate,{},65536,252,5,1365856795,JARVIS_AMD64,7.092757300543225,0.0012705265760195223,7.090267114212826,7.095247486873624,7.1055282627933245,0.012770962250099771,0.36532309999984136,"{""control"": ""european_terminal"", ""control_mean"": 7.1280646692617395, ""b_hat"": 1.000840328555471, ""rho"": 0.9996649031487375, ""pilot_rho"": 0.9997316196837011, ""pilot_paths"": 6554, ""total_paths_simulated"": 72090, ""plain_std_error"": 0.04908155186531377, ""observed_vrf"": 1492.3444134435365, ""theoretical_vrf"": 1492.355975197129}"
ded7ae0cdc9a,2026-09-24T16:12:43,aritra,control,paper_barrier,call,exact,control_variate,{},65536,252,6,3688140836,JARVIS_AMD64,7.09498982377233,0.001231221329777609,7.092576674308969,7.097402973235692,7.1055282627933245,0.010538439020994161,0.35844509999969887,"{""control"": ""european_terminal"", ""control_mean"": 7.1280646692617395, ""b_hat"": 1.0009524993330607, ""rho"": 0.999682821497558, ""pilot_rho"": 0.9996536951545182, ""pilot_paths"": 6554, ""total_paths_simulated"": 72090, ""plain_std_error"": 0.048887913050834404, ""observed_vrf"": 1576.6334462427617, ""theoretical_vrf"": 1576.6494366825525}"
1bfbaeb43460,2026-09-24T16:12:44,aritra,control,paper_barrier,call,exact,control_variate,{},65536,252,7,222380459,JARVIS_AMD64,7.093210304953644,0.0012737283793501414,7.090713843204031,7.095706766703256,7.1055282627933245,0.012317957839680815,0.36301279999952385,"{""control"": ""european_terminal"", ""control_mean"": 7.1280646692617395, ""b_hat"": 1.0007986128189708, ""rho"": 0.9996630750419913, ""pilot_rho"": 0.9997232087899327, ""pilot_paths"": 6554, ""total_paths_simulated"": 72090, ""plain_std_error"": 0.04907151099114551, ""observed_vrf"": 1484.2436896350125, ""theoretical_vrf"": 1484.2600215408047}"
3ab97980d5a9,2026-09-24T16:12:44,aritra,control,paper_barrier,call,exact,control_variate,{},65536,252,8,3762694535,JARVIS_AMD64,7.093166501027637,0.0012577225221851191,7.09070141018161,7.095631591873665,7.1055282627933245,0.012361761765687262,0.36507150000034017,"{""control"": ""european_terminal"", ""control_mean"": 7.1280646692617395, ""b_hat"": 1.0009380639733951, ""rho"": 0.999670308960957, ""pilot_rho"": 0.9996663721004049, ""pilot_paths"": 6554, ""total_paths_simulated"": 72090, ""plain_std_error"": 0.04898373018010832, ""observed_vrf"": 1516.8199513119396, ""theoretical_vrf"": 1516.8214392500433}"
314c606efac9,2026-09-24T16:12:45,aritra,control,paper_barrier,call,exact,control_variate,{},65536,252,9,1314070966,JARVIS_AMD64,7.095096003693765,0.001220488600392976,7.092703889993453,7.097488117394077,7.1055282627933245,0.01043225909955936,0.36274200000025303,"{""control"": ""european_terminal"", ""control_mean"": 7.1280646692617395, ""b_hat"": 1.0008946900658833, ""rho"": 0.9996897159075802, ""pilot_rho"": 0.9996788080764989, ""pilot_paths"": 6554, ""total_paths_simulated"": 72090, ""plain_std_error"": 0.048997318489349656, ""observed_vrf"": 1611.6738921113533, ""theoretical_vrf"": 1611.6765096124836}"
cee4dd9ae79e,2026-09-24T16:12:45,aritra,control,paper_barrier,call,exact,control_variate,{},65536,252,10,1065973045,JARVIS_AMD64,7.093421220579478,0.0012673293043642786,7.090937300786372,7.095905140372585,7.1055282627933245,0.012107042213846064,0.36828760000025795,"{""control"": ""european_terminal"", ""control_mean"": 7.1280646692617395, ""b_hat"": 1.0008765835397893, ""rho"": 0.99966073880096, ""pilot_rho"": 0.9996452341709522, ""pilot_paths"": 6554, ""total_paths_simulated"": 72090, ""plain_std_error"": 0.04865685995489293, ""observed_vrf"": 1474.0397757862281, ""theoretical_vrf"": 1474.0407423676077}"
f8aad8c7a1f0,2026-09-24T16:12:45,aritra,control,paper_barrier,call,exact,control_variate,{},65536,252,11,1526923191,JARVIS_AMD64,7.094435031680733,0.0012554181163217785,7.091974457387203,7.096895605974264,7.1055282627933245,0.011093231112591084,0.3612874999998894,"{""control"": ""european_terminal"", ""control_mean"": 7.1280646692617395, ""b_hat"": 1.0009064371170495, ""rho"": 0.9996712812120996, ""pilot_rho"": 0.99967925204964, ""pilot_paths"": 6554, ""total_paths_simulated"": 72090, ""plain_std_error"": 0.04896616924386901, ""observed_vrf"": 1521.302138388079, ""theoretical_vrf"": 1521.307000431406}"
821ac6f68ef1,2026-09-24T16:12:46,aritra,control,paper_barrier,call,exact,control_variate,{},65536,252,12,1163327896,JARVIS_AMD64,7.094622856671294,0.001230844925085659,7.092210444947573,7.0970352683950155,7.1055282627933245,0.010905406122030392,0.35712880000028235,"{""control"": ""european_terminal"", ""control_mean"": 7.1280646692617395, ""b_hat"": 1.0008678246410692, ""rho"": 0.9996866916025712, ""pilot_rho"": 0.9995938820925101, ""pilot_paths"": 6554, ""total_paths_simulated"": 72090, ""plain_std_error"": 0.04917408000825197, ""observed_vrf"": 1596.1209879305443, ""theoretical_vrf"": 1596.1217237565922}"
e6e33195a216,2026-09-24T16:12:46,aritra,control,paper_barrier,call,exact,control_variate,{},65536,252,13,4230398136,JARVIS_AMD64,7.096302939973269,0.0011887983339487957,7.093972938053848,7.0986329418926895,7.1055282627933245,0.009225322820055837,0.3650140999998257,"{""control"": ""european_terminal"", ""control_mean"": 7.1280646692617395, ""b_hat"": 1.0008392590339492, ""rho"": 0.9997045301740203, ""pilot_rho"": 0.9997199606048444, ""pilot_paths"": 6554, ""total_paths_simulated"": 72090, ""plain_std_error"": 0.04890673877209128, ""observed_vrf"": 1692.4702064034384, ""theoretical_vrf"": 1692.4702098184362}"
97eede5b2a84,2026-09-24T16:12:46,aritra,control,paper_barrier,call,exact,control_variate,{},65536,252,14,738853932,JARVIS_AMD64,7.094684733255791,0.0012373349195060194,7.092259601376746,7.097109865134836,7.1055282627933245,0.010843529537533314,0.36061309999968216,"{""control"": ""european_terminal"", ""control_mean"": 7.1280646692617395, ""b_hat"": 1.0009335493943528, ""rho"": 0.9996791241066884, ""pilot_rho"": 0.9996547361407091, ""pilot_paths"": 6554, ""total_paths_simulated"": 72090, ""plain_std_error"": 0.04884694323868305, ""observed_vrf"": 1558.4764490779767, ""theoretical_vrf"": 1558.4848917268428}"
92dbd0b87708,2026-09-24T16:12:47,aritra,control,paper_barrier,call,exact,control_variate,{},65536,252,15,90396737,JARVIS_AMD64,7.092423233778944,0.001300192133738227,7.0898749040238345,7.094971563534053,7.1055282627933245,0.013105029014380598,0.3596790999999939,"{""control"": ""european_terminal"", ""control_mean"": 7.1280646692617395, ""b_hat"": 1.000846619272034, ""rho"": 0.9996351936322968, ""pilot_rho"": 0.9996637925495457, ""pilot_paths"": 6554, ""total_paths_simulated"": 72090, ""plain_std_error"": 0.048139235257503334, ""observed_vrf"": 1370.829068661338, ""theoretical_vrf"": 1370.8401565986958}"
1d1d37d6929f,2026-09-24T16:12:47,aritra,control,paper_barrier,call,exact,control_variate,{},65536,252,16,4113672788,JARVIS_AMD64,7.093592589563908,0.0012665647407178269,7.091110168288012,7.096075010839804,7.1055282627933245,0.011935673229416466,0.3566147000001365,"{""control"": ""european_terminal"", ""control_mean"": 7.1280646692617395, ""b_hat"": 1.0008139153047477, ""rho"": 0.9996632986665402, ""pilot_rho"": 0.9996909504150735, ""pilot_paths"": 6554, ""total_paths_simulated"": 72090, ""plain_std_error"": 0.0488117339164467, ""observed_vrf"": 1485.2298971978805, ""theoretical_vrf"": 1485.245645950152}"
7db745562b0a,2026-09-24T16:12:47,aritra,control,paper_barrier,call,exact,control_variate,{},65536,252,17,2275400205,JARVIS_AMD64,7.094029534465571,0.0012362751994969376,7.0916064795995775,7.096452589331565,7.1055282627933245,0.011498728327753227,0.36047600000074453,"{""control"": ""european_terminal"", ""control_mean"": 7.1280646692617395, ""b_hat"": 1.0008181980971937, ""rho"": 0.9996853101446521, ""pilot_rho"": 0.9997003790816745, ""pilot_paths"": 6554, ""total_paths_simulated"": 72090, ""plain_std_error"": 0.04928227201553961, ""observed_vrf"": 1589.099638314641, ""theoretical_vrf"": 1589.1160021402886}"
f2092eae9b66,2026-09-24T16:12:48,aritra,control,paper_barrier,call,exact,control_variate,{},65536,252,18,2089912383,JARVIS_AMD64,7.092375296959856,0.0012855553163210879,7.089855654839733,7.09489493907998,7.1055282627933245,0.013152965833468144,0.3625500000007378,"{""control"": ""european_terminal"", ""control_mean"": 7.1280646692617395, ""b_hat"": 1.0008906598525835, ""rho"": 0.99965599682197, ""pilot_rho"": 0.9996773909611955, ""pilot_paths"": 6554, ""total_paths_simulated"": 72090, ""plain_std_error"": 0.04901529301505712, ""observed_vrf"": 1453.723024678588, ""theoretical_vrf"": 1453.7249872318148}"
9f34965ad3f8,2026-09-24T16:12:48,aritra,control,paper_barrier,call,exact,control_variate,{},65536,252,19,2495442652,JARVIS_AMD64,7.094051812521239,0.0012461081192202594,7.091609485486725,7.0964941395557535,7.1055282627933245,0.011476450272085437,0.37851150000005873,"{""control"": ""european_terminal"", ""control_mean"": 7.1280646692617395, ""b_hat"": 1.0009205069224114, ""rho"": 0.9996759405265145, ""pilot_rho"": 0.9996287737990802, ""pilot_paths"": 6554, ""total_paths_simulated"": 72090, ""plain_std_error"": 0.04895117477760314, ""observed_vrf"": 1543.173604668018, ""theoretical_vrf"": 1543.176697223708}"
d62402f87649,2026-09-24T16:12:48,aritra,control,deep_barrier,call,exact,plain,{},256,252,0,3784761233,JARVIS_AMD64,2.4155622221561135,0.6304589066226494,1.1798854714432199,3.651238972869007,3.545320563728301,1.1297583415721877,0.0011685000008583302,
9262debac593,2026-09-24T16:12:48,aritra,control,deep_barrier,call,exact,plain,{},256,252,1,2962656410,JARVIS_AMD64,3.552515611587654,0.7184745686103806,2.144331333303356,4.960699889871952,3.545320563728301,0.007195047859352766,0.0009655000003476744,
8423ad6fa451,2026-09-24T16:12:48,aritra,control,deep_barrier,call,exact,plain,{},256,252,2,809431696,JARVIS_AMD64,4.136808709325377,0.8687482828398642,2.4340933633282273,5.839524055322528,3.545320563728301,0.5914881455970762,0.0009362999999211752,
4ccd0529bbdb,2026-09-24T16:12:48,aritra,control,deep_barrier,call,exact,plain,{},256,252,3,3257012934,JARVIS_AMD64,3.62262009216418,0.7955255120385504,2.0634187397858357,5.181821444542524,3.545320563728301,0.07729952843587862,0.0008874000004652771,
bcd228f0aa1f,2026-09-24T16:12:48,aritra,control,deep_barrier,call,exact,plain,{},256,252,4,2424640430,JARVIS_AMD64,3.741987096879789,0.7088819906609514,2.3526039258952656,5.1313702678643125,3.545320563728301,0.19666653315148785,0.0009754000002430985,
a9c398e46240,2026-09-24T16:12:48,aritra,control,deep_barrier,call,exact,plain,{},256,252,5,3166754787,JARVIS_AMD64,3.369966989215739,0.7056993489769992,1.9868216813074575,4.75311229712402,3.545320563728301,0.17535357451256228,0.0009612000003471621,
54dd3a818f5a,2026-09-24T16:12:48,aritra,control,deep_barrier,call,exact,plain,{},256,252,6,766024720,JARVIS_AMD64,3.3893032784767616,0.7139036997870146,1.9900777384643178,4.788528818489206,3.545320563728301,0.15601728525153957,0.0008953999995355844,
3cd6865e68c9,2026-09-24T16:12:48,aritra,control,deep_barrier,call,exact,plain,{},256,252,7,1936499457,JARVIS_AMD64,2.584501507351302,0.6553205775421445,1.3000967770407108,3.868906237661893,3.545320563728301,0.9608190563769994,0.000898100000085833,
117fcc466d6b,2026-09-24T16:12:48,aritra,control,deep_barrier,call,exact,plain,{},256,252,8,4197627042,JARVIS_AMD64,2.7567051260143747,0.6565334411839896,1.4699232266476092,4.04348702538114,3.545320563728301,0.7886154377139265,0.0008897000006982125,
402ca9ffc908,2026-09-24T16:12:48,aritra,control,deep_barrier,call,exact,plain,{},256,252,9,3215423907,JARVIS_AMD64,4.014267611589407,0.7685278080890539,2.5079807866173507,5.520554436561463,3.545320563728301,0.46894704786110575,0.001020799999423616,
240cbabb1c4c,2026-09-24T16:12:48,aritra,control,deep_barrier,call,exact,plain,{},256,252,10,3698264576,JARVIS_AMD64,2.954748561903191,0.7269251398292004,1.5300014683812155,4.379495655425167,3.545320563728301,0.5905720018251102,0.0009100999996007886,
7843fda330e8,2026-09-24T16:12:48,aritra,control,deep_barrier,call,exact,plain,{},256,252,11,3341964704,JARVIS_AMD64,2.907617427899133,0.6497551749942468,1.634120686141889,4.181114169656377,3.545320563728301,0.637703135829168,0.0009140000001934823,
c16b76436363,2026-09-24T16:12:48,aritra,control,deep_barrier,call,exact,plain,{},256,252,12,3873120605,JARVIS_AMD64,3.902831146760766,0.8104511841236226,2.314376014650626,5.4912862788709065,3.545320563728301,0.35751058303246497,0.0009125000005951733,
7b62fec71451,2026-09-24T16:12:48,aritra,control,deep_barrier,call,exact,plain,{},256,252,13,1230076743,JARVIS_AMD64,2.4977176615807464,0.5672821171651923,1.3858651428633384,3.6095701802981544,3.545320563728301,1.0476029021475548,0.0009516999998595566,
81b8699f01c7,2026-09-24T16:12:48,aritra,control,deep_barrier,call,exact,plain,{},256,252,14,1560710337,JARVIS_AMD64,3.7343265771989724,0.749242535539861,2.2658381918553734,5.202814962542572,3.545320563728301,0.18900601347067125,0.0010231000005660462,
a45f4dfd0f40,2026-09-24T16:12:48,aritra,control,deep_barrier,call,exact,plain,{},256,252,15,4028106482,JARVIS_AMD64,2.7260719998275076,0.621889250381849,1.5071914667064716,3.9449525329485438,3.545320563728301,0.8192485639007936,0.00097989999994752,
cd22e39c9d57,2026-09-24T16:12:48,aritra,control,deep_barrier,call,exact,plain,{},256,252,16,3850348027,JARVIS_AMD64,3.5085759891737194,0.7040879641275402,2.128588937535611,4.888563040811828,3.545320563728301,0.0367445745545818,0.0009674000002632965,
7fef9310d29b,2026-09-24T16:12:48,aritra,control,deep_barrier,call,exact,plain,{},256,252,17,2744397822,JARVIS_AMD64,3.6795104998845813,0.7679427520495268,2.174370363678936,5.184650636090227,3.545320563728301,0.13418993615628017,0.0009774000000106753,
a7265e37f1b4,2026-09-24T16:12:48,aritra,control,deep_barrier,call,exact,plain,{},256,252,18,1194868487,JARVIS_AMD64,2.2203789678443497,0.5926775948579203,1.0587522274790044,3.382005708209695,3.545320563728301,1.3249415958839514,0.0010065999995276798,
5b9000d77b6f,2026-09-24T16:12:48,aritra,control,deep_barrier,call,exact,plain,{},256,252,19,1524935741,JARVIS_AMD64,3.243595604858018,0.6651828939915612,1.9398610895024333,4.547330120213602,3.545320563728301,0.3017249588702833,0.0009380000001328881,
d2ea2e627803,2026-09-24T16:12:48,aritra,control,deep_barrier,call,exact,plain,{},1024,252,0,651071959,JARVIS_AMD64,3.5639621557997128,0.3646422070478319,2.849276562742765,4.2786477488566605,3.545320563728301,0.018641592071411583,0.004797300000063842,
1b4d58aa5c96,2026-09-24T16:12:48,aritra,control,deep_barrier,call,exact,plain,{},1024,252,1,756775435,JARVIS_AMD64,2.797459524675803,0.32348263246522824,2.1634452154197485,3.431473833931858,3.545320563728301,0.747861039052498,0.004823500000384229,
6da750857864,2026-09-24T16:12:48,aritra,control,deep_barrier,call,exact,plain,{},1024,252,2,432218813,JARVIS_AMD64,3.681682900463068,0.37363684130900976,2.9493681482001013,4.413997652726034,3.545320563728301,0.13636233673476683,0.00468040000032488,
faf380db487b,2026-09-24T16:12:48,aritra,control,deep_barrier,call,exact,plain,{},1024,252,3,3582992116,JARVIS_AMD64,4.347611586802358,0.3982185416662803,3.567117587160386,5.128105586444331,3.545320563728301,0.8022910230740572,0.004740299999866693,
e21f78f25668,2026-09-24T16:12:48,aritra,control,deep_barrier,call,exact,plain,{},1024,252,4,238865413,JARVIS_AMD64,3.486865969014136,0.34868775186866535,2.803450533501313,4.170281404526959,3.545320563728301,0.05845459471416525,0.004813199999261997,
fb556f7fb1fd,2026-09-24T16:12:48,aritra,control,deep_barrier,call,exact,plain,{},1024,252,5,4007136245,JARVIS_AMD64,3.161244178288883,0.35317769010905314,2.469028625532091,3.8534597310456755,3.545320563728301,0.384076385439418,0.004816299999220064,
b54fe337c6db,2026-09-24T16:12:48,aritra,control,deep_barrier,call,exact,plain,{},1024,252,6,847223496,JARVIS_AMD64,3.2428536395618806,0.35386493503352057,2.549291111504574,3.936416167619187,3.545320563728301,0.3024669241664206,0.0048090999998748885,
f98cdfa09c93,2026-09-24T16:12:48,aritra,control,deep_barrier,call,exact,plain,{},1024,252,7,449230269,JARVIS_AMD64,2.951529200271949,0.3284650194494389,2.3077495919698006,3.5953088085740976,3.545320563728301,0.5937913634563521,0.005168900000171561,
438e3cff7507,2026-09-24T16:12:48,aritra,control,deep_barrier,call,exact,plain,{},1024,252,8,1780908694,JARVIS_AMD64,2.8501150224010985,0.3341409896911376,2.1952107168478996,3.5050193279542974,3.545320563728301,0.6952055413272027,0.005233500000031199,
ea96e61899e0,2026-09-24T16:12:48,aritra,control,deep_barrier,call,exact,plain,{},1024,252,9,34977745,JARVIS_AMD64,3.3589595638411165,0.3654526926529316,2.642685448188185,4.0752336794940485,3.545320563728301,0.1863609998871847,0.005116400000588328,
b74ad52aa155,2026-09-24T16:12:48,aritra,control,deep_barrier,call,exact,plain,{},1024,252,10,592364275,JARVIS_AMD64,3.87799819033845,0.3812656997035716,3.1307311503789865,4.625265230297914,3.545320563728301,0.332677626610149,0.0048337000007450115,
8f4dd25bc62a,2026-09-24T16:12:48,aritra,control,deep_barrier,call,exact,plain,{},1024,252,11,2427835367,JARVIS_AMD64,3.1781987146129325,0.3511929881611122,2.489873106194151,3.866524323031714,3.545320563728301,0.3671218491153687,0.0047882999997455045,
cfc9fc515ffd,2026-09-24T16:12:48,aritra,control,deep_barrier,call,exact,plain,{},1024,252,12,3594230013,JARVIS_AMD64,2.6686365112691215,0.3220051787487671,2.0375179580861555,3.2997550644520874,3.545320563728301,0.8766840524591797,0.004870199999459146,
34e6ee0d413b,2026-09-24T16:12:48,aritra,control,deep_barrier,call,exact,plain,{},1024,252,13,2734562769,JARVIS_AMD64,3.398067198683493,0.3696944246853923,2.6734794410148686,4.122654956352117,3.545320563728301,0.14725336504480824,0.004777599999215454,
d9cd78c9fc79,2026-09-24T16:12:48,aritra,control,deep_barrier,call,exact,plain,{},1024,252,14,269591368,JARVIS_AMD64,3.5063592676707307,0.37553798279047795,2.7703183465745713,4.24240018876689,3.545320563728301,0.03896129605757048,0.0046547000001737615,
c6d39308ecff,2026-09-24T16:12:48,aritra,control,deep_barrier,call,exact,plain,{},1024,252,15,2483294725,JARVIS_AMD64,3.542499492820003,0.3801079300484829,2.797501639686906,4.287497345953099,3.545320563728301,0.0028210709082983065,0.004781999999977415,
d5a9a461b198,2026-09-24T16:12:48,aritra,control,deep_barrier,call,exact,plain,{},1024,252,16,525918748,JARVIS_AMD64,3.3589946741336547,0.3571926877151774,2.6589098706708443,4.059079477596465,3.545320563728301,0.18632588959464647,0.004788300000654999,
19efbcf07c56,2026-09-24T16:12:48,aritra,control,deep_barrier,call,exact,plain,{},1024,252,17,4237750565,JARVIS_AMD64,2.524737847039585,0.2930070105212534,1.95045465920018,3.0990210348789904,3.545320563728301,1.020582716688716,0.004759600000397768,
1b59c590568d,2026-09-24T16:12:48,aritra,control,deep_barrier,call,exact,plain,{},1024,252,18,2898189591,JARVIS_AMD64,3.275776217788008,0.3405771418674443,2.608257285770229,3.9432951498057873,3.545320563728301,0.2695443459402931,0.004790199999661127,
02e3d7af2b13,2026-09-24T16:12:48,aritra,control,deep_barrier,call,exact,plain,{},1024,252,19,1070935079,JARVIS_AMD64,3.308240980545209,0.35775428937310483,2.607055458059203,4.009426503031215,3.545320563728301,0.23707958318309208,0.00500099999953818,
a6ae211cf928,2026-09-24T16:12:48,aritra,control,deep_barrier,call,exact,plain,{},4096,252,0,1653314563,JARVIS_AMD64,3.326468835793291,0.17404655158946794,2.985343863044541,3.6675938085420405,3.545320563728301,0.2188517279350104,0.01925799999935407,
c4812fe29931,2026-09-24T16:12:48,aritra,control,deep_barrier,call,exact,plain,{},4096,252,1,78853131,JARVIS_AMD64,3.2781918373660845,0.17582459952145152,2.933581954707861,3.622801720024308,3.545320563728301,0.26712872636221663,0.01963179999984277,
7a776245e158,2026-09-24T16:12:48,aritra,control,deep_barrier,call,exact,plain,{},4096,252,2,503874171,JARVIS_AMD64,3.1632543061710994,0.17242618240012184,2.8253051986751263,3.5012034136670724,3.545320563728301,0.3820662575572018,0.01915839999946911,
ed43ab52d7df,2026-09-24T16:12:48,aritra,control,deep_barrier,call,exact,plain,{},4096,252,3,749277394,JARVIS_AMD64,3.521691078390133,0.18601632269503038,3.157105785371293,3.8862763714089734,3.545320563728301,0.023629485338168,0.019707100000232458,
faff2c0b94ca,2026-09-24T16:12:48,aritra,control,deep_barrier,call,exact,plain,{},4096,252,4,3560840248,JARVIS_AMD64,3.227507131558978,0.17304957909329968,2.8883361889962953,3.566678074121661,3.545320563728301,0.3178134321693231,0.019525599999724363,
684de213229b,2026-09-24T16:12:48,aritra,control,deep_barrier,call,exact,plain,{},4096,252,5,3359979739,JARVIS_AMD64,3.1208124618753637,0.17124450052716703,2.785179408291566,3.456445515459161,3.545320563728301,0.4245081018529375,0.019480900000417023,
61ee103fa984,2026-09-24T16:12:48,aritra,control,deep_barrier,call,exact,plain,{},4096,252,6,875143453,JARVIS_AMD64,3.5486324130181313,0.18549283277171663,3.1850731413952555,3.912191684641007,3.545320563728301,0.003311849289830082,0.019532499999513675,
e333d2e347a3,2026-09-24T16:12:48,aritra,control,deep_barrier,call,exact,plain,{},4096,252,7,318148248,JARVIS_AMD64,3.0952524716176915,0.1721269656570576,2.7578898181616958,3.432615125073687,3.545320563728301,0.4500680921106097,0.019216100000448932,
3f09e910cfae,2026-09-24T16:12:48,aritra,control,deep_barrier,call,exact,plain,{},4096,252,8,1825233477,JARVIS_AMD64,3.5651511554962756,0.1866416856516685,3.199340173605159,3.930962137387392,3.545320563728301,0.019830591767974415,0.01963990000058402,
4285f6560c34,2026-09-24T16:12:48,aritra,control,deep_barrier,call,exact,plain,{},4096,252,9,1440151725,JARVIS_AMD64,3.4927122192808033,0.1814800031609447,3.1370179491711365,3.84840648939047,3.545320563728301,0.052608344447497846,0.020042500000272412,
2468243a67bf,2026-09-24T16:12:49,aritra,control,deep_barrier,call,exact,plain,{},4096,252,10,926723296,JARVIS_AMD64,3.0741459273524665,0.17095723887663217,2.7390758962578565,3.4092159584470765,3.545320563728301,0.4711746363758347,0.019917900000109512,
6c11426049bd,2026-09-24T16:12:49,aritra,control,deep_barrier,call,exact,plain,{},4096,252,11,2922841840,JARVIS_AMD64,3.2413231983980566,0.17732586323167188,2.8937708929365042,3.588875503859609,3.545320563728301,0.3039973653302446,0.019639299999653304,
80719339c9ec,2026-09-24T16:12:49,aritra,control,deep_barrier,call,exact,plain,{},4096,252,12,1807795274,JARVIS_AMD64,2.965716302561994,0.1688136716026369,2.634847586122854,3.2965850190011343,3.545320563728301,0.579604261166307,0.01933759999974427,
1f2d37dc5213,2026-09-24T16:12:49,aritra,control,deep_barrier,call,exact,plain,{},4096,252,13,284037676,JARVIS_AMD64,3.196280057464076,0.17952074480298588,2.8444258631724173,3.5481342517557346,3.545320563728301,0.3490405062642252,0.01924570000028325,
8ccb291c7b16,2026-09-24T16:12:49,aritra,control,deep_barrier,call,exact,plain,{},4096,252,14,2236870577,JARVIS_AMD64,3.4958464304663655,0.18269312854845407,3.137774478288449,3.8539183826442818,3.545320563728301,0.04947413326193573,0.019648700000288954,
e469072c0324,2026-09-24T16:12:49,aritra,control,deep_barrier,call,exact,plain,{},4096,252,15,1865202354,JARVIS_AMD64,3.1745473198722056,0.17228613789423616,2.8368726945640015,3.5122219451804098,3.545320563728301,0.37077324385609556,0.01947680000012042,
58e26a100ccb,2026-09-24T16:12:49,aritra,control,deep_barrier,call,exact,plain,{},4096,252,16,2811133369,JARVIS_AMD64,3.362380653092941,0.17891511813445057,3.011713465259689,3.713047840926193,3.545320563728301,0.1829399106353602,0.01909050000085699,
8dddceb53b7c,2026-09-24T16:12:49,aritra,control,deep_barrier,call,exact,plain,{},4096,252,17,3137075981,JARVIS_AMD64,3.5385412846676143,0.18457891000791163,3.1767732687464476,3.900309300588781,3.545320563728301,0.006779279060686871,0.01916460000029474,
168e51d14bce,2026-09-24T16:12:49,aritra,control,deep_barrier,call,exact,plain,{},4096,252,18,3021472234,JARVIS_AMD64,3.008247565232388,0.17071228088961746,2.6736576429700523,3.3428374874947235,3.545320563728301,0.5370729984959133,0.01973199999974895,
2acc97a06570,2026-09-24T16:12:49,aritra,control,deep_barrier,call,exact,plain,{},4096,252,19,1494663905,JARVIS_AMD64,3.5494250098961846,0.18270912268892486,3.1913217097789817,3.9075283100133875,3.545320563728301,0.004104446167883413,0.019620199999735632,
7e889a9012cc,2026-09-24T16:12:49,aritra,control,deep_barrier,call,exact,plain,{},16384,252,0,1213590281,JARVIS_AMD64,3.2674854731355754,0.08849029036864414,3.094047691031541,3.4409232552396096,3.545320563728301,0.2778350905927258,0.07931820000067091,
e0bbdd5fdbe5,2026-09-24T16:12:49,aritra,control,deep_barrier,call,exact,plain,{},16384,252,1,3917610266,JARVIS_AMD64,3.2957392769745883,0.0882344379480597,3.1228029564002573,3.4686755975489194,3.545320563728301,0.24958128675371283,0.07929179999973712,
18ba2ea9cd4a,2026-09-24T16:12:49,aritra,control,deep_barrier,call,exact,plain,{},16384,252,2,2533480193,JARVIS_AMD64,3.3452243387699374,0.08849914879048641,3.1717691944781325,3.5186794830617423,3.545320563728301,0.20009622495836377,0.08090590000028897,
92921425abbd,2026-09-24T16:12:49,aritra,control,deep_barrier,call,exact,plain,{},16384,252,3,2517744103,JARVIS_AMD64,3.3364819233207466,0.08881830089578353,3.162401252396969,3.510562594244524,3.545320563728301,0.20883864040755462,0.08096349999959784,
6d1eb8500f45,2026-09-24T16:12:49,aritra,control,deep_barrier,call,exact,plain,{},16384,252,4,2055392880,JARVIS_AMD64,3.31141703138925,0.08796840432992549,3.1390021271251385,3.4838319356533614,3.545320563728301,0.23390353233905126,0.08099750000019412,
1838f510e244,2026-09-24T16:12:49,aritra,control,deep_barrier,call,exact,plain,{},16384,252,5,475195907,JARVIS_AMD64,3.236478594973515,0.0879988659541159,3.0640039870230797,3.40895320292395,3.545320563728301,0.3088419687547863,0.07966859999942244,
c6346de7ff55,2026-09-24T16:12:49,aritra,control,deep_barrier,call,exact,plain,{},16384,252,6,3970892300,JARVIS_AMD64,3.31604427011331,0.08851736384891966,3.142553424963,3.4895351152636205,3.545320563728301,0.22927629361499102,0.07901320000019041,
826b70e4bd84,2026-09-24T16:12:49,aritra,control,deep_barrier,call,exact,plain,{},16384,252,7,3139708863,JARVIS_AMD64,3.3723720412127114,0.09009349489261839,3.195792035981836,3.5489520464435866,3.545320563728301,0.1729485225155898,0.08128969999961555,
49ec155f5ee4,2026-09-24T16:12:49,aritra,control,deep_barrier,call,exact,plain,{},16384,252,8,1665275552,JARVIS_AMD64,3.3534697705132435,0.08909222983372896,3.1788522087367697,3.5280873322897173,3.545320563728301,0.1918507932150577,0.07935749999978725,
bc10f5902c02,2026-09-24T16:12:50,aritra,control,deep_barrier,call,exact,plain,{},16384,252,9,1293629378,JARVIS_AMD64,3.4408362271358284,0.09129231420506209,3.2619065792285924,3.6197658750430644,3.545320563728301,0.1044843365924728,0.08108210000045801,
80956f4c2d22,2026-09-24T16:12:50,aritra,control,deep_barrier,call,exact,plain,{},16384,252,10,232792136,JARVIS_AMD64,3.220844861826252,0.08795581411928986,3.0484546339215446,3.3932350897309598,3.545320563728301,0.324475701902049,0.08017019999988406,
628a722f38f1,2026-09-24T16:12:50,aritra,control,deep_barrier,call,exact,plain,{},16384,252,11,2426314503,JARVIS_AMD64,3.455316826989594,0.09120668771646645,3.276555003916128,3.63407865006306,3.545320563728301,0.09000373673870721,0.08035050000034971,
ba0489d11258,2026-09-24T16:12:50,aritra,control,deep_barrier,call,exact,plain,{},16384,252,12,2204481266,JARVIS_AMD64,3.449210086382813,0.09062379187764857,3.271590718160168,3.6268294546054576,3.545320563728301,0.09611047734548839,0.08100580000063928,
c0b2369d1f44,2026-09-24T16:12:50,aritra,control,deep_barrier,call,exact,plain,{},16384,252,13,3043900585,JARVIS_AMD64,3.257644540518106,0.08816971233578016,3.08483507981272,3.4304540012234916,3.545320563728301,0.28767602321019536,0.07994250000047032,
012a1ba51865,2026-09-24T16:12:50,aritra,control,deep_barrier,call,exact,plain,{},16384,252,14,1667394903,JARVIS_AMD64,3.498751231116526,0.09249285077022033,3.3174685747794563,3.6800338874535954,3.545320563728301,0.046569332611775316,0.0807039999999688,
b1b7eb00f163,2026-09-24T16:12:50,aritra,control,deep_barrier,call,exact,plain,{},16384,252,15,2693846853,JARVIS_AMD64,3.402928394525133,0.09013474784527013,3.2262675349928043,3.579589254057462,3.545320563728301,0.142392169203168,0.08107600000039383,
8b3bc263d946,2026-09-24T16:12:50,aritra,control,deep_barrier,call,exact,plain,{},16384,252,16,1849724874,JARVIS_AMD64,3.3351545332363637,0.088549068799872,3.161601547524055,3.5087075189486723,3.545320563728301,0.2101660304919375,0.08045040000070003,
bc642b4db0bf,2026-09-24T16:12:50,aritra,control,deep_barrier,call,exact,plain,{},16384,252,17,1729086828,JARVIS_AMD64,3.3260977301051824,0.08878472549388204,3.1520828657598985,3.5001125944504663,3.545320563728301,0.21922283362311878,0.08029509999960283,
0b9aecc34ae8,2026-09-24T16:12:50,aritra,control,deep_barrier,call,exact,plain,{},16384,252,18,979318386,JARVIS_AMD64,3.309433692543389,0.08897494151430248,3.1350460116487984,3.48382137343798,3.545320563728301,0.23588687118491203,0.0835466999997152,
d05ce039ee69,2026-09-24T16:12:50,aritra,control,deep_barrier,call,exact,plain,{},16384,252,19,3093326140,JARVIS_AMD64,3.4039678656926773,0.09077723374903103,3.2260477569284025,3.581887974456952,3.545320563728301,0.1413526980356239,0.08056870000018534,
97c92815fc51,2026-09-24T16:12:51,aritra,control,deep_barrier,call,exact,plain,{},65536,252,0,2945351349,JARVIS_AMD64,3.33698657185517,0.044691925041127775,3.249392008374796,3.424581135335544,3.545320563728301,0.20833399187313129,0.32433620000028895,
db33d2e867fe,2026-09-24T16:12:51,aritra,control,deep_barrier,call,exact,plain,{},65536,252,1,1809374890,JARVIS_AMD64,3.375623852007132,0.04478029869344785,3.287856079351028,3.463391624663236,3.545320563728301,0.16969671172116918,0.3204547999994247,
27a6a95e84f5,2026-09-24T16:12:51,aritra,control,deep_barrier,call,exact,plain,{},65536,252,2,411902333,JARVIS_AMD64,3.396149549242907,0.04514850867540848,3.3076600982834123,3.4846390002024017,3.545320563728301,0.14917101448539416,0.3191613999997571,
4635ee25c834,2026-09-24T16:12:52,aritra,control,deep_barrier,call,exact,plain,{},65536,252,3,4285320850,JARVIS_AMD64,3.3435418898736975,0.044743863889568636,3.2558455281209806,3.4312382516264144,3.545320563728301,0.20177867385460369,0.3218509999996968,
561ecafda68a,2026-09-24T16:12:52,aritra,control,deep_barrier,call,exact,plain,{},65536,252,4,2253128791,JARVIS_AMD64,3.435262725101272,0.045248048599131695,3.346578179476256,3.523947270726288,3.545320563728301,0.110057838627029,0.3244104999994306,
5652bcbe9d9f,2026-09-24T16:12:52,aritra,control,deep_barrier,call,exact,plain,{},65536,252,5,243348729,JARVIS_AMD64,3.3586540772038327,0.0448073983480802,3.2708331902006558,3.4464749642070096,3.545320563728301,0.1866664865244685,0.3268320999995922,
13ff97a5edd6,2026-09-24T16:12:53,aritra,control,deep_barrier,call,exact,plain,{},65536,252,6,1236682940,JARVIS_AMD64,3.3814718918411844,0.045250946537568774,3.292781666361202,3.4701621173211668,3.545320563728301,0.16384867188711683,0.3500946999993175,
7438f8fb2a55,2026-09-24T16:12:53,aritra,control,deep_barrier,call,exact,plain,{},65536,252,7,1865852111,JARVIS_AMD64,3.4253155910866466,0.04532036656578578,3.336489304851553,3.51414187732174,3.545320563728301,0.12000497264165455,0.3251130999997258,
6a6df36c376b,2026-09-24T16:12:53,aritra,control,deep_barrier,call,exact,plain,{},65536,252,8,1764363895,JARVIS_AMD64,3.5074032488472215,0.04556739753176435,3.418092790815744,3.596713706878699,3.545320563728301,0.03791731488107963,0.3230516000003263,
5a26a7b7cea0,2026-09-24T16:12:54,aritra,control,deep_barrier,call,exact,plain,{},65536,252,9,2507387229,JARVIS_AMD64,3.3934667408125896,0.045076193839180385,3.3051190243276496,3.4818144572975296,3.545320563728301,0.1518538229157116,0.32452980000016396,
d13f1758d1b2,2026-09-24T16:12:54,aritra,control,deep_barrier,call,exact,plain,{},65536,252,10,3883419979,JARVIS_AMD64,3.2926209328340192,0.044231605220310104,3.2059285796238175,3.379313286044221,3.545320563728301,0.25269963089428193,0.32567910000034317,
fda06531c652,2026-09-24T16:12:54,aritra,control,deep_barrier,call,exact,plain,{},65536,252,11,2733372667,JARVIS_AMD64,3.410860987006561,0.045424745308260336,3.321830122195466,3.499891851817656,3.545320563728301,0.13445957672174025,0.3255983999997625,
318cad0e0c37,2026-09-24T16:12:55,aritra,control,deep_barrier,call,exact,plain,{},65536,252,12,2787124524,JARVIS_AMD64,3.325626073995448,0.04443385106604428,3.238537326211585,3.4127148217793115,3.545320563728301,0.219694489732853,0.33006850000037957,
05f13c181caf,2026-09-24T16:12:55,aritra,control,deep_barrier,call,exact,plain,{},65536,252,13,503072000,JARVIS_AMD64,3.3766891552566203,0.0445903481379689,3.2892936788480984,3.464084631665142,3.545320563728301,0.1686314084716809,0.3286801000003834,
d472d11cd0de,2026-09-24T16:12:55,aritra,control,deep_barrier,call,exact,plain,{},65536,252,14,2358316214,JARVIS_AMD64,3.3093350771193006,0.04437423064666982,3.2223631832101542,3.396306971028447,3.545320563728301,0.23598548660900054,0.3264292999992904,
40b3871cf269,2026-09-24T16:12:56,aritra,control,deep_barrier,call,exact,plain,{},65536,252,15,960358273,JARVIS_AMD64,3.3671875724476044,0.04497689140718552,3.279034485152952,3.455340659742257,3.545320563728301,0.17813299128069682,0.32929220000005444,
56fe8077285e,2026-09-24T16:12:56,aritra,control,deep_barrier,call,exact,plain,{},65536,252,16,3146372216,JARVIS_AMD64,3.497969702570405,0.04570561614056859,3.4083883410436777,3.587551064097132,3.545320563728301,0.04735086115789633,0.3315802999995867,
d32f29db308f,2026-09-24T16:12:56,aritra,control,deep_barrier,call,exact,plain,{},65536,252,17,1905297928,JARVIS_AMD64,3.3122295318663264,0.04461809172704182,3.22477967902242,3.399679384710233,3.545320563728301,0.23309103186197477,0.3311241000001246,
d8954961c3fe,2026-09-24T16:12:57,aritra,control,deep_barrier,call,exact,plain,{},65536,252,18,3174162142,JARVIS_AMD64,3.3293425041498868,0.04486187963496791,3.241414835786579,3.4172701725131946,3.545320563728301,0.21597805957841443,0.3306370999998762,
0b2df77a1517,2026-09-24T16:12:57,aritra,control,deep_barrier,call,exact,plain,{},65536,252,19,82966468,JARVIS_AMD64,3.385887652342498,0.04494490397185766,3.297797259269046,3.4739780454159503,3.545320563728301,0.15943291138580307,0.3317480000005162,
c6d03d8fd73f,2026-09-24T16:12:57,aritra,control,deep_barrier,call,exact,control_variate,{},256,252,0,1898386290,JARVIS_AMD64,3.512998652857412,0.43168616387695447,2.6669093190343256,4.359087986680499,3.545320563728301,0.03232191087088898,0.002635599999848637,"{""control"": ""european_terminal"", ""control_mean"": 7.1280646692617395, ""b_hat"": 0.6207614889609991, ""rho"": 0.843617311006723, ""pilot_rho"": 0.7504550378330999, ""pilot_paths"": 256, ""total_paths_simulated"": 512, ""plain_std_error"": 0.7617497545834658, ""observed_vrf"": 3.1137833183367727, ""theoretical_vrf"": 3.4684907936948273}"
2900ad550781,2026-09-24T16:12:57,aritra,control,deep_barrier,call,exact,control_variate,{},256,252,1,1046701039,JARVIS_AMD64,2.82004343450913,0.4141804403824229,2.008264688258642,3.631822180759618,3.545320563728301,0.7252771292191711,0.002080599999317201,"{""control"": ""european_terminal"", ""control_mean"": 7.1280646692617395, ""b_hat"": 0.6899252406234168, ""rho"": 0.7961862271432841, ""pilot_rho"": 0.7863203083601251, ""pilot_paths"": 256, ""total_paths_simulated"": 512, ""plain_std_error"": 0.6843019263015412, ""observed_vrf"": 2.729709014683238, ""theoretical_vrf"": 2.731587455600419}"
3ee439d686b7,2026-09-24T16:12:57,aritra,control,deep_barrier,call,exact,control_variate,{},256,252,2,354064505,JARVIS_AMD64,3.353671499231225,0.3897229692088472,2.5898285156338723,4.117514482828578,3.545320563728301,0.19164906449707608,0.002457499999763968,"{""control"": ""european_terminal"", ""control_mean"": 7.1280646692617395, ""b_hat"": 0.7980649089049415, ""rho"": 0.8381277518584526, ""pilot_rho"": 0.8547490997474443, ""pilot_paths"": 256, ""total_paths_simulated"": 512, ""plain_std_error"": 0.7139467718371763, ""observed_vrf"": 3.355982311620753, ""theoretical_vrf"": 3.360871512776529}"
0531351d1f02,2026-09-24T16:12:57,aritra,control,deep_barrier,call,exact,control_variate,{},256,252,3,1939083471,JARVIS_AMD64,3.5624418492871834,0.4126579819316395,2.7536470667681896,4.371236631806177,3.545320563728301,0.01712128555888226,0.0020970000005036127,"{""control"": ""european_terminal"", ""control_mean"": 7.1280646692617395, ""b_hat"": 0.7888620079589335, ""rho"": 0.8209381576112021, ""pilot_rho"": 0.8438392102752799, ""pilot_paths"": 256, ""total_paths_simulated"": 512, ""plain_std_error"": 0.7197307235195396, ""observed_vrf"": 3.042002622637801, ""theoretical_vrf"": 3.0669151065443883}"
1c3a338771d7,2026-09-24T16:12:57,aritra,control,deep_barrier,call,exact,control_variate,{},256,252,4,3152833921,JARVIS_AMD64,3.3250658689283057,0.372919297839939,2.5941574760220596,4.055974261834551,3.545320563728301,0.2202546947999955,0.0023688000001129694,"{""control"": ""european_terminal"", ""control_mean"": 7.1280646692617395, ""b_hat"": 0.7794094137470816, ""rho"": 0.7816010669037536, ""pilot_rho"": 0.8465437236601998, ""pilot_paths"": 256, ""total_paths_simulated"": 512, ""plain_std_error"": 0.5875057737870545, ""observed_vrf"": 2.481958768093778, ""theoretical_vrf"": 2.570034914972049}"
8c9057dd6dca,2026-09-24T16:12:57,aritra,control,deep_barrier,call,exact,control_variate,{},256,252,5,1091114367,JARVIS_AMD64,3.3483485239288004,0.43287848004813045,2.499922293352024,4.196774754505577,3.545320563728301,0.19697203979950073,0.00207100000079663,"{""control"": ""european_terminal"", ""control_mean"": 7.1280646692617395, ""b_hat"": 0.7613055970418428, ""rho"": 0.8449336840181834, ""pilot_rho"": 0.8324913310838405, ""pilot_paths"": 256, ""total_paths_simulated"": 512, ""plain_std_error"": 0.807297933582491, ""observed_vrf"": 3.4780489475805125, ""theoretical_vrf"": 3.4954393477416352}"
4e52fbb524b0,2026-09-24T16:12:57,aritra,control,deep_barrier,call,exact,control_variate,{},256,252,6,1672901638,JARVIS_AMD64,3.257355632660266,0.4279225497395497,2.418642846998199,4.096068418322333,3.545320563728301,0.2879649310680352,0.002321699999811244,"{""control"": ""european_terminal"", ""control_mean"": 7.1280646692617395, ""b_hat"": 0.6161701570064685, ""rho"": 0.7961205000405804, ""pilot_rho"": 0.7452911067682394, ""pilot_paths"": 256, ""total_paths_simulated"": 512, ""plain_std_error"": 0.6929920026039039, ""observed_vrf"": 2.622564029489863, ""theoretical_vrf"": 2.7308067679690846}"
9818ea632bc9,2026-09-24T16:12:57,aritra,control,deep_barrier,call,exact,control_variate,{},256,252,7,2472698548,JARVIS_AMD64,3.1755881234217256,0.40997213006228445,2.372057513834477,3.979118733008974,3.545320563728301,0.3697324403065756,0.0020799000003535184,"{""control"": ""european_terminal"", ""control_mean"": 7.1280646692617395, ""b_hat"": 0.7836956467186244, ""rho"": 0.7713195014717806, ""pilot_rho"": 0.8427493730177178, ""pilot_paths"": 256, ""total_paths_simulated"": 512, ""plain_std_error"": 0.630523072876801, ""observed_vrf"": 2.3653384860114035, ""theoretical_vrf"": 2.4687321089983776}"
e2d07726506b,2026-09-24T16:12:57,aritra,control,deep_barrier,call,exact,control_variate,{},256,252,8,1208107437,JARVIS_AMD64,3.74165766556448,0.3988839511186548,2.9598594873608812,4.523455843768079,3.545320563728301,0.1963371018361788,0.0020810999994864687,"{""control"": ""european_terminal"", ""control_mean"": 7.1280646692617395, ""b_hat"": 0.7755436570529745, ""rho"": 0.8829496713026067, ""pilot_rho"": 0.834774495169794, ""pilot_paths"": 256, ""total_paths_simulated"": 512, ""plain_std_error"": 0.8417387781011748, ""observed_vrf"": 4.453090734317997, ""theoretical_vrf"": 4.537207594290056}"
68e9af3317a1,2026-09-24T16:12:57,aritra,control,deep_barrier,call,exact,control_variate,{},256,252,9,856461500,JARVIS_AMD64,3.433736816410104,0.38514334574350184,2.6788697298675825,4.188603902952625,3.545320563728301,0.11158374731819709,0.002406900000096357,"{""control"": ""european_terminal"", ""control_mean"": 7.1280646692617395, ""b_hat"": 0.8056250252457117, ""rho"": 0.7805947570887138, ""pilot_rho"": 0.8553085520941686, ""pilot_paths"": 256, ""total_paths_simulated"": 512, ""plain_std_error"": 0.6023549367869043, ""observed_vrf"": 2.446020826929939, ""theoretical_vrf"": 2.559693163113815}"
810e0d863c4e,2026-09-24T16:12:57,aritra,control,deep_barrier,call,exact,control_variate,{},256,252,10,3913102804,JARVIS_AMD64,3.3865214935945733,0.3956867956354683,2.610989624990995,4.162053362198152,3.545320563728301,0.15879907013372785,0.002087799999571871,"{""control"": ""european_terminal"", ""control_mean"": 7.1280646692617395, ""b_hat"": 0.7177137333432694, ""rho"": 0.8223529671972767, ""pilot_rho"": 0.8025977941871745, ""pilot_paths"": 256, ""total_paths_simulated"": 512, ""plain_std_error"": 0.6937306807704648, ""observed_vrf"": 3.0738218138498845, ""theoretical_vrf"": 3.08894050642226}"
f7388fae1b0d,2026-09-24T16:12:57,aritra,control,deep_barrier,call,exact,control_variate,{},256,252,11,1546305324,JARVIS_AMD64,3.668424361275348,0.4125219693524606,2.8598961585129894,4.476952564037707,3.545320563728301,0.12310379754704703,0.0025464000000283704,"{""control"": ""european_terminal"", ""control_mean"": 7.1280646692617395, ""b_hat"": 0.675718008339346, ""rho"": 0.8340888148304552, ""pilot_rho"": 0.7798778232892983, ""pilot_paths"": 256, ""total_paths_simulated"": 512, ""plain_std_error"": 0.7360565366206466, ""observed_vrf"": 3.183671010810163, ""theoretical_vrf"": 3.2862755222239493}"
97a5e53f4262,2026-09-24T16:12:57,aritra,control,deep_barrier,call,exact,control_variate,{},256,252,12,2679333129,JARVIS_AMD64,3.138751575524453,0.4403109413843843,2.275757988412133,4.001745162636773,3.545320563728301,0.4065689882038481,0.002199799999289098,"{""control"": ""european_terminal"", ""control_mean"": 7.1280646692617395, ""b_hat"": 0.8092308885916848, ""rho"": 0.8001224617590091, ""pilot_rho"": 0.8649221933623678, ""pilot_paths"": 256, ""total_paths_simulated"": 512, ""plain_std_error"": 0.7203315698257754, ""observed_vrf"": 2.676368704488078, ""theoretical_vrf"": 2.7792905905108682}"
b05188569a39,2026-09-24T16:12:57,aritra,control,deep_barrier,call,exact,control_variate,{},256,252,13,1253926047,JARVIS_AMD64,3.614987775608226,0.36945933327242964,2.8908607886420827,4.3391147625743685,3.545320563728301,0.06966721187992464,0.0022855999995954335,"{""control"": ""european_terminal"", ""control_mean"": 7.1280646692617395, ""b_hat"": 0.7969932602619105, ""rho"": 0.8407372831912151, ""pilot_rho"": 0.8471816267862369, ""pilot_paths"": 256, ""total_paths_simulated"": 512, ""plain_std_error"": 0.6818231098475527, ""observed_vrf"": 3.4057294914225844, ""theoretical_vrf"": 3.411097014175006}"
08d7b8bd57b5,2026-09-24T16:12:57,aritra,control,deep_barrier,call,exact,control_variate,{},256,252,14,2644131352,JARVIS_AMD64,3.297843348599394,0.3875381809602852,2.538282471283069,4.057404225915719,3.545320563728301,0.24747721512890708,0.002108599999701255,"{""control"": ""european_terminal"", ""control_mean"": 7.1280646692617395, ""b_hat"": 0.7726167556835167, ""rho"": 0.8264589795181653, ""pilot_rho"": 0.8427334970521531, ""pilot_paths"": 256, ""total_paths_simulated"": 512, ""plain_std_error"": 0.6868375957367634, ""observed_vrf"": 3.141080927278608, ""theoretical_vrf"": 3.154916941847823}"
03eeee142c91,2026-09-24T16:12:57,aritra,control,deep_barrier,call,exact,control_variate,{},256,252,15,3166591600,JARVIS_AMD64,3.383693327195278,0.37648973992489265,2.6457869963936367,4.121599657996919,3.545320563728301,0.16162723653302313,0.002186900000197056,"{""control"": ""european_terminal"", ""control_mean"": 7.1280646692617395, ""b_hat"": 0.8671027963305756, ""rho"": 0.8085238100723753, ""pilot_rho"": 0.8965948537052426, ""pilot_paths"": 256, ""total_paths_simulated"": 512, ""plain_std_error"": 0.6187878957727263, ""observed_vrf"": 2.7013280543307308, ""theoretical_vrf"": 2.887759305836548}"
76e50909eb20,2026-09-24T16:12:57,aritra,control,deep_barrier,call,exact,control_variate,{},256,252,16,3427665937,JARVIS_AMD64,2.7968564479867144,0.4410622027024565,1.9323904157479947,3.661322480225434,3.545320563728301,0.7484641157415868,0.0022315000005619368,"{""control"": ""european_terminal"", ""control_mean"": 7.1280646692617395, ""b_hat"": 0.8247284586499287, ""rho"": 0.8085248345896786, ""pilot_rho"": 0.8760407317162248, ""pilot_paths"": 256, ""total_paths_simulated"": 512, ""plain_std_error"": 0.7411342907188293, ""observed_vrf"": 2.823541212890048, ""theoretical_vrf"": 2.887773121331364}"
8b4977b49878,2026-09-24T16:12:57,aritra,control,deep_barrier,call,exact,control_variate,{},256,252,17,443672127,JARVIS_AMD64,3.3328524893212528,0.4259554508149953,2.4979951467053394,4.167709831937166,3.545320563728301,0.2124680744070484,0.002081799999359646,"{""control"": ""european_terminal"", ""control_mean"": 7.1280646692617395, ""b_hat"": 0.7075908884126283, ""rho"": 0.8417067189349647, ""pilot_rho"": 0.8002941943723932, ""pilot_paths"": 256, ""total_paths_simulated"": 512, ""plain_std_error"": 0.7824540310038527, ""observed_vrf"": 3.374343605792498, ""theoretical_vrf"": 3.430181073777127}"
1055c8446b7d,2026-09-24T16:12:57,aritra,control,deep_barrier,call,exact,control_variate,{},256,252,18,2709929115,JARVIS_AMD64,3.341367308814551,0.3734816619676432,2.6093567024718074,4.073377915157295,3.545320563728301,0.20395325491375038,0.0022405999998227344,"{""control"": ""european_terminal"", ""control_mean"": 7.1280646692617395, ""b_hat"": 0.8256984151497937, ""rho"": 0.7508187325470385, ""pilot_rho"": 0.8680812456803005, ""pilot_paths"": 256, ""total_paths_simulated"": 512, ""plain_std_error"": 0.5276820875530361, ""observed_vrf"": 1.9962095948307301, ""theoretical_vrf"": 2.292152058793486}"
f8144710e372,2026-09-24T16:12:57,aritra,control,deep_barrier,call,exact,control_variate,{},256,252,19,2316098379,JARVIS_AMD64,3.6317855920727613,0.4028763416219657,2.8421624722704535,4.421408711875069,3.545320563728301,0.08646502834446013,0.002124300000104995,"{""control"": ""european_terminal"", ""control_mean"": 7.1280646692617395, ""b_hat"": 0.7359669467535468, ""rho"": 0.8634407318102792, ""pilot_rho"": 0.8054153664404519, ""pilot_paths"": 256, ""total_paths_simulated"": 512, ""plain_std_error"": 0.7874054426173027, ""observed_vrf"": 3.819911446279732, ""theoretical_vrf"": 3.929734729473328}"
e3dbe3fe847f,2026-09-24T16:12:57,aritra,control,deep_barrier,call,exact,control_variate,{},1024,252,0,64518825,JARVIS_AMD64,3.498687076235666,0.20568817534838083,3.09554566050708,3.901828491964252,3.545320563728301,0.04663348749263507,0.006352600000354869,"{""control"": ""european_terminal"", ""control_mean"": 7.1280646692617395, ""b_hat"": 0.7811104422474459, ""rho"": 0.8426895530407054, ""pilot_rho"": 0.837427114226828, ""pilot_paths"": 256, ""total_paths_simulated"": 1280, ""plain_std_error"": 0.3820338377299311, ""observed_vrf"": 3.449729251433618, ""theoretical_vrf"": 3.4497709547812434}"
9702997fe704,2026-09-24T16:12:57,aritra,control,deep_barrier,call,exact,control_variate,{},1024,252,1,1830023017,JARVIS_AMD64,3.1449877956645373,0.21209974989910169,2.729279924732345,3.5606956665967298,3.545320563728301,0.40033276806376383,0.006451299999753246,"{""control"": ""european_terminal"", ""control_mean"": 7.1280646692617395, ""b_hat"": 0.8505090454156753, ""rho"": 0.8194388540644422, ""pilot_rho"": 0.8810875464987405, ""pilot_paths"": 256, ""total_paths_simulated"": 1280, ""plain_std_error"": 0.3633861787747668, ""observed_vrf"": 2.935327054135068, ""theoretical_vrf"": 3.0439550353523663}"
cdbe542aed25,2026-09-24T16:12:57,aritra,control,deep_barrier,call,exact,control_variate,{},1024,252,2,836569150,JARVIS_AMD64,3.362993034681557,0.22313612639791497,2.9256542632918663,3.800331806071248,3.545320563728301,0.1823275290467441,0.006520199999613396,"{""control"": ""european_terminal"", ""control_mean"": 7.1280646692617395, ""b_hat"": 0.5870517471798753, ""rho"": 0.8428524240739663, ""pilot_rho"": 0.7230882262823559, ""pilot_paths"": 256, ""total_paths_simulated"": 1280, ""plain_std_error"": 0.38534606974620067, ""observed_vrf"": 2.982373890623157, ""theoretical_vrf"": 3.4530411632675824}"
052b2b923cfb,2026-09-24T16:12:57,aritra,control,deep_barrier,call,exact,control_variate,{},1024,252,3,821318274,JARVIS_AMD64,3.701622362559484,0.18997146251588654,3.3292851379379456,4.073959587181022,3.545320563728301,0.156301798831183,0.006571799999619543,"{""control"": ""european_terminal"", ""control_mean"": 7.1280646692617395, ""b_hat"": 0.8394680205471088, ""rho"": 0.8341839204034966, ""pilot_rho"": 0.8654748799514749, ""pilot_paths"": 256, ""total_paths_simulated"": 1280, ""plain_std_error"": 0.34080141703914996, ""observed_vrf"": 3.2182964882885092, ""theoretical_vrf"": 3.287989903702398}"
b6538ecdf991,2026-09-24T16:12:57,aritra,control,deep_barrier,call,exact,control_variate,{},1024,252,4,3085791244,JARVIS_AMD64,3.2002909017580574,0.2105312224704331,2.787657288094819,3.612924515421296,3.545320563728301,0.34502966197024376,0.006561899999724119,"{""control"": ""european_terminal"", ""control_mean"": 7.1280646692617395, ""b_hat"": 0.7712582526277106, ""rho"": 0.8298830915376442, ""pilot_rho"": 0.8355636127528444, ""pilot_paths"": 256, ""total_paths_simulated"": 1280, ""plain_std_error"": 0.3773091179873462, ""observed_vrf"": 3.2118967528812257, ""theoretical_vrf"": 3.21239672242355}"
bb2803c324e7,2026-09-24T16:12:57,aritra,control,deep_barrier,call,exact,control_variate,{},1024,252,5,3895660615,JARVIS_AMD64,3.7377507747562255,0.19736619009822365,3.350920150397821,4.124581399114629,3.545320563728301,0.19243021102792435,0.006429299999581417,"{""control"": ""european_terminal"", ""control_mean"": 7.1280646692617395, ""b_hat"": 0.7415074753703615, ""rho"": 0.8613647267651505, ""pilot_rho"": 0.810035463515408, ""pilot_paths"": 256, ""total_paths_simulated"": 1280, ""plain_std_error"": 0.3847861869617619, ""observed_vrf"": 3.8009611558248535, ""theoretical_vrf"": 3.875205854796298}"
6621f9e9d5d1,2026-09-24T16:12:57,aritra,control,deep_barrier,call,exact,control_variate,{},1024,252,6,1163321732,JARVIS_AMD64,3.264039378551482,0.20231747056390367,2.8675044228029885,3.6605743342999757,3.545320563728301,0.2812811851768191,0.006412100000488863,"{""control"": ""european_terminal"", ""control_mean"": 7.1280646692617395, ""b_hat"": 0.7943045339780042, ""rho"": 0.8202341822222182, ""pilot_rho"": 0.8414692394840791, ""pilot_paths"": 256, ""total_paths_simulated"": 1280, ""plain_std_error"": 0.35190568467405003, ""observed_vrf"": 3.0254208222507644, ""theoretical_vrf"": 3.0560863387898842}"
fa4f17094f56,2026-09-24T16:12:57,aritra,control,deep_barrier,call,exact,control_variate,{},1024,252,7,3863948812,JARVIS_AMD64,3.8522090770760373,0.19720595448907213,3.465692508740611,4.2387256454114635,3.545320563728301,0.30688851334773615,0.006233800000700285,"{""control"": ""european_terminal"", ""control_mean"": 7.1280646692617395, ""b_hat"": 0.7376726165889417, ""rho"": 0.8586984985571939, ""pilot_rho"": 0.8151031459908267, ""pilot_paths"": 256, ""total_paths_simulated"": 1280, ""plain_std_error"": 0.38098383419220566, ""observed_vrf"": 3.7322699520535214, ""theoretical_vrf"": 3.8075382533785644}"
7d33bd519b63,2026-09-24T16:12:57,aritra,control,deep_barrier,call,exact,control_variate,{},1024,252,8,1488631561,JARVIS_AMD64,3.3750168936166856,0.19956835580449342,2.9838701037860034,3.7661636834473677,3.545320563728301,0.17030367011161562,0.006464699999924051,"{""control"": ""european_terminal"", ""control_mean"": 7.1280646692617395, ""b_hat"": 0.7457384087193982, ""rho"": 0.8315237162463336, ""pilot_rho"": 0.8317369635198505, ""pilot_paths"": 256, ""total_paths_simulated"": 1280, ""plain_std_error"": 0.35906437922473616, ""observed_vrf"": 3.237138553040586, ""theoretical_vrf"": 3.2407735007010037}"
22978f82ba72,2026-09-24T16:12:57,aritra,control,deep_barrier,call,exact,control_variate,{},1024,252,9,538325760,JARVIS_AMD64,3.2362157222660386,0.20324705325164474,2.8378588179289204,3.634572626603157,3.545320563728301,0.3091048414622626,0.006492200000138837,"{""control"": ""european_terminal"", ""control_mean"": 7.1280646692617395, ""b_hat"": 0.678786947777976, ""rho"": 0.8072611141361513, ""pilot_rho"": 0.7855337350600125, ""pilot_paths"": 256, ""total_paths_simulated"": 1280, ""plain_std_error"": 0.343118306157113, ""observed_vrf"": 2.849963271088879, ""theoretical_vrf"": 2.870845042877223}"
f0955b0d26fd,2026-09-24T16:12:57,aritra,control,deep_barrier,call,exact,control_variate,{},1024,252,10,1381095692,JARVIS_AMD64,3.200586531494592,0.21118399083596193,2.7866735153446696,3.614499547644514,3.545320563728301,0.34473403223370935,0.006546399999933783,"{""control"": ""european_terminal"", ""control_mean"": 7.1280646692617395, ""b_hat"": 0.8238634334745782, ""rho"": 0.828368798354894, ""pilot_rho"": 0.8686377997354362, ""pilot_paths"": 256, ""total_paths_simulated"": 1280, ""plain_std_error"": 0.37439282150570563, ""observed_vrf"": 3.142917932250779, ""theoretical_vrf"": 3.1866910127742174}"
1788561f8d42,2026-09-24T16:12:57,aritra,control,deep_barrier,call,exact,control_variate,{},1024,252,11,305011530,JARVIS_AMD64,3.5996697592366074,0.19604242879277387,3.2154336593610124,3.9839058591122023,3.545320563728301,0.05434919550830619,0.006507000000055996,"{""control"": ""european_terminal"", ""control_mean"": 7.1280646692617395, ""b_hat"": 0.81513865337531, ""rho"": 0.8537705341077537, ""pilot_rho"": 0.8658374156175958, ""pilot_paths"": 256, ""total_paths_simulated"": 1280, ""plain_std_error"": 0.3761800380811683, ""observed_vrf"": 3.682064088215594, ""theoretical_vrf"": 3.689004046082475}"
5909f5fd3061,2026-09-24T16:12:57,aritra,control,deep_barrier,call,exact,control_variate,{},1024,252,12,678683767,JARVIS_AMD64,3.613291000479045,0.20814223608150592,3.20533971409766,4.02124228686043,3.545320563728301,0.06797043675074388,0.006362400000398338,"{""control"": ""european_terminal"", ""control_mean"": 7.1280646692617395, ""b_hat"": 0.7525496953123926, ""rho"": 0.86634831305387, ""pilot_rho"": 0.8299669546114102, ""pilot_paths"": 256, ""total_paths_simulated"": 1280, ""plain_std_error"": 0.4125568198279205, ""observed_vrf"": 3.92868410322372, ""theoretical_vrf"": 4.008970464795789}"
3c3aa2dfd775,2026-09-24T16:12:57,aritra,control,deep_barrier,call,exact,control_variate,{},1024,252,13,1202794229,JARVIS_AMD64,3.3936986956028754,0.21192598546216457,2.9783313967088736,3.809065994496877,3.545320563728301,0.15162186812542577,0.006501799999568902,"{""control"": ""european_terminal"", ""control_mean"": 7.1280646692617395, ""b_hat"": 0.6853699614479302, ""rho"": 0.8258333979984368, ""pilot_rho"": 0.7798332423009543, ""pilot_paths"": 256, ""total_paths_simulated"": 1280, ""plain_std_error"": 0.3723046076294112, ""observed_vrf"": 3.0862307884506133, ""theoretical_vrf"": 3.1446620115072923}"
f8cc97af5f9a,2026-09-24T16:12:57,aritra,control,deep_barrier,call,exact,control_variate,{},1024,252,14,3314380916,JARVIS_AMD64,3.6723963199778336,0.2104894808471559,3.2598445183928746,4.0849481215627925,3.545320563728301,0.12707575624953238,0.00630749999982072,"{""control"": ""european_terminal"", ""control_mean"": 7.1280646692617395, ""b_hat"": 0.6433302678127351, ""rho"": 0.855946760284514, ""pilot_rho"": 0.7437111525947023, ""pilot_paths"": 256, ""total_paths_simulated"": 1280, ""plain_std_error"": 0.386123853080861, ""observed_vrf"": 3.36505733809327, ""theoretical_vrf"": 3.740343225457328}"
cf59725c68f5,2026-09-24T16:12:57,aritra,control,deep_barrier,call,exact,control_variate,{},1024,252,15,2487958795,JARVIS_AMD64,3.375898819504997,0.20323335107434676,2.9775687709418928,3.7742288680681013,3.545320563728301,0.16942174422330414,0.006340700000691868,"{""control"": ""european_terminal"", ""control_mean"": 7.1280646692617395, ""b_hat"": 0.7225689440678978, ""rho"": 0.8396005468768252, ""pilot_rho"": 0.8042793799829331, ""pilot_paths"": 256, ""total_paths_simulated"": 1280, ""plain_std_error"": 0.37161410898264835, ""observed_vrf"": 3.343446916489172, ""theoretical_vrf"": 3.389015746765003}"
2e17b596f16e,2026-09-24T16:12:57,aritra,control,deep_barrier,call,exact,control_variate,{},1024,252,16,2326166189,JARVIS_AMD64,3.3099755689886714,0.21299135324288895,2.892520187614161,3.727430950363182,3.545320563728301,0.23534499473962978,0.006588899999769637,"{""control"": ""european_terminal"", ""control_mean"": 7.1280646692617395, ""b_hat"": 0.5787460285197018, ""rho"": 0.8223202264140775, ""pilot_rho"": 0.7071200659221707, ""pilot_paths"": 256, ""total_paths_simulated"": 1280, ""plain_std_error"": 0.35540701843675343, ""observed_vrf"": 2.7843771044233208, ""theoretical_vrf"": 3.088426799362575}"
3abc083b8e78,2026-09-24T16:12:57,aritra,control,deep_barrier,call,exact,control_variate,{},1024,252,17,2941932010,JARVIS_AMD64,3.810248572292715,0.19350742056143022,3.4309809972510665,4.189516147334364,3.545320563728301,0.2649280085644139,0.006467000000156986,"{""control"": ""european_terminal"", ""control_mean"": 7.1280646692617395, ""b_hat"": 0.7122173074218016, ""rho"": 0.8528323965864012, ""pilot_rho"": 0.7943972819391646, ""pilot_paths"": 256, ""total_paths_simulated"": 1280, ""plain_std_error"": 0.36483078794997725, ""observed_vrf"": 3.554575266259225, ""theoretical_vrf"": 3.6673439802853114}"
b0dc0342affd,2026-09-24T16:12:57,aritra,control,deep_barrier,call,exact,control_variate,{},1024,252,18,373728239,JARVIS_AMD64,3.4383328214083173,0.2066281331770223,3.033349122188608,3.8433165206280266,3.545320563728301,0.10698774231998387,0.006257699999878241,"{""control"": ""european_terminal"", ""control_mean"": 7.1280646692617395, ""b_hat"": 0.6700800322284888, ""rho"": 0.8418458287773007, ""pilot_rho"": 0.770461369652392, ""pilot_paths"": 256, ""total_paths_simulated"": 1280, ""plain_std_error"": 0.37400911606392456, ""observed_vrf"": 3.2763136527489345, ""theoretical_vrf"": 3.432938904818108}"
a7039ad10c9c,2026-09-24T16:12:57,aritra,control,deep_barrier,call,exact,control_variate,{},1024,252,19,1248945086,JARVIS_AMD64,3.3093146939511193,0.1967081629542809,2.9237737790956926,3.694855608806546,3.545320563728301,0.23600586977718185,0.006214199999703851,"{""control"": ""european_terminal"", ""control_mean"": 7.1280646692617395, ""b_hat"": 0.759586354466798, ""rho"": 0.8233321922067202, ""pilot_rho"": 0.8315128311716813, ""pilot_paths"": 256, ""total_paths_simulated"": 1280, ""plain_std_error"": 0.34657133653381067, ""observed_vrf"": 3.104134404090736, ""theoretical_vrf"": 3.1043936049446677}"
aace1aea7427,2026-09-24T16:12:57,aritra,control,deep_barrier,call,exact,control_variate,{},4096,252,0,2593598496,JARVIS_AMD64,3.448139359108824,0.10325686606348657,3.245759620467914,3.6505190977497337,3.545320563728301,0.09718120461947732,0.022250099999837403,"{""control"": ""european_terminal"", ""control_mean"": 7.1280646692617395, ""b_hat"": 0.6669095380834617, ""rho"": 0.8413287782654848, ""pilot_rho"": 0.761611988016082, ""pilot_paths"": 410, ""total_paths_simulated"": 4506, ""plain_std_error"": 0.18612587042607395, ""observed_vrf"": 3.2491937123410386, ""theoretical_vrf"": 3.422713071465748}"
06adb6c6e672,2026-09-24T16:12:57,aritra,control,deep_barrier,call,exact,control_variate,{},4096,252,1,1715309939,JARVIS_AMD64,3.3941177296161653,0.10173835038786068,3.1947142270094417,3.593521232222889,3.545320563728301,0.15120283411213586,0.02224720000049274,"{""control"": ""european_terminal"", ""control_mean"": 7.1280646692617395, ""b_hat"": 0.7608536658047939, ""rho"": 0.8313628823490505, ""pilot_rho"": 0.8336077850250178, ""pilot_paths"": 410, ""total_paths_simulated"": 4506, ""plain_std_error"": 0.18305011635100268, ""observed_vrf"": 3.2372082264164974, ""theoretical_vrf"": 3.2379670247844694}"
0b2acda513ca,2026-09-24T16:12:57,aritra,control,deep_barrier,call,exact,control_variate,{},4096,252,2,685299000,JARVIS_AMD64,3.422746287198681,0.10337800775344352,3.220129115208429,3.6253634591889328,3.545320563728301,0.12257427652962027,0.022568900000806025,"{""control"": ""european_terminal"", ""control_mean"": 7.1280646692617395, ""b_hat"": 0.7671113366264433, ""rho"": 0.8400263025482606, ""pilot_rho"": 0.8291587859551556, ""pilot_paths"": 410, ""total_paths_simulated"": 4506, ""plain_std_error"": 0.1904719830283896, ""observed_vrf"": 3.394735092024789, ""theoretical_vrf"": 3.3972490521273953}"
8fbc8c8fc636,2026-09-24T16:12:57,aritra,control,deep_barrier,call,exact,control_variate,{},4096,252,3,307950064,JARVIS_AMD64,3.438893962945293,0.09931781661044088,3.244234619365675,3.6335533065249113,3.545320563728301,0.10642660078300814,0.022291900000709575,"{""control"": ""european_terminal"", ""control_mean"": 7.1280646692617395, ""b_hat"": 0.8242688443022054, ""rho"": 0.8373840118188088, ""pilot_rho"": 0.865117297023918, ""pilot_paths"": 410, ""total_paths_simulated"": 4506, ""plain_std_error"": 0.18087642938787532, ""observed_vrf"": 3.3167262297700404, ""theoretical_vrf"": 3.3468544383957686}"
c2792207c899,2026-09-24T16:12:57,aritra,control,deep_barrier,call,exact,control_variate,{},4096,252,4,1813973776,JARVIS_AMD64,3.433150555956013,0.10080297965574284,3.2355803462964334,3.630720765615593,3.545320563728301,0.11217000777228803,0.023248299999977462,"{""control"": ""european_terminal"", ""control_mean"": 7.1280646692617395, ""b_hat"": 0.7163173926992472, ""rho"": 0.8356369133865474, ""pilot_rho"": 0.8087303540068748, ""pilot_paths"": 410, ""total_paths_simulated"": 4506, ""plain_std_error"": 0.1824209073928281, ""observed_vrf"": 3.2749334861774337, ""theoretical_vrf"": 3.314430594453011}"
5c63d15def0d,2026-09-24T16:12:57,aritra,control,deep_barrier,call,exact,control_variate,{},4096,252,5,4057051110,JARVIS_AMD64,3.3350685238043103,0.1016113123026016,3.1359140112693593,3.5342230363392613,3.545320563728301,0.21025203992399089,0.022617199999331206,"{""control"": ""european_terminal"", ""control_mean"": 7.1280646692617395, ""b_hat"": 0.6958550440723749, ""rho"": 0.8251942226153528, ""pilot_rho"": 0.7908357480509592, ""pilot_paths"": 410, ""total_paths_simulated"": 4506, ""plain_std_error"": 0.1787884338997711, ""observed_vrf"": 3.095955572189279, ""theoretical_vrf"": 3.1342608105813974}"
893da5f00bdd,2026-09-24T16:12:57,aritra,control,deep_barrier,call,exact,control_variate,{},4096,252,6,2348739736,JARVIS_AMD64,3.2406292766944675,0.09997332780782926,3.0446851547765057,3.4365733986124294,3.545320563728301,0.30469128703383364,0.022328799999741022,"{""control"": ""european_terminal"", ""control_mean"": 7.1280646692617395, ""b_hat"": 0.7864037088756382, ""rho"": 0.8110683350709368, ""pilot_rho"": 0.83945744787485, ""pilot_paths"": 410, ""total_paths_simulated"": 4506, ""plain_std_error"": 0.16997108360883187, ""observed_vrf"": 2.890558671407312, ""theoretical_vrf"": 2.92253964291241}"
27f89ad072bc,2026-09-24T16:12:57,aritra,control,deep_barrier,call,exact,control_variate,{},4096,252,7,575192377,JARVIS_AMD64,3.3542834864178683,0.10505587645403293,3.1483777522036744,3.5601892206320622,3.545320563728301,0.19103707731043285,0.0217185999999856,"{""control"": ""european_terminal"", ""control_mean"": 7.1280646692617395, ""b_hat"": 0.8796154890648146, ""rho"": 0.8304933906614026, ""pilot_rho"": 0.9002776404979563, ""pilot_paths"": 410, ""total_paths_simulated"": 4506, ""plain_std_error"": 0.1843042557409118, ""observed_vrf"": 3.077726518067608, ""theoretical_vrf"": 3.222887886809792}"
540d16358daf,2026-09-24T16:12:57,aritra,control,deep_barrier,call,exact,control_variate,{},4096,252,8,3404711305,JARVIS_AMD64,3.319802010808945,0.1027625243306388,3.118391164160472,3.521212857457418,3.545320563728301,0.22551855291935619,0.022014999999555585,"{""control"": ""european_terminal"", ""control_mean"": 7.1280646692617395, ""b_hat"": 0.8158618952864243, ""rho"": 0.8273823400804718, ""pilot_rho"": 0.8612974559904134, ""pilot_paths"": 410, ""total_paths_simulated"": 4506, ""plain_std_error"": 0.18184697210034348, ""observed_vrf"": 3.1314293668359534, ""theoretical_vrf"": 3.1701904373536958}"
693fb425c6ab,2026-09-24T16:12:57,aritra,control,deep_barrier,call,exact,control_variate,{},4096,252,9,1241450213,JARVIS_AMD64,3.342389755130309,0.09979306423876254,3.146798943315442,3.5379805669451754,3.545320563728301,0.2029308085979924,0.02259279999998398,"{""control"": ""european_terminal"", ""control_mean"": 7.1280646692617395, ""b_hat"": 0.742687500131115, ""rho"": 0.8220972725372965, ""pilot_rho"": 0.8178902174756594, ""pilot_paths"": 410, ""total_paths_simulated"": 4506, ""plain_std_error"": 0.17525385858143813, ""observed_vrf"": 3.0841426759746313, ""theoretical_vrf"": 3.0849337054176105}"
0f45d2ede389,2026-09-24T16:12:57,aritra,control,deep_barrier,call,exact,control_variate,{},4096,252,10,3864606462,JARVIS_AMD64,3.4831347026677877,0.09970364550269308,3.28771914835516,3.678550256980415,3.545320563728301,0.06218586106051349,0.02313419999973121,"{""control"": ""european_terminal"", ""control_mean"": 7.1280646692617395, ""b_hat"": 0.8260101256392587, ""rho"": 0.8409227696736034, ""pilot_rho"": 0.868452569598688, ""pilot_paths"": 410, ""total_paths_simulated"": 4506, ""plain_std_error"": 0.1835515243911751, ""observed_vrf"": 3.3891743863042665, ""theoretical_vrf"": 3.4147303116244814}"
b27bbab34311,2026-09-24T16:12:57,aritra,control,deep_barrier,call,exact,control_variate,{},4096,252,11,118102162,JARVIS_AMD64,3.2691081804326743,0.10043994921010792,3.0722494973718306,3.465966863493518,3.545320563728301,0.2762123832956269,0.022856399999909627,"{""control"": ""european_terminal"", ""control_mean"": 7.1280646692617395, ""b_hat"": 0.786890165191684, ""rho"": 0.823540945778501, ""pilot_rho"": 0.8345631144377287, ""pilot_paths"": 410, ""total_paths_simulated"": 4506, ""plain_std_error"": 0.17663877251285615, ""observed_vrf"": 3.0928517777650004, ""theoretical_vrf"": 3.1077103445322374}"
f67b6075d9d6,2026-09-24T16:12:57,aritra,control,deep_barrier,call,exact,control_variate,{},4096,252,12,1933626108,JARVIS_AMD64,3.5574137010736577,0.09731549535936367,3.3666788350316303,3.748148567115685,3.545320563728301,0.012093137345356553,0.02259830000002694,"{""control"": ""european_terminal"", ""control_mean"": 7.1280646692617395, ""b_hat"": 0.8003633291930146, ""rho"": 0.8443414816429641, ""pilot_rho"": 0.8544622182693029, ""pilot_paths"": 410, ""total_paths_simulated"": 4506, ""plain_std_error"": 0.18152886346982183, ""observed_vrf"": 3.479584454356702, ""theoretical_vrf"": 3.4832590448932117}"
62c4419e4ee7,2026-09-24T16:12:57,aritra,control,deep_barrier,call,exact,control_variate,{},4096,252,13,2948927465,JARVIS_AMD64,3.5237417093429886,0.10293505435643516,3.3219927100577027,3.7254907086282745,3.545320563728301,0.021578854385312596,0.02357510000001639,"{""control"": ""european_terminal"", ""control_mean"": 7.1280646692617395, ""b_hat"": 0.6727737899127976, ""rho"": 0.8467284553776068, ""pilot_rho"": 0.7766129551085497, ""pilot_paths"": 410, ""total_paths_simulated"": 4506, ""plain_std_error"": 0.188436392779657, ""observed_vrf"": 3.3512202188958904, ""theoretical_vrf"": 3.5329331906694774}"
f9546cbf9127,2026-09-24T16:12:57,aritra,control,deep_barrier,call,exact,control_variate,{},4096,252,14,2456434937,JARVIS_AMD64,3.306967221648159,0.09833631472067597,3.114231586423238,3.49970285687308,3.545320563728301,0.23835334208014203,0.024026600000070175,"{""control"": ""european_terminal"", ""control_mean"": 7.1280646692617395, ""b_hat"": 0.7410515956909702, ""rho"": 0.8243015204895697, ""pilot_rho"": 0.8232450898261646, ""pilot_paths"": 410, ""total_paths_simulated"": 4506, ""plain_std_error"": 0.17366373116691597, ""observed_vrf"": 3.1188206293131624, ""theoretical_vrf"": 3.119861945004564}"
5e1aac683bbd,2026-09-24T16:12:57,aritra,control,deep_barrier,call,exact,control_variate,{},4096,252,15,2026601628,JARVIS_AMD64,3.4727559991619823,0.10131871544106254,3.2741749659376373,3.6713370323863272,3.545320563728301,0.07256456456631888,0.023619799999323732,"{""control"": ""european_terminal"", ""control_mean"": 7.1280646692617395, ""b_hat"": 0.8487934330191921, ""rho"": 0.8370434398890064, ""pilot_rho"": 0.8841300588857834, ""pilot_paths"": 410, ""total_paths_simulated"": 4506, ""plain_std_error"": 0.18322489978345868, ""observed_vrf"": 3.270315371272101, ""theoretical_vrf"": 3.3404788431861725}"
58ae625d0d89,2026-09-24T16:12:57,aritra,control,deep_barrier,call,exact,control_variate,{},4096,252,16,1684569494,JARVIS_AMD64,3.47179808774019,0.09891305222797103,3.2779320677724373,3.6656641077079426,3.545320563728301,0.07352247598811124,0.022916199999599485,"{""control"": ""european_terminal"", ""control_mean"": 7.1280646692617395, ""b_hat"": 0.7864260349512142, ""rho"": 0.8341449238545194, ""pilot_rho"": 0.8446687685530364, ""pilot_paths"": 410, ""total_paths_simulated"": 4506, ""plain_std_error"": 0.17924093449469045, ""observed_vrf"": 3.2837281213096, ""theoretical_vrf"": 3.2872867085095856}"
d1f67f48ad5f,2026-09-24T16:12:58,aritra,control,deep_barrier,call,exact,control_variate,{},4096,252,17,3739522845,JARVIS_AMD64,3.47231766170803,0.10082855349459983,3.274697328245344,3.669937995170716,3.545320563728301,0.07300290202027115,0.0241280000000188,"{""control"": ""european_terminal"", ""control_mean"": 7.1280646692617395, ""b_hat"": 0.7399275010810666, ""rho"": 0.8418579303993363, ""pilot_rho"": 0.8101751033086423, ""pilot_paths"": 410, ""total_paths_simulated"": 4506, ""plain_std_error"": 0.18627241264407773, ""observed_vrf"": 3.412950628456903, ""theoretical_vrf"": 3.4331790488479577}"
0d5a035686df,2026-09-24T16:12:58,aritra,control,deep_barrier,call,exact,control_variate,{},4096,252,18,3151359126,JARVIS_AMD64,3.4861914100816778,0.10112995728014529,3.2879803360545186,3.684402484108837,3.545320563728301,0.05912915364662341,0.024647100000038336,"{""control"": ""european_terminal"", ""control_mean"": 7.1280646692617395, ""b_hat"": 0.8189259842400575, ""rho"": 0.8448078778271745, ""pilot_rho"": 0.8657253151911403, ""pilot_paths"": 410, ""total_paths_simulated"": 4506, ""plain_std_error"": 0.1886475148172669, ""observed_vrf"": 3.479705816235862, ""theoretical_vrf"": 3.4928439539931295}"
4944d47fcde1,2026-09-24T16:12:58,aritra,control,deep_barrier,call,exact,control_variate,{},4096,252,19,4052830909,JARVIS_AMD64,3.385687179736353,0.10019736696162793,3.1893039491458186,3.582070410326887,3.545320563728301,0.15963338399194837,0.023370400000203517,"{""control"": ""european_terminal"", ""control_mean"": 7.1280646692617395, ""b_hat"": 0.7833020170017517, ""rho"": 0.8199426446078367, ""pilot_rho"": 0.8429806087210042, ""pilot_paths"": 410, ""total_paths_simulated"": 4506, ""plain_std_error"": 0.17457076866154903, ""observed_vrf"": 3.0355013491362612, ""theoretical_vrf"": 3.05162687832221}"
fce3c9c11244,2026-09-24T16:12:58,aritra,control,deep_barrier,call,exact,control_variate,{},16384,252,0,299219199,JARVIS_AMD64,3.4359545142514634,0.049829348395239365,3.3382907860236957,3.533618242479231,3.545320563728301,0.10936604947683781,0.09483480000017153,"{""control"": ""european_terminal"", ""control_mean"": 7.1280646692617395, ""b_hat"": 0.7764337013008907, ""rho"": 0.8339219738281497, ""pilot_rho"": 0.8400825731107264, ""pilot_paths"": 1639, ""total_paths_simulated"": 18023, ""plain_std_error"": 0.09027501691884791, ""observed_vrf"": 3.2821977306485763, ""theoretical_vrf"": 3.283272817766298}"
23e26ff2ef6a,2026-09-24T16:12:58,aritra,control,deep_barrier,call,exact,control_variate,{},16384,252,1,3437692692,JARVIS_AMD64,3.3977055687339592,0.049963707945053275,3.299778500627577,3.4956326368403414,3.545320563728301,0.14761499499434194,0.09269680000033986,"{""control"": ""european_terminal"", ""control_mean"": 7.1280646692617395, ""b_hat"": 0.7548895269892216, ""rho"": 0.8325405159799282, ""pilot_rho"": 0.8266111794877462, ""pilot_paths"": 1639, ""total_paths_simulated"": 18023, ""plain_std_error"": 0.09017151321928808, ""observed_vrf"": 3.2570872581108876, ""theoretical_vrf"": 3.258642114181815}"
9433df30f476,2026-09-24T16:12:58,aritra,control,deep_barrier,call,exact,control_variate,{},16384,252,2,64945204,JARVIS_AMD64,3.409168515915362,0.049947416280186216,3.3112733788853674,3.507063652945357,3.545320563728301,0.136152047812939,0.09427230000073905,"{""control"": ""european_terminal"", ""control_mean"": 7.1280646692617395, ""b_hat"": 0.7829404145777722, ""rho"": 0.830070088316173, ""pilot_rho"": 0.8442616565092831, ""pilot_paths"": 1639, ""total_paths_simulated"": 18023, ""plain_std_error"": 0.08948949212375179, ""observed_vrf"": 3.2100960815164723, ""theoretical_vrf"": 3.215603151094198}"
b4493a3e37b7,2026-09-24T16:12:58,aritra,control,deep_barrier,call,exact,control_variate,{},16384,252,3,4211612801,JARVIS_AMD64,3.3763935559216622,0.049953243692860735,3.2784869973727027,3.474300114470622,3.545320563728301,0.16892700780663894,0.0920404000007693,"{""control"": ""european_terminal"", ""control_mean"": 7.1280646692617395, ""b_hat"": 0.7563932270708903, ""rho"": 0.8267417296551037, ""pilot_rho"": 0.8236447383406885, ""pilot_paths"": 1639, ""total_paths_simulated"": 18023, ""plain_std_error"": 0.08879285637125027, ""observed_vrf"": 3.1595749764224905, ""theoretical_vrf"": 3.159576505113639}"
6ba7ae4f6092,2026-09-24T16:12:58,aritra,control,deep_barrier,call,exact,control_variate,{},16384,252,4,3467146564,JARVIS_AMD64,3.394230077416979,0.05036107966683615,3.2955241750474276,3.4929359797865303,3.545320563728301,0.15109048631132227,0.09149329999945621,"{""control"": ""european_terminal"", ""control_mean"": 7.1280646692617395, ""b_hat"": 0.7400577655305106, ""rho"": 0.832034717323693, ""pilot_rho"": 0.8175415680837611, ""pilot_paths"": 1639, ""total_paths_simulated"": 18023, ""plain_std_error"": 0.09068073245801, ""observed_vrf"": 3.2422012917883767, ""theoretical_vrf"": 3.249726227476042}"
06dfca65048d,2026-09-24T16:12:58,aritra,control,deep_barrier,call,exact,control_variate,{},16384,252,5,3363607685,JARVIS_AMD64,3.4075671433238766,0.04923473912749442,3.3110688278457623,3.504065458801991,3.545320563728301,0.13775342040442462,0.10555660000045464,"{""control"": ""european_terminal"", ""control_mean"": 7.1280646692617395, ""b_hat"": 0.8047884437020294, ""rho"": 0.8233303099303528, ""pilot_rho"": 0.8536190512649693, ""pilot_paths"": 1639, ""total_paths_simulated"": 18023, ""plain_std_error"": 0.08627260985014053, ""observed_vrf"": 3.070453962410506, ""theoretical_vrf"": 3.1043637347971886}"
d1436d74e9dd,2026-09-24T16:12:58,aritra,control,deep_barrier,call,exact,control_variate,{},16384,252,6,862299582,JARVIS_AMD64,3.4266023813514415,0.049566191367481145,3.3294544314203582,3.5237503312825247,3.545320563728301,0.11871818237685972,0.09142629999951168,"{""control"": ""european_terminal"", ""control_mean"": 7.1280646692617395, ""b_hat"": 0.7463144813322917, ""rho"": 0.828205573551537, ""pilot_rho"": 0.8163194527455022, ""pilot_paths"": 1639, ""total_paths_simulated"": 18023, ""plain_std_error"": 0.0884206568278427, ""observed_vrf"": 3.182265238698782, ""theoretical_vrf"": 3.1839475255036893}"
0fe94312c8fe,2026-09-24T16:12:58,aritra,control,deep_barrier,call,exact,control_variate,{},16384,252,7,3987046717,JARVIS_AMD64,3.382969304371862,0.04992069728269798,3.2851265356146473,3.480812073129077,3.545320563728301,0.16235125935643913,0.09173670000018319,"{""control"": ""european_terminal"", ""control_mean"": 7.1280646692617395, ""b_hat"": 0.7798552619373444, ""rho"": 0.8311420339440747, ""pilot_rho"": 0.8400843887533583, ""pilot_paths"": 1639, ""total_paths_simulated"": 18023, ""plain_std_error"": 0.08972642849384764, ""observed_vrf"": 3.2305723881316326, ""theoretical_vrf"": 3.234122116000414}"
18c0994c7459,2026-09-24T16:12:58,aritra,control,deep_barrier,call,exact,control_variate,{},16384,252,8,2434783539,JARVIS_AMD64,3.3328624774650564,0.05004239688001729,3.234781181880163,3.43094377304995,3.545320563728301,0.2124580862632448,0.0911089000001084,"{""control"": ""european_terminal"", ""control_mean"": 7.1280646692617395, ""b_hat"": 0.7834939201983667, ""rho"": 0.8271926829536564, ""pilot_rho"": 0.8406675972386973, ""pilot_paths"": 1639, ""total_paths_simulated"": 18023, ""plain_std_error"": 0.0889340113720265, ""observed_vrf"": 3.1583449218155266, ""theoretical_vrf"": 3.1670398283649677}"
7354ccc8b746,2026-09-24T16:12:59,aritra,control,deep_barrier,call,exact,control_variate,{},16384,252,9,3709615733,JARVIS_AMD64,3.380826874209846,0.05029463901756704,3.2822511931199716,3.4794025552997208,3.545320563728301,0.164493689518455,0.0920907999998235,"{""control"": ""european_terminal"", ""control_mean"": 7.1280646692617395, ""b_hat"": 0.7814835151798999, ""rho"": 0.8327905701973043, ""pilot_rho"": 0.8393327431071725, ""pilot_paths"": 1639, ""total_paths_simulated"": 18023, ""plain_std_error"": 0.09081833121936801, ""observed_vrf"": 3.2606459479637238, ""theoretical_vrf"": 3.2630700144551796}"
1e472f5b44fd,2026-09-24T16:12:59,aritra,control,deep_barrier,call,exact,control_variate,{},16384,252,10,1014195921,JARVIS_AMD64,3.344790172014555,0.050005972917642756,3.24678026608409,3.4428000779450203,3.545320563728301,0.20053039171374598,0.08929749999970227,"{""control"": ""european_terminal"", ""control_mean"": 7.1280646692617395, ""b_hat"": 0.7556975649861457, ""rho"": 0.827382768559229, ""pilot_rho"": 0.827492760368966, ""pilot_paths"": 1639, ""total_paths_simulated"": 18023, ""plain_std_error"": 0.08903575118162341, ""observed_vrf"": 3.170188539148593, ""theoretical_vrf"": 3.1701975632144257}"
49549222b23a,2026-09-24T16:12:59,aritra,control,deep_barrier,call,exact,control_variate,{},16384,252,11,3259423415,JARVIS_AMD64,3.357645004576405,0.05045796366853067,3.2587492130528544,3.4565407960999552,3.545320563728301,0.18767555915189638,0.09135930000047665,"{""control"": ""european_terminal"", ""control_mean"": 7.1280646692617395, ""b_hat"": 0.7793774998359356, ""rho"": 0.8236089839993883, ""pilot_rho"": 0.8402201922299021, ""pilot_paths"": 1639, ""total_paths_simulated"": 18023, ""plain_std_error"": 0.08882875285725088, ""observed_vrf"": 3.099186345897139, ""theoretical_vrf"": 3.108793070192414}"
01c05d6925b5,2026-09-24T16:12:59,aritra,control,deep_barrier,call,exact,control_variate,{},16384,252,12,576096437,JARVIS_AMD64,3.4515773405308225,0.050633893266978036,3.3523367333305005,3.5508179477311446,3.545320563728301,0.09374322319747863,0.09044260000064241,"{""control"": ""european_terminal"", ""control_mean"": 7.1280646692617395, ""b_hat"": 0.774415718569191, ""rho"": 0.8373273394065177, ""pilot_rho"": 0.8385879365440777, ""pilot_paths"": 1639, ""total_paths_simulated"": 18023, ""plain_std_error"": 0.09261700782015071, ""observed_vrf"": 3.3457913084501922, ""theoretical_vrf"": 3.345791648589603}"
be8e9bf8c93a,2026-09-24T16:12:59,aritra,control,deep_barrier,call,exact,control_variate,{},16384,252,13,20120744,JARVIS_AMD64,3.3303019315743487,0.050030547918024505,3.2322438595282152,3.428360003620482,3.545320563728301,0.21501863215395245,0.09200239999972837,"{""control"": ""european_terminal"", ""control_mean"": 7.1280646692617395, ""b_hat"": 0.7479207572508159, ""rho"": 0.8259081024999533, ""pilot_rho"": 0.8194523817599492, ""pilot_paths"": 1639, ""total_paths_simulated"": 18023, ""plain_std_error"": 0.08872928051713898, ""observed_vrf"": 3.145309607982912, ""theoretical_vrf"": 3.145882701410774}"
3bb0b99c42a7,2026-09-24T16:12:59,aritra,control,deep_barrier,call,exact,control_variate,{},16384,252,14,326599331,JARVIS_AMD64,3.3805880903280867,0.050413221650554625,3.2817799915483645,3.479396189107809,3.545320563728301,0.16473247340021446,0.09401049999996758,"{""control"": ""european_terminal"", ""control_mean"": 7.1280646692617395, ""b_hat"": 0.740707274040157, ""rho"": 0.8282389564290077, ""pilot_rho"": 0.8135411891217218, ""pilot_paths"": 1639, ""total_paths_simulated"": 18023, ""plain_std_error"": 0.08989378126796378, ""observed_vrf"": 3.179584666949876, ""theoretical_vrf"": 3.184508197594392}"
2a91ede1914c,2026-09-24T16:12:59,aritra,control,deep_barrier,call,exact,control_variate,{},16384,252,15,2158362795,JARVIS_AMD64,3.3913637596759623,0.0500289388795816,3.2933088412872267,3.489418678064698,3.545320563728301,0.1539568040523389,0.09080660000017815,"{""control"": ""european_terminal"", ""control_mean"": 7.1280646692617395, ""b_hat"": 0.7724031185986572, ""rho"": 0.8312073933162555, ""pilot_rho"": 0.8379707897901421, ""pilot_paths"": 1639, ""total_paths_simulated"": 18023, ""plain_std_error"": 0.08997464047527602, ""observed_vrf"": 3.234429257629566, ""theoretical_vrf"": 3.235258946328387}"
0f5851b19898,2026-09-24T16:12:59,aritra,control,deep_barrier,call,exact,control_variate,{},16384,252,16,3195255523,JARVIS_AMD64,3.385690204428861,0.050446024184792354,3.2868178138634314,3.48456259499429,3.545320563728301,0.15963035929944036,0.09151660000043194,"{""control"": ""european_terminal"", ""control_mean"": 7.1280646692617395, ""b_hat"": 0.7443414026590819, ""rho"": 0.8338439707486817, ""pilot_rho"": 0.8181407152794717, ""pilot_paths"": 1639, ""total_paths_simulated"": 18023, ""plain_std_error"": 0.09128230160660789, ""observed_vrf"": 3.274306093393687, ""theoretical_vrf"": 3.281871052372027}"
ab25439d87cc,2026-09-24T16:12:59,aritra,control,deep_barrier,call,exact,control_variate,{},16384,252,17,1455093205,JARVIS_AMD64,3.3416048545573114,0.05098534737760113,3.2416754099579497,3.441534299156673,3.545320563728301,0.2037157091709898,0.08967260000008537,"{""control"": ""european_terminal"", ""control_mean"": 7.1280646692617395, ""b_hat"": 0.8236902992826322, ""rho"": 0.8300804542439428, ""pilot_rho"": 0.8644055546574801, ""pilot_paths"": 1639, ""total_paths_simulated"": 18023, ""plain_std_error"": 0.09076675433308024, ""observed_vrf"": 3.169296324087356, ""theoretical_vrf"": 3.2157811037912305}"
298491abc15a,2026-09-24T16:12:59,aritra,control,deep_barrier,call,exact,control_variate,{},16384,252,18,53110902,JARVIS_AMD64,3.3518113920850894,0.05025342178339132,3.253316495289742,3.450306288880437,3.545320563728301,0.1935091716432118,0.09084530000018276,"{""control"": ""european_terminal"", ""control_mean"": 7.1280646692617395, ""b_hat"": 0.7632262106567191, ""rho"": 0.8307491363996945, ""pilot_rho"": 0.8331307440727177, ""pilot_paths"": 1639, ""total_paths_simulated"": 18023, ""plain_std_error"": 0.09027873622265115, ""observed_vrf"": 3.2273024297899946, ""theoretical_vrf"": 3.2273069164303174}"
9c170a3875e0,2026-09-24T16:12:59,aritra,control,deep_barrier,call,exact,control_variate,{},16384,252,19,2694602330,JARVIS_AMD64,3.3763268900640777,0.050447753864403894,3.2774511093889047,3.4752026707392507,3.545320563728301,0.16899367366422346,0.09150279999994382,"{""control"": ""european_terminal"", ""control_mean"": 7.1280646692617395, ""b_hat"": 0.7329069794946195, ""rho"": 0.8323968436436536, ""pilot_rho"": 0.8085383114955048, ""pilot_paths"": 1639, ""total_paths_simulated"": 18023, ""plain_std_error"": 0.09082361712732924, ""observed_vrf"": 3.241260369282037, ""theoretical_vrf"": 3.2561040301877644}"
6753a0424ac0,2026-09-24T16:13:00,aritra,control,deep_barrier,call,exact,control_variate,{},65536,252,0,2190015374,JARVIS_AMD64,3.3456415735908034,0.025243496133812864,3.2961652303246542,3.3951179168569525,3.545320563728301,0.1996789901374978,0.3651955999994243,"{""control"": ""european_terminal"", ""control_mean"": 7.1280646692617395, ""b_hat"": 0.7749732346696571, ""rho"": 0.8286874971059889, ""pilot_rho"": 0.8392418264488605, ""pilot_paths"": 6554, ""total_paths_simulated"": 72090, ""plain_std_error"": 0.045082754738053996, ""observed_vrf"": 3.1894946992880344, ""theoretical_vrf"": 3.1920629264402494}"
9511f609fb32,2026-09-24T16:13:00,aritra,control,deep_barrier,call,exact,control_variate,{},65536,252,1,1299520579,JARVIS_AMD64,3.3596492529896493,0.025050551761183166,3.310551073744874,3.4087474322344247,3.545320563728301,0.18567131073865184,0.3669359000004988,"{""control"": ""european_terminal"", ""control_mean"": 7.1280646692617395, ""b_hat"": 0.7540542459891608, ""rho"": 0.8288378915484164, ""pilot_rho"": 0.825059762909141, ""pilot_paths"": 6554, ""total_paths_simulated"": 72090, ""plain_std_error"": 0.044770069254197874, ""observed_vrf"": 3.194044336610925, ""theoretical_vrf"": 3.194604955918578}"
33f4a21f0659,2026-09-24T16:13:01,aritra,control,deep_barrier,call,exact,control_variate,{},65536,252,2,2447487550,JARVIS_AMD64,3.3706299891051428,0.024976251023723754,3.3216774366298125,3.419582541580473,3.545320563728301,0.1746905746231584,0.36613820000002306,"{""control"": ""european_terminal"", ""control_mean"": 7.1280646692617395, ""b_hat"": 0.7609334125088998, ""rho"": 0.8283244290235053, ""pilot_rho"": 0.8302339843426065, ""pilot_paths"": 6554, ""total_paths_simulated"": 72090, ""plain_std_error"": 0.04458030778505174, ""observed_vrf"": 3.185896214401597, ""theoretical_vrf"": 3.1859447304179342}"
9ae957795ce9,2026-09-24T16:13:01,aritra,control,deep_barrier,call,exact,control_variate,{},65536,252,3,1690741661,JARVIS_AMD64,3.3727206805950125,0.025051288091323797,3.323621058169681,3.4218203030203442,3.545320563728301,0.17259988313328867,0.36388069999975414,"{""control"": ""european_terminal"", ""control_mean"": 7.1280646692617395, ""b_hat"": 0.7448608774088842, ""rho"": 0.8313625262025094, ""pilot_rho"": 0.819751384247727, ""pilot_paths"": 6554, ""total_paths_simulated"": 72090, ""plain_std_error"": 0.045044954814113976, ""observed_vrf"": 3.2331971581235455, ""theoretical_vrf"": 3.23796081619027}"
eb63444de289,2026-09-24T16:13:01,aritra,control,deep_barrier,call,exact,control_variate,{},65536,252,4,2582010586,JARVIS_AMD64,3.410577096498698,0.024742905205218012,3.362081893423582,3.4590722995738137,3.545320563728301,0.1347434672296033,0.3679916000000958,"{""control"": ""european_terminal"", ""control_mean"": 7.1280646692617395, ""b_hat"": 0.7785228616813391, ""rho"": 0.8319477562871195, ""pilot_rho"": 0.8402764392567086, ""pilot_paths"": 6554, ""total_paths_simulated"": 72090, ""plain_std_error"": 0.04457695971930351, ""observed_vrf"": 3.2457831954084226, ""theoretical_vrf"": 3.2481987921467748}"
a46a5fd049c3,2026-09-24T16:13:02,aritra,control,deep_barrier,call,exact,control_variate,{},65536,252,5,1758077234,JARVIS_AMD64,3.379746750440388,0.02500351334613883,3.330740764794989,3.428752736085787,3.545320563728301,0.1655738132879132,0.36262640000040847,"{""control"": ""european_terminal"", ""control_mean"": 7.1280646692617395, ""b_hat"": 0.7601133170614699, ""rho"": 0.830798827112797, ""pilot_rho"": 0.8288372195718186, ""pilot_paths"": 6554, ""total_paths_simulated"": 72090, ""plain_std_error"": 0.04492327774636368, ""observed_vrf"": 3.228054048111726, ""theoretical_vrf"": 3.228167086616604}"
e0fe29f8bc8a,2026-09-24T16:13:02,aritra,control,deep_barrier,call,exact,control_variate,{},65536,252,6,3841938785,JARVIS_AMD64,3.365569241352537,0.025116296737964294,3.316342204321106,3.414796278383968,3.545320563728301,0.1797513223757643,0.36291200000050594,"{""control"": ""european_terminal"", ""control_mean"": 7.1280646692617395, ""b_hat"": 0.7419182171997049, ""rho"": 0.8290908139310323, ""pilot_rho"": 0.8153348455306056, ""pilot_paths"": 6554, ""total_paths_simulated"": 72090, ""plain_std_error"": 0.044892264881918116, ""observed_vrf"": 3.1947128064813843, ""theoretical_vrf"": 3.1988901411738446}"
4571819357bc,2026-09-24T16:13:02,aritra,control,deep_barrier,call,exact,control_variate,{},65536,252,7,3431363498,JARVIS_AMD64,3.3898846876386246,0.024935063228562548,3.341012861758413,3.438756513518836,3.545320563728301,0.15543587608967657,0.3615995000000112,"{""control"": ""european_terminal"", ""control_mean"": 7.1280646692617395, ""b_hat"": 0.7850708400943176, ""rho"": 0.8323130246188758, ""pilot_rho"": 0.8448311271824048, ""pilot_paths"": 6554, ""total_paths_simulated"": 72090, ""plain_std_error"": 0.04495180028193864, ""observed_vrf"": 3.2499241977583346, ""theoretical_vrf"": 3.2546253289738316}"
485fd01dd54d,2026-09-24T16:13:03,aritra,control,deep_barrier,call,exact,control_variate,{},65536,252,8,3977881086,JARVIS_AMD64,3.4321961889602277,0.02490991867309214,3.3833736455031453,3.48101873241731,3.545320563728301,0.11312437476807347,0.3757980000000316,"{""control"": ""european_terminal"", ""control_mean"": 7.1280646692617395, ""b_hat"": 0.7666662565843253, ""rho"": 0.8345550412430653, ""pilot_rho"": 0.8321773311282589, ""pilot_paths"": 6554, ""total_paths_simulated"": 72090, ""plain_std_error"": 0.04521443377413507, ""observed_vrf"": 3.294652189806565, ""theoretical_vrf"": 3.294698782386498}"
50f2ce4a0f8b,2026-09-24T16:13:03,aritra,control,deep_barrier,call,exact,control_variate,{},65536,252,9,3957635007,JARVIS_AMD64,3.384321741491293,0.025016362062612305,3.3352905728243587,3.4333529101582276,3.545320563728301,0.160998822237008,0.3620182999993631,"{""control"": ""european_terminal"", ""control_mean"": 7.1280646692617395, ""b_hat"": 0.7611205048241335, ""rho"": 0.8269210709917314, ""pilot_rho"": 0.8295333763990201, ""pilot_paths"": 6554, ""total_paths_simulated"": 72090, ""plain_std_error"": 0.04448664786930493, ""observed_vrf"": 3.162358171056526, ""theoretical_vrf"": 3.162539918586056}"
e21a57f3162b,2026-09-24T16:13:03,aritra,control,deep_barrier,call,exact,control_variate,{},65536,252,10,3977621899,JARVIS_AMD64,3.4246986857334516,0.024986545651824756,3.375725956157809,3.473671415309094,3.545320563728301,0.12062187799484958,0.36814309999954276,"{""control"": ""european_terminal"", ""control_mean"": 7.1280646692617395, ""b_hat"": 0.7604064223911121, ""rho"": 0.8363570603226135, ""pilot_rho"": 0.8281805096957205, ""pilot_paths"": 6554, ""total_paths_simulated"": 72090, ""plain_std_error"": 0.04556700127979176, ""observed_vrf"": 3.3257412602422045, ""theoretical_vrf"": 3.3277109698858403}"
2a996d7b666f,2026-09-24T16:13:04,aritra,control,deep_barrier,call,exact,control_variate,{},65536,252,11,2844868074,JARVIS_AMD64,3.3829729660068217,0.02507798288694978,3.3338210227434883,3.432124909270155,3.545320563728301,0.16234759772147944,0.3644495000007737,"{""control"": ""european_terminal"", ""control_mean"": 7.1280646692617395, ""b_hat"": 0.7654936990114728, ""rho"": 0.8314744277672007, ""pilot_rho"": 0.8310073553550831, ""pilot_paths"": 6554, ""total_paths_simulated"": 72090, ""plain_std_error"": 0.04513959406190617, ""observed_vrf"": 3.2398887286658455, ""theoretical_vrf"": 3.2399128653290736}"
1aa4a6ee0889,2026-09-24T16:13:04,aritra,control,deep_barrier,call,exact,control_variate,{},65536,252,12,3665825224,JARVIS_AMD64,3.341616703559592,0.02529349881244231,3.2920423568441985,3.3911910502749856,3.545320563728301,0.20370386016870912,0.36551909999980126,"{""control"": ""european_terminal"", ""control_mean"": 7.1280646692617395, ""b_hat"": 0.7862712229178004, ""rho"": 0.8279371323143706, ""pilot_rho"": 0.8462220369302104, ""pilot_paths"": 6554, ""total_paths_simulated"": 72090, ""plain_std_error"": 0.045037142278904325, ""observed_vrf"": 3.170471354328761, ""theoretical_vrf"": 3.1794469870423225}"
42f04e0c1503,2026-09-24T16:13:05,aritra,control,deep_barrier,call,exact,control_variate,{},65536,252,13,3914154717,JARVIS_AMD64,3.36086447432842,0.025039345448816846,3.311788259052282,3.409940689604558,3.545320563728301,0.18445608939988123,0.36426159999973606,"{""control"": ""european_terminal"", ""control_mean"": 7.1280646692617395, ""b_hat"": 0.7620207924932859, ""rho"": 0.8270251237037816, ""pilot_rho"": 0.8284503870069803, ""pilot_paths"": 6554, ""total_paths_simulated"": 72090, ""plain_std_error"": 0.04453879332143661, ""observed_vrf"": 3.1639597467243443, ""theoretical_vrf"": 3.1642621172553635}"
02d7986d252a,2026-09-24T16:13:05,aritra,control,deep_barrier,call,exact,control_variate,{},65536,252,14,4056782809,JARVIS_AMD64,3.4066569211107165,0.024986021431783394,3.3576852189874753,3.4556286232339577,3.545320563728301,0.13866364261758468,0.3634033999996973,"{""control"": ""european_terminal"", ""control_mean"": 7.1280646692617395, ""b_hat"": 0.7586879822917335, ""rho"": 0.8332830133108967, ""pilot_rho"": 0.829769645608013, ""pilot_paths"": 6554, ""total_paths_simulated"": 72090, ""plain_std_error"": 0.04518879122541569, ""observed_vrf"": 3.2708997408592837, ""theoretical_vrf"": 3.271829271536814}"
29fc740765a6,2026-09-24T16:13:05,aritra,control,deep_barrier,call,exact,control_variate,{},65536,252,15,1340153557,JARVIS_AMD64,3.353294690368932,0.025020027702418676,3.304256337179997,3.4023330435578667,3.545320563728301,0.19202587335936938,0.35992820000046777,"{""control"": ""european_terminal"", ""control_mean"": 7.1280646692617395, ""b_hat"": 0.7558572867448383, ""rho"": 0.8286791961623109, ""pilot_rho"": 0.8263840971835089, ""pilot_paths"": 6554, ""total_paths_simulated"": 72090, ""plain_std_error"": 0.044699772985882784, ""observed_vrf"": 3.191795533081735, ""theoretical_vrf"": 3.1919227516578275}"
89c77ad679be,2026-09-24T16:13:06,aritra,control,deep_barrier,call,exact,control_variate,{},65536,252,16,867022954,JARVIS_AMD64,3.3733529029847533,0.025116079375345827,3.3241262919762264,3.42257951399328,3.545320563728301,0.17196766074354786,0.36500489999980346,"{""control"": ""european_terminal"", ""control_mean"": 7.1280646692617395, ""b_hat"": 0.7627797151717244, ""rho"": 0.8292952447691345, ""pilot_rho"": 0.8303775876960445, ""pilot_paths"": 6554, ""total_paths_simulated"": 72090, ""plain_std_error"": 0.04494536081813575, ""observed_vrf"": 3.202329740378188, ""theoretical_vrf"": 3.2023631185012604}"
0078a9228aab,2026-09-24T16:13:06,aritra,control,deep_barrier,call,exact,control_variate,{},65536,252,17,2619703105,JARVIS_AMD64,3.375488082874824,0.02502860444095518,3.3264329195872526,3.4245432461623957,3.545320563728301,0.16983248085347702,0.3634443000000829,"{""control"": ""european_terminal"", ""control_mean"": 7.1280646692617395, ""b_hat"": 0.7699622467021173, ""rho"": 0.8318626468103538, ""pilot_rho"": 0.8347512103486796, ""pilot_paths"": 6554, ""total_paths_simulated"": 72090, ""plain_std_error"": 0.04509538198165283, ""observed_vrf"": 3.246316586134188, ""theoretical_vrf"": 3.246705422764739}"
f49906076b68,2026-09-24T16:13:06,aritra,control,deep_barrier,call,exact,control_variate,{},65536,252,18,932481432,JARVIS_AMD64,3.3714973482922725,0.024955810551208157,3.3225848584068998,3.4204098381776453,3.545320563728301,0.17382321543602863,0.36533330000020214,"{""control"": ""european_terminal"", ""control_mean"": 7.1280646692617395, ""b_hat"": 0.7683913731670521, ""rho"": 0.8306354853598543, ""pilot_rho"": 0.8331531617692995, ""pilot_paths"": 6554, ""total_paths_simulated"": 72090, ""plain_std_error"": 0.044815451178932125, ""observed_vrf"": 3.2248698049591944, ""theoretical_vrf"": 3.225341477427399}"
e020f2841e62,2026-09-24T16:13:07,aritra,control,deep_barrier,call,exact,control_variate,{},65536,252,19,1008781723,JARVIS_AMD64,3.380656356417566,0.024961984413492254,3.331731765984471,3.4295809468506606,3.545320563728301,0.1646642073107354,0.36434300000018993,"{""control"": ""european_terminal"", ""control_mean"": 7.1280646692617395, ""b_hat"": 0.7453955021595867, ""rho"": 0.830319660134103, ""pilot_rho"": 0.820500347274976, ""pilot_paths"": 6554, ""total_paths_simulated"": 72090, ""plain_std_error"": 0.044765922861773756, ""observed_vrf"": 3.2161542419509668, ""theoretical_vrf"": 3.219893667444729}"
f229e528e14d,2026-09-24T16:13:17,aritra,control,asian_arith,call,exact,plain_reference,n_paths=2000000,2000000,252,0,1747600896,JARVIS_AMD64,3.1625171217448775,0.0043425906816469935,3.15400580040925,3.171028443080505,,,10.159526100000221,"{""purpose"": ""arithmetic_asian_no_closed_form_reference""}"
