run_id,timestamp,person,experiment_id,scenario,option_type,scheme,method,method_params,n_paths,n_steps,replicate_id,seed,machine_id,price,std_error,ci_low,ci_high,exact_price,abs_error,runtime_sec,extra_json
abd116ecdec7,2026-09-24T15:04:30,nafis,baseline,paper_barrier,call,exact,plain,{},256,252,0,978176652,nn-lotpot_x86_64,6.933354240071723,0.7328871062487725,5.496921907090349,8.369786573053098,7.1055282627933245,0.17217402272160154,0.0032282760002999566,
5423047fbad7,2026-09-24T15:04:30,nafis,baseline,paper_barrier,call,exact,plain,{},256,252,1,3158677007,nn-lotpot_x86_64,7.094164745208306,0.7438139852761367,5.6363161228698715,8.55201336754674,7.1055282627933245,0.011363517585018634,0.0021411760008049896,
1fa59f313a24,2026-09-24T15:04:30,nafis,baseline,paper_barrier,call,exact,plain,{},256,252,2,3854813039,nn-lotpot_x86_64,7.3060281740627575,0.7511460527063265,5.8338089636289325,8.778247384496582,7.1055282627933245,0.200499911269433,0.002093860999593744,
bec5cb07d670,2026-09-24T15:04:30,nafis,baseline,paper_barrier,call,exact,plain,{},256,252,3,2297110029,nn-lotpot_x86_64,5.964408497071373,0.6779437803708674,4.635663104001541,7.293153890141205,7.1055282627933245,1.1411197657219514,0.0021910059986112174,
708d64a3e231,2026-09-24T15:04:30,nafis,baseline,paper_barrier,call,exact,plain,{},256,252,4,3848869464,nn-lotpot_x86_64,7.210013430736108,0.7707609064487014,5.699349813405208,8.720677048067008,7.1055282627933245,0.10448516794278362,0.00212469600046461,
f718c2ef7677,2026-09-24T15:04:30,nafis,baseline,paper_barrier,call,exact,plain,{},256,252,5,274617050,nn-lotpot_x86_64,7.858902487588027,0.8098683909477314,6.27158960911307,9.446215366062985,7.1055282627933245,0.7533742247947028,0.002079637000861112,
48dd722026b5,2026-09-24T15:04:30,nafis,baseline,paper_barrier,call,exact,plain,{},256,252,6,3887734552,nn-lotpot_x86_64,6.557486575532861,0.7320012039322273,5.122790579185736,7.992182571879987,7.1055282627933245,0.5480416872604632,0.002048619999186485,
9964b8aebaad,2026-09-24T15:04:30,nafis,baseline,paper_barrier,call,exact,plain,{},256,252,7,274019334,nn-lotpot_x86_64,6.951887233364683,0.7715652102741262,5.439647209503322,8.464127257226044,7.1055282627933245,0.15364102942864122,0.002238796998426551,
490eb380c462,2026-09-24T15:04:30,nafis,baseline,paper_barrier,call,exact,plain,{},256,252,8,529945340,nn-lotpot_x86_64,7.838773261546554,0.8639996746097423,6.145365016657133,9.532181506435975,7.1055282627933245,0.7332449987532295,0.0021064390002720756,
7b93d87da2c4,2026-09-24T15:04:30,nafis,baseline,paper_barrier,call,exact,plain,{},256,252,9,1831568845,nn-lotpot_x86_64,6.290985958560277,0.697874537399938,4.923176999528848,7.658794917591707,7.1055282627933245,0.8145423042330471,0.002062116998786223,
c590f517c52a,2026-09-24T15:04:30,nafis,baseline,paper_barrier,call,exact,plain,{},256,252,10,1635009401,nn-lotpot_x86_64,7.995751874006052,0.7677619710689672,6.490966062011394,9.50053768600071,7.1055282627933245,0.8902236112127273,0.002031743999395985,
81bcaab8a02f,2026-09-24T15:04:30,nafis,baseline,paper_barrier,call,exact,plain,{},256,252,11,871455589,nn-lotpot_x86_64,6.3198016830750205,0.7627942036188142,4.824752516366232,7.814850849783809,7.1055282627933245,0.785726579718304,0.0020551710003928747,
dad840ad76a3,2026-09-24T15:04:30,nafis,baseline,paper_barrier,call,exact,plain,{},256,252,12,3355723856,nn-lotpot_x86_64,7.230778414986201,0.8779970959491741,5.509935728395061,8.95162110157734,7.1055282627933245,0.12525015219287639,0.002070149999781279,
fc2d940faa1d,2026-09-24T15:04:30,nafis,baseline,paper_barrier,call,exact,plain,{},256,252,13,2040034348,nn-lotpot_x86_64,6.624440055878152,0.7431560180541373,5.167881025597844,8.080999086158458,7.1055282627933245,0.48108820691517273,0.002155979000235675,
1fb1effd170d,2026-09-24T15:04:30,nafis,baseline,paper_barrier,call,exact,plain,{},256,252,14,2610049883,nn-lotpot_x86_64,6.976752350024364,0.7256576459325867,5.554489498890375,8.399015201158353,7.1055282627933245,0.12877591276896094,0.002054660999419866,
574b3ac8c3a4,2026-09-24T15:04:30,nafis,baseline,paper_barrier,call,exact,plain,{},256,252,15,1740176936,nn-lotpot_x86_64,8.277407445152273,0.8725792398645988,6.567183561360322,9.987631328944223,7.1055282627933245,1.171879182358948,0.002266213999973843,
f80efabdda64,2026-09-24T15:04:30,nafis,baseline,paper_barrier,call,exact,plain,{},256,252,16,4153689039,nn-lotpot_x86_64,6.975119487536607,0.7615628208174876,5.482483786769601,8.467755188303613,7.1055282627933245,0.13040877525671757,0.002106637999531813,
fd2bd960605f,2026-09-24T15:04:30,nafis,baseline,paper_barrier,call,exact,plain,{},256,252,17,3307209184,nn-lotpot_x86_64,7.5159097590422155,0.7373982828092556,6.070635682474393,8.961183835610038,7.1055282627933245,0.410381496248891,0.0021035490008216584,
40f369e3d595,2026-09-24T15:04:30,nafis,baseline,paper_barrier,call,exact,plain,{},256,252,18,2372114586,nn-lotpot_x86_64,7.151002934642484,0.7808631591355052,5.620539265882726,8.681466603402244,7.1055282627933245,0.045474671849159876,0.0021497449997696094,
95bbb8f9bce7,2026-09-24T15:04:30,nafis,baseline,paper_barrier,call,exact,plain,{},256,252,19,2459977663,nn-lotpot_x86_64,7.196118596364109,0.7815536261649739,5.664301637094079,8.72793555563414,7.1055282627933245,0.09059033357078494,0.0021208010002737865,
c33920941982,2026-09-24T15:04:30,nafis,baseline,paper_barrier,call,exact,plain,{},1024,252,0,3381787381,nn-lotpot_x86_64,7.740701173954378,0.439002618352715,6.880271852864274,8.601130495044481,7.1055282627933245,0.6351729111610531,0.011508411000249907,
1f37d52d491c,2026-09-24T15:04:30,nafis,baseline,paper_barrier,call,exact,plain,{},1024,252,1,2920444543,nn-lotpot_x86_64,7.035189962900954,0.39202297341457587,6.266839053896082,7.803540871905827,7.1055282627933245,0.07033829989237006,0.010002803999668686,
7e005403930d,2026-09-24T15:04:30,nafis,baseline,paper_barrier,call,exact,plain,{},1024,252,2,1480838960,nn-lotpot_x86_64,6.376522506508023,0.3808893636342969,5.6299930716904205,7.123051941325625,7.1055282627933245,0.7290057562853018,0.009591181000359938,
1f4759b42c3e,2026-09-24T15:04:30,nafis,baseline,paper_barrier,call,exact,plain,{},1024,252,3,680583003,nn-lotpot_x86_64,7.3379059896617935,0.39281939162255614,6.567994129652648,8.107817849670939,7.1055282627933245,0.23237772686846903,0.009542855999825406,
16ce85677b2d,2026-09-24T15:04:30,nafis,baseline,paper_barrier,call,exact,plain,{},1024,252,4,1220878987,nn-lotpot_x86_64,7.045178222418729,0.3884011935969031,6.28392587141643,7.806430573421028,7.1055282627933245,0.06035004037459579,0.00951405799969507,
08c27580174c,2026-09-24T15:04:30,nafis,baseline,paper_barrier,call,exact,plain,{},1024,252,5,378109671,nn-lotpot_x86_64,7.278872197756907,0.3807365583237683,6.532642255844587,8.025102139669226,7.1055282627933245,0.17334393496358214,0.009456540999963181,
4a3c8d015ed6,2026-09-24T15:04:30,nafis,baseline,paper_barrier,call,exact,plain,{},1024,252,6,2887016845,nn-lotpot_x86_64,8.076713536662727,0.4051318793766439,7.2826696440954795,8.870757429229974,7.1055282627933245,0.971185273869402,0.009586760999809485,
1c39d0741bbc,2026-09-24T15:04:30,nafis,baseline,paper_barrier,call,exact,plain,{},1024,252,7,1007515155,nn-lotpot_x86_64,7.218489217275048,0.389670277568864,6.454749507394348,7.982228927155747,7.1055282627933245,0.11296095448172316,0.009532119998766575,
746c741c290c,2026-09-24T15:04:30,nafis,baseline,paper_barrier,call,exact,plain,{},1024,252,8,3757189365,nn-lotpot_x86_64,7.687800793345132,0.41220371243889087,6.879896362671201,8.495705224019064,7.1055282627933245,0.5822725305518075,0.009490968999671168,
34bdb6ac668a,2026-09-24T15:04:30,nafis,baseline,paper_barrier,call,exact,plain,{},1024,252,9,3725071331,nn-lotpot_x86_64,7.515314053253194,0.4051112741526108,6.721310546182945,8.309317560323443,7.1055282627933245,0.4097857904598694,0.009631010998418787,
2c37c404fe7a,2026-09-24T15:04:30,nafis,baseline,paper_barrier,call,exact,plain,{},1024,252,10,766399470,nn-lotpot_x86_64,7.081477984318164,0.38581192246178275,6.32530051148691,7.837655457149419,7.1055282627933245,0.02405027847516017,0.00951718400028767,
a784c8738d4c,2026-09-24T15:04:30,nafis,baseline,paper_barrier,call,exact,plain,{},1024,252,11,2024329983,nn-lotpot_x86_64,7.221847867165097,0.39094714033706407,6.455605552245526,7.988090182084669,7.1055282627933245,0.11631960437177291,0.009526582000034978,
b757eb924c57,2026-09-24T15:04:30,nafis,baseline,paper_barrier,call,exact,plain,{},1024,252,12,884686106,nn-lotpot_x86_64,6.679385955515018,0.3747820134921076,5.944826707017082,7.413945204012954,7.1055282627933245,0.4261423072783064,0.009495491000052425,
f91d29e00852,2026-09-24T15:04:30,nafis,baseline,paper_barrier,call,exact,plain,{},1024,252,13,3860751431,nn-lotpot_x86_64,7.189547515871453,0.39341950215161736,6.418459460838605,7.9606355709043015,7.1055282627933245,0.08401925307812874,0.009570992999215377,
c39bba9238e0,2026-09-24T15:04:30,nafis,baseline,paper_barrier,call,exact,plain,{},1024,252,14,4225556910,nn-lotpot_x86_64,6.842504742813795,0.37934332707888224,6.099005483963588,7.586004001664002,7.1055282627933245,0.2630235199795292,0.009456502999455552,
c3e561e248b5,2026-09-24T15:04:30,nafis,baseline,paper_barrier,call,exact,plain,{},1024,252,15,3965164248,nn-lotpot_x86_64,7.093724898691076,0.3974330291191718,6.314770475350841,7.872679322031312,7.1055282627933245,0.01180336410224836,0.009522443999230745,
6f16a3793593,2026-09-24T15:04:30,nafis,baseline,paper_barrier,call,exact,plain,{},1024,252,16,4254028200,nn-lotpot_x86_64,7.538052516754968,0.39480200601080734,6.76425480394962,8.311850229560317,7.1055282627933245,0.4325242539616436,0.009445399999094661,
84e77f1e7579,2026-09-24T15:04:30,nafis,baseline,paper_barrier,call,exact,plain,{},1024,252,17,2866992783,nn-lotpot_x86_64,6.8085111757771415,0.3737922509141437,6.075891826285261,7.541130525269022,7.1055282627933245,0.297017087016183,0.009537086001728312,
e119ba6ac1f9,2026-09-24T15:04:30,nafis,baseline,paper_barrier,call,exact,plain,{},1024,252,18,3473273031,nn-lotpot_x86_64,7.971082211801615,0.4173320732788935,7.153126378581553,8.789038045021677,7.1055282627933245,0.8655539490082909,0.009484169999268488,
9c206f5a1d99,2026-09-24T15:04:30,nafis,baseline,paper_barrier,call,exact,plain,{},1024,252,19,961983510,nn-lotpot_x86_64,7.339923881246198,0.38237532460763957,6.590482016438413,8.089365746053984,7.1055282627933245,0.23439561845287393,0.009483347999776015,
5a89cad1f444,2026-09-24T15:04:30,nafis,baseline,paper_barrier,call,exact,plain,{},4096,252,0,4220229433,nn-lotpot_x86_64,7.0825272313106105,0.1985957079255832,6.693286796292232,7.471767666328989,7.1055282627933245,0.02300103148271404,0.037595562998831156,
77e02ad49328,2026-09-24T15:04:30,nafis,baseline,paper_barrier,call,exact,plain,{},4096,252,1,258110571,nn-lotpot_x86_64,7.460963545185444,0.2047361108332692,7.0596881416174355,7.862238948753452,7.1055282627933245,0.3554352823921194,0.03730001099938818,
fedeb1b9f322,2026-09-24T15:04:30,nafis,baseline,paper_barrier,call,exact,plain,{},4096,252,2,1494620861,nn-lotpot_x86_64,7.240632467518831,0.19907610763066594,6.850450466380306,7.6308144686573565,7.1055282627933245,0.13510420472550688,0.03620316300111881,
5c464fe6542e,2026-09-24T15:04:30,nafis,baseline,paper_barrier,call,exact,plain,{},4096,252,3,541383339,nn-lotpot_x86_64,7.4237710818734515,0.20429537826372837,7.023359498268557,7.824182665478346,7.1055282627933245,0.31824281908012697,0.03525258699846745,
a9f9bbf3bc18,2026-09-24T15:04:30,nafis,baseline,paper_barrier,call,exact,plain,{},4096,252,4,4065836343,nn-lotpot_x86_64,7.203553465943637,0.20223116833177546,6.8071876594619,7.599919272425374,7.1055282627933245,0.09802520315031238,0.036068328001420014,
8c5e31d33e33,2026-09-24T15:04:30,nafis,baseline,paper_barrier,call,exact,plain,{},4096,252,5,581236672,nn-lotpot_x86_64,7.217397160192272,0.19683818532097538,6.83160140618094,7.603192914203604,7.1055282627933245,0.11186889739894745,0.035307396999996854,
16c7d55a1ebb,2026-09-24T15:04:30,nafis,baseline,paper_barrier,call,exact,plain,{},4096,252,6,795619769,nn-lotpot_x86_64,7.193152100911845,0.19858689239411137,6.803928944017655,7.582375257806034,7.1055282627933245,0.08762383811852015,0.03503454699966824,
faad5d45ed33,2026-09-24T15:04:30,nafis,baseline,paper_barrier,call,exact,plain,{},4096,252,7,3107716459,nn-lotpot_x86_64,7.148899829871162,0.1950725069267373,6.766564741920817,7.531234917821507,7.1055282627933245,0.043371567077837625,0.03634497399980319,
ff5edb0ce1db,2026-09-24T15:04:30,nafis,baseline,paper_barrier,call,exact,plain,{},4096,252,8,3620166140,nn-lotpot_x86_64,7.031640555159804,0.19535790694661959,6.648746093449303,7.414535016870305,7.1055282627933245,0.0738877076335207,0.03539606000049389,
7924e858f43d,2026-09-24T15:04:31,nafis,baseline,paper_barrier,call,exact,plain,{},4096,252,9,2206431820,nn-lotpot_x86_64,7.353413769792216,0.2035955999720416,6.954373726436191,7.752453813148242,7.1055282627933245,0.2478855069988919,0.035352882001461694,
b4c6712d7534,2026-09-24T15:04:31,nafis,baseline,paper_barrier,call,exact,plain,{},4096,252,10,1209648435,nn-lotpot_x86_64,7.040912151661086,0.19184725503639066,6.66489844125689,7.416925862065282,7.1055282627933245,0.06461611113223853,0.03579858000011882,
f396d592aa45,2026-09-24T15:04:31,nafis,baseline,paper_barrier,call,exact,plain,{},4096,252,11,1336446887,nn-lotpot_x86_64,7.165701899990266,0.19874626384602753,6.776166380790157,7.555237419190375,7.1055282627933245,0.06017363719694124,0.03599585600022692,
31f1379e1131,2026-09-24T15:04:31,nafis,baseline,paper_barrier,call,exact,plain,{},4096,252,12,1998343377,nn-lotpot_x86_64,6.947476413441796,0.1941350963593371,6.566978616442283,7.32797421044131,7.1055282627933245,0.15805184935152816,0.03514503200131003,
6f39b1945415,2026-09-24T15:04:31,nafis,baseline,paper_barrier,call,exact,plain,{},4096,252,13,2820345663,nn-lotpot_x86_64,7.382192993114343,0.20087660929479792,6.988482073560014,7.775903912668671,7.1055282627933245,0.2766647303210181,0.03511103600067145,
20ff36a2fb93,2026-09-24T15:04:31,nafis,baseline,paper_barrier,call,exact,plain,{},4096,252,14,3179825264,nn-lotpot_x86_64,7.332321316549473,0.20219534461540545,6.936025723261614,7.728616909837332,7.1055282627933245,0.22679305375614867,0.035966518998975516,
b35b403fb7ff,2026-09-24T15:04:31,nafis,baseline,paper_barrier,call,exact,plain,{},4096,252,15,3151249292,nn-lotpot_x86_64,6.917722729844015,0.1941210821373679,6.5372524002148324,7.298193059473197,7.1055282627933245,0.18780553294930957,0.03525287699994806,
3340d0dd9c19,2026-09-24T15:04:31,nafis,baseline,paper_barrier,call,exact,plain,{},4096,252,16,3609586582,nn-lotpot_x86_64,7.0735900408662165,0.19301328858272937,6.6952909467064305,7.451889135026002,7.1055282627933245,0.031938221927108046,0.035411148999628494,
1e93ca5cf632,2026-09-24T15:04:31,nafis,baseline,paper_barrier,call,exact,plain,{},4096,252,17,3984326499,nn-lotpot_x86_64,7.167794076981252,0.19745147012776085,6.780796306836355,7.5547918471261495,7.1055282627933245,0.06226581418792776,0.03537841599973035,
ade3e8d713c2,2026-09-24T15:04:31,nafis,baseline,paper_barrier,call,exact,plain,{},4096,252,18,1943709218,nn-lotpot_x86_64,7.124893232500176,0.19502932149103513,6.742642786448464,7.507143678551888,7.1055282627933245,0.0193649697068512,0.03598916400005692,
dff254d8a091,2026-09-24T15:04:31,nafis,baseline,paper_barrier,call,exact,plain,{},4096,252,19,2460643525,nn-lotpot_x86_64,7.286782933687675,0.2010260694588509,6.89277907759468,7.6807867897806705,7.1055282627933245,0.18125467089435077,0.03564591699978337,
a3068f8d9c05,2026-09-24T15:04:31,nafis,baseline,paper_barrier,call,exact,plain,{},16384,252,0,221327464,nn-lotpot_x86_64,7.2734647734727265,0.10000460381011822,7.077459351716698,7.469470195228755,7.1055282627933245,0.16793651067940196,0.14798483300000953,
00ce141b603e,2026-09-24T15:04:31,nafis,baseline,paper_barrier,call,exact,plain,{},16384,252,1,2862239772,nn-lotpot_x86_64,7.0117215115389575,0.09712846171246975,6.821353224708739,7.202089798369176,7.1055282627933245,0.093806751254367,0.14527029300006689,
319292108588,2026-09-24T15:04:31,nafis,baseline,paper_barrier,call,exact,plain,{},16384,252,2,3805405150,nn-lotpot_x86_64,7.058044117149951,0.09836981681407186,6.865242819028567,7.250845415271335,7.1055282627933245,0.047484145643373665,0.14639807000094152,
639c1cc57b87,2026-09-24T15:04:31,nafis,baseline,paper_barrier,call,exact,plain,{},16384,252,3,2772501627,nn-lotpot_x86_64,7.093848489887177,0.09673267124008415,6.904255938128259,7.283441041646096,7.1055282627933245,0.011679772906147079,0.15448447999915516,
b22b35cce933,2026-09-24T15:04:32,nafis,baseline,paper_barrier,call,exact,plain,{},16384,252,4,2276053368,nn-lotpot_x86_64,7.193065474521196,0.0988342045873254,6.999353993089375,7.386776955953017,7.1055282627933245,0.08753721172787188,0.15182034499957808,
96a8d75b95f0,2026-09-24T15:04:32,nafis,baseline,paper_barrier,call,exact,plain,{},16384,252,5,3115614280,nn-lotpot_x86_64,7.133005842301817,0.09853114091240352,6.939888354757865,7.326123329845768,7.1055282627933245,0.027477579508492056,0.14771051900061138,
d36b618a852f,2026-09-24T15:04:32,nafis,baseline,paper_barrier,call,exact,plain,{},16384,252,6,2026726987,nn-lotpot_x86_64,7.039302672198806,0.0965734754309796,6.850022138492222,7.22858320590539,7.1055282627933245,0.06622559059451838,0.14730245499958983,
1ddfde0a751c,2026-09-24T15:04:32,nafis,baseline,paper_barrier,call,exact,plain,{},16384,252,7,3891181753,nn-lotpot_x86_64,7.067013345510703,0.09750442044079034,6.875908193113303,7.258118497908103,7.1055282627933245,0.038514917282621575,0.14738962699993863,
204dc0812c63,2026-09-24T15:04:32,nafis,baseline,paper_barrier,call,exact,plain,{},16384,252,8,3597878156,nn-lotpot_x86_64,7.182273348427497,0.09855344629113254,6.989112143144575,7.375434553710419,7.1055282627933245,0.07674508563417248,0.14715995199912868,
f81e66df9f18,2026-09-24T15:04:32,nafis,baseline,paper_barrier,call,exact,plain,{},16384,252,9,207931598,nn-lotpot_x86_64,7.156862055151956,0.09895769222724937,6.9629085423933486,7.350815567910564,7.1055282627933245,0.05133379235863167,0.14136054899972805,
270a7ae5f7e9,2026-09-24T15:04:33,nafis,baseline,paper_barrier,call,exact,plain,{},16384,252,10,3482768723,nn-lotpot_x86_64,7.043869789292797,0.09758974411056234,6.852597405575615,7.235142173009979,7.1055282627933245,0.06165847350052722,0.14874730699921201,
a1df6048a5e9,2026-09-24T15:04:33,nafis,baseline,paper_barrier,call,exact,plain,{},16384,252,11,2116479402,nn-lotpot_x86_64,7.05738037311907,0.09849552877568174,6.864332684080505,7.250428062157635,7.1055282627933245,0.04814788967425443,0.14943459300047834,
cff0399c980e,2026-09-24T15:04:33,nafis,baseline,paper_barrier,call,exact,plain,{},16384,252,12,3578559040,nn-lotpot_x86_64,7.091998824864149,0.09792707651797272,6.900065281777624,7.283932367950674,7.1055282627933245,0.013529437929175714,0.13866721100021095,
3d4749d29225,2026-09-24T15:04:33,nafis,baseline,paper_barrier,call,exact,plain,{},16384,252,13,3263306334,nn-lotpot_x86_64,7.081450556289722,0.09847408737540767,6.888444891623473,7.2744562209559716,7.1055282627933245,0.024077706503602414,0.13933959800124285,
2fad70a83f47,2026-09-24T15:04:33,nafis,baseline,paper_barrier,call,exact,plain,{},16384,252,14,3202139780,nn-lotpot_x86_64,7.0444675412966955,0.09736724441829175,6.853631248962935,7.235303833630456,7.1055282627933245,0.061060721496629,0.1395710449996841,
3fd095ea680d,2026-09-24T15:04:33,nafis,baseline,paper_barrier,call,exact,plain,{},16384,252,15,3703363148,nn-lotpot_x86_64,6.935304610153054,0.09791205654067224,6.743400505681087,7.127208714625021,7.1055282627933245,0.17022365264027073,0.1391325919994415,
451c463f93ca,2026-09-24T15:04:33,nafis,baseline,paper_barrier,call,exact,plain,{},16384,252,16,3296276830,nn-lotpot_x86_64,7.011522052947569,0.09824466985925802,6.818966038350395,7.204078067544743,7.1055282627933245,0.09400620984575525,0.1389922860016668,
9c205631cec0,2026-09-24T15:04:33,nafis,baseline,paper_barrier,call,exact,plain,{},16384,252,17,1914868034,nn-lotpot_x86_64,6.969906342075961,0.09729907554468693,6.779203658279333,7.160609025872589,7.1055282627933245,0.13562192071736323,0.13936337099949014,
4e6750efcf5c,2026-09-24T15:04:34,nafis,baseline,paper_barrier,call,exact,plain,{},16384,252,18,619288520,nn-lotpot_x86_64,7.084744737212417,0.09791108265678211,6.892842541517799,7.276646932907035,7.1055282627933245,0.020783525580907458,0.1407040859994595,
050be5d1c167,2026-09-24T15:04:34,nafis,baseline,paper_barrier,call,exact,plain,{},16384,252,19,2372456267,nn-lotpot_x86_64,7.092669617734568,0.09692326196216816,6.9027035150245775,7.282635720444559,7.1055282627933245,0.012858645058756224,0.13851494000118691,
62a00fdb0ad4,2026-09-24T15:04:34,nafis,baseline,paper_barrier,call,exact,plain,{},65536,252,0,1560385401,nn-lotpot_x86_64,7.0866011180619966,0.04864904520413016,6.99125074157964,7.181951494544353,7.1055282627933245,0.01892714473132795,0.5558081740000489,
83e7c95c34da,2026-09-24T15:04:35,nafis,baseline,paper_barrier,call,exact,plain,{},65536,252,1,1927132444,nn-lotpot_x86_64,7.12630581298218,0.049133408384476544,7.0300061021109075,7.222605523853452,7.1055282627933245,0.020777550188855187,0.5542697020009655,
e825bd8d5f8d,2026-09-24T15:04:35,nafis,baseline,paper_barrier,call,exact,plain,{},65536,252,2,785804105,nn-lotpot_x86_64,7.041586054766806,0.04862297742262055,6.946286770197365,7.136885339336247,7.1055282627933245,0.06394220802651862,0.5540321839998796,
03a5ef807ade,2026-09-24T15:04:36,nafis,baseline,paper_barrier,call,exact,plain,{},65536,252,3,3934646898,nn-lotpot_x86_64,7.1502360287734925,0.049267809839372824,7.053672895891154,7.246799161655831,7.1055282627933245,0.04470776598016801,0.5555682219983282,
7ca16d53f692,2026-09-24T15:04:37,nafis,baseline,paper_barrier,call,exact,plain,{},65536,252,4,1167667987,nn-lotpot_x86_64,7.123957896484955,0.04888451436188864,7.028146008933922,7.219769784035988,7.1055282627933245,0.018429633691630087,0.5551134960005584,
ed507585e8a6,2026-09-24T15:04:37,nafis,baseline,paper_barrier,call,exact,plain,{},65536,252,5,3003346360,nn-lotpot_x86_64,7.1373383194737885,0.04904388544130972,7.041214070346913,7.233462568600664,7.1055282627933245,0.031810056680463994,0.5565009729998565,
da43f8d825dd,2026-09-24T15:04:38,nafis,baseline,paper_barrier,call,exact,plain,{},65536,252,6,3145487169,nn-lotpot_x86_64,7.158005973191718,0.04969358789540433,7.06060833065415,7.255403615729286,7.1055282627933245,0.05247771039839311,0.5601912420006556,
5aaa9e36314a,2026-09-24T15:04:38,nafis,baseline,paper_barrier,call,exact,plain,{},65536,252,7,1816475199,nn-lotpot_x86_64,7.084663282438671,0.04903254474975625,6.9885612606588,7.180765304218541,7.1055282627933245,0.020864980354653895,0.5668001659996662,
6d22cac61956,2026-09-24T15:04:39,nafis,baseline,paper_barrier,call,exact,plain,{},65536,252,8,1173946746,nn-lotpot_x86_64,7.068152529168456,0.04862334264749016,6.972852528771425,7.163452529565487,7.1055282627933245,0.037375733624868346,0.5666180430016539,
d525ab0d90c2,2026-09-24T15:04:39,nafis,baseline,paper_barrier,call,exact,plain,{},65536,252,9,861983975,nn-lotpot_x86_64,7.111140425768782,0.04920038800592758,7.014709437251767,7.2075714142857965,7.1055282627933245,0.005612162975457302,0.5514963609984989,
d30d1716df09,2026-09-24T15:04:40,nafis,baseline,paper_barrier,call,exact,plain,{},65536,252,10,3754810529,nn-lotpot_x86_64,7.066712625302014,0.04913937206552841,6.970401225830664,7.163024024773363,7.1055282627933245,0.038815637491310895,0.5519510409994837,
96359e4bd104,2026-09-24T15:04:40,nafis,baseline,paper_barrier,call,exact,plain,{},65536,252,11,1997000436,nn-lotpot_x86_64,7.0943073473201865,0.048912289543479384,6.998441021413572,7.190173673226801,7.1055282627933245,0.011220915473137971,0.5520279109987314,
9360f51ac176,2026-09-24T15:04:41,nafis,baseline,paper_barrier,call,exact,plain,{},65536,252,12,2887514078,nn-lotpot_x86_64,7.087583935456258,0.0489573984728394,6.991629197672716,7.183538673239799,7.1055282627933245,0.017944327337066746,0.5558705519997602,
4f0eac5e8c1c,2026-09-24T15:04:42,nafis,baseline,paper_barrier,call,exact,plain,{},65536,252,13,710994741,nn-lotpot_x86_64,7.085519553251431,0.04872338219673247,6.990023478940856,7.181015627562006,7.1055282627933245,0.020008709541893488,0.5538268059990514,
400bb478eeae,2026-09-24T15:04:42,nafis,baseline,paper_barrier,call,exact,plain,{},65536,252,14,846252094,nn-lotpot_x86_64,7.136509542908649,0.049121762967691586,7.04023265663486,7.232786429182438,7.1055282627933245,0.030981280115324417,0.5614848509994772,
a92c86da2efa,2026-09-24T15:04:43,nafis,baseline,paper_barrier,call,exact,plain,{},65536,252,15,2753981965,nn-lotpot_x86_64,7.042803480528553,0.0488997782120345,6.946961676380969,7.138645284676137,7.1055282627933245,0.0627247822647714,0.5517762870003935,
1de61a30b73c,2026-09-24T15:04:43,nafis,baseline,paper_barrier,call,exact,plain,{},65536,252,16,1667033655,nn-lotpot_x86_64,7.098672310415758,0.04910739653432734,7.002423581833949,7.194921038997566,7.1055282627933245,0.006855952377566865,0.5539634039996599,
bd783b8d4985,2026-09-24T15:04:44,nafis,baseline,paper_barrier,call,exact,plain,{},65536,252,17,1238366822,nn-lotpot_x86_64,7.0870651368662205,0.04896516784081658,6.991095171401261,7.18303510233118,7.1055282627933245,0.018463125927103974,0.5522866999999678,
6f22c7e44aa2,2026-09-24T15:04:44,nafis,baseline,paper_barrier,call,exact,plain,{},65536,252,18,2861577686,nn-lotpot_x86_64,7.181106959144781,0.049492774804276995,7.084102903033447,7.2781110152561155,7.1055282627933245,0.07557869635145664,0.5524183820016333,
04433ea67dd3,2026-09-24T15:04:45,nafis,baseline,paper_barrier,call,exact,plain,{},65536,252,19,882173512,nn-lotpot_x86_64,7.040711134224017,0.048639025885463864,6.9453803952453965,7.136041873202637,7.1055282627933245,0.06481712856930777,0.5524585700004536,
0a271e8e3f45,2026-09-24T15:04:45,nafis,baseline,paper_barrier,call,exact,antithetic,{},256,252,0,691666850,nn-lotpot_x86_64,7.348055043257437,0.7086239303413947,5.959177661205084,8.73693242530979,7.1055282627933245,0.2425267804641127,0.0025931579984899145,"{""pairs"": 128, ""rho_pair"": -0.2981340039838245}"
c493f702ecd0,2026-09-24T15:04:45,nafis,baseline,paper_barrier,call,exact,antithetic,{},256,252,1,2281205770,nn-lotpot_x86_64,6.446487076855535,0.7309552193027106,5.013841172710645,7.879132981000424,7.1055282627933245,0.6590411859377898,0.0018463330015947577,"{""pairs"": 128, ""rho_pair"": -0.25949943044303514}"
7e4aad3cddfa,2026-09-24T15:04:45,nafis,baseline,paper_barrier,call,exact,antithetic,{},256,252,2,2891355938,nn-lotpot_x86_64,7.974822307453711,0.8436914446542769,6.32121746186676,9.628427153040661,7.1055282627933245,0.8692940446603865,0.0017588230002729688,"{""pairs"": 128, ""rho_pair"": -0.27455688591925864}"
6daf8a68db33,2026-09-24T15:04:45,nafis,baseline,paper_barrier,call,exact,antithetic,{},256,252,3,2152136376,nn-lotpot_x86_64,7.378802820844679,0.6411857796630402,6.122101785305885,8.635503856383473,7.1055282627933245,0.27327455805135425,0.0017591300002095522,"{""pairs"": 128, ""rho_pair"": -0.3421157922552203}"
16fd14567aed,2026-09-24T15:04:45,nafis,baseline,paper_barrier,call,exact,antithetic,{},256,252,4,2334318745,nn-lotpot_x86_64,7.351128251300615,0.6752617372293375,6.027639566193164,8.674616936408066,7.1055282627933245,0.2455999885072906,0.0017551910004840465,"{""pairs"": 128, ""rho_pair"": -0.31811743586016833}"
c608f76b826b,2026-09-24T15:04:45,nafis,baseline,paper_barrier,call,exact,antithetic,{},256,252,5,2735602670,nn-lotpot_x86_64,6.613951290685355,0.5847906378255259,5.467782702051117,7.760119879319593,7.1055282627933245,0.49157697210796947,0.0017479229991295142,"{""pairs"": 128, ""rho_pair"": -0.3393668025191983}"
2ac13497e132,2026-09-24T15:04:45,nafis,baseline,paper_barrier,call,exact,antithetic,{},256,252,6,961902223,nn-lotpot_x86_64,7.364808845861264,0.6863995343507181,6.019490479528793,8.710127212193735,7.1055282627933245,0.2592805830679392,0.001777116998709971,"{""pairs"": 128, ""rho_pair"": -0.3119700331924561}"
15eb33ef40ab,2026-09-24T15:04:45,nafis,baseline,paper_barrier,call,exact,antithetic,{},256,252,7,3511273964,nn-lotpot_x86_64,5.901968739853967,0.5565050182597642,4.8112389468490235,6.99269853285891,7.1055282627933245,1.2035595229393579,0.0017148990009445697,"{""pairs"": 128, ""rho_pair"": -0.30693100834257114}"
9d9fce78c042,2026-09-24T15:04:45,nafis,baseline,paper_barrier,call,exact,antithetic,{},256,252,8,2549269728,nn-lotpot_x86_64,6.656640055128436,0.5758890890172919,5.527918181564964,7.785361928691909,7.1055282627933245,0.44888820766488813,0.0017024320004566107,"{""pairs"": 128, ""rho_pair"": -0.34509691140248855}"
c20e00f6252f,2026-09-24T15:04:45,nafis,baseline,paper_barrier,call,exact,antithetic,{},256,252,9,4208518230,nn-lotpot_x86_64,6.86166621806376,0.6046787919136051,5.676517563697905,8.046814872429616,7.1055282627933245,0.24386204472956408,0.001681891999396612,"{""pairs"": 128, ""rho_pair"": -0.34244905181585333}"
c72bc136296a,2026-09-24T15:04:45,nafis,baseline,paper_barrier,call,exact,antithetic,{},256,252,10,774255893,nn-lotpot_x86_64,6.425469479821356,0.5645705767574932,5.318931482645663,7.532007476997048,7.1055282627933245,0.6800587829719689,0.0017346020013064845,"{""pairs"": 128, ""rho_pair"": -0.3398840370152683}"
38b90bca3cf3,2026-09-24T15:04:45,nafis,baseline,paper_barrier,call,exact,antithetic,{},256,252,11,602538246,nn-lotpot_x86_64,6.9502288384211965,0.6507067514566786,5.67486704106905,8.225590635773344,7.1055282627933245,0.15529942437212796,0.0017235510003956733,"{""pairs"": 128, ""rho_pair"": -0.30972478637400225}"
a27e19a20e29,2026-09-24T15:04:45,nafis,baseline,paper_barrier,call,exact,antithetic,{},256,252,12,3875724386,nn-lotpot_x86_64,7.643565268697686,0.6504603264224417,6.368686455537533,8.918444081857839,7.1055282627933245,0.5380370059043615,0.0017085899999074172,"{""pairs"": 128, ""rho_pair"": -0.35503631657956924}"
7509a1815413,2026-09-24T15:04:45,nafis,baseline,paper_barrier,call,exact,antithetic,{},256,252,13,2181220090,nn-lotpot_x86_64,6.185253681567129,0.5993330257159131,5.0105825364185215,7.359924826715737,7.1055282627933245,0.9202745812261952,0.0017354679985146504,"{""pairs"": 128, ""rho_pair"": -0.2960933641490259}"
c6c3f7e86398,2026-09-24T15:04:45,nafis,baseline,paper_barrier,call,exact,antithetic,{},256,252,14,3408376344,nn-lotpot_x86_64,6.328292659188445,0.598692309643217,5.154877294466639,7.501708023910252,7.1055282627933245,0.7772356036048791,0.0017363089991704328,"{""pairs"": 128, ""rho_pair"": -0.30285237277524435}"
029569aae8de,2026-09-24T15:04:45,nafis,baseline,paper_barrier,call,exact,antithetic,{},256,252,15,3020676147,nn-lotpot_x86_64,6.926341949333803,0.6055771594535406,5.739432526944794,8.113251371722813,7.1055282627933245,0.17918631345952107,0.001733821000016178,"{""pairs"": 128, ""rho_pair"": -0.34226208541892805}"
9bb2efbe46f9,2026-09-24T15:04:45,nafis,baseline,paper_barrier,call,exact,antithetic,{},256,252,16,1837354281,nn-lotpot_x86_64,6.408346306873088,0.5976698320511235,5.236934961406783,7.579757652339392,7.1055282627933245,0.6971819559202368,0.001840434999394347,"{""pairs"": 128, ""rho_pair"": -0.31217938006910695}"
bcef9e364427,2026-09-24T15:04:45,nafis,baseline,paper_barrier,call,exact,antithetic,{},256,252,17,3841408803,nn-lotpot_x86_64,7.526109353749366,0.6097718452452694,6.330978498282106,8.721240209216624,7.1055282627933245,0.42058109095604124,0.0017167509995488217,"{""pairs"": 128, ""rho_pair"": -0.3756722331930195}"
dba7c8b8e6c5,2026-09-24T15:04:45,nafis,baseline,paper_barrier,call,exact,antithetic,{},256,252,18,3185925586,nn-lotpot_x86_64,7.632721443568455,0.6489238408421758,6.360854086808388,8.904588800328522,7.1055282627933245,0.5271931807751304,0.0017201849987031892,"{""pairs"": 128, ""rho_pair"": -0.35133919754671156}"
7428496fc920,2026-09-24T15:04:45,nafis,baseline,paper_barrier,call,exact,antithetic,{},256,252,19,1529118349,nn-lotpot_x86_64,7.316850836496118,0.6443577136525988,6.0539329245764515,8.579768748415784,7.1055282627933245,0.21132257370279373,0.0017049849993782118,"{""pairs"": 128, ""rho_pair"": -0.3389205137265745}"
89fa4c7db01f,2026-09-24T15:04:45,nafis,baseline,paper_barrier,call,exact,antithetic,{},1024,252,0,3620197500,nn-lotpot_x86_64,7.438513132223276,0.3453769945984405,6.761586661721648,8.115439602724905,7.1055282627933245,0.33298486942995176,0.009149217999947723,"{""pairs"": 512, ""rho_pair"": -0.3121482417594174}"
88edcb1ab126,2026-09-24T15:04:45,nafis,baseline,paper_barrier,call,exact,antithetic,{},1024,252,1,3471709090,nn-lotpot_x86_64,6.934077346845873,0.31047325943816695,6.325560940184306,7.5425937535074405,7.1055282627933245,0.17145091594745132,0.006329526000627084,"{""pairs"": 512, ""rho_pair"": -0.32851881344736}"
845bd4c64f64,2026-09-24T15:04:45,nafis,baseline,paper_barrier,call,exact,antithetic,{},1024,252,2,3266620737,nn-lotpot_x86_64,6.970377217441936,0.30256051691925806,6.377369501136368,7.563384933747503,7.1055282627933245,0.1351510453513889,0.006271323998589651,"{""pairs"": 512, ""rho_pair"": -0.3420375407616568}"
cade3c5effcd,2026-09-24T15:04:45,nafis,baseline,paper_barrier,call,exact,antithetic,{},1024,252,3,2098979215,nn-lotpot_x86_64,7.362240347463702,0.33440671877551253,6.706815222475483,8.01766547245192,7.1055282627933245,0.25671208467037765,0.006223312999281916,"{""pairs"": 512, ""rho_pair"": -0.3224506127430169}"
ca3b9d32cbcb,2026-09-24T15:04:45,nafis,baseline,paper_barrier,call,exact,antithetic,{},1024,252,4,139002614,nn-lotpot_x86_64,6.976290676875549,0.33382651383820044,6.322002732668114,7.630578621082984,7.1055282627933245,0.12923758591777545,0.006293906000792049,"{""pairs"": 512, ""rho_pair"": -0.2984884661182685}"
4638ab58ae1c,2026-09-24T15:04:45,nafis,baseline,paper_barrier,call,exact,antithetic,{},1024,252,5,3744471414,nn-lotpot_x86_64,7.9012790758766,0.32426427016988457,7.26573278487046,8.53682536688274,7.1055282627933245,0.7957508130832753,0.006306790000962792,"{""pairs"": 512, ""rho_pair"": -0.3683206788408518}"
a323c0ed9783,2026-09-24T15:04:45,nafis,baseline,paper_barrier,call,exact,antithetic,{},1024,252,6,843500894,nn-lotpot_x86_64,7.32382837083931,0.3250351433197171,6.68677119622285,7.9608855454557705,7.1055282627933245,0.21830010804598565,0.006220037999810302,"{""pairs"": 512, ""rho_pair"": -0.331125778484551}"
cd1b40689b42,2026-09-24T15:04:45,nafis,baseline,paper_barrier,call,exact,antithetic,{},1024,252,7,3095235435,nn-lotpot_x86_64,6.925927413145869,0.32307051295795647,6.292720843281394,7.559133983010344,7.1055282627933245,0.17960084964745526,0.006192589000420412,"{""pairs"": 512, ""rho_pair"": -0.30879662336655445}"
8375de1c110c,2026-09-24T15:04:45,nafis,baseline,paper_barrier,call,exact,antithetic,{},1024,252,8,3239754307,nn-lotpot_x86_64,7.408245597568309,0.3292634030683613,6.762901186127225,8.053590009009392,7.1055282627933245,0.3027173347749841,0.006239960999664618,"{""pairs"": 512, ""rho_pair"": -0.3313493808964175}"
4bf6053af30e,2026-09-24T15:04:45,nafis,baseline,paper_barrier,call,exact,antithetic,{},1024,252,9,594740231,nn-lotpot_x86_64,7.019313210690862,0.3118881921010679,6.408023586969459,7.630602834412264,7.1055282627933245,0.08621505210246294,0.006214028000613325,"{""pairs"": 512, ""rho_pair"": -0.33071551485826384}"
d577e5b36ab5,2026-09-24T15:04:45,nafis,baseline,paper_barrier,call,exact,antithetic,{},1024,252,10,666613736,nn-lotpot_x86_64,7.245910989229829,0.3369895345610093,6.585423638323335,7.906398340136323,7.1055282627933245,0.1403827264365045,0.006266120000873343,"{""pairs"": 512, ""rho_pair"": -0.31021985920218625}"
5c0a6bcdc424,2026-09-24T15:04:45,nafis,baseline,paper_barrier,call,exact,antithetic,{},1024,252,11,832035697,nn-lotpot_x86_64,6.955357464597991,0.3209604934379601,6.3262864569993855,7.584428472196597,7.1055282627933245,0.15017079819533308,0.006241098999453243,"{""pairs"": 512, ""rho_pair"": -0.31492920741623537}"
76c0807c5c8b,2026-09-24T15:04:45,nafis,baseline,paper_barrier,call,exact,antithetic,{},1024,252,12,3876109882,nn-lotpot_x86_64,7.257936635661747,0.3038346149069253,6.662431733187577,7.853441538135917,7.1055282627933245,0.15240837286842268,0.006305352999333991,"{""pairs"": 512, ""rho_pair"": -0.3594937219941883}"
e92e0d01f4dc,2026-09-24T15:04:45,nafis,baseline,paper_barrier,call,exact,antithetic,{},1024,252,13,1734068817,nn-lotpot_x86_64,6.692226957479908,0.3130387712155725,6.078682240132712,7.3057716748271035,7.1055282627933245,0.4133013053134169,0.006343233999359654,"{""pairs"": 512, ""rho_pair"": -0.30859919542868214}"
19b83743265d,2026-09-24T15:04:45,nafis,baseline,paper_barrier,call,exact,antithetic,{},1024,252,14,2949685754,nn-lotpot_x86_64,6.968237313361657,0.3027424051866931,6.374873102602706,7.561601524120608,7.1055282627933245,0.13729094943166764,0.006299581998973736,"{""pairs"": 512, ""rho_pair"": -0.3419611363325788}"
0a505c4584fa,2026-09-24T15:04:45,nafis,baseline,paper_barrier,call,exact,antithetic,{},1024,252,15,3643795329,nn-lotpot_x86_64,6.822982933905733,0.32049604360814804,6.194822231246184,7.4511436365652814,7.1055282627933245,0.28254532888759165,0.0063039519991434645,"{""pairs"": 512, ""rho_pair"": -0.3073154211521188}"
6813110ae6fc,2026-09-24T15:04:45,nafis,baseline,paper_barrier,call,exact,antithetic,{},1024,252,16,3042347915,nn-lotpot_x86_64,6.311390164913471,0.3096856514218577,5.704417441597804,6.9183628882291375,7.1055282627933245,0.7941380978798538,0.006241924000278232,"{""pairs"": 512, ""rho_pair"": -0.2888465911218009}"
bb164ccc4610,2026-09-24T15:04:45,nafis,baseline,paper_barrier,call,exact,antithetic,{},1024,252,17,745555486,nn-lotpot_x86_64,7.49235858996408,0.35771844288233884,6.7912433253089475,8.193473854619212,7.1055282627933245,0.38683032717075516,0.006270252999456716,"{""pairs"": 512, ""rho_pair"": -0.3002861050320462}"
930beb624b3a,2026-09-24T15:04:45,nafis,baseline,paper_barrier,call,exact,antithetic,{},1024,252,18,80434248,nn-lotpot_x86_64,6.99171251900001,0.3362297679072091,6.332714283371619,7.650710754628401,7.1055282627933245,0.11381574379331472,0.00622162599938747,"{""pairs"": 512, ""rho_pair"": -0.2984447403077684}"
1a4621782be7,2026-09-24T15:04:45,nafis,baseline,paper_barrier,call,exact,antithetic,{},1024,252,19,228449356,nn-lotpot_x86_64,7.503953575169716,0.3466598713244828,6.824512712488441,8.183394437850993,7.1055282627933245,0.3984253123763919,0.006265834001169424,"{""pairs"": 512, ""rho_pair"": -0.32000210075230007}"
79581a8b0041,2026-09-24T15:04:45,nafis,baseline,paper_barrier,call,exact,antithetic,{},4096,252,0,1787068717,nn-lotpot_x86_64,7.491932506327932,0.1684866045892547,7.161704829455552,7.822160183200312,7.1055282627933245,0.38640424353460734,0.028703639000013936,"{""pairs"": 2048, ""rho_pair"": -0.32605474006375995}"
a86890e7925d,2026-09-24T15:04:45,nafis,baseline,paper_barrier,call,exact,antithetic,{},4096,252,1,232608626,nn-lotpot_x86_64,7.20550348580197,0.1642848227261194,6.883511150052229,7.527495821551712,7.1055282627933245,0.09997522300864592,0.03132444099901477,"{""pairs"": 2048, ""rho_pair"": -0.31959109761952337}"
f3a0f62ccf07,2026-09-24T15:04:45,nafis,baseline,paper_barrier,call,exact,antithetic,{},4096,252,2,425869060,nn-lotpot_x86_64,6.891340323029896,0.15965726672189934,6.5784178303848675,7.204262815674924,7.1055282627933245,0.21418793976342876,0.03130884600068384,"{""pairs"": 2048, ""rho_pair"": -0.3140844180340916}"
05bf0822929f,2026-09-24T15:04:45,nafis,baseline,paper_barrier,call,exact,antithetic,{},4096,252,3,1935655907,nn-lotpot_x86_64,7.1264526244387625,0.1642456486416582,6.804537068483692,7.448368180393833,7.1055282627933245,0.020924361645437983,0.03158345500014548,"{""pairs"": 2048, ""rho_pair"": -0.31489696982406595}"
3c2a635686d3,2026-09-24T15:04:45,nafis,baseline,paper_barrier,call,exact,antithetic,{},4096,252,4,1232877781,nn-lotpot_x86_64,6.96849910636228,0.1584781090818553,6.657887720223834,7.279110492500727,7.1055282627933245,0.13702915643104419,0.0314260800005286,"{""pairs"": 2048, ""rho_pair"": -0.32068636436247966}"
888a87c28ddc,2026-09-24T15:04:45,nafis,baseline,paper_barrier,call,exact,antithetic,{},4096,252,5,1963998549,nn-lotpot_x86_64,7.246022422237204,0.16912997683182496,6.914533758940734,7.577511085533675,7.1055282627933245,0.14049415944387977,0.03153912699963257,"{""pairs"": 2048, ""rho_pair"": -0.3095657855030209}"
e2682647d819,2026-09-24T15:04:45,nafis,baseline,paper_barrier,call,exact,antithetic,{},4096,252,6,36936044,nn-lotpot_x86_64,6.983179627254887,0.16028003053368386,6.669036539967887,7.297322714541887,7.1055282627933245,0.12234863553843756,0.03165227699901152,"{""pairs"": 2048, ""rho_pair"": -0.31669140869521045}"
6fdae1a91435,2026-09-24T15:04:45,nafis,baseline,paper_barrier,call,exact,antithetic,{},4096,252,7,447550022,nn-lotpot_x86_64,7.114460054673735,0.16235369816879533,6.796252653506009,7.432667455841461,7.1055282627933245,0.0089317918804106,0.03140492900092795,"{""pairs"": 2048, ""rho_pair"": -0.3195505298343587}"
6cc3df95ee16,2026-09-24T15:04:45,nafis,baseline,paper_barrier,call,exact,antithetic,{},4096,252,8,1671238077,nn-lotpot_x86_64,7.002571351950288,0.16014507903967667,6.688692764731202,7.316449939169375,7.1055282627933245,0.10295691084303638,0.031246428001395543,"{""pairs"": 2048, ""rho_pair"": -0.31841800839672046}"
55c2de09570d,2026-09-24T15:04:45,nafis,baseline,paper_barrier,call,exact,antithetic,{},4096,252,9,2258180572,nn-lotpot_x86_64,7.354031764940165,0.1700175326453522,7.020803524214912,7.687260005665419,7.1055282627933245,0.24850350214684092,0.031657245999667794,"{""pairs"": 2048, ""rho_pair"": -0.3140102833771534}"
eb05245e1eee,2026-09-24T15:04:45,nafis,baseline,paper_barrier,call,exact,antithetic,{},4096,252,10,3638148983,nn-lotpot_x86_64,7.282148375318565,0.16356723735148204,6.961562481058945,7.6027342695781845,7.1055282627933245,0.17662011252524046,0.03151559100115264,"{""pairs"": 2048, ""rho_pair"": -0.3262126966250315}"
ce165e07e144,2026-09-24T15:04:45,nafis,baseline,paper_barrier,call,exact,antithetic,{},4096,252,11,3311995531,nn-lotpot_x86_64,7.178361326004497,0.1626938991416666,6.859487143182438,7.497235508826556,7.1055282627933245,0.07283306321117244,0.03146470399951795,"{""pairs"": 2048, ""rho_pair"": -0.3222091338187606}"
d8a9b4f3ba6a,2026-09-24T15:04:46,nafis,baseline,paper_barrier,call,exact,antithetic,{},4096,252,12,3200083354,nn-lotpot_x86_64,7.302526754586541,0.16214645590345117,6.984725540794964,7.620327968378118,7.1055282627933245,0.1969984917932166,0.03158966899900406,"{""pairs"": 2048, ""rho_pair"": -0.33172895849838113}"
f467b6cca6a7,2026-09-24T15:04:46,nafis,baseline,paper_barrier,call,exact,antithetic,{},4096,252,13,3899284541,nn-lotpot_x86_64,6.917582759730067,0.15942229702920546,6.6051207992201775,7.230044720239956,7.1055282627933245,0.18794550306325775,0.03168161299981875,"{""pairs"": 2048, ""rho_pair"": -0.314781921720979}"
38110c552496,2026-09-24T15:04:46,nafis,baseline,paper_barrier,call,exact,antithetic,{},4096,252,14,2713540180,nn-lotpot_x86_64,6.965012342749233,0.16060827975460673,6.650225898811271,7.279798786687196,7.1055282627933245,0.1405159200440913,0.03155559600054403,"{""pairs"": 2048, ""rho_pair"": -0.3149965714752456}"
30c293a90a70,2026-09-24T15:04:46,nafis,baseline,paper_barrier,call,exact,antithetic,{},4096,252,15,1003322860,nn-lotpot_x86_64,7.101404392343705,0.16319706731736375,6.781544018019113,7.421264766668297,7.1055282627933245,0.004123870449619815,0.03134951900028682,"{""pairs"": 2048, ""rho_pair"": -0.31633959654498583}"
e498cfffe3c1,2026-09-24T15:04:46,nafis,baseline,paper_barrier,call,exact,antithetic,{},4096,252,16,3207500482,nn-lotpot_x86_64,7.016605969988617,0.1640886933944039,6.694998040665349,7.338213899311884,7.1055282627933245,0.08892229280470776,0.03150349099996674,"{""pairs"": 2048, ""rho_pair"": -0.3083757105963866}"
26a1c0b7522d,2026-09-24T15:04:46,nafis,baseline,paper_barrier,call,exact,antithetic,{},4096,252,17,3897450749,nn-lotpot_x86_64,7.081971418178595,0.16000542142201465,6.768366554860293,7.395576281496897,7.1055282627933245,0.0235568446147294,0.03165083499879984,"{""pairs"": 2048, ""rho_pair"": -0.3232989580498506}"
693f63714c1f,2026-09-24T15:04:46,nafis,baseline,paper_barrier,call,exact,antithetic,{},4096,252,18,1759775229,nn-lotpot_x86_64,7.011053337820635,0.16062181744589876,6.696240360495306,7.325866315145964,7.1055282627933245,0.0944749249726895,0.03163583599962294,"{""pairs"": 2048, ""rho_pair"": -0.318372409124638}"
2597a5f2dc62,2026-09-24T15:04:46,nafis,baseline,paper_barrier,call,exact,antithetic,{},4096,252,19,3078005236,nn-lotpot_x86_64,7.0358089988131525,0.1658660907064518,6.710717434772053,7.360900562854252,7.1055282627933245,0.06971926398017203,0.03137024200077576,"{""pairs"": 2048, ""rho_pair"": -0.30532516584936464}"
57724b40b4f4,2026-09-24T15:04:46,nafis,baseline,paper_barrier,call,exact,antithetic,{},16384,252,0,1175735156,nn-lotpot_x86_64,7.047849240184718,0.08018540755956091,6.890688729282313,7.205009751087123,7.1055282627933245,0.0576790226086068,0.11593490500126791,"{""pairs"": 8192, ""rho_pair"": -0.32066851206062846}"
45008c19ca02,2026-09-24T15:04:46,nafis,baseline,paper_barrier,call,exact,antithetic,{},16384,252,1,304968036,nn-lotpot_x86_64,7.220781421722868,0.08126113030484657,7.061512532982352,7.380050310463384,7.1055282627933245,0.11525315892954335,0.1137845000012021,"{""pairs"": 8192, ""rho_pair"": -0.3252425040477252}"
8eb883f7fb5f,2026-09-24T15:04:46,nafis,baseline,paper_barrier,call,exact,antithetic,{},16384,252,2,2908471195,nn-lotpot_x86_64,7.228361665647322,0.0817704819244457,7.068094466076925,7.3886288652177186,7.1055282627933245,0.12283340285399724,0.11394864300018526,"{""pairs"": 8192, ""rho_pair"": -0.32295858357487384}"
359569540230,2026-09-24T15:04:46,nafis,baseline,paper_barrier,call,exact,antithetic,{},16384,252,3,1807213444,nn-lotpot_x86_64,7.126604912620673,0.08124733259742932,6.967363066889765,7.285846758351581,7.1055282627933245,0.02107664982734825,0.11352192999947874,"{""pairs"": 8192, ""rho_pair"": -0.3195469736212564}"
6715f2b8f26b,2026-09-24T15:04:46,nafis,baseline,paper_barrier,call,exact,antithetic,{},16384,252,4,3781619440,nn-lotpot_x86_64,7.216104071801283,0.0835504360517055,7.052348226247323,7.379859917355242,7.1055282627933245,0.11057580900795827,0.11357415900056367,"{""pairs"": 8192, ""rho_pair"": -0.31292743633600467}"
e3330dba75f7,2026-09-24T15:04:46,nafis,baseline,paper_barrier,call,exact,antithetic,{},16384,252,5,3018627691,nn-lotpot_x86_64,7.011494183433901,0.07860565738214223,6.857429925983807,7.165558440883995,7.1055282627933245,0.09403407935942365,0.11371860700091929,"{""pairs"": 8192, ""rho_pair"": -0.3269060960448904}"
1603dd3da0ef,2026-09-24T15:04:47,nafis,baseline,paper_barrier,call,exact,antithetic,{},16384,252,6,1380582823,nn-lotpot_x86_64,7.112625410686876,0.0820062074329723,6.951896197609529,7.273354623764223,7.1055282627933245,0.007097147893551536,0.11371711100036919,"{""pairs"": 8192, ""rho_pair"": -0.31475424063842083}"
825ec6eee975,2026-09-24T15:04:47,nafis,baseline,paper_barrier,call,exact,antithetic,{},16384,252,7,673250622,nn-lotpot_x86_64,7.116971666925341,0.08092157270794208,6.958368298845436,7.275575035005247,7.1055282627933245,0.01144340413201661,0.11335465099909925,"{""pairs"": 8192, ""rho_pair"": -0.32077177325228545}"
dfdb2b853b88,2026-09-24T15:04:47,nafis,baseline,paper_barrier,call,exact,antithetic,{},16384,252,8,2140141865,nn-lotpot_x86_64,7.029593688802146,0.08075061279497171,6.871325395994463,7.18786198160983,7.1055282627933245,0.07593457399117831,0.11403096199865104,"{""pairs"": 8192, ""rho_pair"": -0.31629989270526476}"
b3d3941d4470,2026-09-24T15:04:47,nafis,baseline,paper_barrier,call,exact,antithetic,{},16384,252,9,3823509989,nn-lotpot_x86_64,7.144412456810024,0.08248171493867495,6.982751266147122,7.3060736474729255,7.1055282627933245,0.03888419401669907,0.11513341600038984,"{""pairs"": 8192, ""rho_pair"": -0.3141210143966407}"
47a294712e2f,2026-09-24T15:04:47,nafis,baseline,paper_barrier,call,exact,antithetic,{},16384,252,10,4151993782,nn-lotpot_x86_64,7.044622718611381,0.08092828984997769,6.886006185175006,7.203239252047755,7.1055282627933245,0.06090554418194394,0.11402113800068037,"{""pairs"": 8192, ""rho_pair"": -0.3162962952116504}"
67f889eac8cf,2026-09-24T15:04:47,nafis,baseline,paper_barrier,call,exact,antithetic,{},16384,252,11,752586156,nn-lotpot_x86_64,6.94149821347759,0.08004115089869711,6.784620440435008,7.098375986520173,7.1055282627933245,0.16403004931573406,0.1144882749995304,"{""pairs"": 8192, ""rho_pair"": -0.3148542092049303}"
718c30da4366,2026-09-24T15:04:47,nafis,baseline,paper_barrier,call,exact,antithetic,{},16384,252,12,2109166770,nn-lotpot_x86_64,7.152862020983056,0.08139411205418086,6.993332492803244,7.312391549162868,7.1055282627933245,0.04733375818973151,0.11404491400026018,"{""pairs"": 8192, ""rho_pair"": -0.3203698619727795}"
aa4764bc902e,2026-09-24T15:04:47,nafis,baseline,paper_barrier,call,exact,antithetic,{},16384,252,13,3291875011,nn-lotpot_x86_64,6.951110986908412,0.07961419405022567,6.795070033911786,7.107151939905037,7.1055282627933245,0.15441727588491272,0.11333393600034469,"{""pairs"": 8192, ""rho_pair"": -0.31753073238024626}"
e3dcbb6d993d,2026-09-24T15:04:47,nafis,baseline,paper_barrier,call,exact,antithetic,{},16384,252,14,2064359617,nn-lotpot_x86_64,7.187794206083886,0.08202222306780713,7.027033602939074,7.348554809228698,7.1055282627933245,0.0822659432905617,0.114077965999968,"{""pairs"": 8192, ""rho_pair"": -0.3191654236444866}"
9d7a1b246749,2026-09-24T15:04:48,nafis,baseline,paper_barrier,call,exact,antithetic,{},16384,252,15,1309731255,nn-lotpot_x86_64,7.007695407694737,0.07991971538483511,6.851055643885768,7.164335171503705,7.1055282627933245,0.09783285509858786,0.11394316699988849,"{""pairs"": 8192, ""rho_pair"": -0.3194154269778022}"
843c0b7659ee,2026-09-24T15:04:48,nafis,baseline,paper_barrier,call,exact,antithetic,{},16384,252,16,1111894024,nn-lotpot_x86_64,7.064444140263804,0.08007988043081066,6.907490458733141,7.221397821794467,7.1055282627933245,0.04108412252952043,0.11371794600017893,"{""pairs"": 8192, ""rho_pair"": -0.32222262798581713}"
472c2ffe1a6b,2026-09-24T15:04:48,nafis,baseline,paper_barrier,call,exact,antithetic,{},16384,252,17,4172140788,nn-lotpot_x86_64,7.086930670683538,0.08089871458432372,6.928372103702678,7.245489237664398,7.1055282627933245,0.01859759210978673,0.11410803999933705,"{""pairs"": 8192, ""rho_pair"": -0.31950566717164874}"
b3604939520d,2026-09-24T15:04:48,nafis,baseline,paper_barrier,call,exact,antithetic,{},16384,252,18,1485745620,nn-lotpot_x86_64,7.042039854241374,0.07994111578779568,6.885358146413347,7.1987215620694,7.1055282627933245,0.06348840855195093,0.11343667700020887,"{""pairs"": 8192, ""rho_pair"": -0.3214677913797621}"
c6f4b83c81cb,2026-09-24T15:04:48,nafis,baseline,paper_barrier,call,exact,antithetic,{},16384,252,19,3460017351,nn-lotpot_x86_64,6.9534640753514285,0.07986784269198127,6.796925980152235,7.110002170550622,7.1055282627933245,0.15206418744189598,0.11451546399985091,"{""pairs"": 8192, ""rho_pair"": -0.31631171187261403}"
f152f62dfa5d,2026-09-24T15:04:49,nafis,baseline,paper_barrier,call,exact,antithetic,{},65536,252,0,3679258058,nn-lotpot_x86_64,7.032387823854227,0.04007126147606284,6.953849594546056,7.110926053162397,7.1055282627933245,0.07314043893909794,0.46208379400013655,"{""pairs"": 32768, ""rho_pair"": -0.3196902173237763}"
376065b7176b,2026-09-24T15:04:49,nafis,baseline,paper_barrier,call,exact,antithetic,{},65536,252,1,2354211258,nn-lotpot_x86_64,7.144201945328119,0.040808988602840865,7.064217797421045,7.2241860932351925,7.1055282627933245,0.038673682534794196,0.46290538699940953,"{""pairs"": 32768, ""rho_pair"": -0.31863968124990477}"
1ad85b2b3e9d,2026-09-24T15:04:49,nafis,baseline,paper_barrier,call,exact,antithetic,{},65536,252,2,770801088,nn-lotpot_x86_64,7.0683280781917865,0.04026097766741925,6.989418011981273,7.1472381444023,7.1055282627933245,0.037200184601537956,0.46236058800059254,"{""pairs"": 32768, ""rho_pair"": -0.31988548262723915}"
9c28f09e6935,2026-09-24T15:04:50,nafis,baseline,paper_barrier,call,exact,antithetic,{},65536,252,3,805038483,nn-lotpot_x86_64,7.109161915248001,0.04053386662182897,7.0297169965150665,7.188606833980936,7.1055282627933245,0.003633652454676728,0.4613013560010586,"{""pairs"": 32768, ""rho_pair"": -0.31947220919027663}"
5c497b8e2178,2026-09-24T15:04:50,nafis,baseline,paper_barrier,call,exact,antithetic,{},65536,252,4,3651879656,nn-lotpot_x86_64,7.041811245624919,0.04008813929680848,6.963239936395949,7.120382554853888,7.1055282627933245,0.06371701716840583,0.4600845719996869,"{""pairs"": 32768, ""rho_pair"": -0.3201189030883116}"
9181f2f68b23,2026-09-24T15:04:51,nafis,baseline,paper_barrier,call,exact,antithetic,{},65536,252,5,3832992548,nn-lotpot_x86_64,7.093319004478685,0.04047767681442119,7.013984215744568,7.1726537932128025,7.1055282627933245,0.01220925831463937,0.46125726499849407,"{""pairs"": 32768, ""rho_pair"": -0.319079140957327}"
03dbe0ae3023,2026-09-24T15:04:51,nafis,baseline,paper_barrier,call,exact,antithetic,{},65536,252,6,107080373,nn-lotpot_x86_64,7.042677131849243,0.040024819788586206,6.964229926575908,7.121124337122578,7.1055282627933245,0.06285113094408157,0.45948467099879053,"{""pairs"": 32768, ""rho_pair"": -0.3208581651891316}"
85ec2380fba8,2026-09-24T15:04:52,nafis,baseline,paper_barrier,call,exact,antithetic,{},65536,252,7,1204950643,nn-lotpot_x86_64,7.132782501582618,0.040482238495122586,7.053438772118617,7.212126231046619,7.1055282627933245,0.02725423878929334,0.4618061189994478,"{""pairs"": 32768, ""rho_pair"": -0.32141720389495815}"
15ab233363f7,2026-09-24T15:04:52,nafis,baseline,paper_barrier,call,exact,antithetic,{},65536,252,8,4041733866,nn-lotpot_x86_64,7.113036786372302,0.04058889745378436,7.033484009190695,7.192589563553908,7.1055282627933245,0.007508523578977133,0.46108377000018663,"{""pairs"": 32768, ""rho_pair"": -0.31909360872116105}"
58828a03da7b,2026-09-24T15:04:53,nafis,baseline,paper_barrier,call,exact,antithetic,{},65536,252,9,757223066,nn-lotpot_x86_64,7.133169432074095,0.04060830871254584,7.053578609524421,7.2127602546237695,7.1055282627933245,0.02764116928077076,0.4602085160004208,"{""pairs"": 32768, ""rho_pair"": -0.3201297068121242}"
0d1f04375552,2026-09-24T15:04:53,nafis,baseline,paper_barrier,call,exact,antithetic,{},65536,252,10,1369777458,nn-lotpot_x86_64,7.170405548010603,0.0405488250453679,7.090931311306266,7.249879784714939,7.1055282627933245,0.06487728521727831,0.46194125799956964,"{""pairs"": 32768, ""rho_pair"": -0.32302880919874855}"
6d50ff22d493,2026-09-24T15:04:54,nafis,baseline,paper_barrier,call,exact,antithetic,{},65536,252,11,523375944,nn-lotpot_x86_64,7.1014932981827465,0.04041648853337146,7.022278436275762,7.180708160089731,7.1055282627933245,0.004034964610577951,0.46336916300060693,"{""pairs"": 32768, ""rho_pair"": -0.32029415250289617}"
e8759d9d12b0,2026-09-24T15:04:54,nafis,baseline,paper_barrier,call,exact,antithetic,{},65536,252,12,1581735769,nn-lotpot_x86_64,7.104710082169137,0.040358959050987867,7.025607975975674,7.1838121883626,7.1055282627933245,0.0008181806241873701,0.4622696000005817,"{""pairs"": 32768, ""rho_pair"": -0.32105997909277767}"
3e90c13b01ec,2026-09-24T15:04:55,nafis,baseline,paper_barrier,call,exact,antithetic,{},65536,252,13,2426684202,nn-lotpot_x86_64,7.04820053253976,0.04030887515659938,6.969196588975504,7.1272044761040165,7.1055282627933245,0.05732773025356419,0.46069691800039436,"{""pairs"": 32768, ""rho_pair"": -0.31808997680118656}"
d7a228b329c9,2026-09-24T15:04:55,nafis,baseline,paper_barrier,call,exact,antithetic,{},65536,252,14,2787676527,nn-lotpot_x86_64,7.193658069205158,0.04091963752518725,7.113457053395358,7.2738590850149585,7.1055282627933245,0.08812980641183366,0.460808227000598,"{""pairs"": 32768, ""rho_pair"": -0.3204617448879753}"
72b3f949cfbd,2026-09-24T15:04:55,nafis,baseline,paper_barrier,call,exact,antithetic,{},65536,252,15,3794276810,nn-lotpot_x86_64,7.059894381952416,0.04040304800697515,6.980705862993102,7.13908290091173,7.1055282627933245,0.04563388084090825,0.4607355730004201,"{""pairs"": 32768, ""rho_pair"": -0.31783008914676636}"
3e85c055ff63,2026-09-24T15:04:56,nafis,baseline,paper_barrier,call,exact,antithetic,{},65536,252,16,3606959604,nn-lotpot_x86_64,7.039864931270515,0.04022065334114176,6.961033899287206,7.118695963253823,7.1055282627933245,0.0656633315228099,0.4593071079998481,"{""pairs"": 32768, ""rho_pair"": -0.3185481577764544}"
f215b69243a9,2026-09-24T15:04:56,nafis,baseline,paper_barrier,call,exact,antithetic,{},65536,252,17,1039187330,nn-lotpot_x86_64,7.069326710898178,0.04044685847484128,6.9900523249997,7.148601096796655,7.1055282627933245,0.03620155189514662,0.4592415749993961,"{""pairs"": 32768, ""rho_pair"": -0.31791982231608845}"
f466587aaf84,2026-09-24T15:04:57,nafis,baseline,paper_barrier,call,exact,antithetic,{},65536,252,18,3993529095,nn-lotpot_x86_64,7.032798845011168,0.03992071972319576,6.954555672116787,7.111042017905549,7.1055282627933245,0.07272941778215625,0.46001355400039756,"{""pairs"": 32768, ""rho_pair"": -0.32139383816952144}"
b8e930683afc,2026-09-24T15:04:57,nafis,baseline,paper_barrier,call,exact,antithetic,{},65536,252,19,1194425124,nn-lotpot_x86_64,7.080609191736837,0.04035708991233719,7.001510748987811,7.159707634485863,7.1055282627933245,0.024919071056487496,0.45980186499946285,"{""pairs"": 32768, ""rho_pair"": -0.3196296488789241}"
31e1ebcd2339,2026-09-24T15:04:57,nafis,baseline,paper_barrier,call,euler_maruyama,plain,{},256,252,0,978176652,nn-lotpot_x86_64,6.9377883497040225,0.7330618793103262,5.501013467816535,8.374563231591509,7.1055282627933245,0.16773991308930203,0.0017120539996540174,
b3a0cd6b911c,2026-09-24T15:04:57,nafis,baseline,paper_barrier,call,euler_maruyama,plain,{},256,252,1,3158677007,nn-lotpot_x86_64,7.084164213633574,0.7435069111335951,5.626917445555105,8.541410981712044,7.1055282627933245,0.02136404915975021,0.0016558099996473175,
33c97e0556c2,2026-09-24T15:04:57,nafis,baseline,paper_barrier,call,euler_maruyama,plain,{},256,252,2,3854813039,nn-lotpot_x86_64,7.300173117215404,0.7502300311173354,5.829749276105062,8.770596958325745,7.1055282627933245,0.19464485442207913,0.0016304189994116314,
20885c8d2fc0,2026-09-24T15:04:57,nafis,baseline,paper_barrier,call,euler_maruyama,plain,{},256,252,3,2297110029,nn-lotpot_x86_64,5.963794068806919,0.6769744407109665,4.636948546559279,7.29063959105456,7.1055282627933245,1.1417341939864052,0.001624562999495538,
a160155e0ec6,2026-09-24T15:04:57,nafis,baseline,paper_barrier,call,euler_maruyama,plain,{},256,252,4,3848869464,nn-lotpot_x86_64,7.203529866361683,0.7692055862527676,5.695914620599241,8.711145112124125,7.1055282627933245,0.09800160356835885,0.001652053000725573,
d2a313bd5aaa,2026-09-24T15:04:57,nafis,baseline,paper_barrier,call,euler_maruyama,plain,{},256,252,5,274617050,nn-lotpot_x86_64,7.848692935119965,0.8087269504425685,6.263617238925622,9.433768631314308,7.1055282627933245,0.7431646723266407,0.00163274199985608,
86bc07feaea2,2026-09-24T15:04:57,nafis,baseline,paper_barrier,call,euler_maruyama,plain,{},256,252,6,3887734552,nn-lotpot_x86_64,6.551235592829389,0.7313854676278957,5.117746417462728,7.984724768196051,7.1055282627933245,0.5542926699639352,0.0016232920006586937,
9ea6c0ed23ad,2026-09-24T15:04:57,nafis,baseline,paper_barrier,call,euler_maruyama,plain,{},256,252,7,274019334,nn-lotpot_x86_64,6.960732930664447,0.7717231110495452,5.448183426970134,8.47328243435876,7.1055282627933245,0.14479533212887752,0.0016511520007043146,
4ce2471ea9aa,2026-09-24T15:04:57,nafis,baseline,paper_barrier,call,euler_maruyama,plain,{},256,252,8,529945340,nn-lotpot_x86_64,7.836856226193955,0.8639732916853246,6.1434996908862,9.53021276150171,7.1055282627933245,0.7313279634006307,0.0016532629997527692,
cad6e4ccea7f,2026-09-24T15:04:57,nafis,baseline,paper_barrier,call,euler_maruyama,plain,{},256,252,9,1831568845,nn-lotpot_x86_64,6.286644475295191,0.6988046015673001,4.91701262399242,7.656276326597961,7.1055282627933245,0.8188837874981338,0.0016516109990334371,
c943f1fce6c6,2026-09-24T15:04:57,nafis,baseline,paper_barrier,call,euler_maruyama,plain,{},256,252,10,1635009401,nn-lotpot_x86_64,8.00018586615625,0.7683240286181231,6.494298441608008,9.506073290704494,7.1055282627933245,0.8946576033629263,0.0016272630000457866,
0052ed18e378,2026-09-24T15:04:57,nafis,baseline,paper_barrier,call,euler_maruyama,plain,{},256,252,11,871455589,nn-lotpot_x86_64,6.330081607481493,0.7638880475923661,4.832888545979837,7.82727466898315,7.1055282627933245,0.7754466553118311,0.0016241450011875713,
c66a9917d970,2026-09-24T15:04:57,nafis,baseline,paper_barrier,call,euler_maruyama,plain,{},256,252,12,3355723856,nn-lotpot_x86_64,7.220217116389145,0.8775183058233893,5.500312841200698,8.940121391577593,7.1055282627933245,0.11468885359582082,0.0016341930004273308,
863f5bf9f4bd,2026-09-24T15:04:57,nafis,baseline,paper_barrier,call,euler_maruyama,plain,{},256,252,13,2040034348,nn-lotpot_x86_64,6.635878484729309,0.7431565432219053,5.1793184251390905,8.092438544319528,7.1055282627933245,0.4696497780640154,0.001637998999285628,
87c929d8948b,2026-09-24T15:04:57,nafis,baseline,paper_barrier,call,euler_maruyama,plain,{},256,252,14,2610049883,nn-lotpot_x86_64,6.9951513206514555,0.7257755175384527,5.57265744541517,8.417645195887742,7.1055282627933245,0.110376942141869,0.001622194999072235,
438351a70d0a,2026-09-24T15:04:57,nafis,baseline,paper_barrier,call,euler_maruyama,plain,{},256,252,15,1740176936,nn-lotpot_x86_64,8.25585176069426,0.8711054889445426,6.548516375627802,9.963187145760717,7.1055282627933245,1.150323497900935,0.0016495960007887334,
7c9f34593244,2026-09-24T15:04:57,nafis,baseline,paper_barrier,call,euler_maruyama,plain,{},256,252,16,4153689039,nn-lotpot_x86_64,6.963777991918928,0.761001942727683,5.472241592007657,8.4553143918302,7.1055282627933245,0.14175027087439673,0.0016633760005788645,
84410c3fd55f,2026-09-24T15:04:57,nafis,baseline,paper_barrier,call,euler_maruyama,plain,{},256,252,17,3307209184,nn-lotpot_x86_64,7.517750662492086,0.7372009091575633,6.072863431173078,8.962637893811094,7.1055282627933245,0.41222239969876107,0.0016442500000266591,
592ae6fe7614,2026-09-24T15:04:57,nafis,baseline,paper_barrier,call,euler_maruyama,plain,{},256,252,18,2372114586,nn-lotpot_x86_64,7.165123786635049,0.782352645136764,5.631740778957346,8.698506794312753,7.1055282627933245,0.05959552384172451,0.0016163870004675118,
17cc81b5eccc,2026-09-24T15:04:57,nafis,baseline,paper_barrier,call,euler_maruyama,plain,{},256,252,19,2459977663,nn-lotpot_x86_64,7.200989084965496,0.7809524556912474,5.6703503981725385,8.731627771758454,7.1055282627933245,0.09546082217217133,0.001633040001252084,
fc41c231c430,2026-09-24T15:04:57,nafis,baseline,paper_barrier,call,euler_maruyama,plain,{},1024,252,0,3381787381,nn-lotpot_x86_64,7.739356517117548,0.43871105788616693,6.879498644041194,8.599214390193902,7.1055282627933245,0.6338282543242233,0.006456535000324948,
ccdb0395317c,2026-09-24T15:04:57,nafis,baseline,paper_barrier,call,euler_maruyama,plain,{},1024,252,1,2920444543,nn-lotpot_x86_64,7.039574109890613,0.3920197763934746,6.271229466931958,7.807918752849268,7.1055282627933245,0.06595415290271145,0.006290078999882098,
f07d7d22d3fc,2026-09-24T15:04:57,nafis,baseline,paper_barrier,call,euler_maruyama,plain,{},1024,252,2,1480838960,nn-lotpot_x86_64,6.3742402969974155,0.3808685091218019,5.627751736273218,7.120728857721613,7.1055282627933245,0.731287965795909,0.006334487999993144,
df397901ab46,2026-09-24T15:04:57,nafis,baseline,paper_barrier,call,euler_maruyama,plain,{},1024,252,3,680583003,nn-lotpot_x86_64,7.337750568327622,0.3925899461038057,6.568288413271642,8.107212723383602,7.1055282627933245,0.23222230553429757,0.0063307929995062295,
01e286aded16,2026-09-24T15:04:57,nafis,baseline,paper_barrier,call,euler_maruyama,plain,{},1024,252,4,1220878987,nn-lotpot_x86_64,7.037456174641896,0.38797114120198495,6.277046710845102,7.79786563843869,7.1055282627933245,0.06807208815142829,0.0063285440010076854,
9d9be1ee2502,2026-09-24T15:04:57,nafis,baseline,paper_barrier,call,euler_maruyama,plain,{},1024,252,5,378109671,nn-lotpot_x86_64,7.275759095118435,0.3807779010745276,6.529448122903605,8.022070067333264,7.1055282627933245,0.17023083232511027,0.006349471999783418,
97c33766fa2c,2026-09-24T15:04:57,nafis,baseline,paper_barrier,call,euler_maruyama,plain,{},1024,252,6,2887016845,nn-lotpot_x86_64,8.068703436644046,0.40473500778178095,7.275437398109217,8.861969475178876,7.1055282627933245,0.9631751738507219,0.0063154869985737605,
ca553ca33cd7,2026-09-24T15:04:57,nafis,baseline,paper_barrier,call,euler_maruyama,plain,{},1024,252,7,1007515155,nn-lotpot_x86_64,7.223633901058468,0.38984332164260804,6.459555031025492,7.987712771091444,7.1055282627933245,0.11810563826514375,0.006351994999931776,
28c7c1455fb4,2026-09-24T15:04:57,nafis,baseline,paper_barrier,call,euler_maruyama,plain,{},1024,252,8,3757189365,nn-lotpot_x86_64,7.701366949568602,0.4119099676632282,6.894038248075616,8.508695651061586,7.1055282627933245,0.5958386867752772,0.006295596998825204,
6e00cf47b40c,2026-09-24T15:04:57,nafis,baseline,paper_barrier,call,euler_maruyama,plain,{},1024,252,9,3725071331,nn-lotpot_x86_64,7.509702317251261,0.4047866122033289,6.716335135908754,8.303069498593766,7.1055282627933245,0.4041740544579362,0.006308238000201527,
7039f2d625e2,2026-09-24T15:04:57,nafis,baseline,paper_barrier,call,euler_maruyama,plain,{},1024,252,10,766399470,nn-lotpot_x86_64,7.0846318942580755,0.3856913283138433,6.328690781613529,7.840573006902622,7.1055282627933245,0.02089636853524901,0.006338773000607034,
74d66d3f3fbb,2026-09-24T15:04:57,nafis,baseline,paper_barrier,call,euler_maruyama,plain,{},1024,252,11,2024329983,nn-lotpot_x86_64,7.227660364187932,0.391107016402883,6.4611046979373645,7.994216030438499,7.1055282627933245,0.12213210139460706,0.006317519999356591,
bdb67b8b26ce,2026-09-24T15:04:57,nafis,baseline,paper_barrier,call,euler_maruyama,plain,{},1024,252,12,884686106,nn-lotpot_x86_64,6.685047855914433,0.3740809675338785,5.951862632246134,7.418233079582731,7.1055282627933245,0.4204804068788919,0.006333433999316185,
62a3da7e68f3,2026-09-24T15:04:57,nafis,baseline,paper_barrier,call,euler_maruyama,plain,{},1024,252,13,3860751431,nn-lotpot_x86_64,7.187169440646326,0.3931405948209584,6.416628033936593,7.957710847356058,7.1055282627933245,0.08164117785300107,0.006318829000520054,
9881329547ee,2026-09-24T15:04:57,nafis,baseline,paper_barrier,call,euler_maruyama,plain,{},1024,252,14,4225556910,nn-lotpot_x86_64,6.837854882178681,0.37890994905579384,6.0952050286454185,7.580504735711944,7.1055282627933245,0.2676733806146432,0.00633520200062776,
c5db4d3ceb8c,2026-09-24T15:04:57,nafis,baseline,paper_barrier,call,euler_maruyama,plain,{},1024,252,15,3965164248,nn-lotpot_x86_64,7.09520164293628,0.3973845803431799,6.316342177452084,7.8740611084204755,7.1055282627933245,0.01032661985704486,0.0063872049995552516,
6627255bc7dc,2026-09-24T15:04:57,nafis,baseline,paper_barrier,call,euler_maruyama,plain,{},1024,252,16,4254028200,nn-lotpot_x86_64,7.543300888356739,0.39471669712225366,6.769670377900517,8.316931398812962,7.1055282627933245,0.43777262556341423,0.006333104000077583,
75fea5617f16,2026-09-24T15:04:57,nafis,baseline,paper_barrier,call,euler_maruyama,plain,{},1024,252,17,2866992783,nn-lotpot_x86_64,6.814341192115681,0.3738325612620998,6.081642835793603,7.54703954843776,7.1055282627933245,0.29118707067764316,0.0063207090006471844,
1e0e143b9e87,2026-09-24T15:04:57,nafis,baseline,paper_barrier,call,euler_maruyama,plain,{},1024,252,18,3473273031,nn-lotpot_x86_64,7.96246631804074,0.41679190284766543,7.145569199411398,8.779363436670081,7.1055282627933245,0.8569380552474151,0.006331857999612112,
9ec12861642f,2026-09-24T15:04:57,nafis,baseline,paper_barrier,call,euler_maruyama,plain,{},1024,252,19,961983510,nn-lotpot_x86_64,7.335677925199155,0.3820068321478678,6.586958292341096,8.084397558057214,7.1055282627933245,0.23014966240583057,0.006338142000458902,
778dd87ce99f,2026-09-24T15:04:57,nafis,baseline,paper_barrier,call,euler_maruyama,plain,{},4096,252,0,4220229433,nn-lotpot_x86_64,7.084541945541571,0.19852509896382406,6.6954399015452255,7.4736439895379165,7.1055282627933245,0.020986317251753484,0.027916507999179885,
d0cc80722370,2026-09-24T15:04:58,nafis,baseline,paper_barrier,call,euler_maruyama,plain,{},4096,252,1,258110571,nn-lotpot_x86_64,7.456050934227908,0.20450295406904337,7.0552325095205335,7.856869358935282,7.1055282627933245,0.35052267143458327,0.025809761998971226,
666c247555bd,2026-09-24T15:04:58,nafis,baseline,paper_barrier,call,euler_maruyama,plain,{},4096,252,2,1494620861,nn-lotpot_x86_64,7.244462166189887,0.19894725948139083,6.854532702783416,7.634391629596358,7.1055282627933245,0.13893390339656264,0.02568647799853352,
f135a40cebd1,2026-09-24T15:04:58,nafis,baseline,paper_barrier,call,euler_maruyama,plain,{},4096,252,3,541383339,nn-lotpot_x86_64,7.41777644690519,0.20417120229299823,7.017608243730672,7.817944650079708,7.1055282627933245,0.3122481841118656,0.025948017999326112,
f85e81e01baf,2026-09-24T15:04:58,nafis,baseline,paper_barrier,call,euler_maruyama,plain,{},4096,252,4,4065836343,nn-lotpot_x86_64,7.200380450102338,0.2021029417775045,6.804265963048834,7.596494937155842,7.1055282627933245,0.09485218730901313,0.025918872999682208,
93dbb0d049ba,2026-09-24T15:04:58,nafis,baseline,paper_barrier,call,euler_maruyama,plain,{},4096,252,5,581236672,nn-lotpot_x86_64,7.215627809144632,0.19668535126623438,6.830131604376203,7.6011240139130605,7.1055282627933245,0.11009954635130725,0.02592824500061397,
b2d2ea283d1a,2026-09-24T15:04:58,nafis,baseline,paper_barrier,call,euler_maruyama,plain,{},4096,252,6,795619769,nn-lotpot_x86_64,7.189362251351973,0.19836787618518348,6.800568358339313,7.578156144364633,7.1055282627933245,0.08383398855864854,0.025761621000128798,
7550537039ee,2026-09-24T15:04:58,nafis,baseline,paper_barrier,call,euler_maruyama,plain,{},4096,252,7,3107716459,nn-lotpot_x86_64,7.1501805485328385,0.19491268472925313,6.768158706333492,7.532202390732185,7.1055282627933245,0.044652285739513964,0.02603108099901874,
1206546b0a37,2026-09-24T15:04:58,nafis,baseline,paper_barrier,call,euler_maruyama,plain,{},4096,252,8,3620166140,nn-lotpot_x86_64,7.02379865241633,0.19518378298300149,6.641245467403365,7.406351837429295,7.1055282627933245,0.08172961037699444,0.025722074000441353,
40bc4359fd52,2026-09-24T15:04:58,nafis,baseline,paper_barrier,call,euler_maruyama,plain,{},4096,252,9,2206431820,nn-lotpot_x86_64,7.355008072953961,0.20346933305521378,6.9562155082073565,7.753800637700565,7.1055282627933245,0.24947981016063636,0.025774046998776612,
e7f849a25f74,2026-09-24T15:04:58,nafis,baseline,paper_barrier,call,euler_maruyama,plain,{},4096,252,10,1209648435,nn-lotpot_x86_64,7.041168022647075,0.19179735255980757,6.665252119299721,7.4170839259944294,7.1055282627933245,0.0643602401462493,0.02584982799999125,
e217ca1441da,2026-09-24T15:04:58,nafis,baseline,paper_barrier,call,euler_maruyama,plain,{},4096,252,11,1336446887,nn-lotpot_x86_64,7.16574834419363,0.19869789832667992,6.776307619669535,7.555189068717724,7.1055282627933245,0.060220081400305325,0.025907466999342432,
42409428344b,2026-09-24T15:04:58,nafis,baseline,paper_barrier,call,euler_maruyama,plain,{},4096,252,12,1998343377,nn-lotpot_x86_64,6.948704594272403,0.19403027595690595,6.5684122414865,7.3289969470583065,7.1055282627933245,0.15682366852092144,0.025915031999829807,
38b926fc0e96,2026-09-24T15:04:58,nafis,baseline,paper_barrier,call,euler_maruyama,plain,{},4096,252,13,2820345663,nn-lotpot_x86_64,7.380797732195944,0.20073080815189312,6.987372577630614,7.774222886761274,7.1055282627933245,0.27526946940261965,0.025873111000692006,
35920906fe2d,2026-09-24T15:04:58,nafis,baseline,paper_barrier,call,euler_maruyama,plain,{},4096,252,14,3179825264,nn-lotpot_x86_64,7.330090427754854,0.2020418730847438,6.934095633139743,7.7260852223699645,7.1055282627933245,0.22456216496152948,0.025640191001002677,
c56a927f6e7d,2026-09-24T15:04:58,nafis,baseline,paper_barrier,call,euler_maruyama,plain,{},4096,252,15,3151249292,nn-lotpot_x86_64,6.916653320973013,0.19400063754650593,6.536419058404052,7.296887583541974,7.1055282627933245,0.18887494182031173,0.025723435999680078,
cd620d462466,2026-09-24T15:04:58,nafis,baseline,paper_barrier,call,euler_maruyama,plain,{},4096,252,16,3609586582,nn-lotpot_x86_64,7.077711701169776,0.19295161174486328,6.699533491390889,7.455889910948664,7.1055282627933245,0.027816561623548175,0.02578383200125245,
d622df714b02,2026-09-24T15:04:58,nafis,baseline,paper_barrier,call,euler_maruyama,plain,{},4096,252,17,3984326499,nn-lotpot_x86_64,7.164099974258657,0.1973182562651612,6.777363298486696,7.550836650030618,7.1055282627933245,0.05857171146533258,0.025843881001492264,
73704e8dc25a,2026-09-24T15:04:58,nafis,baseline,paper_barrier,call,euler_maruyama,plain,{},4096,252,18,1943709218,nn-lotpot_x86_64,7.1228667946248,0.19496266483240512,6.740746993223332,7.504986596026268,7.1055282627933245,0.01733853183147538,0.025759410000318894,
d3d11e85ccef,2026-09-24T15:04:58,nafis,baseline,paper_barrier,call,euler_maruyama,plain,{},4096,252,19,2460643525,nn-lotpot_x86_64,7.282179806641075,0.20076879811827747,6.888680193109858,7.675679420172292,7.1055282627933245,0.1766515438477505,0.026099995999175007,
3a0d27c3178c,2026-09-24T15:04:58,nafis,baseline,paper_barrier,call,euler_maruyama,plain,{},16384,252,0,221327464,nn-lotpot_x86_64,7.273626736403467,0.0999487801020685,7.077730727104699,7.4695227457022355,7.1055282627933245,0.16809847361014274,0.11271403500177257,
436550ae2c76,2026-09-24T15:04:58,nafis,baseline,paper_barrier,call,euler_maruyama,plain,{},16384,252,1,2862239772,nn-lotpot_x86_64,7.012035662416735,0.09705545123534243,6.82181047349218,7.20226085134129,7.1055282627933245,0.09349260037658969,0.11391657300009683,
92a30e36fba5,2026-09-24T15:04:58,nafis,baseline,paper_barrier,call,euler_maruyama,plain,{},16384,252,2,3805405150,nn-lotpot_x86_64,7.056483354767386,0.09830381575483381,6.863811416345051,7.249155293189721,7.1055282627933245,0.049044908025938305,0.11455472700072278,
72c1d375b807,2026-09-24T15:04:58,nafis,baseline,paper_barrier,call,euler_maruyama,plain,{},16384,252,3,2772501627,nn-lotpot_x86_64,7.091582003444074,0.09666944196924146,6.902113378778776,7.281050628109372,7.1055282627933245,0.013946259349250312,0.11422664500059909,
492713495e47,2026-09-24T15:04:59,nafis,baseline,paper_barrier,call,euler_maruyama,plain,{},16384,252,4,2276053368,nn-lotpot_x86_64,7.191901589958366,0.09879061634458514,6.998275539912465,7.385527640004267,7.1055282627933245,0.08637332716504176,0.11375727099948563,
4b0c497e3a85,2026-09-24T15:04:59,nafis,baseline,paper_barrier,call,euler_maruyama,plain,{},16384,252,5,3115614280,nn-lotpot_x86_64,7.132632799649578,0.09847799025219416,6.939619485485391,7.3256461138137645,7.1055282627933245,0.027104536856253247,0.11344515599921579,
41bd4a97dcc6,2026-09-24T15:04:59,nafis,baseline,paper_barrier,call,euler_maruyama,plain,{},16384,252,6,2026726987,nn-lotpot_x86_64,7.0405684062198235,0.0965385251828779,6.85135637374077,7.229780438698877,7.1055282627933245,0.06495985657350101,0.11412413299876789,
fb051fc6c877,2026-09-24T15:04:59,nafis,baseline,paper_barrier,call,euler_maruyama,plain,{},16384,252,7,3891181753,nn-lotpot_x86_64,7.068434401065275,0.0974601393092713,6.877416038090847,7.259452764039703,7.1055282627933245,0.037093861728049404,0.11343569099881279,
581d4294a41f,2026-09-24T15:04:59,nafis,baseline,paper_barrier,call,euler_maruyama,plain,{},16384,252,8,3597878156,nn-lotpot_x86_64,7.182609724680984,0.09848192479350829,6.989588698957525,7.375630750404443,7.1055282627933245,0.07708146188765941,0.11363396300112072,
82a346fb770b,2026-09-24T15:04:59,nafis,baseline,paper_barrier,call,euler_maruyama,plain,{},16384,252,9,207931598,nn-lotpot_x86_64,7.155027022190835,0.09888103959907489,6.96122374582277,7.348830298558901,7.1055282627933245,0.049498759397510916,0.11368846299956203,
17e6f818164e,2026-09-24T15:04:59,nafis,baseline,paper_barrier,call,euler_maruyama,plain,{},16384,252,10,3482768723,nn-lotpot_x86_64,7.042181261467533,0.097516216530002,6.85105298916012,7.233309533774946,7.1055282627933245,0.0633470013257913,0.1139473570001428,
c604a812ad32,2026-09-24T15:04:59,nafis,baseline,paper_barrier,call,euler_maruyama,plain,{},16384,252,11,2116479402,nn-lotpot_x86_64,7.0585780830322395,0.09840334212581704,6.865711076507265,7.2514450895572145,7.1055282627933245,0.046950179761084954,0.11452424799972505,
a00771a03a87,2026-09-24T15:04:59,nafis,baseline,paper_barrier,call,euler_maruyama,plain,{},16384,252,12,3578559040,nn-lotpot_x86_64,7.090461710750681,0.0978490151820868,6.8986811650710775,7.282242256430284,7.1055282627933245,0.015066552042643622,0.11511630799941486,
d6904fa1f717,2026-09-24T15:05:00,nafis,baseline,paper_barrier,call,euler_maruyama,plain,{},16384,252,13,3263306334,nn-lotpot_x86_64,7.082020342402253,0.09841286012584005,6.889134680940029,7.274906003864477,7.1055282627933245,0.023507920391071302,0.11368408899943461,
b093de4c6472,2026-09-24T15:05:00,nafis,baseline,paper_barrier,call,euler_maruyama,plain,{},16384,252,14,3202139780,nn-lotpot_x86_64,7.046234194043786,0.09732294699370883,6.855484723066816,7.236983665020755,7.1055282627933245,0.05929406874953891,0.11353326000062225,
d11a012f2e83,2026-09-24T15:05:00,nafis,baseline,paper_barrier,call,euler_maruyama,plain,{},16384,252,15,3703363148,nn-lotpot_x86_64,6.934460982810082,0.09784061785125059,6.742696895596484,7.12622507002368,7.1055282627933245,0.17106727998324267,0.11399994299972604,
27b506d27fec,2026-09-24T15:05:00,nafis,baseline,paper_barrier,call,euler_maruyama,plain,{},16384,252,16,3296276830,nn-lotpot_x86_64,7.009622698139271,0.09818379333548752,6.817185999336192,7.20205939694235,7.1055282627933245,0.09590556465405342,0.11486380499991355,
01015461a6e1,2026-09-24T15:05:00,nafis,baseline,paper_barrier,call,euler_maruyama,plain,{},16384,252,17,1914868034,nn-lotpot_x86_64,6.970535761372725,0.09726257782402119,6.7799046117941195,7.16116691095133,7.1055282627933245,0.1349925014205997,0.11405369999920367,
7bd28b49f379,2026-09-24T15:05:00,nafis,baseline,paper_barrier,call,euler_maruyama,plain,{},16384,252,18,619288520,nn-lotpot_x86_64,7.086090230195394,0.09786049317279884,6.894287188067381,7.277893272323407,7.1055282627933245,0.019438032597930643,0.11381547200107889,
68a72c98a4ba,2026-09-24T15:05:00,nafis,baseline,paper_barrier,call,euler_maruyama,plain,{},16384,252,19,2372456267,nn-lotpot_x86_64,7.093339157516084,0.09688066072714575,6.903456551692434,7.283221763339734,7.1055282627933245,0.012189105277240486,0.11401378399932582,
af38fb4f094d,2026-09-24T15:05:01,nafis,baseline,paper_barrier,call,euler_maruyama,plain,{},65536,252,0,1560385401,nn-lotpot_x86_64,7.086103349613969,0.04861913904373374,6.990811588128906,7.181395111099032,7.1055282627933245,0.01942491317935513,0.4559900900003413,
982fdd42502c,2026-09-24T15:05:01,nafis,baseline,paper_barrier,call,euler_maruyama,plain,{},65536,252,1,1927132444,nn-lotpot_x86_64,7.12584916689498,0.04909744460265604,7.0296199437408236,7.222078390049137,7.1055282627933245,0.020320904101655657,0.45794581699919945,
f413618ef906,2026-09-24T15:05:02,nafis,baseline,paper_barrier,call,euler_maruyama,plain,{},65536,252,2,785804105,nn-lotpot_x86_64,7.039962296508785,0.04858637590647885,6.944734749592762,7.135189843424808,7.1055282627933245,0.06556596628453981,0.4560853599996335,
83c550f1d092,2026-09-24T15:05:02,nafis,baseline,paper_barrier,call,euler_maruyama,plain,{},65536,252,3,3934646898,nn-lotpot_x86_64,7.149439453019642,0.04923691034072702,7.05293688204179,7.245942023997495,7.1055282627933245,0.04391119022631784,0.4582550100003573,
8a6d2a6f62c5,2026-09-24T15:05:03,nafis,baseline,paper_barrier,call,euler_maruyama,plain,{},65536,252,4,1167667987,nn-lotpot_x86_64,7.122971306918185,0.04885309304977725,7.027221004007237,7.2187216098291325,7.1055282627933245,0.017443044124860307,0.45713890499973786,
f6852be2866a,2026-09-24T15:05:03,nafis,baseline,paper_barrier,call,euler_maruyama,plain,{},65536,252,5,3003346360,nn-lotpot_x86_64,7.136078093596014,0.04901136722978251,7.040017578992574,7.232138608199454,7.1055282627933245,0.03054983080268947,0.4573820710011205,
e04ef772f403,2026-09-24T15:05:03,nafis,baseline,paper_barrier,call,euler_maruyama,plain,{},65536,252,6,3145487169,nn-lotpot_x86_64,7.157169620966736,0.04966033880153224,7.059837145455676,7.254502096477797,7.1055282627933245,0.051641358173411867,0.45684852299928025,
e2f57a48c2b9,2026-09-24T15:05:04,nafis,baseline,paper_barrier,call,euler_maruyama,plain,{},65536,252,7,1816475199,nn-lotpot_x86_64,7.084223769185889,0.04900439507741096,6.988176919749992,7.180270618621786,7.1055282627933245,0.021304493607435582,0.45938038599888387,
1de9bc5a7540,2026-09-24T15:05:04,nafis,baseline,paper_barrier,call,euler_maruyama,plain,{},65536,252,8,1173946746,nn-lotpot_x86_64,7.068917658128479,0.048594350258802405,6.973674481769101,7.1641608344878565,7.1055282627933245,0.03661060466484578,0.45983255300052406,
aeffb0ebae1d,2026-09-24T15:05:05,nafis,baseline,paper_barrier,call,euler_maruyama,plain,{},65536,252,9,861983975,nn-lotpot_x86_64,7.110716954248849,0.04916868650022831,7.014348099541261,7.207085808956437,7.1055282627933245,0.0051886914555243635,0.4555275270013226,
e7cd72398b44,2026-09-24T15:05:05,nafis,baseline,paper_barrier,call,euler_maruyama,plain,{},65536,252,10,3754810529,nn-lotpot_x86_64,7.066183901653829,0.049107758976268526,6.969934462698869,7.162433340608788,7.1055282627933245,0.03934436113949591,0.45758165500046744,
859d98ec7874,2026-09-24T15:05:06,nafis,baseline,paper_barrier,call,euler_maruyama,plain,{},65536,252,11,1997000436,nn-lotpot_x86_64,7.0932141883969555,0.04888361431286274,6.997404064909598,7.189024311884313,7.1055282627933245,0.012314074396369001,0.45680226600052265,
7dab59611924,2026-09-24T15:05:06,nafis,baseline,paper_barrier,call,euler_maruyama,plain,{},65536,252,12,2887514078,nn-lotpot_x86_64,7.086758906191793,0.04892672198706391,6.990864293215544,7.182653519168043,7.1055282627933245,0.01876935660153123,0.4569294689990784,
04070ddaf578,2026-09-24T15:05:07,nafis,baseline,paper_barrier,call,euler_maruyama,plain,{},65536,252,13,710994741,nn-lotpot_x86_64,7.084679158674506,0.048692392597974726,6.989243822861391,7.180114494487621,7.1055282627933245,0.020849104118818573,0.4568468399993435,
17eef70dc088,2026-09-24T15:05:07,nafis,baseline,paper_barrier,call,euler_maruyama,plain,{},65536,252,14,846252094,nn-lotpot_x86_64,7.135686255245447,0.04909553765179807,7.0394607696462925,7.231911740844601,7.1055282627933245,0.03015799245212225,0.45662363300107245,
7d886d35983c,2026-09-24T15:05:08,nafis,baseline,paper_barrier,call,euler_maruyama,plain,{},65536,252,15,2753981965,nn-lotpot_x86_64,7.04134952614437,0.04886962950157132,6.945566812383475,7.137132239905266,7.1055282627933245,0.06417873664895435,0.4570914840005571,
7af4ed11e263,2026-09-24T15:05:08,nafis,baseline,paper_barrier,call,euler_maruyama,plain,{},65536,252,16,1667033655,nn-lotpot_x86_64,7.098510696181682,0.04908083534393035,7.002314026576438,7.194707365786926,7.1055282627933245,0.007017566611642323,0.45729266699891014,
65fea215446f,2026-09-24T15:05:09,nafis,baseline,paper_barrier,call,euler_maruyama,plain,{},65536,252,17,1238366822,nn-lotpot_x86_64,7.086619706372802,0.04893345536900663,6.990711896210451,7.182527516535153,7.1055282627933245,0.018908556420522693,0.45617994600070233,
659496b769a5,2026-09-24T15:05:09,nafis,baseline,paper_barrier,call,euler_maruyama,plain,{},65536,252,18,2861577686,nn-lotpot_x86_64,7.179441152393361,0.04945370862699375,7.082513664582515,7.276368640204207,7.1055282627933245,0.07391288960003628,0.4561620660006156,
30b7a62f7e3c,2026-09-24T15:05:09,nafis,baseline,paper_barrier,call,euler_maruyama,plain,{},65536,252,19,882173512,nn-lotpot_x86_64,7.039901332451617,0.04860958047634302,6.944628305414383,7.13517435948885,7.1055282627933245,0.06562693034170763,0.45474788600040483,
bd3deb39586a,2026-09-24T15:05:09,nafis,baseline,paper_barrier,call,euler_maruyama,antithetic,{},256,252,0,691666850,nn-lotpot_x86_64,7.357761310599978,0.7090943655176832,5.967961892545038,8.747560728654918,7.1055282627933245,0.25223304780665323,0.0022363560001394944,"{""pairs"": 128, ""rho_pair"": -0.29843070584459297}"
c33689a2bf02,2026-09-24T15:05:09,nafis,baseline,paper_barrier,call,euler_maruyama,antithetic,{},256,252,1,2281205770,nn-lotpot_x86_64,6.443562513183792,0.7285838392317879,5.015564428571567,7.871560597796018,7.1055282627933245,0.6619657496095321,0.0013565789995482191,"{""pairs"": 128, ""rho_pair"": -0.26052414132744955}"
d71526d7b403,2026-09-24T15:05:09,nafis,baseline,paper_barrier,call,euler_maruyama,antithetic,{},256,252,2,2891355938,nn-lotpot_x86_64,7.971602672035084,0.8415151614336374,6.322263263180746,9.620942080889423,7.1055282627933245,0.8660744092417598,0.0014006800010974985,"{""pairs"": 128, ""rho_pair"": -0.27517709394609957}"
ea7d7a3986a4,2026-09-24T15:05:09,nafis,baseline,paper_barrier,call,euler_maruyama,antithetic,{},256,252,3,2152136376,nn-lotpot_x86_64,7.378165590522551,0.6404014182172137,6.123001875168439,8.633329305876662,7.1055282627933245,0.27263732772922644,0.0013409620005404577,"{""pairs"": 128, ""rho_pair"": -0.3426328218623719}"
39d39f62416e,2026-09-24T15:05:09,nafis,baseline,paper_barrier,call,euler_maruyama,antithetic,{},256,252,4,2334318745,nn-lotpot_x86_64,7.364207374623402,0.6754674430780176,6.040315513461128,8.688099235785675,7.1055282627933245,0.2586791118300775,0.0013431509996735258,"{""pairs"": 128, ""rho_pair"": -0.3187819824411077}"
33d036ac6908,2026-09-24T15:05:09,nafis,baseline,paper_barrier,call,euler_maruyama,antithetic,{},256,252,5,2735602670,nn-lotpot_x86_64,6.609690841118248,0.5843078437883075,5.464468511408909,7.754913170827586,7.1055282627933245,0.49583742167507694,0.0013248199993540766,"{""pairs"": 128, ""rho_pair"": -0.33944218989454294}"
7e35fb762f26,2026-09-24T15:05:09,nafis,baseline,paper_barrier,call,euler_maruyama,antithetic,{},256,252,6,961902223,nn-lotpot_x86_64,7.365903266988101,0.6868229989295696,6.019754925332353,8.71205160864385,7.1055282627933245,0.26037500419477677,0.0013091590008116327,"{""pairs"": 128, ""rho_pair"": -0.3118203510168156}"
4964563678d1,2026-09-24T15:05:09,nafis,baseline,paper_barrier,call,euler_maruyama,antithetic,{},256,252,7,3511273964,nn-lotpot_x86_64,5.919816884163306,0.557365780802485,4.827400027575389,7.012233740751223,7.1055282627933245,1.1857113786300184,0.0013149040005373536,"{""pairs"": 128, ""rho_pair"": -0.30757172518980763}"
4270e4746193,2026-09-24T15:05:09,nafis,baseline,paper_barrier,call,euler_maruyama,antithetic,{},256,252,8,2549269728,nn-lotpot_x86_64,6.665498259347823,0.5749006785764276,5.538713634650387,7.7922828840452585,7.1055282627933245,0.4400300034455018,0.0013226330011093523,"{""pairs"": 128, ""rho_pair"": -0.34657420119859683}"
5b6fb19886a9,2026-09-24T15:05:09,nafis,baseline,paper_barrier,call,euler_maruyama,antithetic,{},256,252,9,4208518230,nn-lotpot_x86_64,6.868382200788728,0.6035760030274723,5.685394972922244,8.051369428655212,7.1055282627933245,0.2371460620045962,0.0012995460001548054,"{""pairs"": 128, ""rho_pair"": -0.3436458439094659}"
27c2a060383d,2026-09-24T15:05:09,nafis,baseline,paper_barrier,call,euler_maruyama,antithetic,{},256,252,10,774255893,nn-lotpot_x86_64,6.433223017787978,0.5638100645271849,5.328175597193492,7.538270438382464,7.1055282627933245,0.6723052450053464,0.0013268559996504337,"{""pairs"": 128, ""rho_pair"": -0.34106296545453363}"
8e7b862d4589,2026-09-24T15:05:09,nafis,baseline,paper_barrier,call,euler_maruyama,antithetic,{},256,252,11,602538246,nn-lotpot_x86_64,6.955533263638926,0.650961463816612,5.679672239234892,8.231394288042958,7.1055282627933245,0.14999499915439873,0.0013264459994388744,"{""pairs"": 128, ""rho_pair"": -0.3098608594825436}"
59010dae91de,2026-09-24T15:05:09,nafis,baseline,paper_barrier,call,euler_maruyama,antithetic,{},256,252,12,3875724386,nn-lotpot_x86_64,7.642174048879384,0.6481020587616881,6.371917355400213,8.912430742358554,7.1055282627933245,0.5366457860860594,0.0013507460007531336,"{""pairs"": 128, ""rho_pair"": -0.3569122631233113}"
9b21809e7cae,2026-09-24T15:05:09,nafis,baseline,paper_barrier,call,euler_maruyama,antithetic,{},256,252,13,2181220090,nn-lotpot_x86_64,6.17761258363498,0.5981561450530014,5.005248082199781,7.349977085070179,7.1055282627933245,0.9279156791583443,0.0013434360007522628,"{""pairs"": 128, ""rho_pair"": -0.2964683371637241}"
6eb9c3aac669,2026-09-24T15:05:09,nafis,baseline,paper_barrier,call,euler_maruyama,antithetic,{},256,252,14,3408376344,nn-lotpot_x86_64,6.33392175795114,0.5988825086872275,5.160133609953178,7.507709905949103,7.1055282627933245,0.7716065048421843,0.0013160840007913066,"{""pairs"": 128, ""rho_pair"": -0.30316948394752596}"
0c6d8dfd526b,2026-09-24T15:05:09,nafis,baseline,paper_barrier,call,euler_maruyama,antithetic,{},256,252,15,3020676147,nn-lotpot_x86_64,6.913217527513217,0.604670404581603,5.728085312016011,8.098349743010422,7.1055282627933245,0.1923107352801079,0.0013092400004097726,"{""pairs"": 128, ""rho_pair"": -0.34190766013174706}"
585a38475314,2026-09-24T15:05:09,nafis,baseline,paper_barrier,call,euler_maruyama,antithetic,{},256,252,16,1837354281,nn-lotpot_x86_64,6.418516865470281,0.5970571561294561,5.248306342744639,7.588727388195922,7.1055282627933245,0.6870113973230438,0.0013247870010673068,"{""pairs"": 128, ""rho_pair"": -0.31346074576531024}"
98b6f85adf3a,2026-09-24T15:05:09,nafis,baseline,paper_barrier,call,euler_maruyama,antithetic,{},256,252,17,3841408803,nn-lotpot_x86_64,7.555158738397741,0.6084643765209943,6.362590474540973,8.747727002254509,7.1055282627933245,0.44963047560441627,0.0013332149992493214,"{""pairs"": 128, ""rho_pair"": -0.3786049507733986}"
aa04d5115094,2026-09-24T15:05:09,nafis,baseline,paper_barrier,call,euler_maruyama,antithetic,{},256,252,18,3185925586,nn-lotpot_x86_64,7.637166794420221,0.6483151169377267,6.366492514589403,8.907841074251039,7.1055282627933245,0.5316385316268963,0.0013077920011710376,"{""pairs"": 128, ""rho_pair"": -0.3520967888790997}"
2e30c39f8c44,2026-09-24T15:05:09,nafis,baseline,paper_barrier,call,euler_maruyama,antithetic,{},256,252,19,1529118349,nn-lotpot_x86_64,7.309402083773925,0.6431721958334579,6.048807744082805,8.569996423465046,7.1055282627933245,0.20387382098060058,0.0013008200003241654,"{""pairs"": 128, ""rho_pair"": -0.3392177669866678}"
3114caf140f7,2026-09-24T15:05:09,nafis,baseline,paper_barrier,call,euler_maruyama,antithetic,{},1024,252,0,3620197500,nn-lotpot_x86_64,7.432340963447926,0.3452759305712027,6.755612574799816,8.109069352096036,7.1055282627933245,0.32681270065460133,0.007608015999721829,"{""pairs"": 512, ""rho_pair"": -0.31191834102687693}"
b3e82ae29cc2,2026-09-24T15:05:09,nafis,baseline,paper_barrier,call,euler_maruyama,antithetic,{},1024,252,1,3471709090,nn-lotpot_x86_64,6.934311121768184,0.309910022408918,6.326898639398704,7.5417236041376645,7.1055282627933245,0.1712171410251404,0.004776771000251756,"{""pairs"": 512, ""rho_pair"": -0.329362542588892}"
ed39b75f6aa4,2026-09-24T15:05:09,nafis,baseline,paper_barrier,call,euler_maruyama,antithetic,{},1024,252,2,3266620737,nn-lotpot_x86_64,6.960049674577061,0.3019325736430866,6.368272704477123,7.551826644676998,7.1055282627933245,0.14547858821626392,0.004666139000619296,"{""pairs"": 512, ""rho_pair"": -0.3423033579992678}"
056c4c68126f,2026-09-24T15:05:09,nafis,baseline,paper_barrier,call,euler_maruyama,antithetic,{},1024,252,3,2098979215,nn-lotpot_x86_64,7.355901224576564,0.33429847816756475,6.700688247281588,8.01111420187154,7.1055282627933245,0.2503729617832393,0.00464548600029957,"{""pairs"": 512, ""rho_pair"": -0.3221709779496279}"
bce6b6090069,2026-09-24T15:05:10,nafis,baseline,paper_barrier,call,euler_maruyama,antithetic,{},1024,252,4,139002614,nn-lotpot_x86_64,6.978073147540522,0.3333636528123403,6.324692394273621,7.631453900807424,7.1055282627933245,0.1274551152528023,0.004651526998713962,"{""pairs"": 512, ""rho_pair"": -0.2991853007412741}"
c2b68fe1d715,2026-09-24T15:05:10,nafis,baseline,paper_barrier,call,euler_maruyama,antithetic,{},1024,252,5,3744471414,nn-lotpot_x86_64,7.897413417566058,0.3235544833824488,7.263258283099995,8.531568552032121,7.1055282627933245,0.7918851547727339,0.00466901300023892,"{""pairs"": 512, ""rho_pair"": -0.36912249385263135}"
53a99838c655,2026-09-24T15:05:10,nafis,baseline,paper_barrier,call,euler_maruyama,antithetic,{},1024,252,6,843500894,nn-lotpot_x86_64,7.314561191103213,0.32474678996429657,6.678069178678198,7.951053203528227,7.1055282627933245,0.20903292830988818,0.004695382000136306,"{""pairs"": 512, ""rho_pair"": -0.3309243885013712}"
4bf28b80866c,2026-09-24T15:05:10,nafis,baseline,paper_barrier,call,euler_maruyama,antithetic,{},1024,252,7,3095235435,nn-lotpot_x86_64,6.928600068764763,0.32273396282889916,6.296053125032232,7.561147012497294,7.1055282627933245,0.17692819402856141,0.004688036999141332,"{""pairs"": 512, ""rho_pair"": -0.30941430694301153}"
6ed770d4be35,2026-09-24T15:05:10,nafis,baseline,paper_barrier,call,euler_maruyama,antithetic,{},1024,252,8,3239754307,nn-lotpot_x86_64,7.413071176479792,0.328677668915922,6.768874782882005,8.05726757007758,7.1055282627933245,0.3075429136864676,0.0046579150002799,"{""pairs"": 512, ""rho_pair"": -0.33242165624436576}"
5aa017aa22d6,2026-09-24T15:05:10,nafis,baseline,paper_barrier,call,euler_maruyama,antithetic,{},1024,252,9,594740231,nn-lotpot_x86_64,7.024550068902611,0.3112993990273434,6.414414458400055,7.634685679405168,7.1055282627933245,0.08097819389071326,0.004656275999877835,"{""pairs"": 512, ""rho_pair"": -0.3318952785882195}"
074fa4f8eef4,2026-09-24T15:05:10,nafis,baseline,paper_barrier,call,euler_maruyama,antithetic,{},1024,252,10,666613736,nn-lotpot_x86_64,7.255601748787647,0.3361181821582141,6.596822217208475,7.91438128036682,7.1055282627933245,0.1500734859943229,0.0047118940001382725,"{""pairs"": 512, ""rho_pair"": -0.3118613836351651}"
4f7f7e605525,2026-09-24T15:05:10,nafis,baseline,paper_barrier,call,euler_maruyama,antithetic,{},1024,252,11,832035697,nn-lotpot_x86_64,6.961955200663187,0.3209166062478312,6.332970210376616,7.590940190949758,7.1055282627933245,0.14357306213013743,0.004807994999282528,"{""pairs"": 512, ""rho_pair"": -0.3153859352906656}"
1fb721bb43cc,2026-09-24T15:05:10,nafis,baseline,paper_barrier,call,euler_maruyama,antithetic,{},1024,252,12,3876109882,nn-lotpot_x86_64,7.263182064711686,0.30405174077632435,6.667251603353382,7.859112526069991,7.1055282627933245,0.15765380191836176,0.004774754999743891,"{""pairs"": 512, ""rho_pair"": -0.35950301956246783}"
7ee8177904cc,2026-09-24T15:05:10,nafis,baseline,paper_barrier,call,euler_maruyama,antithetic,{},1024,252,13,1734068817,nn-lotpot_x86_64,6.689183170510763,0.3128791375294991,6.07595132943899,7.302415011582536,7.1055282627933245,0.4163450922825618,0.004688803001045017,"{""pairs"": 512, ""rho_pair"": -0.30863139233680026}"
43ee37d2e268,2026-09-24T15:05:10,nafis,baseline,paper_barrier,call,euler_maruyama,antithetic,{},1024,252,14,2949685754,nn-lotpot_x86_64,6.982426389071212,0.30271497311372814,6.389115944187294,7.57573683395513,7.1055282627933245,0.12310187372211256,0.0047620749992347555,"{""pairs"": 512, ""rho_pair"": -0.342929965349976}"
debce9816c9c,2026-09-24T15:05:10,nafis,baseline,paper_barrier,call,euler_maruyama,antithetic,{},1024,252,15,3643795329,nn-lotpot_x86_64,6.815120274306771,0.31999063983297543,6.187950144844211,7.442290403769332,7.1055282627933245,0.29040798848655314,0.004712199999630684,"{""pairs"": 512, ""rho_pair"": -0.30750639621082143}"
fd303b94d581,2026-09-24T15:05:10,nafis,baseline,paper_barrier,call,euler_maruyama,antithetic,{},1024,252,16,3042347915,nn-lotpot_x86_64,6.313773446373903,0.3096282024041211,5.706913321063947,6.920633571683858,7.1055282627933245,0.7917548164194219,0.004725086999314954,"{""pairs"": 512, ""rho_pair"": -0.289091223410597}"
10118f8da731,2026-09-24T15:05:10,nafis,baseline,paper_barrier,call,euler_maruyama,antithetic,{},1024,252,17,745555486,nn-lotpot_x86_64,7.487983519904497,0.35760953577975124,6.787081709248097,8.188885330560897,7.1055282627933245,0.38245525711117256,0.004849890001423773,"{""pairs"": 512, ""rho_pair"": -0.30017682636117926}"
c79527034e08,2026-09-24T15:05:10,nafis,baseline,paper_barrier,call,euler_maruyama,antithetic,{},1024,252,18,80434248,nn-lotpot_x86_64,6.989677260687758,0.33605317951195934,6.331025131954144,7.648329389421372,7.1055282627933245,0.11585100210556654,0.004716165998615907,"{""pairs"": 512, ""rho_pair"": -0.2986345556580549}"
2d616042d940,2026-09-24T15:05:10,nafis,baseline,paper_barrier,call,euler_maruyama,antithetic,{},1024,252,19,228449356,nn-lotpot_x86_64,7.507647168180412,0.34621304856958846,6.8290820620062025,8.186212274354622,7.1055282627933245,0.4021189053870877,0.0046906219995435094,"{""pairs"": 512, ""rho_pair"": -0.3207761271660504}"
ef4e578b8726,2026-09-24T15:05:10,nafis,baseline,paper_barrier,call,euler_maruyama,antithetic,{},4096,252,0,1787068717,nn-lotpot_x86_64,7.4868534887036535,0.16843671879311004,7.156723586195057,7.81698339121225,7.1055282627933245,0.381325225910329,0.02245509100066556,"{""pairs"": 2048, ""rho_pair"": -0.32588749498743796}"
42f7066e02f6,2026-09-24T15:05:10,nafis,baseline,paper_barrier,call,euler_maruyama,antithetic,{},4096,252,1,232608626,nn-lotpot_x86_64,7.206646731744275,0.164150668440442,6.884917333562833,7.528376129925717,7.1055282627933245,0.10111846895095056,0.025108224001087365,"{""pairs"": 2048, ""rho_pair"": -0.32001238764058737}"
dff15e34305f,2026-09-24T15:05:10,nafis,baseline,paper_barrier,call,euler_maruyama,antithetic,{},4096,252,2,425869060,nn-lotpot_x86_64,6.888134180975674,0.15952570719002737,6.575469540274939,7.20079882167641,7.1055282627933245,0.21739408181765008,0.024909922998631373,"{""pairs"": 2048, ""rho_pair"": -0.3142492837222511}"
2b7a5c47a593,2026-09-24T15:05:10,nafis,baseline,paper_barrier,call,euler_maruyama,antithetic,{},4096,252,3,1935655907,nn-lotpot_x86_64,7.124893901996317,0.16411797562606592,6.803228580553605,7.446559223439029,7.1055282627933245,0.01936563920299239,0.024995454999952926,"{""pairs"": 2048, ""rho_pair"": -0.3151365219345577}"
83f1da683d07,2026-09-24T15:05:10,nafis,baseline,paper_barrier,call,euler_maruyama,antithetic,{},4096,252,4,1232877781,nn-lotpot_x86_64,6.967903439492018,0.1583819310704496,6.657480558792031,7.278326320192004,7.1055282627933245,0.13762482330130688,0.024845091000315733,"{""pairs"": 2048, ""rho_pair"": -0.32091516405062254}"
578b7e33bb85,2026-09-24T15:05:10,nafis,baseline,paper_barrier,call,euler_maruyama,antithetic,{},4096,252,5,1963998549,nn-lotpot_x86_64,7.247408590888883,0.1690267813087009,6.916122187101101,7.578694994676664,7.1055282627933245,0.14188032809555828,0.024919789999330533,"{""pairs"": 2048, ""rho_pair"": -0.30990781705907483}"
0ae89311a2f8,2026-09-24T15:05:10,nafis,baseline,paper_barrier,call,euler_maruyama,antithetic,{},4096,252,6,36936044,nn-lotpot_x86_64,6.9837243509767015,0.1600887923503583,6.6699560836414875,7.2974926183119155,7.1055282627933245,0.12180391181662298,0.024894008000046597,"{""pairs"": 2048, ""rho_pair"": -0.31724159543491465}"
3406545cfab1,2026-09-24T15:05:10,nafis,baseline,paper_barrier,call,euler_maruyama,antithetic,{},4096,252,7,447550022,nn-lotpot_x86_64,7.1090301742811075,0.16222946909438865,6.791066257625052,7.426994090937163,7.1055282627933245,0.003501911487783005,0.02571985000031418,"{""pairs"": 2048, ""rho_pair"": -0.31954433503133867}"
4a5358b587b6,2026-09-24T15:05:10,nafis,baseline,paper_barrier,call,euler_maruyama,antithetic,{},4096,252,8,1671238077,nn-lotpot_x86_64,7.004718893273047,0.15998244732140243,6.691159058364522,7.318278728181572,7.1055282627933245,0.10080936952027741,0.0250475449993246,"{""pairs"": 2048, ""rho_pair"": -0.3189841709537914}"
210ea885f350,2026-09-24T15:05:10,nafis,baseline,paper_barrier,call,euler_maruyama,antithetic,{},4096,252,9,2258180572,nn-lotpot_x86_64,7.352647531731936,0.16991736351736111,7.019615618889908,7.685679444573964,7.1055282627933245,0.24711926893861147,0.02493302499897254,"{""pairs"": 2048, ""rho_pair"": -0.31418831298441247}"
2346d065511a,2026-09-24T15:05:10,nafis,baseline,paper_barrier,call,euler_maruyama,antithetic,{},4096,252,10,3638148983,nn-lotpot_x86_64,7.278233084467063,0.16347427603551287,6.957829391038699,7.598636777895427,7.1055282627933245,0.17270482167373835,0.025073056000110228,"{""pairs"": 2048, ""rho_pair"": -0.3262260807645207}"
e941fc163acd,2026-09-24T15:05:10,nafis,baseline,paper_barrier,call,euler_maruyama,antithetic,{},4096,252,11,3311995531,nn-lotpot_x86_64,7.181306950700827,0.16248724668064224,6.862837799259692,7.499776102141961,7.1055282627933245,0.0757786879075022,0.02505495500008692,"{""pairs"": 2048, ""rho_pair"": -0.32294764803548753}"
d5ad1e7f236a,2026-09-24T15:05:10,nafis,baseline,paper_barrier,call,euler_maruyama,antithetic,{},4096,252,12,3200083354,nn-lotpot_x86_64,7.300149650048919,0.1619984180732119,6.982638585072961,7.6176607150248765,7.1055282627933245,0.1946213872555944,0.02528377199996612,"{""pairs"": 2048, ""rho_pair"": -0.33199536087295256}"
0a2ccf88f009,2026-09-24T15:05:10,nafis,baseline,paper_barrier,call,euler_maruyama,antithetic,{},4096,252,13,3899284541,nn-lotpot_x86_64,6.911236420941392,0.15917182446043018,6.599265377645417,7.223207464237366,7.1055282627933245,0.19429184185193282,0.0251684729992121,"{""pairs"": 2048, ""rho_pair"": -0.3150660824507099}"
87d336f9fe70,2026-09-24T15:05:10,nafis,baseline,paper_barrier,call,euler_maruyama,antithetic,{},4096,252,14,2713540180,nn-lotpot_x86_64,6.962032806426881,0.16043338350565492,6.647589152837894,7.276476460015867,7.1055282627933245,0.1434954563664439,0.024985308999021072,"{""pairs"": 2048, ""rho_pair"": -0.31526828642930316}"
0a19373d113b,2026-09-24T15:05:10,nafis,baseline,paper_barrier,call,euler_maruyama,antithetic,{},4096,252,15,1003322860,nn-lotpot_x86_64,7.099808403806842,0.16310303965474318,6.780132320314537,7.419484487299147,7.1055282627933245,0.005719858986482862,0.024821035998684238,"{""pairs"": 2048, ""rho_pair"": -0.31648091538577466}"
6ad58c3f98ab,2026-09-24T15:05:10,nafis,baseline,paper_barrier,call,euler_maruyama,antithetic,{},4096,252,16,3207500482,nn-lotpot_x86_64,7.016061091794158,0.1640482890161873,6.694532353597013,7.337589829991303,7.1055282627933245,0.08946717099916679,0.025441241999942577,"{""pairs"": 2048, ""rho_pair"": -0.30844964608369274}"
b70bfb228a5c,2026-09-24T15:05:10,nafis,baseline,paper_barrier,call,euler_maruyama,antithetic,{},4096,252,17,3897450749,nn-lotpot_x86_64,7.079370753929629,0.15991076101590848,6.765951421598056,7.3927900862612015,7.1055282627933245,0.02615750886369561,0.025039107000338845,"{""pairs"": 2048, ""rho_pair"": -0.32340404942162326}"
596a231ed5eb,2026-09-24T15:05:10,nafis,baseline,paper_barrier,call,euler_maruyama,antithetic,{},4096,252,18,1759775229,nn-lotpot_x86_64,7.010812710514155,0.16048319377918033,6.696271430582999,7.32535399044531,7.1055282627933245,0.09471555227916983,0.02499275700029102,"{""pairs"": 2048, ""rho_pair"": -0.31873502754627425}"
fddac0d3274b,2026-09-24T15:05:10,nafis,baseline,paper_barrier,call,euler_maruyama,antithetic,{},4096,252,19,3078005236,nn-lotpot_x86_64,7.0315483928043205,0.16575535628141636,6.706673864248139,7.356422921360502,7.1055282627933245,0.07397986998900397,0.025592124000468175,"{""pairs"": 2048, ""rho_pair"": -0.30535030959638865}"
c84c461017f9,2026-09-24T15:05:10,nafis,baseline,paper_barrier,call,euler_maruyama,antithetic,{},16384,252,0,1175735156,nn-lotpot_x86_64,7.047387515494787,0.08008627839814131,6.890421294178582,7.204353736810992,7.1055282627933245,0.058140747298537576,0.0915266949996294,"{""pairs"": 8192, ""rho_pair"": -0.3211745366895131}"
34689f4d7247,2026-09-24T15:05:10,nafis,baseline,paper_barrier,call,euler_maruyama,antithetic,{},16384,252,1,304968036,nn-lotpot_x86_64,7.2198716372624645,0.08116735195460684,7.060786550710948,7.378956723813981,7.1055282627933245,0.11434337446914,0.08845097599987639,"{""pairs"": 8192, ""rho_pair"": -0.32569414701790195}"
1d4451f72c8a,2026-09-24T15:05:10,nafis,baseline,paper_barrier,call,euler_maruyama,antithetic,{},16384,252,2,2908471195,nn-lotpot_x86_64,7.227979114591341,0.08171168957945203,7.067827145899699,7.388131083282984,7.1055282627933245,0.12245085179801674,0.08793215299920121,"{""pairs"": 8192, ""rho_pair"": -0.32325129140647124}"
ee8f8d901f23,2026-09-24T15:05:10,nafis,baseline,paper_barrier,call,euler_maruyama,antithetic,{},16384,252,3,1807213444,nn-lotpot_x86_64,7.12719852360895,0.0811751358358499,6.968098180930538,7.286298866287362,7.1055282627933245,0.021670260815625397,0.08781860700037214,"{""pairs"": 8192, ""rho_pair"": -0.3199695353492832}"
cc4790dfaa75,2026-09-24T15:05:11,nafis,baseline,paper_barrier,call,euler_maruyama,antithetic,{},16384,252,4,3781619440,nn-lotpot_x86_64,7.21606130714423,0.08345932620488106,7.052484033608683,7.379638580679777,7.1055282627933245,0.11053304435090539,0.0884027709998918,"{""pairs"": 8192, ""rho_pair"": -0.3133945367693164}"
4ca41ba18cdb,2026-09-24T15:05:11,nafis,baseline,paper_barrier,call,euler_maruyama,antithetic,{},16384,252,5,3018627691,nn-lotpot_x86_64,7.0121929461518615,0.07854086586184386,6.8582556777480566,7.1661302145556665,7.1055282627933245,0.093335316641463,0.08841475600092963,"{""pairs"": 8192, ""rho_pair"": -0.32731309545064297}"
2ed589df38a8,2026-09-24T15:05:11,nafis,baseline,paper_barrier,call,euler_maruyama,antithetic,{},16384,252,6,1380582823,nn-lotpot_x86_64,7.11095997720213,0.08196531686999636,6.950310908155524,7.271609046248736,7.1055282627933245,0.005431714408805632,0.08856314900003781,"{""pairs"": 8192, ""rho_pair"": -0.31486645959377096}"
ebe1a9f9617d,2026-09-24T15:05:11,nafis,baseline,paper_barrier,call,euler_maruyama,antithetic,{},16384,252,7,673250622,nn-lotpot_x86_64,7.118407933988858,0.08085829858627445,6.959928580908574,7.276887287069142,7.1055282627933245,0.012879671195533682,0.08888395099893387,"{""pairs"": 8192, ""rho_pair"": -0.3212013699152731}"
40ff2200e1c6,2026-09-24T15:05:11,nafis,baseline,paper_barrier,call,euler_maruyama,antithetic,{},16384,252,8,2140141865,nn-lotpot_x86_64,7.029210964044223,0.08068253200367483,6.87107610713552,7.187345820952926,7.1055282627933245,0.07631729874910143,0.08876826100095059,"{""pairs"": 8192, ""rho_pair"": -0.3166391319715936}"
64980feaf051,2026-09-24T15:05:11,nafis,baseline,paper_barrier,call,euler_maruyama,antithetic,{},16384,252,9,3823509989,nn-lotpot_x86_64,7.143940761439284,0.08243827970019095,6.98236470227947,7.305516820599098,7.1055282627933245,0.0384124986459593,0.08950363400072092,"{""pairs"": 8192, ""rho_pair"": -0.31431971767511074}"
6b4dbbcc9ef4,2026-09-24T15:05:11,nafis,baseline,paper_barrier,call,euler_maruyama,antithetic,{},16384,252,10,4151993782,nn-lotpot_x86_64,7.0434241201488685,0.08085683771846569,6.884947630316876,7.201900609980861,7.1055282627933245,0.06210414264445596,0.08876858000076027,"{""pairs"": 8192, ""rho_pair"": -0.3166046825859457}"
cb64e65b613d,2026-09-24T15:05:11,nafis,baseline,paper_barrier,call,euler_maruyama,antithetic,{},16384,252,11,752586156,nn-lotpot_x86_64,6.93890102520159,0.07996280456634824,6.782176808148733,7.095625242254447,7.1055282627933245,0.1666272375917348,0.08838264999940293,"{""pairs"": 8192, ""rho_pair"": -0.3151175060154613}"
5905642d2414,2026-09-24T15:05:11,nafis,baseline,paper_barrier,call,euler_maruyama,antithetic,{},16384,252,12,2109166770,nn-lotpot_x86_64,7.151923432825669,0.08130740410743428,6.992563849098653,7.311283016552684,7.1055282627933245,0.04639517003234417,0.08830087600108527,"{""pairs"": 8192, ""rho_pair"": -0.3207761533958723}"
880e13ca10de,2026-09-24T15:05:11,nafis,baseline,paper_barrier,call,euler_maruyama,antithetic,{},16384,252,13,3291875011,nn-lotpot_x86_64,6.950995831427365,0.07953921360668563,6.795101837399623,7.106889825455107,7.1055282627933245,0.1545324313659595,0.09033231499961403,"{""pairs"": 8192, ""rho_pair"": -0.31793188095536046}"
79bfdcd41d83,2026-09-24T15:05:11,nafis,baseline,paper_barrier,call,euler_maruyama,antithetic,{},16384,252,14,2064359617,nn-lotpot_x86_64,7.186176120794341,0.08195376750978312,7.025549688077797,7.346802553510885,7.1055282627933245,0.08064785800101681,0.0879074539989233,"{""pairs"": 8192, ""rho_pair"": -0.31943084590004983}"
9f1dd0491d20,2026-09-24T15:05:12,nafis,baseline,paper_barrier,call,euler_maruyama,antithetic,{},16384,252,15,1309731255,nn-lotpot_x86_64,7.008243891333334,0.07983875751779827,6.851762802028023,7.164724980638645,7.1055282627933245,0.09728437145999091,0.08846439999979339,"{""pairs"": 8192, ""rho_pair"": -0.31988989842791066}"
acceb8957680,2026-09-24T15:05:12,nafis,baseline,paper_barrier,call,euler_maruyama,antithetic,{},16384,252,16,1111894024,nn-lotpot_x86_64,7.065810245789486,0.0800048850188857,6.909003552565202,7.222616939013769,7.1055282627933245,0.039718017003838924,0.08860926799934532,"{""pairs"": 8192, ""rho_pair"": -0.3227073690246916}"
5ac88cfa67da,2026-09-24T15:05:12,nafis,baseline,paper_barrier,call,euler_maruyama,antithetic,{},16384,252,17,4172140788,nn-lotpot_x86_64,7.086804524559836,0.08083793821499911,6.9283650770739635,7.245243972045709,7.1055282627933245,0.018723738233488163,0.08913069300069765,"{""pairs"": 8192, ""rho_pair"": -0.31982342338691305}"
be8584c8ea61,2026-09-24T15:05:12,nafis,baseline,paper_barrier,call,euler_maruyama,antithetic,{},16384,252,18,1485745620,nn-lotpot_x86_64,7.039762846881091,0.07986205209601642,6.883236101041438,7.196289592720745,7.1055282627933245,0.0657654159122334,0.08825235900076223,"{""pairs"": 8192, ""rho_pair"": -0.321759052037483}"
51299c7c231e,2026-09-24T15:05:12,nafis,baseline,paper_barrier,call,euler_maruyama,antithetic,{},16384,252,19,3460017351,nn-lotpot_x86_64,6.955161225189128,0.0797684414831393,6.7988179527792845,7.111504497598972,7.1055282627933245,0.15036703760419634,0.08795984399876033,"{""pairs"": 8192, ""rho_pair"": -0.3169552720596183}"
df54ee40f2f1,2026-09-24T15:05:12,nafis,baseline,paper_barrier,call,euler_maruyama,antithetic,{},65536,252,0,3679258058,nn-lotpot_x86_64,7.031891800308285,0.04003049118077683,6.953433479310514,7.110350121306056,7.1055282627933245,0.07363646248503919,0.3594489830011298,"{""pairs"": 32768, ""rho_pair"": -0.320101797618055}"
a6e881f2a848,2026-09-24T15:05:13,nafis,baseline,paper_barrier,call,euler_maruyama,antithetic,{},65536,252,1,2354211258,nn-lotpot_x86_64,7.143218329816021,0.040768720229608,7.0633131064702,7.223123553161842,7.1055282627933245,0.03769006702269628,0.35921418799989624,"{""pairs"": 32768, ""rho_pair"": -0.31900896030680026}"
41cb65582e3f,2026-09-24T15:05:13,nafis,baseline,paper_barrier,call,euler_maruyama,antithetic,{},65536,252,2,770801088,nn-lotpot_x86_64,7.06856766469063,0.04022600516390013,6.989726143327464,7.147409186053797,7.1055282627933245,0.03696059810269414,0.35920700099995884,"{""pairs"": 32768, ""rho_pair"": -0.3202790304668257}"
7c763edf330f,2026-09-24T15:05:13,nafis,baseline,paper_barrier,call,euler_maruyama,antithetic,{},65536,252,3,805038483,nn-lotpot_x86_64,7.109356870252136,0.04049840313992583,7.029981458666498,7.188732281837774,7.1055282627933245,0.0038286074588116392,0.35934139499840967,"{""pairs"": 32768, ""rho_pair"": -0.31986373817362823}"
880079773fc1,2026-09-24T15:05:14,nafis,baseline,paper_barrier,call,euler_maruyama,antithetic,{},65536,252,4,3651879656,nn-lotpot_x86_64,7.042501649191735,0.04004880900932171,6.964007425909741,7.120995872473729,7.1055282627933245,0.06302661360158979,0.36128653200103145,"{""pairs"": 32768, ""rho_pair"": -0.32058906397198006}"
9857fcf187d4,2026-09-24T15:05:14,nafis,baseline,paper_barrier,call,euler_maruyama,antithetic,{},65536,252,5,3832992548,nn-lotpot_x86_64,7.092856677710693,0.040444353137172206,7.013587202183816,7.172126153237571,7.1055282627933245,0.012671585082631331,0.3597620930013363,"{""pairs"": 32768, ""rho_pair"": -0.3194089541143504}"
633172a6db39,2026-09-24T15:05:14,nafis,baseline,paper_barrier,call,euler_maruyama,antithetic,{},65536,252,6,107080373,nn-lotpot_x86_64,7.039793773921769,0.03998595556329512,6.961422741130291,7.118164806713247,7.1055282627933245,0.06573448887155564,0.3589391200002865,"{""pairs"": 32768, ""rho_pair"": -0.3211031891698889}"
8e009c394d65,2026-09-24T15:05:15,nafis,baseline,paper_barrier,call,euler_maruyama,antithetic,{},65536,252,7,1204950643,nn-lotpot_x86_64,7.132497502279809,0.04045077453126412,7.053215441051781,7.211779563507837,7.1055282627933245,0.02696923948648422,0.35894126600032905,"{""pairs"": 32768, ""rho_pair"": -0.32173847682487716}"
91d1d2715a24,2026-09-24T15:05:15,nafis,baseline,paper_barrier,call,euler_maruyama,antithetic,{},65536,252,8,4041733866,nn-lotpot_x86_64,7.112868920171557,0.040559547852612676,7.033373667151207,7.1923641731919075,7.1055282627933245,0.007340657378232862,0.3600193460006267,"{""pairs"": 32768, ""rho_pair"": -0.31939747201439217}"
07a7bf03adda,2026-09-24T15:05:15,nafis,baseline,paper_barrier,call,euler_maruyama,antithetic,{},65536,252,9,757223066,nn-lotpot_x86_64,7.1330210377913446,0.040570543761070915,7.053504233186439,7.21253784239625,7.1055282627933245,0.027492774998020053,0.35786523900060274,"{""pairs"": 32768, ""rho_pair"": -0.32052582860301104}"
2dedf4e12805,2026-09-24T15:05:16,nafis,baseline,paper_barrier,call,euler_maruyama,antithetic,{},65536,252,10,1369777458,nn-lotpot_x86_64,7.170127661097231,0.040511214468156774,7.090727139769666,7.249528182424796,7.1055282627933245,0.0645993983039066,0.35870847499973024,"{""pairs"": 32768, ""rho_pair"": -0.32341782791776275}"
882eae883a2c,2026-09-24T15:05:16,nafis,baseline,paper_barrier,call,euler_maruyama,antithetic,{},65536,252,11,523375944,nn-lotpot_x86_64,7.101092694665904,0.04037622795419666,7.021956742044099,7.180228647287708,7.1055282627933245,0.0044355681274206304,0.35917686500033597,"{""pairs"": 32768, ""rho_pair"": -0.32070471576874804}"
abe98cbc0196,2026-09-24T15:05:17,nafis,baseline,paper_barrier,call,euler_maruyama,antithetic,{},65536,252,12,1581735769,nn-lotpot_x86_64,7.104159826387597,0.04031956038646236,7.025134940157643,7.1831847126175505,7.1055282627933245,0.0013684364057278131,0.35948314999950526,"{""pairs"": 32768, ""rho_pair"": -0.32145200898601556}"
7c2eb4ca91ec,2026-09-24T15:05:17,nafis,baseline,paper_barrier,call,euler_maruyama,antithetic,{},65536,252,13,2426684202,nn-lotpot_x86_64,7.047790254935136,0.04027399995649269,6.968854665507043,7.1267258443632295,7.1055282627933245,0.05773800785818839,0.3584730540005694,"{""pairs"": 32768, ""rho_pair"": -0.31844046700810436}"
7c889d1eb282,2026-09-24T15:05:17,nafis,baseline,paper_barrier,call,euler_maruyama,antithetic,{},65536,252,14,2787676527,nn-lotpot_x86_64,7.191930055845915,0.04088519236393985,7.111796551311601,7.272063560380229,7.1055282627933245,0.08640179305259021,0.3592862730001798,"{""pairs"": 32768, ""rho_pair"": -0.32072433779583664}"
cf43087c3210,2026-09-24T15:05:18,nafis,baseline,paper_barrier,call,euler_maruyama,antithetic,{},65536,252,15,3794276810,nn-lotpot_x86_64,7.059158833874328,0.04037208367551677,6.9800310038894775,7.138286663859178,7.1055282627933245,0.04636942891899665,0.36020654999992985,"{""pairs"": 32768, ""rho_pair"": -0.3181174219335789}"
eaa44e7c6bab,2026-09-24T15:05:18,nafis,baseline,paper_barrier,call,euler_maruyama,antithetic,{},65536,252,16,3606959604,nn-lotpot_x86_64,7.038900764693846,0.040180310542586015,6.960148803142743,7.117652726244949,7.1055282627933245,0.06662749809947854,0.3589715950001846,"{""pairs"": 32768, ""rho_pair"": -0.3189246680486397}"
380dcb9cccfd,2026-09-24T15:05:18,nafis,baseline,paper_barrier,call,euler_maruyama,antithetic,{},65536,252,17,1039187330,nn-lotpot_x86_64,7.068403709423056,0.04040714579542445,6.989207158945965,7.147600259900147,7.1055282627933245,0.03712455337026821,0.3594933090007544,"{""pairs"": 32768, ""rho_pair"": -0.31828910124690113}"
dcd55be3d287,2026-09-24T15:05:19,nafis,baseline,paper_barrier,call,euler_maruyama,antithetic,{},65536,252,18,3993529095,nn-lotpot_x86_64,7.031657398865768,0.0398871074747052,6.953480104767867,7.109834692963669,7.1055282627933245,0.07387086392755648,0.3603883539999515,"{""pairs"": 32768, ""rho_pair"": -0.321690649540161}"
d81ac8834cd9,2026-09-24T15:05:19,nafis,baseline,paper_barrier,call,euler_maruyama,antithetic,{},65536,252,19,1194425124,nn-lotpot_x86_64,7.080085088853865,0.04032267071771674,7.001054106486673,7.1591160712210575,7.1055282627933245,0.025443173939459385,0.3586645440009306,"{""pairs"": 32768, ""rho_pair"": -0.3199684688582761}"
13c48db33d65,2026-09-24T15:05:19,nafis,baseline,paper_barrier,call,milstein,plain,{},256,252,0,978176652,nn-lotpot_x86_64,6.932345742496581,0.7327788042310897,5.496125677569319,8.368565807423844,7.1055282627933245,0.1731825202967432,0.0018637649991433136,
fa59c2e428ab,2026-09-24T15:05:19,nafis,baseline,paper_barrier,call,milstein,plain,{},256,252,1,3158677007,nn-lotpot_x86_64,7.09310702243279,0.7437047997233922,5.6354723998453675,8.550741645020212,7.1055282627933245,0.012421240360534824,0.0017586520007171202,
9fc03177cbc1,2026-09-24T15:05:19,nafis,baseline,paper_barrier,call,milstein,plain,{},256,252,2,3854813039,nn-lotpot_x86_64,7.304988784159978,0.751035360744958,5.832986525983813,8.776991042336142,7.1055282627933245,0.19946052136665315,0.0018281789998582099,
b9c5c109cf2b,2026-09-24T15:05:19,nafis,baseline,paper_barrier,call,milstein,plain,{},256,252,3,2297110029,nn-lotpot_x86_64,5.9635295135401645,0.6778467226311894,4.634974350144522,7.292084676935807,7.1055282627933245,1.14199874925316,0.0017307660000369651,
7d903e1f465c,2026-09-24T15:05:19,nafis,baseline,paper_barrier,call,milstein,plain,{},256,252,4,3848869464,nn-lotpot_x86_64,7.209027844516481,0.7706501367733299,5.698581331759887,8.719474357273073,7.1055282627933245,0.1034995817231561,0.00176036000084423,
fe3706670286,2026-09-24T15:05:19,nafis,baseline,paper_barrier,call,milstein,plain,{},256,252,5,274617050,nn-lotpot_x86_64,7.8578003655066535,0.8097578313853121,6.270704179792184,9.444896551221124,7.1055282627933245,0.752272102713329,0.001749645000018063,
48c6294c59ee,2026-09-24T15:05:19,nafis,baseline,paper_barrier,call,milstein,plain,{},256,252,6,3887734552,nn-lotpot_x86_64,6.556467689508234,0.7318814973701804,5.1220063137114344,7.990929065305034,7.1055282627933245,0.5490605732850904,0.0017987529990932671,
b6322d1d1269,2026-09-24T15:05:19,nafis,baseline,paper_barrier,call,milstein,plain,{},256,252,7,274019334,nn-lotpot_x86_64,6.9509523782291165,0.7714608451469692,5.438916906258225,8.462987850200008,7.1055282627933245,0.154575884564208,0.0017718449998938013,
dc351352064c,2026-09-24T15:05:19,nafis,baseline,paper_barrier,call,milstein,plain,{},256,252,8,529945340,nn-lotpot_x86_64,7.837495419260637,0.8638589249723456,6.144363038591351,9.530627799929924,7.1055282627933245,0.7319671564673129,0.001785127999028191,
70c0b7d256d4,2026-09-24T15:05:19,nafis,baseline,paper_barrier,call,milstein,plain,{},256,252,9,1831568845,nn-lotpot_x86_64,6.290120927485226,0.6977769086779053,4.922503317232838,7.657738537737615,7.1055282627933245,0.8154073353080982,0.0017412260003766278,
5f0f2ca62beb,2026-09-24T15:05:19,nafis,baseline,paper_barrier,call,milstein,plain,{},256,252,10,1635009401,nn-lotpot_x86_64,7.994556867431827,0.7676456904597269,6.48999896124338,9.499114773620274,7.1055282627933245,0.8890286046385025,0.0017424109992134618,
b958df1f88d1,2026-09-24T15:05:19,nafis,baseline,paper_barrier,call,milstein,plain,{},256,252,11,871455589,nn-lotpot_x86_64,6.318766105627316,0.7626784088261983,4.823943892541652,7.81358831871298,7.1055282627933245,0.7867621571660086,0.001762992998919799,
f2840cf0404c,2026-09-24T15:05:19,nafis,baseline,paper_barrier,call,milstein,plain,{},256,252,12,3355723856,nn-lotpot_x86_64,7.2297108024997385,0.8778625971350912,5.509131728740165,8.950289876259312,7.1055282627933245,0.12418253970641402,0.0017488319990661694,
8e5083d546df,2026-09-24T15:05:19,nafis,baseline,paper_barrier,call,milstein,plain,{},256,252,13,2040034348,nn-lotpot_x86_64,6.623422419644781,0.7430504266665845,5.167070344681155,8.079774494608408,7.1055282627933245,0.48210584314854366,0.001743945998896379,
0dab9fa4ec02,2026-09-24T15:05:19,nafis,baseline,paper_barrier,call,milstein,plain,{},256,252,14,2610049883,nn-lotpot_x86_64,6.975857717858488,0.7255632476628145,5.553779883933456,8.397935551783519,7.1055282627933245,0.12967054493483676,0.0017918840003403602,
ca77f4567f07,2026-09-24T15:05:19,nafis,baseline,paper_barrier,call,milstein,plain,{},256,252,15,1740176936,nn-lotpot_x86_64,8.276166066961633,0.8724422503286018,6.566210677726495,9.98612145619677,7.1055282627933245,1.170637804168308,0.001749259999996866,
d6fcb3d58367,2026-09-24T15:05:19,nafis,baseline,paper_barrier,call,milstein,plain,{},256,252,16,4153689039,nn-lotpot_x86_64,6.974123031116214,0.7614594048674486,5.4816900218867115,8.466556040345717,7.1055282627933245,0.13140523167711038,0.0017385649989591911,
d77d98758847,2026-09-24T15:05:19,nafis,baseline,paper_barrier,call,milstein,plain,{},256,252,17,3307209184,nn-lotpot_x86_64,7.5148989549948535,0.7372988607093844,6.069819742162046,8.95997816782766,7.1055282627933245,0.409370692201529,0.0018255459999636514,
e6dc4c742b32,2026-09-24T15:05:19,nafis,baseline,paper_barrier,call,milstein,plain,{},256,252,18,2372114586,nn-lotpot_x86_64,7.149981019214582,0.7807457829910426,5.619747403470614,8.680214634958551,7.1055282627933245,0.04445275642125779,0.0017194000010931632,
2a1a07643100,2026-09-24T15:05:19,nafis,baseline,paper_barrier,call,milstein,plain,{},256,252,19,2459977663,nn-lotpot_x86_64,7.1950365675052605,0.7814299723476549,5.663461965263727,8.726611169746795,7.1055282627933245,0.08950830471193605,0.0017229990007763263,
984215a6aa11,2026-09-24T15:05:19,nafis,baseline,paper_barrier,call,milstein,plain,{},1024,252,0,3381787381,nn-lotpot_x86_64,7.739545023187498,0.4389370454015965,6.879244222719946,8.59984582365505,7.1055282627933245,0.6340167603941733,0.007201148000604007,
e556fd022c3d,2026-09-24T15:05:19,nafis,baseline,paper_barrier,call,milstein,plain,{},1024,252,1,2920444543,nn-lotpot_x86_64,7.034186173195641,0.3919655543390985,6.2659478035107306,7.802424542880551,7.1055282627933245,0.07134208959768351,0.007013828999333782,
6d7298b6ee2c,2026-09-24T15:05:19,nafis,baseline,paper_barrier,call,milstein,plain,{},1024,252,2,1480838960,nn-lotpot_x86_64,6.375589167103595,0.38083142491663824,5.629173290085914,7.122005044121275,7.1055282627933245,0.7299390956897298,0.006956478000574862,
bb3fccf2f734,2026-09-24T15:05:19,nafis,baseline,paper_barrier,call,milstein,plain,{},1024,252,3,680583003,nn-lotpot_x86_64,7.336847939693504,0.39276321448756096,6.5670461848457045,8.106649694541304,7.1055282627933245,0.23131967690017952,0.006958938000025228,
b0953df2112d,2026-09-24T15:05:19,nafis,baseline,paper_barrier,call,milstein,plain,{},1024,252,4,1220878987,nn-lotpot_x86_64,7.044127725032702,0.38834302183586433,6.282989388586956,7.805266061478448,7.1055282627933245,0.0614005377606226,0.006898370000271825,
586c10d0c5b2,2026-09-24T15:05:19,nafis,baseline,paper_barrier,call,milstein,plain,{},1024,252,5,378109671,nn-lotpot_x86_64,7.277831822819481,0.3806818940907721,6.531709020835076,8.023954624803885,7.1055282627933245,0.17230356002615643,0.007000420000622398,
9e71bfb91942,2026-09-24T15:05:19,nafis,baseline,paper_barrier,call,milstein,plain,{},1024,252,6,2887016845,nn-lotpot_x86_64,8.075604656539053,0.40507425739617736,7.281673700978238,8.869535612099869,7.1055282627933245,0.9700763937457282,0.00689812400014489,
8e0ad20f1aa7,2026-09-24T15:05:19,nafis,baseline,paper_barrier,call,milstein,plain,{},1024,252,7,1007515155,nn-lotpot_x86_64,7.217402236951493,0.3896123110393788,6.453776139380893,7.981028334522093,7.1055282627933245,0.11187397415816847,0.006858513999759452,
6262b47ebdf8,2026-09-24T15:05:19,nafis,baseline,paper_barrier,call,milstein,plain,{},1024,252,8,3757189365,nn-lotpot_x86_64,7.6866677623151185,0.4121429840288808,6.878882357137646,8.494453167492592,7.1055282627933245,0.581139499521794,0.00689340999997512,
e02a61f5b778,2026-09-24T15:05:19,nafis,baseline,paper_barrier,call,milstein,plain,{},1024,252,9,3725071331,nn-lotpot_x86_64,7.514250085470753,0.40505337496137817,6.720360058730053,8.308140112211452,7.1055282627933245,0.4087218226774283,0.006825301001299522,
37021a7e90bd,2026-09-24T15:05:19,nafis,baseline,paper_barrier,call,milstein,plain,{},1024,252,10,766399470,nn-lotpot_x86_64,7.080481604069198,0.3857563236841795,6.324413102839631,7.836550105298765,7.1055282627933245,0.02504665872412648,0.006813751000663615,
6998bc0795bd,2026-09-24T15:05:19,nafis,baseline,paper_barrier,call,milstein,plain,{},1024,252,11,2024329983,nn-lotpot_x86_64,7.220801814799447,0.390890345924392,6.454670814883236,7.986932814715659,7.1055282627933245,0.11527355200612277,0.006858857999759493,
36cb8a21a516,2026-09-24T15:05:19,nafis,baseline,paper_barrier,call,milstein,plain,{},1024,252,12,884686106,nn-lotpot_x86_64,6.678506036657842,0.3747293280796254,5.944050049670882,7.412962023644801,7.1055282627933245,0.4270222261354828,0.006828269000834553,
95ac1d2537f8,2026-09-24T15:05:19,nafis,baseline,paper_barrier,call,milstein,plain,{},1024,252,13,3860751431,nn-lotpot_x86_64,7.18847348384585,0.39335818096325714,6.417505616133677,7.959441351558023,7.1055282627933245,0.08294522105252522,0.0068337819993757876,
062077b1ac17,2026-09-24T15:05:19,nafis,baseline,paper_barrier,call,milstein,plain,{},1024,252,14,4225556910,nn-lotpot_x86_64,6.841551602775068,0.37929033315122423,6.09815621011447,7.584946995435666,7.1055282627933245,0.2639766600182565,0.006831906001025345,
5279921bacb8,2026-09-24T15:05:19,nafis,baseline,paper_barrier,call,milstein,plain,{},1024,252,15,3965164248,nn-lotpot_x86_64,7.092644142552022,0.3973722897416817,6.313808766204111,7.871479518899933,7.1055282627933245,0.01288412024130281,0.0068676970004162285,
e475f37a18cf,2026-09-24T15:05:19,nafis,baseline,paper_barrier,call,milstein,plain,{},1024,252,16,4254028200,nn-lotpot_x86_64,7.536931851367092,0.3947424510237253,6.763250864191525,8.31061283854266,7.1055282627933245,0.4314035885737679,0.00685698099914589,
fe22ee8a58b0,2026-09-24T15:05:19,nafis,baseline,paper_barrier,call,milstein,plain,{},1024,252,17,2866992783,nn-lotpot_x86_64,6.807500556657565,0.3737373747267493,6.074988762516586,7.540012350798543,7.1055282627933245,0.2980277061357599,0.00706873599847313,
81e9f1b23103,2026-09-24T15:05:19,nafis,baseline,paper_barrier,call,milstein,plain,{},1024,252,18,3473273031,nn-lotpot_x86_64,7.9699782636499075,0.41727256832761533,7.152139057991253,8.787817469308562,7.1055282627933245,0.864450000856583,0.006864429999041022,
5d368173d485,2026-09-24T15:05:19,nafis,baseline,paper_barrier,call,milstein,plain,{},1024,252,19,961983510,nn-lotpot_x86_64,7.338882022211704,0.3823177246478037,6.589553051250708,8.088210993172702,7.1055282627933245,0.23335375941837988,0.00689693599997554,
74569ec62d37,2026-09-24T15:05:19,nafis,baseline,paper_barrier,call,milstein,plain,{},4096,252,0,4220229433,nn-lotpot_x86_64,7.081499399207473,0.1985668266814506,6.692315570387423,7.470683228027523,7.1055282627933245,0.024028863585851212,0.030538611001247773,
416af4790a28,2026-09-24T15:05:19,nafis,baseline,paper_barrier,call,milstein,plain,{},4096,252,1,258110571,nn-lotpot_x86_64,7.459850166164644,0.2047056869661541,7.058634392280451,7.861065940048837,7.1055282627933245,0.35432190337131964,0.03287353899941081,
109c5d93cb31,2026-09-24T15:05:19,nafis,baseline,paper_barrier,call,milstein,plain,{},4096,252,2,1494620861,nn-lotpot_x86_64,7.239599897743243,0.19904718996086537,6.849474574196044,7.6297252212904425,7.1055282627933245,0.13407163494991892,0.032858601998668746,
b640d9c7c278,2026-09-24T15:05:19,nafis,baseline,paper_barrier,call,milstein,plain,{},4096,252,3,541383339,nn-lotpot_x86_64,7.422681771163987,0.20426502358497894,7.0223296816362035,7.82303386069177,7.1055282627933245,0.31715350837066225,0.033098994001193205,
92e769cc3ec5,2026-09-24T15:05:19,nafis,baseline,paper_barrier,call,milstein,plain,{},4096,252,4,4065836343,nn-lotpot_x86_64,7.202508378418616,0.20220105266525645,6.806201597558627,7.5988151592786055,7.1055282627933245,0.09698011562529185,0.032775738000054844,
a6f6d6f83df5,2026-09-24T15:05:19,nafis,baseline,paper_barrier,call,milstein,plain,{},4096,252,5,581236672,nn-lotpot_x86_64,7.216328392362064,0.19680920417106934,6.830589440360778,7.602067344363349,7.1055282627933245,0.11080012956873908,0.033136404999822844,
9f2fd37690ac,2026-09-24T15:05:20,nafis,baseline,paper_barrier,call,milstein,plain,{},4096,252,6,795619769,nn-lotpot_x86_64,7.192101884939139,0.19855743425626682,6.802936464934176,7.5812673049441015,7.1055282627933245,0.08657362214581443,0.03336286899866536,
731862ae79c6,2026-09-24T15:05:20,nafis,baseline,paper_barrier,call,milstein,plain,{},4096,252,7,3107716459,nn-lotpot_x86_64,7.147857307784202,0.19504396837263097,6.765578154372076,7.530136461196328,7.1055282627933245,0.04232904499087731,0.03268549099993834,
8011e2908f9f,2026-09-24T15:05:20,nafis,baseline,paper_barrier,call,milstein,plain,{},4096,252,8,3620166140,nn-lotpot_x86_64,7.0306069769065545,0.19532932743362455,6.647768530012219,7.41344542380089,7.1055282627933245,0.07492128588677005,0.03372297800160595,
bce8ed668af8,2026-09-24T15:05:20,nafis,baseline,paper_barrier,call,milstein,plain,{},4096,252,9,2206431820,nn-lotpot_x86_64,7.352345990161144,0.2035661564064503,6.953363655133254,7.751328325189034,7.1055282627933245,0.24681772736781937,0.03327195500060043,
5b15bc899b6a,2026-09-24T15:05:20,nafis,baseline,paper_barrier,call,milstein,plain,{},4096,252,10,1209648435,nn-lotpot_x86_64,7.039880660812711,0.19181906304775675,6.66392220569089,7.415839115934532,7.1055282627933245,0.06564760198061315,0.03329719199973624,
86325f4a3343,2026-09-24T15:05:20,nafis,baseline,paper_barrier,call,milstein,plain,{},4096,252,11,1336446887,nn-lotpot_x86_64,7.1646597027412895,0.19871717626944396,6.7751811941436815,7.5541382113388975,7.1055282627933245,0.05913143994796499,0.03277569199963182,
23fb02fe8695,2026-09-24T15:05:20,nafis,baseline,paper_barrier,call,milstein,plain,{},4096,252,12,1998343377,nn-lotpot_x86_64,6.94645578736683,0.1941063286227224,6.566014374094998,7.326897200638662,7.1055282627933245,0.15907247542649472,0.032998004000546644,
889aced7ac64,2026-09-24T15:05:20,nafis,baseline,paper_barrier,call,milstein,plain,{},4096,252,13,2820345663,nn-lotpot_x86_64,7.381103974253497,0.20084645769425377,6.987452150750312,7.774755797756682,7.1055282627933245,0.27557571146017246,0.03300495900111855,
43bbae8ad55d,2026-09-24T15:05:20,nafis,baseline,paper_barrier,call,milstein,plain,{},4096,252,14,3179825264,nn-lotpot_x86_64,7.3312791755529805,0.202165988354166,6.935041119479871,7.72751723162609,7.1055282627933245,0.22575091275965598,0.03273659200021939,
0553e81c16d5,2026-09-24T15:05:20,nafis,baseline,paper_barrier,call,milstein,plain,{},4096,252,15,3151249292,nn-lotpot_x86_64,6.916732796062895,0.19409308943417075,6.536317331123809,7.297148261001982,7.1055282627933245,0.18879546673042924,0.03259618700030842,
70cbc20b023f,2026-09-24T15:05:20,nafis,baseline,paper_barrier,call,milstein,plain,{},4096,252,16,3609586582,nn-lotpot_x86_64,7.07253724512281,0.19298468306589425,6.69429421674578,7.45078027349984,7.1055282627933245,0.03299101767051482,0.03275891900011629,
3fdaf0333f28,2026-09-24T15:05:20,nafis,baseline,paper_barrier,call,milstein,plain,{},4096,252,17,3984326499,nn-lotpot_x86_64,7.166762799993693,0.19742300978018615,6.779820811105029,7.5537047888823565,7.1055282627933245,0.06123453720036842,0.03317214500020782,
6047bbb9698c,2026-09-24T15:05:20,nafis,baseline,paper_barrier,call,milstein,plain,{},4096,252,18,1943709218,nn-lotpot_x86_64,7.123843636167016,0.1950007574150994,6.7416491746753895,7.506038097658642,7.1055282627933245,0.01831537337369138,0.03289121600028011,
3eadfc20a7bc,2026-09-24T15:05:20,nafis,baseline,paper_barrier,call,milstein,plain,{},4096,252,19,2460643525,nn-lotpot_x86_64,7.285705623192769,0.20099636138214286,6.8917599938601715,7.679651252525366,7.1055282627933245,0.1801773603994441,0.03314912700079731,
a04c70f22265,2026-09-24T15:05:20,nafis,baseline,paper_barrier,call,milstein,plain,{},16384,252,0,221327464,nn-lotpot_x86_64,7.272403616929552,0.09998988199182189,7.076427049407171,7.468380184451933,7.1055282627933245,0.16687535413622712,0.1286430259988265,
3b058a5887de,2026-09-24T15:05:20,nafis,baseline,paper_barrier,call,milstein,plain,{},16384,252,1,2862239772,nn-lotpot_x86_64,7.01102949893985,0.09711321506792728,6.82069109498382,7.20136790289588,7.1055282627933245,0.09449876385347444,0.12908409500050766,
c351a91bcab2,2026-09-24T15:05:20,nafis,baseline,paper_barrier,call,milstein,plain,{},16384,252,2,3805405150,nn-lotpot_x86_64,7.057024770620897,0.09835541176833623,6.864251705870351,7.249797835371443,7.1055282627933245,0.04850349217242744,0.1292584299990267,
33aff974fe66,2026-09-24T15:05:20,nafis,baseline,paper_barrier,call,milstein,plain,{},16384,252,3,2772501627,nn-lotpot_x86_64,7.092828176613262,0.09671865335314332,6.903263099407886,7.282393253818637,7.1055282627933245,0.012700086180062797,0.1290357789985137,
1e3d2eeb702a,2026-09-24T15:05:21,nafis,baseline,paper_barrier,call,milstein,plain,{},16384,252,4,2276053368,nn-lotpot_x86_64,7.192016802101982,0.09881972353114406,6.9983337030187345,7.385699901185229,7.1055282627933245,0.08648853930865741,0.12915247599994473,
60e12d8ace09,2026-09-24T15:05:21,nafis,baseline,paper_barrier,call,milstein,plain,{},16384,252,5,3115614280,nn-lotpot_x86_64,7.13197117940676,0.09851693503118376,6.938881534878367,7.325060823935153,7.1055282627933245,0.02644291661343523,0.1285760910013778,
aab7983dfae8,2026-09-24T15:05:21,nafis,baseline,paper_barrier,call,milstein,plain,{},16384,252,6,2026726987,nn-lotpot_x86_64,7.038294293044064,0.0965593455941874,6.8490414533087005,7.227547132779428,7.1055282627933245,0.06723396974926032,0.1285546950002754,
e3d170f54487,2026-09-24T15:05:21,nafis,baseline,paper_barrier,call,milstein,plain,{},16384,252,7,3891181753,nn-lotpot_x86_64,7.065988969603493,0.09749004517187596,6.874911992215433,7.2570659469915535,7.1055282627933245,0.03953929318983107,0.12889299300150014,
0fbbd836205f,2026-09-24T15:05:21,nafis,baseline,paper_barrier,call,milstein,plain,{},16384,252,8,3597878156,nn-lotpot_x86_64,7.181230921125183,0.09853901190582354,6.988098006717605,7.37436383553276,7.1055282627933245,0.07570265833185807,0.12926772399987385,
3595d5d9c9cf,2026-09-24T15:05:21,nafis,baseline,paper_barrier,call,milstein,plain,{},16384,252,9,207931598,nn-lotpot_x86_64,7.155829569380783,0.09894326741153994,6.961904328741449,7.3497548100201175,7.1055282627933245,0.05030130658745868,0.12907863300097233,
e692caaca0e4,2026-09-24T15:05:21,nafis,baseline,paper_barrier,call,milstein,plain,{},16384,252,10,3482768723,nn-lotpot_x86_64,7.0428492565182035,0.09757535223133251,6.851605080365982,7.234093432670425,7.1055282627933245,0.06267900627512102,0.13026518900005613,
b12f952f759f,2026-09-24T15:05:22,nafis,baseline,paper_barrier,call,milstein,plain,{},16384,252,11,2116479402,nn-lotpot_x86_64,7.056336946629953,0.09848099677568523,6.8633177397880045,7.2493561534719015,7.1055282627933245,0.04919131616337147,0.12930575700011104,
733f6dca71a6,2026-09-24T15:05:22,nafis,baseline,paper_barrier,call,milstein,plain,{},16384,252,12,3578559040,nn-lotpot_x86_64,7.090992703086137,0.09791298471762037,6.89908677942078,7.282898626751494,7.1055282627933245,0.014535559707187673,0.12908236400107853,
6d55828568ec,2026-09-24T15:05:22,nafis,baseline,paper_barrier,call,milstein,plain,{},16384,252,13,3263306334,nn-lotpot_x86_64,7.080423435052364,0.09845956524529052,6.887446233238123,7.273400636866604,7.1055282627933245,0.0251048277409609,0.1287116599996807,
e81f56f4e904,2026-09-24T15:05:22,nafis,baseline,paper_barrier,call,milstein,plain,{},16384,252,14,3202139780,nn-lotpot_x86_64,7.043452057338683,0.09735303101076821,6.852643622771767,7.2342604919056,7.1055282627933245,0.0620762054546411,0.1300630670011742,
a0ed7410add5,2026-09-24T15:05:22,nafis,baseline,paper_barrier,call,milstein,plain,{},16384,252,15,3703363148,nn-lotpot_x86_64,6.934284432654767,0.09789752759175228,6.742408804399417,7.1261600609101174,7.1055282627933245,0.17124383013855748,0.13041153899939673,
7a87137504e2,2026-09-24T15:05:22,nafis,baseline,paper_barrier,call,milstein,plain,{},16384,252,16,3296276830,nn-lotpot_x86_64,7.010504457185732,0.09823034205789012,6.817976524563218,7.2030323898082464,7.1055282627933245,0.09502380560759249,0.12952831399888964,
dbf1a5e1d8bf,2026-09-24T15:05:22,nafis,baseline,paper_barrier,call,milstein,plain,{},16384,252,17,1914868034,nn-lotpot_x86_64,6.968896737921018,0.09728478896732069,6.778222055301489,7.159571420540546,7.1055282627933245,0.1366315248723069,0.128876920998664,
1ce6dcd793d8,2026-09-24T15:05:22,nafis,baseline,paper_barrier,call,milstein,plain,{},16384,252,18,619288520,nn-lotpot_x86_64,7.083720427777261,0.09789667197874508,6.8918464764925895,7.275594379061933,7.1055282627933245,0.021807835016063315,0.1286891999989166,
224bd09db36d,2026-09-24T15:05:23,nafis,baseline,paper_barrier,call,milstein,plain,{},16384,252,19,2372456267,nn-lotpot_x86_64,7.0916280899760675,0.09690905683476568,6.901689828804182,7.281566351147953,7.1055282627933245,0.013900172817256973,0.1292450569999346,
38c23c37e3a7,2026-09-24T15:05:23,nafis,baseline,paper_barrier,call,milstein,plain,{},65536,252,0,1560385401,nn-lotpot_x86_64,7.08556448201022,0.04864187015123511,6.990228168373125,7.1809007956473145,7.1055282627933245,0.019963780783104568,0.507691511998928,
4a6ca103fb99,2026-09-24T15:05:24,nafis,baseline,paper_barrier,call,milstein,plain,{},65536,252,1,1927132444,nn-lotpot_x86_64,7.125259727259106,0.04912613745840685,7.028974267141065,7.2215451873771475,7.1055282627933245,0.019731464465781556,0.5070224950013653,
65d2379c0aba,2026-09-24T15:05:24,nafis,baseline,paper_barrier,call,milstein,plain,{},65536,252,2,785804105,nn-lotpot_x86_64,7.040554728133561,0.048615835551190825,6.945269441374905,7.135840014892216,7.1055282627933245,0.06497353465976374,0.508725592000701,
491785baf2b2,2026-09-24T15:05:25,nafis,baseline,paper_barrier,call,milstein,plain,{},65536,252,3,3934646898,nn-lotpot_x86_64,7.149187634752759,0.04926051330920415,7.052638802806763,7.245736466698755,7.1055282627933245,0.0436593719594347,0.5060841009999422,
1409b4697fae,2026-09-24T15:05:25,nafis,baseline,paper_barrier,call,milstein,plain,{},65536,252,4,1167667987,nn-lotpot_x86_64,7.122918568943937,0.04887728611893894,7.027120848488757,7.218716289399117,7.1055282627933245,0.01739030615061221,0.5080904769984045,
72a40505ea63,2026-09-24T15:05:26,nafis,baseline,paper_barrier,call,milstein,plain,{},65536,252,5,3003346360,nn-lotpot_x86_64,7.136301591115391,0.049036650776506485,7.0401915216709705,7.232411660559811,7.1055282627933245,0.030773328322066362,0.5081908779993682,
e722a90a1c99,2026-09-24T15:05:26,nafis,baseline,paper_barrier,call,milstein,plain,{},65536,252,6,3145487169,nn-lotpot_x86_64,7.156965290909845,0.04968624333464653,7.059582043446845,7.254348538372845,7.1055282627933245,0.05143702811652062,0.507598345999213,
dc53cf160e65,2026-09-24T15:05:27,nafis,baseline,paper_barrier,call,milstein,plain,{},65536,252,7,1816475199,nn-lotpot_x86_64,7.083636706681763,0.0490253401818603,6.987548805595493,7.1797246077680335,7.1055282627933245,0.02189155611156135,0.5054163839995454,
123c64d86146,2026-09-24T15:05:27,nafis,baseline,paper_barrier,call,milstein,plain,{},65536,252,8,1173946746,nn-lotpot_x86_64,7.0671815554207935,0.0486161639087376,6.971895625093172,7.162467485748415,7.1055282627933245,0.038346707372530986,0.5070592850006506,
7523c3be4d98,2026-09-24T15:05:28,nafis,baseline,paper_barrier,call,milstein,plain,{},65536,252,9,861983975,nn-lotpot_x86_64,7.1101012601968465,0.04919312495499573,7.013684506998076,7.206518013395617,7.1055282627933245,0.004572997403522017,0.5067595090004033,
3806acf9efeb,2026-09-24T15:05:28,nafis,baseline,paper_barrier,call,milstein,plain,{},65536,252,10,3754810529,nn-lotpot_x86_64,7.065682462864888,0.04913210712925634,6.969385302406982,7.161979623322795,7.1055282627933245,0.039845799928436065,0.5061600049994013,
5beaf4a3f51c,2026-09-24T15:05:29,nafis,baseline,paper_barrier,call,milstein,plain,{},65536,252,11,1997000436,nn-lotpot_x86_64,7.09327938336733,0.048905137666942294,6.997427074881149,7.18913169185351,7.1055282627933245,0.01224887942599473,0.5075235830008751,
4e292dbf2b49,2026-09-24T15:05:29,nafis,baseline,paper_barrier,call,milstein,plain,{},65536,252,12,2887514078,nn-lotpot_x86_64,7.086553780974942,0.04895017149233675,6.990613207812903,7.182494354136981,7.1055282627933245,0.01897448181838257,0.5046090039995761,
c776c064e98f,2026-09-24T15:05:30,nafis,baseline,paper_barrier,call,milstein,plain,{},65536,252,13,710994741,nn-lotpot_x86_64,7.084492360495963,0.04871624627478599,6.989010272335399,7.179974448656527,7.1055282627933245,0.02103590229736163,0.5068273300003057,
9c9fbfc54cf5,2026-09-24T15:05:30,nafis,baseline,paper_barrier,call,milstein,plain,{},65536,252,14,846252094,nn-lotpot_x86_64,7.135471040103283,0.04911458075431913,7.039208230709034,7.231733849497533,7.1055282627933245,0.029942777309958757,0.5057712859997991,
56e03acbde68,2026-09-24T15:05:31,nafis,baseline,paper_barrier,call,milstein,plain,{},65536,252,15,2753981965,nn-lotpot_x86_64,7.041779561320612,0.04889258574110513,6.94595185415701,7.1376072684842145,7.1055282627933245,0.06374870147271228,0.5064089650004462,
d54991163bed,2026-09-24T15:05:31,nafis,baseline,paper_barrier,call,milstein,plain,{},65536,252,16,1667033655,nn-lotpot_x86_64,7.097644207540926,0.04910021378834252,7.001409556882558,7.193878858199294,7.1055282627933245,0.00788405525239888,0.5059294889997545,
44901ad6f530,2026-09-24T15:05:32,nafis,baseline,paper_barrier,call,milstein,plain,{},65536,252,17,1238366822,nn-lotpot_x86_64,7.086031803640452,0.048957991986831796,6.990075902590862,7.181987704690043,7.1055282627933245,0.019496459152872347,0.5089516480002203,
58761fe8b3a3,2026-09-24T15:05:32,nafis,baseline,paper_barrier,call,milstein,plain,{},65536,252,18,2861577686,nn-lotpot_x86_64,7.180056262529425,0.0494854621835924,7.0830665388912655,7.277045986167585,7.1055282627933245,0.0745279997361008,0.5056034339995676,
daf07076cb5d,2026-09-24T15:05:33,nafis,baseline,paper_barrier,call,milstein,plain,{},65536,252,19,882173512,nn-lotpot_x86_64,7.039676709873843,0.048631865379475496,6.944360005229071,7.134993414518616,7.1055282627933245,0.0658515529194812,0.5069276360009098,
90c31db5af77,2026-09-24T15:05:33,nafis,baseline,paper_barrier,call,milstein,antithetic,{},256,252,0,691666850,nn-lotpot_x86_64,7.347010054780069,0.7085228044488139,5.958330875835078,8.73568923372506,7.1055282627933245,0.2414817919867449,0.002587222999864025,"{""pairs"": 128, ""rho_pair"": -0.2981333092055702}"
f820ef5dfb01,2026-09-24T15:05:33,nafis,baseline,paper_barrier,call,milstein,antithetic,{},256,252,1,2281205770,nn-lotpot_x86_64,6.4456091024943385,0.730833411017903,5.01320193820069,7.878016266787987,7.1055282627933245,0.659919160298986,0.0015752800009067869,"{""pairs"": 128, ""rho_pair"": -0.25950870022825595}"
6d606b75e515,2026-09-24T15:05:33,nafis,baseline,paper_barrier,call,milstein,antithetic,{},256,252,2,2891355938,nn-lotpot_x86_64,7.973661220585133,0.8435454733619931,6.320342473473835,9.626979967696432,7.1055282627933245,0.8681329577918087,0.0014326510008686455,"{""pairs"": 128, ""rho_pair"": -0.27456623118564083}"
bac2e3ad3aae,2026-09-24T15:05:33,nafis,baseline,paper_barrier,call,milstein,antithetic,{},256,252,3,2152136376,nn-lotpot_x86_64,7.377580050971945,0.6410833190109371,6.121079834621106,8.634080267322783,7.1055282627933245,0.2720517881786204,0.0014192819999152562,"{""pairs"": 128, ""rho_pair"": -0.34211315093047173}"
17c31a4c8275,2026-09-24T15:05:33,nafis,baseline,paper_barrier,call,milstein,antithetic,{},256,252,4,2334318745,nn-lotpot_x86_64,7.350013986814883,0.67515920925008,6.026726252854184,8.673301720775582,7.1055282627933245,0.24448572402155833,0.001421820001269225,"{""pairs"": 128, ""rho_pair"": -0.3181175892956387}"
1359bd4adcab,2026-09-24T15:05:33,nafis,baseline,paper_barrier,call,milstein,antithetic,{},256,252,5,2735602670,nn-lotpot_x86_64,6.613044384097513,0.584700478694044,5.467052504113858,7.7590362640811685,7.1055282627933245,0.49248387869581123,0.001420302000042284,"{""pairs"": 128, ""rho_pair"": -0.33937399415228503}"
29496d9cc0df,2026-09-24T15:05:33,nafis,baseline,paper_barrier,call,milstein,antithetic,{},256,252,6,961902223,nn-lotpot_x86_64,7.363753410048537,0.6863006426682828,6.01862886785201,8.708877952245064,7.1055282627933245,0.25822514725521284,0.001434440000593895,"{""pairs"": 128, ""rho_pair"": -0.3119703657642382}"
f0b7435a4f03,2026-09-24T15:05:33,nafis,baseline,paper_barrier,call,milstein,antithetic,{},256,252,7,3511273964,nn-lotpot_x86_64,5.901141382805004,0.5564258418736632,4.810566772665245,6.991715992944762,7.1055282627933245,1.2043868799883208,0.0014516709998133592,"{""pairs"": 128, ""rho_pair"": -0.3069318817054198}"
b5f081388ec4,2026-09-24T15:05:33,nafis,baseline,paper_barrier,call,milstein,antithetic,{},256,252,8,2549269728,nn-lotpot_x86_64,6.655641846617212,0.5758058010983828,5.527083214375148,7.784200478859276,7.1055282627933245,0.44988641617611247,0.0014204609997250373,"{""pairs"": 128, ""rho_pair"": -0.3450948062509254}"
89a4a9b4a5b9,2026-09-24T15:05:33,nafis,baseline,paper_barrier,call,milstein,antithetic,{},256,252,9,4208518230,nn-lotpot_x86_64,6.860661918683014,0.6045942019203733,5.675679057657344,8.045644779708683,7.1055282627933245,0.24486634411031094,0.0015384929993160767,"{""pairs"": 128, ""rho_pair"": -0.34244569673785774}"
89a2013bb9af,2026-09-24T15:05:33,nafis,baseline,paper_barrier,call,milstein,antithetic,{},256,252,10,774255893,nn-lotpot_x86_64,6.4245238244938205,0.5644861146018803,5.3181513701011855,7.5308962788864555,7.1055282627933245,0.681004438299504,0.0014361089997692034,"{""pairs"": 128, ""rho_pair"": -0.33988583347370105}"
36f7341adf92,2026-09-24T15:05:33,nafis,baseline,paper_barrier,call,milstein,antithetic,{},256,252,11,602538246,nn-lotpot_x86_64,6.949292559611534,0.650610972179075,5.674118486193955,8.224466633029111,7.1055282627933245,0.1562357031817907,0.0014195820003806148,"{""pairs"": 128, ""rho_pair"": -0.3097299960756961}"
91aa8b847c95,2026-09-24T15:05:33,nafis,baseline,paper_barrier,call,milstein,antithetic,{},256,252,12,3875724386,nn-lotpot_x86_64,7.642476655518008,0.6503696184610397,6.367775626695314,8.917177684340702,7.1055282627933245,0.5369483927246836,0.001426536999133532,"{""pairs"": 128, ""rho_pair"": -0.3550362132421936}"
a58ff74598c2,2026-09-24T15:05:33,nafis,baseline,paper_barrier,call,milstein,antithetic,{},256,252,13,2181220090,nn-lotpot_x86_64,6.184189465086857,0.5992319646297476,5.009716396027372,7.358662534146342,7.1055282627933245,0.9213387977064675,0.0014297439993242733,"{""pairs"": 128, ""rho_pair"": -0.2960927432160087}"
dcd1a5f2280d,2026-09-24T15:05:33,nafis,baseline,paper_barrier,call,milstein,antithetic,{},256,252,14,3408376344,nn-lotpot_x86_64,6.327330756438283,0.598601743599001,5.154092897901361,7.500568614975204,7.1055282627933245,0.7781975063550419,0.0014622880007664207,"{""pairs"": 128, ""rho_pair"": -0.30285189276792057}"
5a8a920e22c2,2026-09-24T15:05:33,nafis,baseline,paper_barrier,call,milstein,antithetic,{},256,252,15,3020676147,nn-lotpot_x86_64,6.925253284150198,0.6054924797965794,5.738509830839057,8.11199673746134,7.1055282627933245,0.18027497864312636,0.001398200000039651,"{""pairs"": 128, ""rho_pair"": -0.3422545380322075}"
c255256a4cd7,2026-09-24T15:05:33,nafis,baseline,paper_barrier,call,milstein,antithetic,{},256,252,16,1837354281,nn-lotpot_x86_64,6.407333864029862,0.5975795682970532,5.2360994322706444,7.57856829578908,7.1055282627933245,0.6981943987634622,0.0014047320000827312,"{""pairs"": 128, ""rho_pair"": -0.31217547061983775}"
74a755d32b5a,2026-09-24T15:05:33,nafis,baseline,paper_barrier,call,milstein,antithetic,{},256,252,17,3841408803,nn-lotpot_x86_64,7.525076570511645,0.6096847002480111,6.3301165161004445,8.720036624922846,7.1055282627933245,0.41954830771832086,0.0014381750006577931,"{""pairs"": 128, ""rho_pair"": -0.37567499332764775}"
6d2dccf13e99,2026-09-24T15:05:33,nafis,baseline,paper_barrier,call,milstein,antithetic,{},256,252,18,3185925586,nn-lotpot_x86_64,7.631748635965051,0.6488406738975703,6.360044283421115,8.903452988508986,7.1055282627933245,0.5262203731717268,0.0014745010012120474,"{""pairs"": 128, ""rho_pair"": -0.35133951240421246}"
cefa9b9783b0,2026-09-24T15:05:33,nafis,baseline,paper_barrier,call,milstein,antithetic,{},256,252,19,1529118349,nn-lotpot_x86_64,7.315720142182386,0.6442653555371266,6.052983248842724,8.578457035522046,7.1055282627933245,0.21019187938906114,0.001433319999705418,"{""pairs"": 128, ""rho_pair"": -0.3389150044140889}"
aaaedadf0b5b,2026-09-24T15:05:33,nafis,baseline,paper_barrier,call,milstein,antithetic,{},1024,252,0,3620197500,nn-lotpot_x86_64,7.433643854556378,0.3454620679551572,6.756550643339541,8.110737065773215,7.1055282627933245,0.32811559176305316,0.008244511000157217,"{""pairs"": 512, ""rho_pair"": -0.31176802734234793}"
61b53066acda,2026-09-24T15:05:33,nafis,baseline,paper_barrier,call,milstein,antithetic,{},1024,252,1,3471709090,nn-lotpot_x86_64,6.933018976999589,0.3104264386557298,6.324594337385326,7.5414436166138525,7.1055282627933245,0.17250928579373515,0.005315807000442874,"{""pairs"": 512, ""rho_pair"": -0.3285182471989984}"
79fe0dfbdcb7,2026-09-24T15:05:33,nafis,baseline,paper_barrier,call,milstein,antithetic,{},1024,252,2,3266620737,nn-lotpot_x86_64,6.969373086516347,0.3025151458751559,6.3764542958231605,7.5622918772095336,7.1055282627933245,0.13615517627697749,0.005202059999646735,"{""pairs"": 512, ""rho_pair"": -0.3420400602044299}"
0b1d7c392093,2026-09-24T15:05:33,nafis,baseline,paper_barrier,call,milstein,antithetic,{},1024,252,3,2098979215,nn-lotpot_x86_64,7.361193872210189,0.33435658428737314,6.705867009013106,8.016520735407271,7.1055282627933245,0.2556656094168641,0.005170907999854535,"{""pairs"": 512, ""rho_pair"": -0.3224538755663882}"
7b6533c04da8,2026-09-24T15:05:33,nafis,baseline,paper_barrier,call,milstein,antithetic,{},1024,252,4,139002614,nn-lotpot_x86_64,6.97529168071318,0.3337764041483626,6.321101949693104,7.629481411733257,7.1055282627933245,0.1302365820801441,0.005154866999873775,"{""pairs"": 512, ""rho_pair"": -0.29849129647142514}"
b779d2049f4d,2026-09-24T15:05:33,nafis,baseline,paper_barrier,call,milstein,antithetic,{},1024,252,5,3744471414,nn-lotpot_x86_64,7.900136420267709,0.3242175975143997,7.264681605985383,8.535591234550036,7.1055282627933245,0.7946081574743848,0.005209991000810987,"{""pairs"": 512, ""rho_pair"": -0.3683197950726978}"
136e6b449934,2026-09-24T15:05:33,nafis,baseline,paper_barrier,call,milstein,antithetic,{},1024,252,6,843500894,nn-lotpot_x86_64,7.322739033416493,0.3249849616720612,6.685780213022123,7.959697853810863,7.1055282627933245,0.21721077062316851,0.005370758999561076,"{""pairs"": 512, ""rho_pair"": -0.3311281719212446}"
c37fecc0666e,2026-09-24T15:05:33,nafis,baseline,paper_barrier,call,milstein,antithetic,{},1024,252,7,3095235435,nn-lotpot_x86_64,6.924940553160104,0.3230247535300401,6.2918236701262975,7.55805743619391,7.1055282627933245,0.18058770963322068,0.005178772000363097,"{""pairs"": 512, ""rho_pair"": -0.30879635217390855}"
ca4eb0f92157,2026-09-24T15:05:33,nafis,baseline,paper_barrier,call,milstein,antithetic,{},1024,252,8,3239754307,nn-lotpot_x86_64,7.4070905176494595,0.32921262924732697,6.761845621068961,8.052335414229958,7.1055282627933245,0.30156225485613497,0.005185557000004337,"{""pairs"": 512, ""rho_pair"": -0.33134855206272407}"
397bc16f0700,2026-09-24T15:05:33,nafis,baseline,paper_barrier,call,milstein,antithetic,{},1024,252,9,594740231,nn-lotpot_x86_64,7.018282888182964,0.31184140646854136,6.407084962616307,7.629480813749621,7.1055282627933245,0.08724537461036075,0.00533342999915476,"{""pairs"": 512, ""rho_pair"": -0.3307169740878999}"
f39c516c4b95,2026-09-24T15:05:33,nafis,baseline,paper_barrier,call,milstein,antithetic,{},1024,252,10,666613736,nn-lotpot_x86_64,7.244836586907319,0.3369371552588406,6.584451897546611,7.905221276268026,7.1055282627933245,0.13930832411399408,0.005469884999911301,"{""pairs"": 512, ""rho_pair"": -0.31022297487432143}"
0c45b8f1b5f3,2026-09-24T15:05:33,nafis,baseline,paper_barrier,call,milstein,antithetic,{},1024,252,11,832035697,nn-lotpot_x86_64,6.9543281875249505,0.3209136394474912,6.325349012060196,7.583307362989705,7.1055282627933245,0.15120007526837398,0.005383292000260553,"{""pairs"": 512, ""rho_pair"": -0.3149282022691338}"
e53ab2d04d79,2026-09-24T15:05:33,nafis,baseline,paper_barrier,call,milstein,antithetic,{},1024,252,12,3876109882,nn-lotpot_x86_64,7.256945044239448,0.3037935336274565,6.661520659593475,7.85236942888542,7.1055282627933245,0.15141678144612314,0.005255224999928032,"{""pairs"": 512, ""rho_pair"": -0.3594929006809832}"
fe333d130ac3,2026-09-24T15:05:33,nafis,baseline,paper_barrier,call,milstein,antithetic,{},1024,252,13,1734068817,nn-lotpot_x86_64,6.691240786234523,0.312991116413544,6.077789470582994,7.304692101886053,7.1055282627933245,0.41428747655880116,0.0051758999998128274,"{""pairs"": 512, ""rho_pair"": -0.30860131307902894}"
e76a3ccc9cf6,2026-09-24T15:05:33,nafis,baseline,paper_barrier,call,milstein,antithetic,{},1024,252,14,2949685754,nn-lotpot_x86_64,6.967272527630371,0.30269955367976753,6.3739923042816775,7.560552750979064,7.1055282627933245,0.13825573516295364,0.005243444998995983,"{""pairs"": 512, ""rho_pair"": -0.341962829911847}"
44c34927e5fe,2026-09-24T15:05:33,nafis,baseline,paper_barrier,call,milstein,antithetic,{},1024,252,15,3643795329,nn-lotpot_x86_64,6.821979316783654,0.3204479809755542,6.193912815152991,7.450045818414317,7.1055282627933245,0.2835489460096703,0.005288963999191765,"{""pairs"": 512, ""rho_pair"": -0.3073167495057939}"
9d01c27f3023,2026-09-24T15:05:33,nafis,baseline,paper_barrier,call,milstein,antithetic,{},1024,252,16,3042347915,nn-lotpot_x86_64,6.310483075936148,0.30964024878947166,5.703599340144761,6.917366811727534,7.1055282627933245,0.7950451868571768,0.0053528580010606674,"{""pairs"": 512, ""rho_pair"": -0.2888477734490077}"
5befb58c26a0,2026-09-24T15:05:33,nafis,baseline,paper_barrier,call,milstein,antithetic,{},1024,252,17,745555486,nn-lotpot_x86_64,7.491213575809319,0.3576654461739082,6.790202182794009,8.192224968824627,7.1055282627933245,0.38568531301599407,0.005336745000022347,"{""pairs"": 512, ""rho_pair"": -0.3002841588546087}"
d4280036d274,2026-09-24T15:05:33,nafis,baseline,paper_barrier,call,milstein,antithetic,{},1024,252,18,80434248,nn-lotpot_x86_64,6.990678388881854,0.33617867269547436,6.331780298028245,7.649576479735463,7.1055282627933245,0.11484987391147072,0.005385178999858908,"{""pairs"": 512, ""rho_pair"": -0.29844676786327573}"
cea970ab7dcd,2026-09-24T15:05:33,nafis,baseline,paper_barrier,call,milstein,antithetic,{},1024,252,19,228449356,nn-lotpot_x86_64,7.5028540013491165,0.346607421233109,6.823515938957919,8.182192063740313,7.1055282627933245,0.397325738555792,0.005285957000523922,"{""pairs"": 512, ""rho_pair"": -0.32000313482615794}"
0397ccedbcf4,2026-09-24T15:05:33,nafis,baseline,paper_barrier,call,milstein,antithetic,{},4096,252,0,1787068717,nn-lotpot_x86_64,7.490839430130056,0.16846064519465784,7.1606626327361464,7.821016227523966,7.1055282627933245,0.38531116733673176,0.02717594300156634,"{""pairs"": 2048, ""rho_pair"": -0.3260582458381117}"
39ac27b61386,2026-09-24T15:05:33,nafis,baseline,paper_barrier,call,milstein,antithetic,{},4096,252,1,232608626,nn-lotpot_x86_64,7.204450806380448,0.16426061214889817,6.882505922490106,7.526395690270791,7.1055282627933245,0.09892254358712371,0.02795428500030539,"{""pairs"": 2048, ""rho_pair"": -0.3195916389785439}"
0488b0b889a8,2026-09-24T15:05:33,nafis,baseline,paper_barrier,call,milstein,antithetic,{},4096,252,2,425869060,nn-lotpot_x86_64,6.89034943803955,0.15963347296636837,6.577473580298419,7.203225295780681,7.1055282627933245,0.21517882475377448,0.028562544999658712,"{""pairs"": 2048, ""rho_pair"": -0.31408656858285283}"
43cf1eaa7fc1,2026-09-24T15:05:33,nafis,baseline,paper_barrier,call,milstein,antithetic,{},4096,252,3,1935655907,nn-lotpot_x86_64,7.125428534620037,0.16422156835663715,6.8035601751563455,7.447296894083728,7.1055282627933245,0.019900271826712057,0.02819408100003784,"{""pairs"": 2048, ""rho_pair"": -0.3148981654861868}"
32ce95dc3251,2026-09-24T15:05:33,nafis,baseline,paper_barrier,call,milstein,antithetic,{},4096,252,4,1232877781,nn-lotpot_x86_64,6.967457318762207,0.15845484922677608,6.656891521102001,7.278023116422413,7.1055282627933245,0.1380709440311172,0.027974540000286652,"{""pairs"": 2048, ""rho_pair"": -0.32068521308219805}"
50c84933997f,2026-09-24T15:05:33,nafis,baseline,paper_barrier,call,milstein,antithetic,{},4096,252,5,1963998549,nn-lotpot_x86_64,7.244941848622377,0.16910449966446164,6.913503119656366,7.576380577588387,7.1055282627933245,0.13941358582905217,0.028629282000110834,"{""pairs"": 2048, ""rho_pair"": -0.3095664323745533}"
3376e4aba5dd,2026-09-24T15:05:33,nafis,baseline,paper_barrier,call,milstein,antithetic,{},4096,252,6,36936044,nn-lotpot_x86_64,6.982176761344283,0.16025655197401953,6.668079691188633,7.296273831499932,7.1055282627933245,0.12335150144904183,0.02819082600035472,"{""pairs"": 2048, ""rho_pair"": -0.31669267636899295}"
023e49a806bf,2026-09-24T15:05:33,nafis,baseline,paper_barrier,call,milstein,antithetic,{},4096,252,7,447550022,nn-lotpot_x86_64,7.113425505674128,0.1623300387132222,6.79526447618722,7.431586535161036,7.1055282627933245,0.00789724288080329,0.028391754000040237,"{""pairs"": 2048, ""rho_pair"": -0.31955069866703445}"
8248a72241bb,2026-09-24T15:05:33,nafis,baseline,paper_barrier,call,milstein,antithetic,{},4096,252,8,1671238077,nn-lotpot_x86_64,7.001531652655254,0.16012102749431825,6.687700205598842,7.315363099711666,7.1055282627933245,0.10399661013807027,0.02835132800100837,"{""pairs"": 2048, ""rho_pair"": -0.318418692153721}"
ae114c84a6c9,2026-09-24T15:05:33,nafis,baseline,paper_barrier,call,milstein,antithetic,{},4096,252,9,2258180572,nn-lotpot_x86_64,7.352968699305906,0.16999259713641907,7.019789331280098,7.686148067331715,7.1055282627933245,0.24744043651258174,0.028291951999563025,"{""pairs"": 2048, ""rho_pair"": -0.31401131052290104}"
5f6e2609d984,2026-09-24T15:05:33,nafis,baseline,paper_barrier,call,milstein,antithetic,{},4096,252,10,3638148983,nn-lotpot_x86_64,7.2811009983249,0.1635435544603928,6.960561521678866,7.601640474970935,7.1055282627933245,0.17557273553157593,0.028277243000047747,"{""pairs"": 2048, ""rho_pair"": -0.32621311881218223}"
f2b965498ac8,2026-09-24T15:05:33,nafis,baseline,paper_barrier,call,milstein,antithetic,{},4096,252,11,3311995531,nn-lotpot_x86_64,7.1773127432672545,0.16267003372447444,6.858485335803369,7.49614015073114,7.1055282627933245,0.07178448047393005,0.028585490999830654,"{""pairs"": 2048, ""rho_pair"": -0.32220938999457255}"
e23b9c33f714,2026-09-24T15:05:33,nafis,baseline,paper_barrier,call,milstein,antithetic,{},4096,252,12,3200083354,nn-lotpot_x86_64,7.301473573037343,0.1621217726619058,6.983720737510217,7.619226408564468,7.1055282627933245,0.19594531024401807,0.02848919999996724,"{""pairs"": 2048, ""rho_pair"": -0.33173239856874853}"
5481e70ae36e,2026-09-24T15:05:33,nafis,baseline,paper_barrier,call,milstein,antithetic,{},4096,252,13,3899284541,nn-lotpot_x86_64,6.91660262387626,0.1593991821928275,6.60418596761318,7.22901928013934,7.1055282627933245,0.18892563891706438,0.028139156998804538,"{""pairs"": 2048, ""rho_pair"": -0.31478336794654954}"
59a1840791cc,2026-09-24T15:05:33,nafis,baseline,paper_barrier,call,milstein,antithetic,{},4096,252,14,2713540180,nn-lotpot_x86_64,6.9634412773878225,0.16059557734046456,6.648679729724095,7.27820282505155,7.1055282627933245,0.14208698540550202,0.028366792999804602,"{""pairs"": 2048, ""rho_pair"": -0.3149346072131783}"
a4f0df16874b,2026-09-24T15:05:33,nafis,baseline,paper_barrier,call,milstein,antithetic,{},4096,252,15,1003322860,nn-lotpot_x86_64,7.100386832776341,0.16317360006799508,6.780572453415328,7.4202012121373535,7.1055282627933245,0.005141430016983861,0.028577686000062386,"{""pairs"": 2048, ""rho_pair"": -0.316339761300965}"
78130ed12349,2026-09-24T15:05:33,nafis,baseline,paper_barrier,call,milstein,antithetic,{},4096,252,16,3207500482,nn-lotpot_x86_64,7.015590251849709,0.16406503389652707,6.694028694290172,7.337151809409245,7.1055282627933245,0.08993801094361586,0.02849107399924833,"{""pairs"": 2048, ""rho_pair"": -0.30837550016000925}"
ebfbbf49ad31,2026-09-24T15:05:33,nafis,baseline,paper_barrier,call,milstein,antithetic,{},4096,252,17,3897450749,nn-lotpot_x86_64,7.08007643300356,0.15999915941600076,6.766483842991516,7.393669023015605,7.1055282627933245,0.025451829789764346,0.028456291000111378,"{""pairs"": 2048, ""rho_pair"": -0.3232036808845679}"
95acda279f3f,2026-09-24T15:05:33,nafis,baseline,paper_barrier,call,milstein,antithetic,{},4096,252,18,1759775229,nn-lotpot_x86_64,7.0100482493753695,0.1605991387780803,6.695279721422182,7.324816777328557,7.1055282627933245,0.09548001341795498,0.028051211000274634,"{""pairs"": 2048, ""rho_pair"": -0.31837154847544585}"
174337a23916,2026-09-24T15:05:33,nafis,baseline,paper_barrier,call,milstein,antithetic,{},4096,252,19,3078005236,nn-lotpot_x86_64,7.034796714616414,0.16584113288941119,6.7097540669978475,7.359839362234981,7.1055282627933245,0.07073154817691041,0.028574877000210108,"{""pairs"": 2048, ""rho_pair"": -0.3053279579419448}"
523cbd0fac4a,2026-09-24T15:05:34,nafis,baseline,paper_barrier,call,milstein,antithetic,{},16384,252,0,1175735156,nn-lotpot_x86_64,7.046810524801952,0.08017346099487901,6.889673428736062,7.203947620867842,7.1055282627933245,0.05871773799137259,0.10566510299941001,"{""pairs"": 8192, ""rho_pair"": -0.3206691910981931}"
7bee6a26f869,2026-09-24T15:05:34,nafis,baseline,paper_barrier,call,milstein,antithetic,{},16384,252,1,304968036,nn-lotpot_x86_64,7.219735071498022,0.08124918890205345,7.060489587476906,7.378980555519138,7.1055282627933245,0.11420680870469724,0.1032823069999722,"{""pairs"": 8192, ""rho_pair"": -0.3252434041867177}"
250ddeadf8bb,2026-09-24T15:05:34,nafis,baseline,paper_barrier,call,milstein,antithetic,{},16384,252,2,2908471195,nn-lotpot_x86_64,7.227309278802897,0.08175825546345251,7.067066042655705,7.387552514950089,7.1055282627933245,0.1217810160095727,0.10358164399985981,"{""pairs"": 8192, ""rho_pair"": -0.32296029306602475}"
2d14f1e37ce1,2026-09-24T15:05:34,nafis,baseline,paper_barrier,call,milstein,antithetic,{},16384,252,3,1807213444,nn-lotpot_x86_64,7.125570211070139,0.08123519189514761,6.96635216067845,7.284788261461828,7.1055282627933245,0.02004194827681438,0.10377961300036986,"{""pairs"": 8192, ""rho_pair"": -0.3195488175405422}"
94af47c856a3,2026-09-24T15:05:34,nafis,baseline,paper_barrier,call,milstein,antithetic,{},16384,252,4,3781619440,nn-lotpot_x86_64,7.215060232014014,0.08353806564802353,7.0513286320057444,7.378791832022283,7.1055282627933245,0.10953196922068908,0.10293702700073482,"{""pairs"": 8192, ""rho_pair"": -0.3129288977619074}"
8144d17cfeb8,2026-09-24T15:05:34,nafis,baseline,paper_barrier,call,milstein,antithetic,{},16384,252,5,3018627691,nn-lotpot_x86_64,7.010470304794858,0.07859404973607628,6.856428797912999,7.164511811676718,7.1055282627933245,0.09505795799846606,0.10677312500047265,"{""pairs"": 8192, ""rho_pair"": -0.32690681823946405}"
8ed1d0c99e80,2026-09-24T15:05:34,nafis,baseline,paper_barrier,call,milstein,antithetic,{},16384,252,6,1380582823,nn-lotpot_x86_64,7.111576679492726,0.08199401586039685,6.9508713614585425,7.27228199752691,7.1055282627933245,0.006048416699401926,0.11439345299913839,"{""pairs"": 8192, ""rho_pair"": -0.31475478116451594}"
846a9cd9c265,2026-09-24T15:05:34,nafis,baseline,paper_barrier,call,milstein,antithetic,{},16384,252,7,673250622,nn-lotpot_x86_64,7.115924680206344,0.08090953135058539,6.957344912753182,7.274504447659506,7.1055282627933245,0.010396417413019776,0.11022116599997389,"{""pairs"": 8192, ""rho_pair"": -0.32077248092321115}"
63410fd07f3b,2026-09-24T15:05:34,nafis,baseline,paper_barrier,call,milstein,antithetic,{},16384,252,8,2140141865,nn-lotpot_x86_64,7.028575197420725,0.08073862506043074,6.870330400140998,7.1868199947004525,7.1055282627933245,0.07695306537259938,0.10346514899902104,"{""pairs"": 8192, ""rho_pair"": -0.31630143699938734}"
3d47e3bdd98e,2026-09-24T15:05:35,nafis,baseline,paper_barrier,call,milstein,antithetic,{},16384,252,9,3823509989,nn-lotpot_x86_64,7.143367678358332,0.08246939660541977,6.981730631184959,7.305004725531704,7.1055282627933245,0.03783941556500725,0.10388678399976925,"{""pairs"": 8192, ""rho_pair"": -0.31412235515000225}"
250b83a413c9,2026-09-24T15:05:35,nafis,baseline,paper_barrier,call,milstein,antithetic,{},16384,252,10,4151993782,nn-lotpot_x86_64,7.043613941105179,0.08091646470362784,6.885020584529762,7.202207297680596,7.1055282627933245,0.06191432168814526,0.11108057799901871,"{""pairs"": 8192, ""rho_pair"": -0.3162975528426946}"
abd50e805b13,2026-09-24T15:05:35,nafis,baseline,paper_barrier,call,milstein,antithetic,{},16384,252,11,752586156,nn-lotpot_x86_64,6.940475974230377,0.08002933993788769,6.783621350245604,7.097330598215151,7.1055282627933245,0.16505228856294707,0.11425312800020038,"{""pairs"": 8192, ""rho_pair"": -0.31485428562985207}"
efa74b8c2f5d,2026-09-24T15:05:35,nafis,baseline,paper_barrier,call,milstein,antithetic,{},16384,252,12,2109166770,nn-lotpot_x86_64,7.151831778516973,0.0813820545740162,6.992325882564028,7.311337674469918,7.1055282627933245,0.04630351572364866,0.11106850100077281,"{""pairs"": 8192, ""rho_pair"": -0.3203716480640363}"
60cb27e27f5c,2026-09-24T15:05:35,nafis,baseline,paper_barrier,call,milstein,antithetic,{},16384,252,13,3291875011,nn-lotpot_x86_64,6.950015554022325,0.07960316655751616,6.793996214514251,7.1060348935304,7.1055282627933245,0.1555127087709991,0.10424318200057314,"{""pairs"": 8192, ""rho_pair"": -0.3175225292302456}"
d73af299a4b1,2026-09-24T15:05:35,nafis,baseline,paper_barrier,call,milstein,antithetic,{},16384,252,14,2064359617,nn-lotpot_x86_64,7.186743120043486,0.08201010938869578,7.026006259273452,7.34747998081352,7.1055282627933245,0.08121485725016164,0.10437903399906645,"{""pairs"": 8192, ""rho_pair"": -0.3191660682090902}"
cf710f7b67b1,2026-09-24T15:05:35,nafis,baseline,paper_barrier,call,milstein,antithetic,{},16384,252,15,1309731255,nn-lotpot_x86_64,7.006692132683386,0.07990815667634686,6.850075023526762,7.16330924184001,7.1055282627933245,0.0988361301099383,0.10480858199844079,"{""pairs"": 8192, ""rho_pair"": -0.31941606612580464}"
63cd12cf2ac2,2026-09-24T15:05:35,nafis,baseline,paper_barrier,call,milstein,antithetic,{},16384,252,16,1111894024,nn-lotpot_x86_64,7.0634263794005605,0.0800683109176852,6.9064953736989425,7.2203573851021785,7.1055282627933245,0.042101883392763995,0.10398982699916814,"{""pairs"": 8192, ""rho_pair"": -0.32222278350671446}"
0dddd9a080d8,2026-09-24T15:05:35,nafis,baseline,paper_barrier,call,milstein,antithetic,{},16384,252,17,4172140788,nn-lotpot_x86_64,7.086235010835443,0.08088397147729294,6.927705339813384,7.244764681857502,7.1055282627933245,0.019293251957881452,0.1105885719989601,"{""pairs"": 8192, ""rho_pair"": -0.3195410506643707}"
249c40b30e58,2026-09-24T15:05:35,nafis,baseline,paper_barrier,call,milstein,antithetic,{},16384,252,18,1485745620,nn-lotpot_x86_64,7.0410032564726155,0.07992933194955185,6.884344644543147,7.197661868402084,7.1055282627933245,0.06452500632070901,0.11348837100013043,"{""pairs"": 8192, ""rho_pair"": -0.32146787268878596}"
4b3f41a0d671,2026-09-24T15:05:36,nafis,baseline,paper_barrier,call,milstein,antithetic,{},16384,252,19,3460017351,nn-lotpot_x86_64,6.952439054466796,0.07985587210723406,6.795924421182581,7.108953687751012,7.1055282627933245,0.15308920832652806,0.11407547400085605,"{""pairs"": 8192, ""rho_pair"": -0.31631277791217843}"
af686144f3e4,2026-09-24T15:05:36,nafis,baseline,paper_barrier,call,milstein,antithetic,{},65536,252,0,3679258058,nn-lotpot_x86_64,7.0313163963355825,0.040065548889130435,6.952789363492058,7.109843429179107,7.1055282627933245,0.07421186645774203,0.42618858399873716,"{""pairs"": 32768, ""rho_pair"": -0.3196859216678133}"
5889f458b5a4,2026-09-24T15:05:36,nafis,baseline,paper_barrier,call,milstein,antithetic,{},65536,252,1,2354211258,nn-lotpot_x86_64,7.143164100135118,0.040802944845425265,7.06319179777491,7.223136402495325,7.1055282627933245,0.0376358373417931,0.44977366300008725,"{""pairs"": 32768, ""rho_pair"": -0.3186409075906109}"
ee8449c16735,2026-09-24T15:05:37,nafis,baseline,paper_barrier,call,milstein,antithetic,{},65536,252,2,770801088,nn-lotpot_x86_64,7.067382994886721,0.040254711314278394,6.988485210502678,7.146280779270763,7.1055282627933245,0.038145267906603664,0.4172342509991722,"{""pairs"": 32768, ""rho_pair"": -0.3198950169420802}"
11dd07c138e4,2026-09-24T15:05:37,nafis,baseline,paper_barrier,call,milstein,antithetic,{},65536,252,3,805038483,nn-lotpot_x86_64,7.108123120410159,0.04052786192494252,7.02868997066686,7.1875562701534585,7.1055282627933245,0.002594857616834645,0.41702260200145247,"{""pairs"": 32768, ""rho_pair"": -0.3194730885736772}"
4d6e4a26f90d,2026-09-24T15:05:38,nafis,baseline,paper_barrier,call,milstein,antithetic,{},65536,252,4,3651879656,nn-lotpot_x86_64,7.040776548229786,0.04008229271927795,6.9622166980822096,7.119336398377363,7.1055282627933245,0.06475171456353834,0.4170879440007411,"{""pairs"": 32768, ""rho_pair"": -0.3201184263623167}"
6fd9f220b0d0,2026-09-24T15:05:38,nafis,baseline,paper_barrier,call,milstein,antithetic,{},65536,252,5,3832992548,nn-lotpot_x86_64,7.092281707651977,0.04047174107739832,7.012958552748646,7.1716048625553075,7.1055282627933245,0.013246555141347649,0.4484026410009392,"{""pairs"": 32768, ""rho_pair"": -0.3190793185929596}"
1538c7702ac7,2026-09-24T15:05:39,nafis,baseline,paper_barrier,call,milstein,antithetic,{},65536,252,6,107080373,nn-lotpot_x86_64,7.041633040857177,0.040018973306123105,6.963197294478906,7.120068787235448,7.1055282627933245,0.06389522193614727,0.4534172319999925,"{""pairs"": 32768, ""rho_pair"": -0.3208572017453096}"
5e663245f745,2026-09-24T15:05:39,nafis,baseline,paper_barrier,call,milstein,antithetic,{},65536,252,7,1204950643,nn-lotpot_x86_64,7.131700905487847,0.04047643530015702,7.052368550076974,7.21103326089872,7.1055282627933245,0.026172642694522352,0.4485538520002592,"{""pairs"": 32768, ""rho_pair"": -0.3214136156485202}"
0a8fb423215b,2026-09-24T15:05:40,nafis,baseline,paper_barrier,call,milstein,antithetic,{},65536,252,8,4041733866,nn-lotpot_x86_64,7.11193068589491,0.0405832661599866,7.032388945846333,7.191472425943487,7.1055282627933245,0.006402423101585342,0.424141380999572,"{""pairs"": 32768, ""rho_pair"": -0.31908632226243044}"
731ea037c774,2026-09-24T15:05:40,nafis,baseline,paper_barrier,call,milstein,antithetic,{},65536,252,9,757223066,nn-lotpot_x86_64,7.132129570973245,0.04060224248979997,7.052550638001675,7.2117085039448146,7.1055282627933245,0.026601308179920125,0.41753967399927205,"{""pairs"": 32768, ""rho_pair"": -0.32013127513562956}"
a37a8fee5bc1,2026-09-24T15:05:40,nafis,baseline,paper_barrier,call,milstein,antithetic,{},65536,252,10,1369777458,nn-lotpot_x86_64,7.169316836108878,0.040543046861287964,7.089853924437234,7.248779747780523,7.1055282627933245,0.06378857331555388,0.41992898599892214,"{""pairs"": 32768, ""rho_pair"": -0.3230247370715172}"
5dbdd4c7a358,2026-09-24T15:05:41,nafis,baseline,paper_barrier,call,milstein,antithetic,{},65536,252,11,523375944,nn-lotpot_x86_64,7.100496211972381,0.0404103362056908,7.021293408406072,7.17969901553869,7.1055282627933245,0.005032050820943823,0.4189798540010088,"{""pairs"": 32768, ""rho_pair"": -0.3202992232261558}"
b1e8b773d0eb,2026-09-24T15:05:41,nafis,baseline,paper_barrier,call,milstein,antithetic,{},65536,252,12,1581735769,nn-lotpot_x86_64,7.1036283835193785,0.04035322558849895,7.024537514705901,7.1827192523328565,7.1055282627933245,0.0018998792739459702,0.41769032800038985,"{""pairs"": 32768, ""rho_pair"": -0.321055500164822}"
534153247a63,2026-09-24T15:05:42,nafis,baseline,paper_barrier,call,milstein,antithetic,{},65536,252,13,2426684202,nn-lotpot_x86_64,7.047117186802231,0.040303178077484486,6.9681244093078565,7.126109964296605,7.1055282627933245,0.05841107599109385,0.41847487299855857,"{""pairs"": 32768, ""rho_pair"": -0.31808466884890163}"
11435a902d4b,2026-09-24T15:05:42,nafis,baseline,paper_barrier,call,milstein,antithetic,{},65536,252,14,2787676527,nn-lotpot_x86_64,7.1925821395080725,0.04091375369262281,7.112392655798189,7.272771623217956,7.1055282627933245,0.08705387671474796,0.4257256549990416,"{""pairs"": 32768, ""rho_pair"": -0.3204592186772122}"
5fc4e6ab96b9,2026-09-24T15:05:42,nafis,baseline,paper_barrier,call,milstein,antithetic,{},65536,252,15,3794276810,nn-lotpot_x86_64,7.058868297082794,0.04039707864258754,6.979691477862691,7.138045116302898,7.1055282627933245,0.046659965710530216,0.422482095000305,"{""pairs"": 32768, ""rho_pair"": -0.31783113109115885}"
44e92b78379a,2026-09-24T15:05:43,nafis,baseline,paper_barrier,call,milstein,antithetic,{},65536,252,16,3606959604,nn-lotpot_x86_64,7.038840026728363,0.04021474745192,6.960020570075226,7.1176594833815,7.1055282627933245,0.06668823606496144,0.45360633300151676,"{""pairs"": 32768, ""rho_pair"": -0.31854870253877715}"
286721315350,2026-09-24T15:05:43,nafis,baseline,paper_barrier,call,milstein,antithetic,{},65536,252,17,1039187330,nn-lotpot_x86_64,7.0682934979769865,0.040440893989166095,6.989030802255619,7.147556193698354,7.1055282627933245,0.03723476481633803,0.4414721200009808,"{""pairs"": 32768, ""rho_pair"": -0.3179203940216819}"
26de045fe1c2,2026-09-24T15:05:44,nafis,baseline,paper_barrier,call,milstein,antithetic,{},65536,252,18,3993529095,nn-lotpot_x86_64,7.03169750269833,0.03991520405902382,6.953465140307077,7.109929865089584,7.1055282627933245,0.07383076009499412,0.42268375599996943,"{""pairs"": 32768, ""rho_pair"": -0.32138575063678293}"
5e2efc08c425,2026-09-24T15:05:44,nafis,baseline,paper_barrier,call,milstein,antithetic,{},65536,252,19,1194425124,nn-lotpot_x86_64,7.079579091337905,0.04035112220011124,7.000492345089913,7.158665837585898,7.1055282627933245,0.025949171455419417,0.4266025169999921,"{""pairs"": 32768, ""rho_pair"": -0.31963067762832514}"
da02f53214b3,2026-09-24T15:05:44,nafis,baseline,paper_asian_geo,call,exact,plain,{},256,252,0,301745680,nn-lotpot_x86_64,2.9569911920393386,0.3724418039521203,2.2270186699560552,3.686963714122622,3.000200360178781,0.04320916813944242,0.0024650699997437187,
596bd6b7e3a6,2026-09-24T15:05:44,nafis,baseline,paper_asian_geo,call,exact,plain,{},256,252,1,4082968854,nn-lotpot_x86_64,2.7827088254931267,0.33323228904604413,2.129585540477039,3.435832110509214,3.000200360178781,0.2174915346856543,0.002957421998871723,
9a8bb8ab6e4e,2026-09-24T15:05:44,nafis,baseline,paper_asian_geo,call,exact,plain,{},256,252,2,2904823636,nn-lotpot_x86_64,3.7580431734077067,0.4361359469762738,2.9032324249709394,4.612853921844474,3.000200360178781,0.7578428132289257,0.0024181280004995642,
2c1b43ce3d5e,2026-09-24T15:05:44,nafis,baseline,paper_asian_geo,call,exact,plain,{},256,252,3,2794302660,nn-lotpot_x86_64,3.439079662860726,0.4309442785287114,2.5944443976008538,4.283714928120598,3.000200360178781,0.43887930268194486,0.003228094001315185,
92ce91c3f45d,2026-09-24T15:05:44,nafis,baseline,paper_asian_geo,call,exact,plain,{},256,252,4,4152609057,nn-lotpot_x86_64,2.9047127102712107,0.3392033348691369,2.239886390491823,3.5695390300505982,3.000200360178781,0.0954876499075703,0.0024571699996158713,
cda8780f6379,2026-09-24T15:05:44,nafis,baseline,paper_asian_geo,call,exact,plain,{},256,252,5,2981380885,nn-lotpot_x86_64,3.0943150656326397,0.3359095058374968,2.435944532126499,3.7526855991387804,3.000200360178781,0.0941147054538587,0.002433662999465014,
2af253363708,2026-09-24T15:05:44,nafis,baseline,paper_asian_geo,call,exact,plain,{},256,252,6,1251915117,nn-lotpot_x86_64,3.1803485763599566,0.3690979795087435,2.4569298297563167,3.9037673229635965,3.000200360178781,0.1801482161811756,0.0029803369998262497,
4851006594e7,2026-09-24T15:05:44,nafis,baseline,paper_asian_geo,call,exact,plain,{},256,252,7,3257082289,nn-lotpot_x86_64,3.395350244969584,0.3728944459034317,2.6644905609638383,4.12620992897533,3.000200360178781,0.3951498847908028,0.002429956000923994,
83b0620eb446,2026-09-24T15:05:44,nafis,baseline,paper_asian_geo,call,exact,plain,{},256,252,8,3841145953,nn-lotpot_x86_64,2.534152760318947,0.345306076919579,1.8573652859137546,3.2109402347241396,3.000200360178781,0.4660475998598339,0.002924292999523459,
4b623b51a6b8,2026-09-24T15:05:44,nafis,baseline,paper_asian_geo,call,exact,plain,{},256,252,9,1892049807,nn-lotpot_x86_64,3.4075873596314312,0.4256473365012929,2.573333909973496,4.241840809289366,3.000200360178781,0.4073869994526502,0.002452122000249801,
b21d5a57aefb,2026-09-24T15:05:44,nafis,baseline,paper_asian_geo,call,exact,plain,{},256,252,10,78738633,nn-lotpot_x86_64,3.4637288997611355,0.3913903945905403,2.696617822468756,4.230839977053515,3.000200360178781,0.4635285395823545,0.00241885600007663,
ad16584f2172,2026-09-24T15:05:44,nafis,baseline,paper_asian_geo,call,exact,plain,{},256,252,11,2567360111,nn-lotpot_x86_64,3.6344712905455707,0.3970522632545961,2.856263154586446,4.412679426504695,3.000200360178781,0.6342709303667897,0.0029312619990378153,
6f62c0d4ebc3,2026-09-24T15:05:44,nafis,baseline,paper_asian_geo,call,exact,plain,{},256,252,12,287720097,nn-lotpot_x86_64,2.559869943502851,0.32834651247988,1.9163226045929547,3.2034172824127474,3.000200360178781,0.4403304166759301,0.002415422999547445,
0216ccee8323,2026-09-24T15:05:44,nafis,baseline,paper_asian_geo,call,exact,plain,{},256,252,13,1855807370,nn-lotpot_x86_64,3.2327947635097756,0.39377061119295304,2.461018547401263,4.004570979618288,3.000200360178781,0.23259440333099457,0.0030598890007240698,
ad8ec274b684,2026-09-24T15:05:44,nafis,baseline,paper_asian_geo,call,exact,plain,{},256,252,14,1003718829,nn-lotpot_x86_64,2.947847516713113,0.3286650121045605,2.303675930009754,3.5920191034164723,3.000200360178781,0.05235284346566793,0.0024105270003929036,
bf757f0c2e66,2026-09-24T15:05:44,nafis,baseline,paper_asian_geo,call,exact,plain,{},256,252,15,281393856,nn-lotpot_x86_64,3.627810384649305,0.4182084721035198,2.808136841296882,4.447483928001728,3.000200360178781,0.627610024470524,0.0023925400000734953,
35b7f714ad3d,2026-09-24T15:05:44,nafis,baseline,paper_asian_geo,call,exact,plain,{},256,252,16,2139105210,nn-lotpot_x86_64,3.311706216656099,0.4089933567050558,2.510093967598046,4.113318465714151,3.000200360178781,0.3115058564773179,0.002967794000142021,
92a18e71861a,2026-09-24T15:05:44,nafis,baseline,paper_asian_geo,call,exact,plain,{},256,252,17,903347236,nn-lotpot_x86_64,2.8183613144918094,0.3481123035323179,2.1360737369931906,3.500648891990428,3.000200360178781,0.18183904568697162,0.00242793100005656,
8c5d83868c99,2026-09-24T15:05:44,nafis,baseline,paper_asian_geo,call,exact,plain,{},256,252,18,3591831360,nn-lotpot_x86_64,3.3822701850415795,0.4392210279934289,2.5214127889218,4.243127581161359,3.000200360178781,0.3820698248627985,0.002409196000371594,
0f6af32fab20,2026-09-24T15:05:44,nafis,baseline,paper_asian_geo,call,exact,plain,{},256,252,19,2719120542,nn-lotpot_x86_64,2.609157945835948,0.3463784195941638,1.9302687184094838,3.288047173262412,3.000200360178781,0.39104241434283304,0.0024091180002869805,
d11308afeb12,2026-09-24T15:05:44,nafis,baseline,paper_asian_geo,call,exact,plain,{},1024,252,0,1381514651,nn-lotpot_x86_64,3.0075527872520267,0.18300608347691488,2.6488674546855426,3.3662381198185107,3.000200360178781,0.007352427073245682,0.00990323399855697,
ac79236819cd,2026-09-24T15:05:44,nafis,baseline,paper_asian_geo,call,exact,plain,{},1024,252,1,2226585598,nn-lotpot_x86_64,2.999317413183456,0.17637816028284498,2.6536225713696466,3.345012254997265,3.000200360178781,0.0008829469953250957,0.010493581999980961,
1ef313f37353,2026-09-24T15:05:44,nafis,baseline,paper_asian_geo,call,exact,plain,{},1024,252,2,3752049161,nn-lotpot_x86_64,2.8754012491814613,0.18830042681197176,2.5063391943564763,3.2444633040064463,3.000200360178781,0.12479911099731966,0.010615081000651116,
19e1ac489b6f,2026-09-24T15:05:44,nafis,baseline,paper_asian_geo,call,exact,plain,{},1024,252,3,3906056225,nn-lotpot_x86_64,2.964467403721833,0.1755826913094931,2.6203316524466125,3.308603154997053,3.000200360178781,0.035732956456948184,0.01042435499948624,
62b9204f1ca3,2026-09-24T15:05:44,nafis,baseline,paper_asian_geo,call,exact,plain,{},1024,252,4,2598426231,nn-lotpot_x86_64,2.9181411283700793,0.18224840676552737,2.5609408148698396,3.275341441870319,3.000200360178781,0.08205923180870167,0.011479876000521472,
1ee3d7f67b60,2026-09-24T15:05:44,nafis,baseline,paper_asian_geo,call,exact,plain,{},1024,252,5,1897362552,nn-lotpot_x86_64,2.8563930813149403,0.18324159545181892,2.4972461537597166,3.215540008870164,3.000200360178781,0.1438072788638407,0.012835864999942714,
466e44611a9f,2026-09-24T15:05:44,nafis,baseline,paper_asian_geo,call,exact,plain,{},1024,252,6,2739564726,nn-lotpot_x86_64,3.103826968627939,0.18835197810344453,2.7346638751283106,3.4729900621275673,3.000200360178781,0.10362660844915794,0.015270629000951885,
94852be9bd3d,2026-09-24T15:05:44,nafis,baseline,paper_asian_geo,call,exact,plain,{},1024,252,7,2542158711,nn-lotpot_x86_64,3.131355221347477,0.1854052305934456,2.76796764683898,3.494742795855974,3.000200360178781,0.1311548611686959,0.014780884001083905,
46052305a531,2026-09-24T15:05:44,nafis,baseline,paper_asian_geo,call,exact,plain,{},1024,252,8,966823660,nn-lotpot_x86_64,3.0867597866409833,0.1815247026256415,2.7309779071903826,3.442541666091584,3.000200360178781,0.08655942646220227,0.010576270000456134,
ee036f760bd3,2026-09-24T15:05:44,nafis,baseline,paper_asian_geo,call,exact,plain,{},1024,252,9,4262556929,nn-lotpot_x86_64,2.825475060953309,0.1677578869868509,2.4966756443365408,3.1542744775700773,3.000200360178781,0.17472529922547198,0.0111182969994843,
70be9892e694,2026-09-24T15:05:44,nafis,baseline,paper_asian_geo,call,exact,plain,{},1024,252,10,693302761,nn-lotpot_x86_64,3.1275867701580333,0.1948900848549544,2.7456092228983677,3.509564317417699,3.000200360178781,0.12738640997925232,0.013025749000007636,
ae8f5a45ad7a,2026-09-24T15:05:44,nafis,baseline,paper_asian_geo,call,exact,plain,{},1024,252,11,2521920823,nn-lotpot_x86_64,3.403020387522909,0.19519761798043944,3.0204400864132395,3.7856006886325786,3.000200360178781,0.40282002734412803,0.0124157499994908,
e79850db792e,2026-09-24T15:05:44,nafis,baseline,paper_asian_geo,call,exact,plain,{},1024,252,12,2461602995,nn-lotpot_x86_64,2.8873751548067843,0.17951485391564526,2.5355325064421503,3.2392178031714183,3.000200360178781,0.1128252053719967,0.011445778000052087,
37a97a3edee5,2026-09-24T15:05:44,nafis,baseline,paper_asian_geo,call,exact,plain,{},1024,252,13,3458948841,nn-lotpot_x86_64,3.4305145034828377,0.19918391572396194,3.040121202364211,3.8209078046014646,3.000200360178781,0.4303141433040567,0.009336338000139222,
28e9c4f0772c,2026-09-24T15:05:44,nafis,baseline,paper_asian_geo,call,exact,plain,{},1024,252,14,1119993210,nn-lotpot_x86_64,3.318012936953445,0.19457571303655974,2.9366515471355874,3.6993743267713026,3.000200360178781,0.317812576774664,0.009383597998748883,
303fc1d5b4ba,2026-09-24T15:05:44,nafis,baseline,paper_asian_geo,call,exact,plain,{},1024,252,15,777587110,nn-lotpot_x86_64,3.1281647130315493,0.18498058161517228,2.7656094352265397,3.490719990836559,3.000200360178781,0.1279643528527683,0.009318911001173547,
3bea03f4becc,2026-09-24T15:05:44,nafis,baseline,paper_asian_geo,call,exact,plain,{},1024,252,16,417134092,nn-lotpot_x86_64,2.758421543321945,0.17330090871706627,2.4187580037484318,3.0980850828954583,3.000200360178781,0.241778816856836,0.009324573000412784,
2223b719013f,2026-09-24T15:05:44,nafis,baseline,paper_asian_geo,call,exact,plain,{},1024,252,17,4105643265,nn-lotpot_x86_64,2.773641837367257,0.17493843471500503,2.4307688058140355,3.1165148689204782,3.000200360178781,0.2265585228115241,0.009451146999708726,
aba603af9de6,2026-09-24T15:05:44,nafis,baseline,paper_asian_geo,call,exact,plain,{},1024,252,18,1742351505,nn-lotpot_x86_64,2.885356018688012,0.1846690565921856,2.523411318708339,3.2473007186676845,3.000200360178781,0.11484434149076916,0.009375511001053383,
e85b5c41350b,2026-09-24T15:05:44,nafis,baseline,paper_asian_geo,call,exact,plain,{},1024,252,19,4236723777,nn-lotpot_x86_64,2.864204556385351,0.17727721597173363,2.516747597801224,3.211661514969478,3.000200360178781,0.1359958037934299,0.00949236800079234,
4df76f6333e0,2026-09-24T15:05:45,nafis,baseline,paper_asian_geo,call,exact,plain,{},4096,252,0,781942425,nn-lotpot_x86_64,2.973801712190379,0.09172005456361851,2.794033708585638,3.15356971579512,3.000200360178781,0.02639864798840197,0.03910071700011031,
3898c01149b3,2026-09-24T15:05:45,nafis,baseline,paper_asian_geo,call,exact,plain,{},4096,252,1,2371917202,nn-lotpot_x86_64,2.8694687631277898,0.08847077345599554,2.696069233469636,3.0428682927859434,3.000200360178781,0.13073159705099124,0.037698427000577794,
a4a7f1db0753,2026-09-24T15:05:45,nafis,baseline,paper_asian_geo,call,exact,plain,{},4096,252,2,3953368842,nn-lotpot_x86_64,3.045212815660533,0.09549784974044608,2.858040469568241,3.232385161752825,3.000200360178781,0.045012455481752145,0.03808133699931204,
df7d40c2c0a6,2026-09-24T15:05:45,nafis,baseline,paper_asian_geo,call,exact,plain,{},4096,252,3,1526702526,nn-lotpot_x86_64,3.049506049560444,0.09180177466538358,2.8695778774994305,3.229434221621457,3.000200360178781,0.0493056893816628,0.037608126000122866,
4351da04bc6f,2026-09-24T15:05:45,nafis,baseline,paper_asian_geo,call,exact,plain,{},4096,252,4,1227199582,nn-lotpot_x86_64,2.9485815549871184,0.09009073043083,2.7720069680017847,3.125156141972452,3.000200360178781,0.05161880519166262,0.037590442998407525,
295fd73e51e6,2026-09-24T15:05:45,nafis,baseline,paper_asian_geo,call,exact,plain,{},4096,252,5,2838910254,nn-lotpot_x86_64,2.9833188356858704,0.09185314999910045,2.803289969821078,3.163347701550663,3.000200360178781,0.016881524492910582,0.03780178099987097,
70ed96f1b4c7,2026-09-24T15:05:45,nafis,baseline,paper_asian_geo,call,exact,plain,{},4096,252,6,4039032084,nn-lotpot_x86_64,2.992800062884981,0.092893031251973,2.8107330672163604,3.174867058553602,3.000200360178781,0.0074002972937998734,0.03755674000058207,
5aeffade1eda,2026-09-24T15:05:45,nafis,baseline,paper_asian_geo,call,exact,plain,{},4096,252,7,1119556891,nn-lotpot_x86_64,3.0222036802193495,0.09202900043415743,2.84183015383518,3.202577206603519,3.000200360178781,0.022003320040568486,0.03749691399934818,
70c63e850155,2026-09-24T15:05:45,nafis,baseline,paper_asian_geo,call,exact,plain,{},4096,252,8,4208214345,nn-lotpot_x86_64,2.9461759592572374,0.08975344574644574,2.770262438105834,3.1220894804086408,3.000200360178781,0.05402440092154359,0.03812753199963481,
71a9fe34e96e,2026-09-24T15:05:45,nafis,baseline,paper_asian_geo,call,exact,plain,{},4096,252,9,2434319574,nn-lotpot_x86_64,3.020233748422794,0.09206735915576933,2.839785040325772,3.200682456519816,3.000200360178781,0.02003338824401313,0.038030510000680806,
d3fbcd8fb3cc,2026-09-24T15:05:45,nafis,baseline,paper_asian_geo,call,exact,plain,{},4096,252,10,1039907208,nn-lotpot_x86_64,3.034262612236361,0.09265641596606483,2.852659374006312,3.21586585046641,3.000200360178781,0.03406225205758018,0.03795390999948722,
f470e17b1c89,2026-09-24T15:05:45,nafis,baseline,paper_asian_geo,call,exact,plain,{},4096,252,11,2776235081,nn-lotpot_x86_64,2.975661302428285,0.09145909354517899,2.7964047730210546,3.1549178318355158,3.000200360178781,0.024539057750495807,0.038026247999368934,
a8ee15d59b53,2026-09-24T15:05:45,nafis,baseline,paper_asian_geo,call,exact,plain,{},4096,252,12,2242559462,nn-lotpot_x86_64,3.1533376649715317,0.0945878308409381,2.9679489231475262,3.338726406795537,3.000200360178781,0.15313730479275067,0.03916742600085854,
beb1bfdea7c6,2026-09-24T15:05:45,nafis,baseline,paper_asian_geo,call,exact,plain,{},4096,252,13,1076439221,nn-lotpot_x86_64,3.084742352782243,0.09332579644733979,2.901827152916941,3.267657552647545,3.000200360178781,0.08454199260346185,0.03796354299993254,
b3da56ed06bd,2026-09-24T15:05:45,nafis,baseline,paper_asian_geo,call,exact,plain,{},4096,252,14,982208951,nn-lotpot_x86_64,2.98865318362546,0.08990247590827262,2.8124475687242656,3.1648587985266543,3.000200360178781,0.011547176553321048,0.03781163900021056,
14d9a2bc27dc,2026-09-24T15:05:45,nafis,baseline,paper_asian_geo,call,exact,plain,{},4096,252,15,2849757959,nn-lotpot_x86_64,3.0091120063796395,0.09423087158419538,2.8244228918427976,3.1938011209164814,3.000200360178781,0.008911646200858492,0.03769819000081043,
f16f460bcf8d,2026-09-24T15:05:45,nafis,baseline,paper_asian_geo,call,exact,plain,{},4096,252,16,2386916756,nn-lotpot_x86_64,3.0744715448803452,0.0916246897089879,2.894890452956071,3.2540526368046194,3.000200360178781,0.07427118470156424,0.03755132900005265,
45f11665155a,2026-09-24T15:05:45,nafis,baseline,paper_asian_geo,call,exact,plain,{},4096,252,17,784064579,nn-lotpot_x86_64,2.9524821112403927,0.09286042982447758,2.7704790131955077,3.1344852092852777,3.000200360178781,0.047718248938388275,0.03747661800116475,
299a84627c2c,2026-09-24T15:05:45,nafis,baseline,paper_asian_geo,call,exact,plain,{},4096,252,18,3724758951,nn-lotpot_x86_64,2.969254019056695,0.08985298016430272,2.79314541403107,3.1453626240823205,3.000200360178781,0.03094634112208583,0.037792512999658356,
abb3c2c2ee8a,2026-09-24T15:05:45,nafis,baseline,paper_asian_geo,call,exact,plain,{},4096,252,19,1519743680,nn-lotpot_x86_64,2.9855991468682404,0.09065477007087336,2.807919062502569,3.1632792312339117,3.000200360178781,0.01460121331054065,0.03820177899979171,
59f0b8ba94c7,2026-09-24T15:05:45,nafis,baseline,paper_asian_geo,call,exact,plain,{},16384,252,0,1143407706,nn-lotpot_x86_64,2.9937362062616883,0.04602777080317077,2.9035234331988096,3.083948979324567,3.000200360178781,0.006464153917092652,0.16046568700039643,
4befe9a27371,2026-09-24T15:05:46,nafis,baseline,paper_asian_geo,call,exact,plain,{},16384,252,1,556339421,nn-lotpot_x86_64,3.03176758818085,0.04626205319965371,2.941095630058653,3.122439546303047,3.000200360178781,0.031567228002069125,0.16332712400071614,
892ab86eae06,2026-09-24T15:05:46,nafis,baseline,paper_asian_geo,call,exact,plain,{},16384,252,2,1062212959,nn-lotpot_x86_64,2.9837858394514667,0.045486859571073325,2.894633232922332,3.0729384459806015,3.000200360178781,0.016414520727314308,0.16235394199975417,
bdb154fe0ad1,2026-09-24T15:05:46,nafis,baseline,paper_asian_geo,call,exact,plain,{},16384,252,3,1347714899,nn-lotpot_x86_64,3.0113032548455188,0.046193885769827595,2.920764902430699,3.1018416072603383,3.000200360178781,0.01110289466673775,0.1652647610007989,
6ed373f90b47,2026-09-24T15:05:46,nafis,baseline,paper_asian_geo,call,exact,plain,{},16384,252,4,992646671,nn-lotpot_x86_64,3.0154161977790563,0.04682672862310103,2.9236374961639475,3.107194899394165,3.000200360178781,0.01521583760027534,0.16353564800010645,
401d2cc2f489,2026-09-24T15:05:46,nafis,baseline,paper_asian_geo,call,exact,plain,{},16384,252,5,1113205408,nn-lotpot_x86_64,3.0251289057560498,0.04547748735809575,2.9359946684268063,3.114263143085293,3.000200360178781,0.024928545577268757,0.2007427539992932,
d9f97abb149a,2026-09-24T15:05:46,nafis,baseline,paper_asian_geo,call,exact,plain,{},16384,252,6,1907081235,nn-lotpot_x86_64,2.9072571226110027,0.04502121420925243,2.8190171642206048,2.9954970810014006,3.000200360178781,0.09294323756777834,0.17196987600073044,
f3e7ac69393e,2026-09-24T15:05:47,nafis,baseline,paper_asian_geo,call,exact,plain,{},16384,252,7,4189271313,nn-lotpot_x86_64,2.97467058032069,0.04527276182951114,2.8859375976541886,3.063403562987191,3.000200360178781,0.02552977985809113,0.16296869899997546,
4e0b9039576f,2026-09-24T15:05:47,nafis,baseline,paper_asian_geo,call,exact,plain,{},16384,252,8,3519085691,nn-lotpot_x86_64,3.038950951644111,0.04534699775364288,2.9500724692399523,3.1278294340482695,3.000200360178781,0.03875059146532989,0.16248831400116615,
d1225394d210,2026-09-24T15:05:47,nafis,baseline,paper_asian_geo,call,exact,plain,{},16384,252,9,2836068010,nn-lotpot_x86_64,3.1111900348278096,0.0469030990563763,3.0192616499139975,3.203118419741622,3.000200360178781,0.11098967464902865,0.1614115310003399,
f5b0d2db06d7,2026-09-24T15:05:47,nafis,baseline,paper_asian_geo,call,exact,plain,{},16384,252,10,3413425733,nn-lotpot_x86_64,2.9546641898660977,0.04477030130256754,2.8669160117360586,3.042412367996137,3.000200360178781,0.04553617031268331,0.16209313099898282,
34cd103eca46,2026-09-24T15:05:47,nafis,baseline,paper_asian_geo,call,exact,plain,{},16384,252,11,2734509167,nn-lotpot_x86_64,3.0625610199537396,0.047036100442152486,2.970371957113912,3.154750082793567,3.000200360178781,0.06236065977495864,0.16318040099940845,
8bf4b917b7e1,2026-09-24T15:05:47,nafis,baseline,paper_asian_geo,call,exact,plain,{},16384,252,12,1226841254,nn-lotpot_x86_64,2.9920675155282392,0.045951126048367416,2.9020049634243787,3.0821300676320997,3.000200360178781,0.00813284465054176,0.16288427399922512,
2972d47cc0bc,2026-09-24T15:05:48,nafis,baseline,paper_asian_geo,call,exact,plain,{},16384,252,13,2993356925,nn-lotpot_x86_64,2.958571647254754,0.04517872704607611,2.870022969377079,3.0471203251324286,3.000200360178781,0.041628712924027145,0.16278928999963682,
f5c6408c9f68,2026-09-24T15:05:48,nafis,baseline,paper_asian_geo,call,exact,plain,{},16384,252,14,978496644,nn-lotpot_x86_64,3.0114904277490915,0.04566055659527794,2.921997381308294,3.100983474189889,3.000200360178781,0.01129006757031048,0.16261038899938285,
5582061c6127,2026-09-24T15:05:48,nafis,baseline,paper_asian_geo,call,exact,plain,{},16384,252,15,1289044367,nn-lotpot_x86_64,2.9969747483566533,0.046371400315412904,2.9060884738257546,3.087861022887552,3.000200360178781,0.003225611822127661,0.16200173200013523,
378761a70ce8,2026-09-24T15:05:48,nafis,baseline,paper_asian_geo,call,exact,plain,{},16384,252,16,1771050275,nn-lotpot_x86_64,3.0896803300243025,0.04604703369355101,2.9994298023900403,3.1799308576585648,3.000200360178781,0.08947996984552153,0.16146486999969056,
7f67d7238ec5,2026-09-24T15:05:48,nafis,baseline,paper_asian_geo,call,exact,plain,{},16384,252,17,9214694,nn-lotpot_x86_64,2.9899397015991376,0.04586400529637489,2.9000479030314885,3.0798315001667866,3.000200360178781,0.010260658579643422,0.1628197320005711,
a6fb0e66d418,2026-09-24T15:05:48,nafis,baseline,paper_asian_geo,call,exact,plain,{},16384,252,18,3635785568,nn-lotpot_x86_64,2.979413733898711,0.046130834933374484,2.8889989588525347,3.069828508944887,3.000200360178781,0.02078662628007022,0.16293939999923168,
8747f2746bac,2026-09-24T15:05:49,nafis,baseline,paper_asian_geo,call,exact,plain,{},16384,252,19,3632698509,nn-lotpot_x86_64,2.985768768640527,0.045972877434808886,2.8956635846026275,3.0758739526784264,3.000200360178781,0.014431591538254018,0.16218005100017763,
5a6b53b6dbdd,2026-09-24T15:05:49,nafis,baseline,paper_asian_geo,call,exact,plain,{},65536,252,0,1092506110,nn-lotpot_x86_64,3.0408179413570235,0.023181870271642844,2.995382310530324,3.086253572183723,3.000200360178781,0.040617581178242546,0.648675930000536,
0c532092a395,2026-09-24T15:05:50,nafis,baseline,paper_asian_geo,call,exact,plain,{},65536,252,1,158936368,nn-lotpot_x86_64,2.987040341041685,0.0228421150263468,2.942270618259324,3.031810063824046,3.000200360178781,0.013160019137095968,0.6490416030010238,
c77621ad8473,2026-09-24T15:05:51,nafis,baseline,paper_asian_geo,call,exact,plain,{},65536,252,2,1769280501,nn-lotpot_x86_64,3.0223835678347593,0.023001869112095834,2.9773007327979473,3.0674664028715712,3.000200360178781,0.022183207655978254,0.6477053060007165,
2f572d6ce7c7,2026-09-24T15:05:51,nafis,baseline,paper_asian_geo,call,exact,plain,{},65536,252,3,713541037,nn-lotpot_x86_64,3.003072728697059,0.0229840608009423,2.9580247973087332,3.048120660085385,3.000200360178781,0.002872368518278101,0.6495945370006666,
8cf6050e8a97,2026-09-24T15:05:52,nafis,baseline,paper_asian_geo,call,exact,plain,{},65536,252,4,1888772554,nn-lotpot_x86_64,2.971268404513174,0.022705770113505525,2.926765912849457,3.0157708961768908,3.000200360178781,0.028931955665607134,0.6494236239996098,
fca53de4d4bb,2026-09-24T15:05:52,nafis,baseline,paper_asian_geo,call,exact,plain,{},65536,252,5,3072753769,nn-lotpot_x86_64,2.9948878515801223,0.02276497875067364,2.9502693131199824,3.039506390040262,3.000200360178781,0.005312508598658727,0.6497874119995686,
4df965476253,2026-09-24T15:05:53,nafis,baseline,paper_asian_geo,call,exact,plain,{},65536,252,6,1454517799,nn-lotpot_x86_64,2.9663317958756137,0.022788744562563627,2.921666677280106,3.0109969144711215,3.000200360178781,0.033868564303167314,0.6493909630007693,
ea1198f76e8a,2026-09-24T15:05:54,nafis,baseline,paper_asian_geo,call,exact,plain,{},65536,252,7,1580963146,nn-lotpot_x86_64,3.0213839802572595,0.023081042221187946,2.976145968778083,3.066621991736436,3.000200360178781,0.021183620078478516,0.6510664929992345,
6a16eeae8c1a,2026-09-24T15:05:54,nafis,baseline,paper_asian_geo,call,exact,plain,{},65536,252,8,662005739,nn-lotpot_x86_64,2.9846498340256606,0.022964062167479673,2.9396410992386617,3.0296585688126596,3.000200360178781,0.015550526153120359,0.6493383910001285,
77db902da276,2026-09-24T15:05:55,nafis,baseline,paper_asian_geo,call,exact,plain,{},65536,252,9,3373480960,nn-lotpot_x86_64,2.992342127695954,0.02294259031810268,2.9473754769604157,3.0373087784314925,3.000200360178781,0.00785823248282691,0.6487522889983666,
23c9c0c8f240,2026-09-24T15:05:56,nafis,baseline,paper_asian_geo,call,exact,plain,{},65536,252,10,690044853,nn-lotpot_x86_64,2.995750617148886,0.022861801668715105,2.9509423092565066,3.0405589250412652,3.000200360178781,0.004449743029895092,0.646209081998677,
ff53bf2270e3,2026-09-24T15:05:56,nafis,baseline,paper_asian_geo,call,exact,plain,{},65536,252,11,3624459623,nn-lotpot_x86_64,2.982897283111168,0.022887721792628084,2.9380381727094447,3.0277563935128917,3.000200360178781,0.017303077067612804,0.6486287659990921,
81ab334495c6,2026-09-24T15:05:57,nafis,baseline,paper_asian_geo,call,exact,plain,{},65536,252,12,565804852,nn-lotpot_x86_64,3.0144244225138026,0.022980176308551474,2.9693841045906613,3.059464740436944,3.000200360178781,0.014224062335021603,0.6487101929997152,
f8eda5f86b1d,2026-09-24T15:05:58,nafis,baseline,paper_asian_geo,call,exact,plain,{},65536,252,13,2410972345,nn-lotpot_x86_64,2.9522397708978505,0.02249873302583113,2.9081430644694395,2.9963364773262615,3.000200360178781,0.0479605892809305,0.6667078039990884,
8268a4706793,2026-09-24T15:05:58,nafis,baseline,paper_asian_geo,call,exact,plain,{},65536,252,14,304304352,nn-lotpot_x86_64,2.9839541126906837,0.022892536876689327,2.9390855648976175,3.02882266048375,3.000200360178781,0.016246247488097332,0.6481564559999242,
b3e8dda0bae3,2026-09-24T15:05:59,nafis,baseline,paper_asian_geo,call,exact,plain,{},65536,252,15,3280100221,nn-lotpot_x86_64,2.955715089281578,0.022703493759839252,2.911217059189063,3.0002131193740924,3.000200360178781,0.04448527089720322,0.649896967001041,
3c74cdbf991f,2026-09-24T15:06:00,nafis,baseline,paper_asian_geo,call,exact,plain,{},65536,252,16,2907126305,nn-lotpot_x86_64,3.001683354568079,0.022991888848002105,2.956620080489447,3.0467466286467113,3.000200360178781,0.00148299438929822,0.6490006320000248,
c382abac9af7,2026-09-24T15:06:00,nafis,baseline,paper_asian_geo,call,exact,plain,{},65536,252,17,3109033289,nn-lotpot_x86_64,2.999307432160136,0.02298897548247357,2.9542498681730134,3.0443649961472588,3.000200360178781,0.000892928018644934,0.6484583059991564,
360ed3fb5aef,2026-09-24T15:06:01,nafis,baseline,paper_asian_geo,call,exact,plain,{},65536,252,18,2542064366,nn-lotpot_x86_64,2.946160925216903,0.022661820522720293,2.9017445731682607,2.9905772772655452,3.000200360178781,0.05403943496187802,0.6484079370002291,
014d8080f0f3,2026-09-24T15:06:02,nafis,baseline,paper_asian_geo,call,exact,plain,{},65536,252,19,1763399135,nn-lotpot_x86_64,3.0157836489105643,0.022925415150323605,2.970850660885301,3.0607166369358274,3.000200360178781,0.015583288731783274,0.6470506980003847,
f196d83fe8f6,2026-09-24T15:06:02,nafis,baseline,paper_asian_geo,call,exact,antithetic,{},256,252,0,2203130599,nn-lotpot_x86_64,3.133820908157488,0.33108201559043604,2.484912081671305,3.782729734643671,3.000200360178781,0.13362054797870693,0.0029956510006741155,"{""pairs"": 128, ""rho_pair"": -0.25639085106672305}"
7af21a5e38c6,2026-09-24T15:06:02,nafis,baseline,paper_asian_geo,call,exact,antithetic,{},256,252,1,1780352385,nn-lotpot_x86_64,3.01321420852373,0.3131242695559833,2.3995019175085908,3.626926499538869,3.000200360178781,0.013013848344948897,0.0022244850006245542,"{""pairs"": 128, ""rho_pair"": -0.26749557538365853}"
53a723444e69,2026-09-24T15:06:02,nafis,baseline,paper_asian_geo,call,exact,antithetic,{},256,252,2,1832825384,nn-lotpot_x86_64,2.924114298609187,0.2990853513453168,2.337917781668858,3.510310815549516,3.000200360178781,0.07608606156959397,0.0021719859996665036,"{""pairs"": 128, ""rho_pair"": -0.2780011759805329}"
99507d23177c,2026-09-24T15:06:02,nafis,baseline,paper_asian_geo,call,exact,antithetic,{},256,252,3,3229942780,nn-lotpot_x86_64,2.7074536356951633,0.3259225744584763,2.0686571280079757,3.346250143382351,3.000200360178781,0.2927467244836177,0.002102293001371436,"{""pairs"": 128, ""rho_pair"": -0.21262818777386447}"
658cf868349a,2026-09-24T15:06:02,nafis,baseline,paper_asian_geo,call,exact,antithetic,{},256,252,4,3471573552,nn-lotpot_x86_64,2.8432918717687827,0.3084465658247471,2.2387477115972154,3.44783603194035,3.000200360178781,0.15690848840999827,0.0020880960000795312,"{""pairs"": 128, ""rho_pair"": -0.24938790416037587}"
9cc726d94ba3,2026-09-24T15:06:02,nafis,baseline,paper_asian_geo,call,exact,antithetic,{},256,252,5,563837482,nn-lotpot_x86_64,3.291342985191397,0.3370485580692682,2.6307399503344744,3.95194602004832,3.000200360178781,0.2911426250126161,0.002066339999146294,"{""pairs"": 128, ""rho_pair"": -0.27774396852082606}"
124d9e57ed90,2026-09-24T15:06:02,nafis,baseline,paper_asian_geo,call,exact,antithetic,{},256,252,6,1468916890,nn-lotpot_x86_64,3.741304274492046,0.3461777858574163,3.0628082819636906,4.419800267020401,3.000200360178781,0.7411039143132649,0.002064203999907477,"{""pairs"": 128, ""rho_pair"": -0.314888804788184}"
da3ce5c0ff8f,2026-09-24T15:06:02,nafis,baseline,paper_asian_geo,call,exact,antithetic,{},256,252,7,3336310791,nn-lotpot_x86_64,3.0458521874485873,0.31623086749146206,2.4260510763654635,3.665653298531711,3.000200360178781,0.04565182726980632,0.0020642399995267624,"{""pairs"": 128, ""rho_pair"": -0.27835366874409223}"
11454322c501,2026-09-24T15:06:02,nafis,baseline,paper_asian_geo,call,exact,antithetic,{},256,252,8,2433432183,nn-lotpot_x86_64,2.661864624441069,0.3131135282084227,2.048173386080294,3.275555862801844,3.000200360178781,0.3383357357377119,0.00215546599974914,"{""pairs"": 128, ""rho_pair"": -0.2211951721162194}"
b3600922d186,2026-09-24T15:06:02,nafis,baseline,paper_asian_geo,call,exact,antithetic,{},256,252,9,1348510713,nn-lotpot_x86_64,2.9707605098890264,0.3005632917452179,2.3816672829935945,3.5598537367844583,3.000200360178781,0.0294398502897546,0.002100747000440606,"{""pairs"": 128, ""rho_pair"": -0.27794440894876254}"
af209beee574,2026-09-24T15:06:02,nafis,baseline,paper_asian_geo,call,exact,antithetic,{},256,252,10,2286834744,nn-lotpot_x86_64,3.022608121366978,0.29144629300057173,2.4513838836581496,3.593832359075807,3.000200360178781,0.022407761188197206,0.0020744060002471088,"{""pairs"": 128, ""rho_pair"": -0.29727204171828486}"
573559d1add8,2026-09-24T15:06:02,nafis,baseline,paper_asian_geo,call,exact,antithetic,{},256,252,11,235264092,nn-lotpot_x86_64,2.4113405492184983,0.24920247776509621,1.922912667940766,2.8997684304962306,3.000200360178781,0.5888598109602827,0.0020525910003925674,"{""pairs"": 128, ""rho_pair"": -0.2698452349756483}"
c7ec0c0f858b,2026-09-24T15:06:02,nafis,baseline,paper_asian_geo,call,exact,antithetic,{},256,252,12,1693747531,nn-lotpot_x86_64,2.523778143526329,0.27011938877919744,1.9943538699931294,3.053202417059529,3.000200360178781,0.4764222166524519,0.002108823000526172,"{""pairs"": 128, ""rho_pair"": -0.254311999872556}"
eae0c97b3e84,2026-09-24T15:06:02,nafis,baseline,paper_asian_geo,call,exact,antithetic,{},256,252,13,1176375569,nn-lotpot_x86_64,2.886341872858453,0.27362284521599284,2.350050950887729,3.422632794829177,3.000200360178781,0.1138584873203281,0.0020838069995079422,"{""pairs"": 128, ""rho_pair"": -0.3028947530002016}"
6021d125bb9b,2026-09-24T15:06:02,nafis,baseline,paper_asian_geo,call,exact,antithetic,{},256,252,14,1275455448,nn-lotpot_x86_64,3.14572028385388,0.36160249629640095,2.4369924143931554,3.854448153314604,3.000200360178781,0.1455199236750988,0.0020860570002696477,"{""pairs"": 128, ""rho_pair"": -0.23333781916820495}"
de537453d213,2026-09-24T15:06:02,nafis,baseline,paper_asian_geo,call,exact,antithetic,{},256,252,15,3491512737,nn-lotpot_x86_64,3.000621128215143,0.318396074510584,2.376576289355467,3.624665967074819,3.000200360178781,0.0004207680363621513,0.002069136999125476,"{""pairs"": 128, ""rho_pair"": -0.25679257180832143}"
38cb0bbe60df,2026-09-24T15:06:02,nafis,baseline,paper_asian_geo,call,exact,antithetic,{},256,252,16,139069362,nn-lotpot_x86_64,3.241556757529728,0.32198415092408356,2.610479418125815,3.872634096933641,3.000200360178781,0.24135639735094694,0.002138596999429865,"{""pairs"": 128, ""rho_pair"": -0.286207597421186}"
ae8c59bf116e,2026-09-24T15:06:02,nafis,baseline,paper_asian_geo,call,exact,antithetic,{},256,252,17,2755829585,nn-lotpot_x86_64,3.2722880421198317,0.28815289544538325,2.707518745005945,3.8370573392337186,3.000200360178781,0.2720876819410507,0.002090785999826039,"{""pairs"": 128, ""rho_pair"": -0.33675969206900475}"
c277b2c5545b,2026-09-24T15:06:02,nafis,baseline,paper_asian_geo,call,exact,antithetic,{},256,252,18,3846156403,nn-lotpot_x86_64,2.7661567482014027,0.2779014765995362,2.2214798628158112,3.310833633586994,3.000200360178781,0.23404361197737833,0.0020852500001637964,"{""pairs"": 128, ""rho_pair"": -0.2625657859440388}"
7ee7a132bd35,2026-09-24T15:06:02,nafis,baseline,paper_asian_geo,call,exact,antithetic,{},256,252,19,1061229075,nn-lotpot_x86_64,2.532736166867572,0.2739446601659541,1.9958144991852378,3.0696578345499064,3.000200360178781,0.4674641933112089,0.002075912998407148,"{""pairs"": 128, ""rho_pair"": -0.2548432540095087}"
5146e5b06e6b,2026-09-24T15:06:02,nafis,baseline,paper_asian_geo,call,exact,antithetic,{},1024,252,0,1123359887,nn-lotpot_x86_64,3.240751189757372,0.17190901067943162,2.9038157202077746,3.5776866593069694,3.000200360178781,0.24055082957859097,0.01041508900016197,"{""pairs"": 512, ""rho_pair"": -0.26379350257561507}"
6d0e5d817390,2026-09-24T15:06:02,nafis,baseline,paper_asian_geo,call,exact,antithetic,{},1024,252,1,3186096749,nn-lotpot_x86_64,2.96050536950401,0.15946182146702056,2.6479659425194937,3.2730447964885263,3.000200360178781,0.039694990674771,0.007655544999579433,"{""pairs"": 512, ""rho_pair"": -0.2526063851015101}"
e7d87727d1ed,2026-09-24T15:06:02,nafis,baseline,paper_asian_geo,call,exact,antithetic,{},1024,252,2,1633339675,nn-lotpot_x86_64,2.6504260565260447,0.14951317106749165,2.357385626019385,2.9434664870327043,3.000200360178781,0.3497743036527363,0.00776646200029063,"{""pairs"": 512, ""rho_pair"": -0.23509667990586722}"
cc8c6ba6ba48,2026-09-24T15:06:02,nafis,baseline,paper_asian_geo,call,exact,antithetic,{},1024,252,3,374345801,nn-lotpot_x86_64,3.2205001104417366,0.15533947649150553,2.916040331141079,3.524959889742394,3.000200360178781,0.22029975026295556,0.007688020999921719,"{""pairs"": 512, ""rho_pair"": -0.29275429698281136}"
876b1fec54fe,2026-09-24T15:06:02,nafis,baseline,paper_asian_geo,call,exact,antithetic,{},1024,252,4,2514064613,nn-lotpot_x86_64,3.003331725591391,0.1617987757029334,2.686211952470967,3.320451498711815,3.000200360178781,0.0031313654126101653,0.007618477999130846,"{""pairs"": 512, ""rho_pair"": -0.25210357282137746}"
ac6185b62f5c,2026-09-24T15:06:02,nafis,baseline,paper_asian_geo,call,exact,antithetic,{},1024,252,5,1669936249,nn-lotpot_x86_64,3.015184284659513,0.16063333406115085,2.700348735183066,3.33001983413596,3.000200360178781,0.014983924480731936,0.007603056999869295,"{""pairs"": 512, ""rho_pair"": -0.25526834302095325}"
f0e009fc2256,2026-09-24T15:06:02,nafis,baseline,paper_asian_geo,call,exact,antithetic,{},1024,252,6,1078048563,nn-lotpot_x86_64,3.1137709642752522,0.16057103696494096,2.7990575148637182,3.4284844136867862,3.000200360178781,0.11357060409647124,0.007624646999829565,"{""pairs"": 512, ""rho_pair"": -0.267716287375612}"
780b11537b20,2026-09-24T15:06:02,nafis,baseline,paper_asian_geo,call,exact,antithetic,{},1024,252,7,1127355898,nn-lotpot_x86_64,2.936473597168965,0.16036255596739976,2.6221687630040726,3.250778431333857,3.000200360178781,0.06372676300981617,0.007608603000335279,"{""pairs"": 512, ""rho_pair"": -0.24786415655250904}"
0509b4ff22c2,2026-09-24T15:06:02,nafis,baseline,paper_asian_geo,call,exact,antithetic,{},1024,252,8,1440162914,nn-lotpot_x86_64,3.3448399206040644,0.17120745291662964,3.0092794790026334,3.6804003622054955,3.000200360178781,0.34463956042528343,0.007599615999424714,"{""pairs"": 512, ""rho_pair"": -0.27190839505226755}"
b06e5dee95aa,2026-09-24T15:06:02,nafis,baseline,paper_asian_geo,call,exact,antithetic,{},1024,252,9,1248523868,nn-lotpot_x86_64,3.0051977006194637,0.1492918574510291,2.712591036830359,3.2978043644085684,3.000200360178781,0.004997340440682674,0.0076208030004636385,"{""pairs"": 512, ""rho_pair"": -0.28403513904301797}"
62944c26ea79,2026-09-24T15:06:02,nafis,baseline,paper_asian_geo,call,exact,antithetic,{},1024,252,10,1157038844,nn-lotpot_x86_64,2.8728361652775645,0.15207581134432316,2.5747730521229832,3.1708992784321457,3.000200360178781,0.12736419490121653,0.007758138999633957,"{""pairs"": 512, ""rho_pair"": -0.2589760112604374}"
4a384851b819,2026-09-24T15:06:02,nafis,baseline,paper_asian_geo,call,exact,antithetic,{},1024,252,11,1628268837,nn-lotpot_x86_64,2.7103699238066845,0.15271275322910238,2.411058427497691,3.009681420115678,3.000200360178781,0.2898304363720965,0.007671622999623651,"{""pairs"": 512, ""rho_pair"": -0.23459277948543628}"
196cdd2b4778,2026-09-24T15:06:02,nafis,baseline,paper_asian_geo,call,exact,antithetic,{},1024,252,12,688006118,nn-lotpot_x86_64,3.366148173185639,0.17034278576243753,3.032282448065039,3.700013898306239,3.000200360178781,0.3659478130068581,0.007651518000784563,"{""pairs"": 512, ""rho_pair"": -0.277775545476712}"
59fe0e947691,2026-09-24T15:06:02,nafis,baseline,paper_asian_geo,call,exact,antithetic,{},1024,252,13,2619725249,nn-lotpot_x86_64,3.181883112479446,0.15871760906667262,2.87080231499646,3.4929639099624326,3.000200360178781,0.18168275230066522,0.007569467001303565,"{""pairs"": 512, ""rho_pair"": -0.2821397579882552}"
a8807eebaaf8,2026-09-24T15:06:02,nafis,baseline,paper_asian_geo,call,exact,antithetic,{},1024,252,14,2478046743,nn-lotpot_x86_64,2.922725976554638,0.15592764360572497,2.6171134108932197,3.228338542216056,3.000200360178781,0.07747438362414316,0.007725129999016644,"{""pairs"": 512, ""rho_pair"": -0.255824849085989}"
253193faaa9e,2026-09-24T15:06:02,nafis,baseline,paper_asian_geo,call,exact,antithetic,{},1024,252,15,1489025796,nn-lotpot_x86_64,2.800756806461415,0.1524043718249111,2.502049726598138,3.0994638863246915,3.000200360178781,0.19944355371736622,0.007616241000505397,"{""pairs"": 512, ""rho_pair"": -0.24832009427102433}"
1e483caaf643,2026-09-24T15:06:02,nafis,baseline,paper_asian_geo,call,exact,antithetic,{},1024,252,16,3476394892,nn-lotpot_x86_64,2.839362409213564,0.15818853415879744,2.5293185794951367,3.149406238931991,3.000200360178781,0.16083795096521714,0.007720231000348576,"{""pairs"": 512, ""rho_pair"": -0.2395010911730651}"
51fce4f9f9fd,2026-09-24T15:06:02,nafis,baseline,paper_asian_geo,call,exact,antithetic,{},1024,252,17,3132895788,nn-lotpot_x86_64,2.955966290590407,0.1505673144781774,2.660859776964263,3.251072804216551,3.000200360178781,0.04423406958837406,0.007579294000606751,"{""pairs"": 512, ""rho_pair"": -0.2731357643076408}"
8aee8c29631b,2026-09-24T15:06:02,nafis,baseline,paper_asian_geo,call,exact,antithetic,{},1024,252,18,3109659797,nn-lotpot_x86_64,3.0894320081340405,0.1570397477381715,2.781639758425969,3.397224257842112,3.000200360178781,0.08923164795525951,0.00761921500088647,"{""pairs"": 512, ""rho_pair"": -0.27469111595859247}"
3b695e1d84b3,2026-09-24T15:06:02,nafis,baseline,paper_asian_geo,call,exact,antithetic,{},1024,252,19,1553919907,nn-lotpot_x86_64,3.124872647856086,0.1628229028174211,2.8057456224756754,3.4439996732364966,3.000200360178781,0.12467228767730498,0.007581380999909015,"{""pairs"": 512, ""rho_pair"": -0.2646017752565909}"
c2696855a65a,2026-09-24T15:06:02,nafis,baseline,paper_asian_geo,call,exact,antithetic,{},4096,252,0,2165340344,nn-lotpot_x86_64,2.985019603175819,0.07782749501763596,2.832480515934282,3.137558690417356,3.000200360178781,0.015180757002962064,0.03474992100018426,"{""pairs"": 2048, ""rho_pair"": -0.2649659218394896}"
30d41d97c4b0,2026-09-24T15:06:02,nafis,baseline,paper_asian_geo,call,exact,antithetic,{},4096,252,1,239337792,nn-lotpot_x86_64,3.054838392976544,0.07830072775167381,2.9013717866199875,3.2083049993331003,3.000200360178781,0.054638032797762914,0.03774412800157734,"{""pairs"": 2048, ""rho_pair"": -0.2708463938265661}"
70b67cf46d99,2026-09-24T15:06:02,nafis,baseline,paper_asian_geo,call,exact,antithetic,{},4096,252,2,1582012358,nn-lotpot_x86_64,2.9913305661036587,0.08052787800592227,2.833498825460616,3.1491623067467014,3.000200360178781,0.00886979407512234,0.03753370500089659,"{""pairs"": 2048, ""rho_pair"": -0.25196925192028996}"
26f13f523810,2026-09-24T15:06:02,nafis,baseline,paper_asian_geo,call,exact,antithetic,{},4096,252,3,1264826614,nn-lotpot_x86_64,3.0047820471485647,0.07860104577336235,2.85072682828559,3.158837266011539,3.000200360178781,0.0045816869697836715,0.03714707299877773,"{""pairs"": 2048, ""rho_pair"": -0.263278870504136}"
2a4dcdd06985,2026-09-24T15:06:02,nafis,baseline,paper_asian_geo,call,exact,antithetic,{},4096,252,4,1012981886,nn-lotpot_x86_64,2.9648722758312545,0.08020457453658578,2.807674198344188,3.1220703533183207,3.000200360178781,0.035328084347526545,0.037701618999562925,"{""pairs"": 2048, ""rho_pair"": -0.2502710260119485}"
94de56010756,2026-09-24T15:06:02,nafis,baseline,paper_asian_geo,call,exact,antithetic,{},4096,252,5,1237913143,nn-lotpot_x86_64,3.022051317304269,0.07986661868017308,2.865515621124136,3.178587013484402,3.000200360178781,0.021850957125487902,0.03700251800000842,"{""pairs"": 2048, ""rho_pair"": -0.258278948041135}"
00b4bb855811,2026-09-24T15:06:02,nafis,baseline,paper_asian_geo,call,exact,antithetic,{},4096,252,6,3779382452,nn-lotpot_x86_64,2.86898440206774,0.07596704298060823,2.720091733813742,3.0178770703217386,3.000200360178781,0.1312159581110408,0.037129330999960075,"{""pairs"": 2048, ""rho_pair"": -0.25832299664922465}"
6d6e0f872fb5,2026-09-24T15:06:02,nafis,baseline,paper_asian_geo,call,exact,antithetic,{},4096,252,7,2968277922,nn-lotpot_x86_64,3.0937752476415894,0.07964949481334396,2.937665106420625,3.2498853888625536,3.000200360178781,0.0935748874628084,0.03773455299960915,"{""pairs"": 2048, ""rho_pair"": -0.26930608441558956}"
825773247005,2026-09-24T15:06:02,nafis,baseline,paper_asian_geo,call,exact,antithetic,{},4096,252,8,3452482921,nn-lotpot_x86_64,2.8950170770290287,0.07704455559301424,2.744012522861827,3.0460216311962305,3.000200360178781,0.10518328314975234,0.037189362999924924,"{""pairs"": 2048, ""rho_pair"": -0.2564410210843083}"
eb5049c199e1,2026-09-24T15:06:02,nafis,baseline,paper_asian_geo,call,exact,antithetic,{},4096,252,9,39950349,nn-lotpot_x86_64,2.9891168520064983,0.07913812040627966,2.834008986205996,3.144224717807001,3.000200360178781,0.011083508172282652,0.037346090999562875,"{""pairs"": 2048, ""rho_pair"": -0.2583554580347144}"
6b3a130392eb,2026-09-24T15:06:02,nafis,baseline,paper_asian_geo,call,exact,antithetic,{},4096,252,10,1579888791,nn-lotpot_x86_64,2.919489206979199,0.07815224466743423,2.7663136221200655,3.0726647918383327,3.000200360178781,0.08071115319958189,0.03732842600038566,"{""pairs"": 2048, ""rho_pair"": -0.25457736195566183}"
866966d49651,2026-09-24T15:06:02,nafis,baseline,paper_asian_geo,call,exact,antithetic,{},4096,252,11,3174856521,nn-lotpot_x86_64,2.9368373580431717,0.07881403362110066,2.7823646906694854,3.091310025416858,3.000200360178781,0.0633630021356093,0.037081627000588924,"{""pairs"": 2048, ""rho_pair"": -0.2536730222034691}"
e0ad62e9a1a0,2026-09-24T15:06:02,nafis,baseline,paper_asian_geo,call,exact,antithetic,{},4096,252,12,172494370,nn-lotpot_x86_64,2.918983581702858,0.0788056096063601,2.7645274250946685,3.073439738311048,3.000200360178781,0.08121677847592279,0.03712730200095393,"{""pairs"": 2048, ""rho_pair"": -0.25091110916906956}"
4ebeaba5dbfd,2026-09-24T15:06:02,nafis,baseline,paper_asian_geo,call,exact,antithetic,{},4096,252,13,3124080087,nn-lotpot_x86_64,3.0720430517091257,0.07974560416554119,2.915744539619278,3.2283415637989736,3.000200360178781,0.07184269153034473,0.03742140000031213,"{""pairs"": 2048, ""rho_pair"": -0.26669995190544016}"
b916238c4032,2026-09-24T15:06:02,nafis,baseline,paper_asian_geo,call,exact,antithetic,{},4096,252,14,2084081658,nn-lotpot_x86_64,2.9017428218559056,0.07762190842598123,2.7496066769297163,3.053878966782095,3.000200360178781,0.0984575383228754,0.03714894699987781,"{""pairs"": 2048, ""rho_pair"": -0.2548118191675927}"
d095fb26f37d,2026-09-24T15:06:02,nafis,baseline,paper_asian_geo,call,exact,antithetic,{},4096,252,15,238853370,nn-lotpot_x86_64,2.8437893346022833,0.07636910763046628,2.6941086341151066,2.99347003508946,3.000200360178781,0.15641102557649766,0.0372108899991872,"{""pairs"": 2048, ""rho_pair"": -0.25303803107616923}"
536af1e57635,2026-09-24T15:06:02,nafis,baseline,paper_asian_geo,call,exact,antithetic,{},4096,252,16,1505553817,nn-lotpot_x86_64,3.029772736527133,0.08004968414807716,2.8728782386230947,3.1866672344311713,3.000200360178781,0.02957237634835197,0.03731726899968635,"{""pairs"": 2048, ""rho_pair"": -0.259184848949658}"
3640f3e93ff9,2026-09-24T15:06:03,nafis,baseline,paper_asian_geo,call,exact,antithetic,{},4096,252,17,81169920,nn-lotpot_x86_64,3.080632381684839,0.08001522061300999,2.9238054310683124,3.2374593323013654,3.000200360178781,0.08043202150605788,0.03726884100069583,"{""pairs"": 2048, ""rho_pair"": -0.2657630055558948}"
e53fee71d3fc,2026-09-24T15:06:03,nafis,baseline,paper_asian_geo,call,exact,antithetic,{},4096,252,18,2263831037,nn-lotpot_x86_64,3.02362920568319,0.07916249713102148,2.8684735623801325,3.178784848986248,3.000200360178781,0.023428845504409157,0.03738567100117507,"{""pairs"": 2048, ""rho_pair"": -0.2633733974976945}"
6c78e8e094de,2026-09-24T15:06:03,nafis,baseline,paper_asian_geo,call,exact,antithetic,{},4096,252,19,3388399711,nn-lotpot_x86_64,3.062997106161444,0.0799457189606216,2.9063063762804644,3.2196878360424233,3.000200360178781,0.06279674598266283,0.037270476001140196,"{""pairs"": 2048, ""rho_pair"": -0.263785455510192}"
e579be9fff89,2026-09-24T15:06:03,nafis,baseline,paper_asian_geo,call,exact,antithetic,{},16384,252,0,338783529,nn-lotpot_x86_64,2.972809385310306,0.039132925125046875,2.8961102614555116,3.0495085091651006,3.000200360178781,0.02739097486847486,0.13840437199905864,"{""pairs"": 8192, ""rho_pair"": -0.2607225145064319}"
57947a6d6554,2026-09-24T15:06:03,nafis,baseline,paper_asian_geo,call,exact,antithetic,{},16384,252,1,2279487702,nn-lotpot_x86_64,2.9742995746021808,0.03929398786916596,2.8972847735696616,3.0513143756347,3.000200360178781,0.02590078557660025,0.13506384399988747,"{""pairs"": 8192, ""rho_pair"": -0.25913102272878136}"
8025421b12ba,2026-09-24T15:06:03,nafis,baseline,paper_asian_geo,call,exact,antithetic,{},16384,252,2,2961240483,nn-lotpot_x86_64,3.0142658863059886,0.03908467732016138,2.937661326411103,3.0908704462008743,3.000200360178781,0.014065526127207573,0.1344313030003832,"{""pairs"": 8192, ""rho_pair"": -0.2663473089323669}"
18fa11ae4071,2026-09-24T15:06:03,nafis,baseline,paper_asian_geo,call,exact,antithetic,{},16384,252,3,973571484,nn-lotpot_x86_64,3.0251193401756424,0.03980268418663872,2.9471075126818085,3.1031311676694764,3.000200360178781,0.024918979996861435,0.1360507730005338,"{""pairs"": 8192, ""rho_pair"": -0.26068751317620076}"
fdf492ced7a0,2026-09-24T15:06:03,nafis,baseline,paper_asian_geo,call,exact,antithetic,{},16384,252,4,3988419140,nn-lotpot_x86_64,2.9704146541446974,0.038259179553722246,2.8954280401413506,3.0454012681480442,3.000200360178781,0.029785706034083592,0.13584635400002298,"{""pairs"": 8192, ""rho_pair"": -0.26898346527442074}"
33bde7b79c10,2026-09-24T15:06:03,nafis,baseline,paper_asian_geo,call,exact,antithetic,{},16384,252,5,571496646,nn-lotpot_x86_64,3.0387921389297716,0.03986461513298351,2.9606589290115735,3.11692534884797,3.000200360178781,0.038591778750990624,0.1350469429999066,"{""pairs"": 8192, ""rho_pair"": -0.2619384698905995}"
2257a70085b0,2026-09-24T15:06:04,nafis,baseline,paper_asian_geo,call,exact,antithetic,{},16384,252,6,4075311028,nn-lotpot_x86_64,2.9363255918088678,0.03879604666719879,2.860286737598623,3.0123644460191126,3.000200360178781,0.06387476836991324,0.1351945540009183,"{""pairs"": 8192, ""rho_pair"": -0.25906720302253544}"
ec3bce66e6f1,2026-09-24T15:06:04,nafis,baseline,paper_asian_geo,call,exact,antithetic,{},16384,252,7,724520857,nn-lotpot_x86_64,2.9101643253208147,0.0387822849677695,2.8341524435458174,2.986176207095812,3.000200360178781,0.0900360348579663,0.13467218200094067,"{""pairs"": 8192, ""rho_pair"": -0.25578860981113305}"
482f777bd5d7,2026-09-24T15:06:04,nafis,baseline,paper_asian_geo,call,exact,antithetic,{},16384,252,8,4126049017,nn-lotpot_x86_64,2.9739089236736165,0.039091295582960685,2.897291392222004,3.050526455125229,3.000200360178781,0.026291436505164523,0.1352170610007306,"{""pairs"": 8192, ""rho_pair"": -0.26106154200242737}"
96381ba9ab0c,2026-09-24T15:06:04,nafis,baseline,paper_asian_geo,call,exact,antithetic,{},16384,252,9,4015568140,nn-lotpot_x86_64,3.001617460456349,0.039108413272152455,2.924966378950422,3.078268541962276,3.000200360178781,0.0014171002775680286,0.13513682700067875,"{""pairs"": 8192, ""rho_pair"": -0.2645422168236663}"
02f30cd85089,2026-09-24T15:06:04,nafis,baseline,paper_asian_geo,call,exact,antithetic,{},16384,252,10,771460623,nn-lotpot_x86_64,2.969193464858674,0.03894882951849721,2.8928551617624287,3.045531767954919,3.000200360178781,0.03100689532010703,0.1349476780014811,"{""pairs"": 8192, ""rho_pair"": -0.2619074168332513}"
7a594073e3a1,2026-09-24T15:06:04,nafis,baseline,paper_asian_geo,call,exact,antithetic,{},16384,252,11,4152866648,nn-lotpot_x86_64,3.0355203958076338,0.03961846615987604,2.957869629011558,3.1131711626037095,3.000200360178781,0.035320035628852775,0.1349825500001316,"{""pairs"": 8192, ""rho_pair"": -0.26372731504342106}"
d5134bcb5baa,2026-09-24T15:06:04,nafis,baseline,paper_asian_geo,call,exact,antithetic,{},16384,252,12,3232361779,nn-lotpot_x86_64,2.990420919594559,0.03983696334385466,2.9123419061871614,3.0684999330019567,3.000200360178781,0.009779440584221977,0.13529296500018972,"{""pairs"": 8192, ""rho_pair"": -0.25579964464836286}"
b5b08ab9917b,2026-09-24T15:06:04,nafis,baseline,paper_asian_geo,call,exact,antithetic,{},16384,252,13,1626662102,nn-lotpot_x86_64,2.9654998475468304,0.038961772789903315,2.8891361761047873,3.0418635189888734,3.000200360178781,0.03470051263195062,0.1348733769991668,"{""pairs"": 8192, ""rho_pair"": -0.26127056043003416}"
1956e9cfe15b,2026-09-24T15:06:05,nafis,baseline,paper_asian_geo,call,exact,antithetic,{},16384,252,14,3230862161,nn-lotpot_x86_64,3.083666105638179,0.03994132651174872,3.0053825441803967,3.1619496670959615,3.000200360178781,0.08346574545939811,0.13487202000032994,"{""pairs"": 8192, ""rho_pair"": -0.2669421411946369}"
8d919388bc07,2026-09-24T15:06:05,nafis,baseline,paper_asian_geo,call,exact,antithetic,{},16384,252,15,232348703,nn-lotpot_x86_64,3.039734808481848,0.03973427351644626,2.9618570634377495,3.1176125535259462,3.000200360178781,0.03953444830306685,0.13487079100013943,"{""pairs"": 8192, ""rho_pair"": -0.2633163423208066}"
4b71a2201b00,2026-09-24T15:06:05,nafis,baseline,paper_asian_geo,call,exact,antithetic,{},16384,252,16,4128336398,nn-lotpot_x86_64,3.016382100247493,0.04002845408428907,2.9379277718854713,3.094836428609515,3.000200360178781,0.01618174006871209,0.13475096699949063,"{""pairs"": 8192, ""rho_pair"": -0.25745923566577383}"
3cf40f73dc7e,2026-09-24T15:06:05,nafis,baseline,paper_asian_geo,call,exact,antithetic,{},16384,252,17,2315258382,nn-lotpot_x86_64,3.0266420746033615,0.03955500415047632,2.9491156910600957,3.1041684581466273,3.000200360178781,0.026441714424580542,0.13461386999915703,"{""pairs"": 8192, ""rho_pair"": -0.2631913411641609}"
ba764919b20f,2026-09-24T15:06:05,nafis,baseline,paper_asian_geo,call,exact,antithetic,{},16384,252,18,1214676628,nn-lotpot_x86_64,2.9822378615514,0.039612793015370205,2.904598213914235,3.0598775091885653,3.000200360178781,0.017962498627380974,0.13409410799977195,"{""pairs"": 8192, ""rho_pair"": -0.2570722744648994}"
c9c77b2c6bc7,2026-09-24T15:06:05,nafis,baseline,paper_asian_geo,call,exact,antithetic,{},16384,252,19,654499645,nn-lotpot_x86_64,3.0647453809437364,0.03979756521337189,2.9867435864531435,3.1427471754343292,3.000200360178781,0.06454502076495539,0.13496089100044628,"{""pairs"": 8192, ""rho_pair"": -0.2658033165964015}"
46d049973bb8,2026-09-24T15:06:06,nafis,baseline,paper_asian_geo,call,exact,antithetic,{},65536,252,0,240574418,nn-lotpot_x86_64,2.9785244785234504,0.019515958297656972,2.9402739031362572,3.0167750539106435,3.000200360178781,0.02167588165533063,0.5527740459983761,"{""pairs"": 32768, ""rho_pair"": -0.2622676389307724}"
b4d08480a4c5,2026-09-24T15:06:06,nafis,baseline,paper_asian_geo,call,exact,antithetic,{},65536,252,1,2587106903,nn-lotpot_x86_64,3.0244270060815728,0.01982426840042684,2.985572153996881,3.0632818581662646,3.000200360178781,0.024226645902791777,0.553720460000477,"{""pairs"": 32768, ""rho_pair"": -0.2620783748331659}"
3690159b2900,2026-09-24T15:06:07,nafis,baseline,paper_asian_geo,call,exact,antithetic,{},65536,252,2,1211398268,nn-lotpot_x86_64,2.9754468930664655,0.019610589949601957,2.9370108430496624,3.0138829430832685,3.000200360178781,0.02475346711231552,0.5553418289982801,"{""pairs"": 32768, ""rho_pair"": -0.25998478872865594}"
b80ecb6b6200,2026-09-24T15:06:08,nafis,baseline,paper_asian_geo,call,exact,antithetic,{},65536,252,3,2675027120,nn-lotpot_x86_64,2.9914708022966554,0.019525129705977404,2.9532022512794667,3.029739353313844,3.000200360178781,0.008729557882125594,0.5527761470002588,"{""pairs"": 32768, ""rho_pair"": -0.26371709187983405}"
6cb25d73a827,2026-09-24T15:06:08,nafis,baseline,paper_asian_geo,call,exact,antithetic,{},65536,252,4,1595803988,nn-lotpot_x86_64,3.002909123046887,0.019818918104840558,2.9640647573488508,3.0417534887449236,3.000200360178781,0.0027087628681061737,0.5543011780009692,"{""pairs"": 32768, ""rho_pair"": -0.25944725376284344}"
f8f834b0b4f9,2026-09-24T15:06:09,nafis,baseline,paper_asian_geo,call,exact,antithetic,{},65536,252,5,3732486784,nn-lotpot_x86_64,2.989288322970911,0.019837934988903308,2.9504066848650137,3.0281699610768085,3.000200360178781,0.010912037207869929,0.5546303819992318,"{""pairs"": 32768, ""rho_pair"": -0.257321425746197}"
f7f784fa8ec9,2026-09-24T15:06:09,nafis,baseline,paper_asian_geo,call,exact,antithetic,{},65536,252,6,1130957362,nn-lotpot_x86_64,3.0189498588501924,0.01977950333219735,2.9801827446869957,3.057716973013389,3.000200360178781,0.018749498671411402,0.5535085139999865,"{""pairs"": 32768, ""rho_pair"": -0.2622731917853309}"
a8ebfe6e01f6,2026-09-24T15:06:10,nafis,baseline,paper_asian_geo,call,exact,antithetic,{},65536,252,7,3119077946,nn-lotpot_x86_64,3.0093118933558993,0.01986861259950905,2.9703701282380828,3.048253658473716,3.000200360178781,0.009111533177118325,0.5528831999999966,"{""pairs"": 32768, ""rho_pair"": -0.2592965182756929}"
ff509f9bc75d,2026-09-24T15:06:10,nafis,baseline,paper_asian_geo,call,exact,antithetic,{},65536,252,8,4250319228,nn-lotpot_x86_64,2.9919142341841085,0.019748801858528647,2.9532072938035747,3.0306211745646423,3.000200360178781,0.008286125994672489,0.5552181020011631,"{""pairs"": 32768, ""rho_pair"": -0.25939744215619714}"
428c32eaa186,2026-09-24T15:06:11,nafis,baseline,paper_asian_geo,call,exact,antithetic,{},65536,252,9,2888278294,nn-lotpot_x86_64,3.0066838622174177,0.019814370260746828,2.967848410130012,3.045519314304823,3.000200360178781,0.006483502038636679,0.5551930189994891,"{""pairs"": 32768, ""rho_pair"": -0.2600041736575011}"
e24c506edc93,2026-09-24T15:06:11,nafis,baseline,paper_asian_geo,call,exact,antithetic,{},65536,252,10,3211941858,nn-lotpot_x86_64,2.9770483006617043,0.019531897676838144,2.93876648466538,3.0153301166580286,3.000200360178781,0.023152059517076662,0.5540512970001146,"{""pairs"": 32768, ""rho_pair"": -0.2617772215321981}"
cdf78a773593,2026-09-24T15:06:12,nafis,baseline,paper_asian_geo,call,exact,antithetic,{},65536,252,11,2084363741,nn-lotpot_x86_64,2.9892156515264205,0.01975998251002397,2.950486797471632,3.027944505581209,3.000200360178781,0.010984708652360453,0.5534810059998563,"{""pairs"": 32768, ""rho_pair"": -0.258822651211259}"
044b12eca86d,2026-09-24T15:06:13,nafis,baseline,paper_asian_geo,call,exact,antithetic,{},65536,252,12,3775942863,nn-lotpot_x86_64,3.002796818802718,0.019862883662013057,2.9638662821960633,3.041727355409373,3.000200360178781,0.0025964586239370924,0.5542181069995422,"{""pairs"": 32768, ""rho_pair"": -0.2585681795016725}"
b2b2ae039a68,2026-09-24T15:06:13,nafis,baseline,paper_asian_geo,call,exact,antithetic,{},65536,252,13,3900772478,nn-lotpot_x86_64,2.9802736117161084,0.019569767623548916,2.9419175719881343,3.0186296514440825,3.000200360178781,0.019926748462672617,0.5550188509987493,"{""pairs"": 32768, ""rho_pair"": -0.2613978554615082}"
438826716e2b,2026-09-24T15:06:14,nafis,baseline,paper_asian_geo,call,exact,antithetic,{},65536,252,14,1222037179,nn-lotpot_x86_64,3.0167114626780904,0.01971662390972666,2.9780675899183047,3.055355335437876,3.000200360178781,0.016511102499309427,0.5565936970015173,"{""pairs"": 32768, ""rho_pair"": -0.2632007242527229}"
0072381227e4,2026-09-24T15:06:14,nafis,baseline,paper_asian_geo,call,exact,antithetic,{},65536,252,15,3271256182,nn-lotpot_x86_64,3.042561570605007,0.01991920780394141,3.0035206407087127,3.081602500501301,3.000200360178781,0.04236121042622587,0.5544918129999132,"{""pairs"": 32768, ""rho_pair"": -0.2625374696288501}"
9666e63d0477,2026-09-24T15:06:15,nafis,baseline,paper_asian_geo,call,exact,antithetic,{},65536,252,16,1533814062,nn-lotpot_x86_64,3.0208082407041537,0.019782244604925225,2.9820357537451385,3.059580727663169,3.000200360178781,0.020607880525372657,0.554577557999437,"{""pairs"": 32768, ""rho_pair"": -0.2624426222036872}"
73bae048c1b2,2026-09-24T15:06:15,nafis,baseline,paper_asian_geo,call,exact,antithetic,{},65536,252,17,2095473901,nn-lotpot_x86_64,2.971252618792191,0.01953742238589509,2.9329599745650903,3.009545263019292,3.000200360178781,0.028947741386589954,0.5531371480010421,"{""pairs"": 32768, ""rho_pair"": -0.2608461442026546}"
d643a16b3cbb,2026-09-24T15:06:16,nafis,baseline,paper_asian_geo,call,exact,antithetic,{},65536,252,18,1172929687,nn-lotpot_x86_64,2.999882912835119,0.01964544288766456,2.961378552314958,3.03838727335528,3.000200360178781,0.000317447343662014,0.5583708279991697,"{""pairs"": 32768, ""rho_pair"": -0.26241962897612137}"
4fa6b4435074,2026-09-24T15:06:16,nafis,baseline,paper_asian_geo,call,exact,antithetic,{},65536,252,19,829082238,nn-lotpot_x86_64,3.0002504791644427,0.019763407146918755,2.9615149129446805,3.038986045384205,3.000200360178781,5.0118985661651294e-05,0.5554324249987985,"{""pairs"": 32768, ""rho_pair"": -0.26016912952919835}"
3a1f70cfefbc,2026-09-24T15:06:16,nafis,baseline,paper_asian_geo,put,exact,plain,{},256,252,0,3622245379,nn-lotpot_x86_64,6.9863049615138815,0.4861809934187206,6.033407724445284,7.939202198582479,6.707761816058606,0.27854314545527536,0.0024637900005473057,
b2725809cc47,2026-09-24T15:06:16,nafis,baseline,paper_asian_geo,put,exact,plain,{},256,252,1,147867997,nn-lotpot_x86_64,6.830754170700404,0.45221506258488947,5.944428934767494,7.717079406633314,6.707761816058606,0.1229923546417977,0.002439272000628989,
a36e33e65b14,2026-09-24T15:06:16,nafis,baseline,paper_asian_geo,put,exact,plain,{},256,252,2,3551832635,nn-lotpot_x86_64,7.777594487811858,0.47607381237834023,6.844506961567633,8.710682014056085,6.707761816058606,1.069832671753252,0.0025055980004253797,
0e8724b3f8a6,2026-09-24T15:06:16,nafis,baseline,paper_asian_geo,put,exact,plain,{},256,252,3,1466945304,nn-lotpot_x86_64,6.690196514182249,0.46756231371548945,5.773791218771672,7.606601809592826,6.707761816058606,0.017565301876357076,0.0024057890004769433,
da866688c46d,2026-09-24T15:06:16,nafis,baseline,paper_asian_geo,put,exact,plain,{},256,252,4,1502704411,nn-lotpot_x86_64,6.930895444268752,0.5135145733257338,5.924425375013861,7.937365513523643,6.707761816058606,0.22313362821014593,0.002389254001172958,
06bde127b9c5,2026-09-24T15:06:16,nafis,baseline,paper_asian_geo,put,exact,plain,{},256,252,5,404090663,nn-lotpot_x86_64,7.137702154439944,0.5133085267862717,6.131635928981538,8.14376837989835,6.707761816058606,0.42994033838133827,0.002365800999541534,
e3efe871bf58,2026-09-24T15:06:16,nafis,baseline,paper_asian_geo,put,exact,plain,{},256,252,6,697810302,nn-lotpot_x86_64,5.96262407904514,0.4426340191974295,5.0950773430859675,6.830170815004313,6.707761816058606,0.745137737013466,0.0023963000003277557,
829d8c56e0f9,2026-09-24T15:06:16,nafis,baseline,paper_asian_geo,put,exact,plain,{},256,252,7,3757602210,nn-lotpot_x86_64,6.987475174173166,0.45269463444182145,6.100209994672671,7.874740353673662,6.707761816058606,0.27971335811456033,0.0023870099994383054,
32838d13d26e,2026-09-24T15:06:16,nafis,baseline,paper_asian_geo,put,exact,plain,{},256,252,8,4240727751,nn-lotpot_x86_64,6.823462922720016,0.43476657739062763,5.97133608935264,7.675589756087392,6.707761816058606,0.11570110666140998,0.0023963420007930836,
ad4f09c55d42,2026-09-24T15:06:16,nafis,baseline,paper_asian_geo,put,exact,plain,{},256,252,9,3898496089,nn-lotpot_x86_64,6.679121137876811,0.4780621097749904,5.742136620344596,7.616105655409026,6.707761816058606,0.028640678181795387,0.002391011999861803,
3974e67c1dc3,2026-09-24T15:06:16,nafis,baseline,paper_asian_geo,put,exact,plain,{},256,252,10,1974811877,nn-lotpot_x86_64,6.713359317527027,0.4593271103586681,5.813094724101183,7.613623910952872,6.707761816058606,0.0055975014684213065,0.0023917180005810224,
5296be8f067b,2026-09-24T15:06:16,nafis,baseline,paper_asian_geo,put,exact,plain,{},256,252,11,3342077511,nn-lotpot_x86_64,6.756273234343134,0.49631552698463144,5.783512676485239,7.7290337922010295,6.707761816058606,0.04851141828452832,0.002376398999331286,
c67ed9434784,2026-09-24T15:06:16,nafis,baseline,paper_asian_geo,put,exact,plain,{},256,252,12,2782974881,nn-lotpot_x86_64,6.4241239957226615,0.4485532177029697,5.544975843875287,7.303272147570036,6.707761816058606,0.28363782033594465,0.0023721699999441626,
4ea9b531b894,2026-09-24T15:06:16,nafis,baseline,paper_asian_geo,put,exact,plain,{},256,252,13,1915298959,nn-lotpot_x86_64,6.542796118895668,0.46135012092298566,5.638566497623417,7.447025740167918,6.707761816058606,0.16496569716293852,0.0024077030011540046,
4d695d4d9f61,2026-09-24T15:06:16,nafis,baseline,paper_asian_geo,put,exact,plain,{},256,252,14,2183436770,nn-lotpot_x86_64,6.834274175166543,0.4621756298188333,5.928426586189514,7.740121764143573,6.707761816058606,0.12651235910793712,0.0024152860005415278,
46e66cdb3eaf,2026-09-24T15:06:16,nafis,baseline,paper_asian_geo,put,exact,plain,{},256,252,15,2564732764,nn-lotpot_x86_64,6.324009866971354,0.43021162631615084,5.4808105736612935,7.167209160281414,6.707761816058606,0.3837519490872525,0.002370569000049727,
ae9c71692ceb,2026-09-24T15:06:16,nafis,baseline,paper_asian_geo,put,exact,plain,{},256,252,16,1659404019,nn-lotpot_x86_64,6.841978356274632,0.45773995411986085,5.944824531914688,7.739132180634576,6.707761816058606,0.13421654021602603,0.0023796350014890777,
6b2d1bbfe85e,2026-09-24T15:06:16,nafis,baseline,paper_asian_geo,put,exact,plain,{},256,252,17,3776295815,nn-lotpot_x86_64,5.645307191936922,0.42024350637601804,4.821645054703098,6.468969329170746,6.707761816058606,1.062454624121684,0.002390611998634995,
5143faeada3f,2026-09-24T15:06:16,nafis,baseline,paper_asian_geo,put,exact,plain,{},256,252,18,3463654061,nn-lotpot_x86_64,6.921061486219534,0.45086303350138934,6.037386178596335,7.804736793842733,6.707761816058606,0.21329967016092777,0.0023926880003273254,
80ac1dfc0752,2026-09-24T15:06:16,nafis,baseline,paper_asian_geo,put,exact,plain,{},256,252,19,4145229840,nn-lotpot_x86_64,5.972251177789024,0.4288983302906008,5.131625897390082,6.812876458187967,6.707761816058606,0.7355106382695817,0.0023859070006437832,
b5431904d2d1,2026-09-24T15:06:16,nafis,baseline,paper_asian_geo,put,exact,plain,{},1024,252,0,3019621784,nn-lotpot_x86_64,6.285254092788294,0.22615905845972223,5.84199048342975,6.728517702146838,6.707761816058606,0.4225077232703125,0.00943100399854302,
6f411bacc48b,2026-09-24T15:06:16,nafis,baseline,paper_asian_geo,put,exact,plain,{},1024,252,1,1872603271,nn-lotpot_x86_64,6.8515319092709674,0.2301602520874217,6.400426104506961,7.302637714034974,6.707761816058606,0.14377009321236134,0.009275700000216602,
27f31575f670,2026-09-24T15:06:16,nafis,baseline,paper_asian_geo,put,exact,plain,{},1024,252,2,2911749205,nn-lotpot_x86_64,6.669312916551396,0.23076413440105198,6.217023524201774,7.121602308901019,6.707761816058606,0.038448899507209866,0.009404857000845368,
45524e38dc05,2026-09-24T15:06:16,nafis,baseline,paper_asian_geo,put,exact,plain,{},1024,252,3,3201160235,nn-lotpot_x86_64,6.968848041923424,0.2394745236763927,6.49948660030281,7.438209483544038,6.707761816058606,0.2610862258648181,0.009324638998805312,
15974fbc359a,2026-09-24T15:06:16,nafis,baseline,paper_asian_geo,put,exact,plain,{},1024,252,4,734155537,nn-lotpot_x86_64,6.787095585921746,0.24438010000749621,6.3081193913687565,7.266071780474735,6.707761816058606,0.07933376986313956,0.009376283000165131,
a2babb751657,2026-09-24T15:06:17,nafis,baseline,paper_asian_geo,put,exact,plain,{},1024,252,5,388104393,nn-lotpot_x86_64,6.955790867504592,0.24384270521771984,6.477867947385044,7.43371378762414,6.707761816058606,0.24802905144598597,0.009434420000616228,
92665e8b99ed,2026-09-24T15:06:17,nafis,baseline,paper_asian_geo,put,exact,plain,{},1024,252,6,2148807350,nn-lotpot_x86_64,6.5905237650778545,0.2269184605322917,6.1457717550072894,7.03527577514842,6.707761816058606,0.11723805098075157,0.009319213999333442,
60b6683e6ec2,2026-09-24T15:06:17,nafis,baseline,paper_asian_geo,put,exact,plain,{},1024,252,7,2669198537,nn-lotpot_x86_64,6.359845855000817,0.2363509113182827,5.896606581103763,6.823085128897871,6.707761816058606,0.3479159610577893,0.009369479999804753,
c14e3d19d044,2026-09-24T15:06:17,nafis,baseline,paper_asian_geo,put,exact,plain,{},1024,252,8,746546885,nn-lotpot_x86_64,6.781557501328622,0.23566933185097805,6.319654098640086,7.243460904017157,6.707761816058606,0.07379568527001545,0.009279113999582478,
93092d3184db,2026-09-24T15:06:17,nafis,baseline,paper_asian_geo,put,exact,plain,{},1024,252,9,1723028149,nn-lotpot_x86_64,6.819156988183049,0.23566810489000375,6.357255990293834,7.2810579860722635,6.707761816058606,0.11139517212444261,0.009273345000110567,
e6e4aa4a4e8c,2026-09-24T15:06:17,nafis,baseline,paper_asian_geo,put,exact,plain,{},1024,252,10,1117936249,nn-lotpot_x86_64,6.80562545128779,0.2373483233797444,6.340431285672525,7.270819616903055,6.707761816058606,0.09786363522918418,0.009403891999681946,
f0fd8b3e370c,2026-09-24T15:06:17,nafis,baseline,paper_asian_geo,put,exact,plain,{},1024,252,11,594897293,nn-lotpot_x86_64,6.983420088042637,0.23903527436945055,6.514919559243864,7.45192061684141,6.707761816058606,0.2756582719840308,0.009362517999761621,
736a84753b32,2026-09-24T15:06:17,nafis,baseline,paper_asian_geo,put,exact,plain,{},1024,252,12,2531539632,nn-lotpot_x86_64,6.36948952282779,0.23536520987543913,5.908182188258218,6.830796857397361,6.707761816058606,0.3382722932308164,0.00935160100016219,
f3db9baeb649,2026-09-24T15:06:17,nafis,baseline,paper_asian_geo,put,exact,plain,{},1024,252,13,2061214799,nn-lotpot_x86_64,6.386055559194039,0.2246049145977707,5.945838015831714,6.826273102556365,6.707761816058606,0.3217062568645668,0.009403624000697164,
5a385219aa7b,2026-09-24T15:06:17,nafis,baseline,paper_asian_geo,put,exact,plain,{},1024,252,14,306376573,nn-lotpot_x86_64,6.672835827190587,0.23972726092445268,6.202979029666224,7.14269262471495,6.707761816058606,0.0349259888680189,0.009313702999861562,
d940501d79ac,2026-09-24T15:06:17,nafis,baseline,paper_asian_geo,put,exact,plain,{},1024,252,15,1458156541,nn-lotpot_x86_64,6.717400211125376,0.2316164907128112,6.26344023110271,7.171360191148042,6.707761816058606,0.009638395066770222,0.009402479001437314,
562fff03807c,2026-09-24T15:06:17,nafis,baseline,paper_asian_geo,put,exact,plain,{},1024,252,16,3817893682,nn-lotpot_x86_64,6.784634850999597,0.24315340598536425,6.308062932550037,7.261206769449156,6.707761816058606,0.07687303494099051,0.009435250000024098,
6e2244ece125,2026-09-24T15:06:17,nafis,baseline,paper_asian_geo,put,exact,plain,{},1024,252,17,2285899392,nn-lotpot_x86_64,6.793348106920704,0.23258459497863299,6.337490677403748,7.24920553643766,6.707761816058606,0.08558629086209812,0.009383853999679559,
1db5de909bc4,2026-09-24T15:06:17,nafis,baseline,paper_asian_geo,put,exact,plain,{},1024,252,18,923727305,nn-lotpot_x86_64,6.6892409893062945,0.23094280360927577,6.236601411743408,7.141880566869181,6.707761816058606,0.018520826752311592,0.00938566300101229,
5274d3005c31,2026-09-24T15:06:17,nafis,baseline,paper_asian_geo,put,exact,plain,{},1024,252,19,2952249210,nn-lotpot_x86_64,6.675553649901408,0.22577702297216493,6.233038816339293,7.1180684834635235,6.707761816058606,0.032208166157198015,0.00924467599907075,
2ba9cac74924,2026-09-24T15:06:17,nafis,baseline,paper_asian_geo,put,exact,plain,{},4096,252,0,526182316,nn-lotpot_x86_64,6.6719524140292386,0.1161334153157543,6.444335102608727,6.89956972544975,6.707761816058606,0.035809402029367554,0.03919416399912734,
0af178cfbcd6,2026-09-24T15:06:17,nafis,baseline,paper_asian_geo,put,exact,plain,{},4096,252,1,398399475,nn-lotpot_x86_64,6.815599689389772,0.11581036889355069,6.588615537322115,7.042583841457429,6.707761816058606,0.10783787333116557,0.03736190000017814,
b40116e00a48,2026-09-24T15:06:17,nafis,baseline,paper_asian_geo,put,exact,plain,{},4096,252,2,1440806421,nn-lotpot_x86_64,6.810929158385049,0.11776807899725678,6.580107965021957,7.04175035174814,6.707761816058606,0.10316734232644276,0.03772189899973455,
1901736865c0,2026-09-24T15:06:17,nafis,baseline,paper_asian_geo,put,exact,plain,{},4096,252,3,1769331288,nn-lotpot_x86_64,6.701435962532686,0.11574177861360246,6.474586244943416,6.928285680121955,6.707761816058606,0.006325853525920522,0.03749792899907334,
782075880919,2026-09-24T15:06:17,nafis,baseline,paper_asian_geo,put,exact,plain,{},4096,252,4,3695125757,nn-lotpot_x86_64,6.821370280691987,0.11842865046116238,6.589254391050426,7.053486170333548,6.707761816058606,0.11360846463338081,0.037517284999921685,
9a523b882787,2026-09-24T15:06:17,nafis,baseline,paper_asian_geo,put,exact,plain,{},4096,252,5,2432421713,nn-lotpot_x86_64,6.734354113676636,0.11643337080167998,6.506148900306745,6.9625593270465265,6.707761816058606,0.026592297618029725,0.03804694399877917,
162288ec42bb,2026-09-24T15:06:17,nafis,baseline,paper_asian_geo,put,exact,plain,{},4096,252,6,667409631,nn-lotpot_x86_64,6.775867673680272,0.11840557335853819,6.543797014328722,7.007938333031823,6.707761816058606,0.06810585762166621,0.03789028699975461,
a047525abdd1,2026-09-24T15:06:17,nafis,baseline,paper_asian_geo,put,exact,plain,{},4096,252,7,842004125,nn-lotpot_x86_64,6.6962254049056105,0.11456133412552506,6.471689315998722,6.920761493812499,6.707761816058606,0.01153641115299564,0.03748343599909276,
c75fc956a097,2026-09-24T15:06:17,nafis,baseline,paper_asian_geo,put,exact,plain,{},4096,252,8,2756270864,nn-lotpot_x86_64,6.474938187963216,0.11518093163778992,6.249187710247378,6.7006886656790545,6.707761816058606,0.2328236280953897,0.037752520000140066,
c208fd10dbea,2026-09-24T15:06:17,nafis,baseline,paper_asian_geo,put,exact,plain,{},4096,252,9,1610740236,nn-lotpot_x86_64,6.605564847410869,0.11659849104703049,6.377036004306973,6.834093690514765,6.707761816058606,0.10219696864773731,0.037518615999942995,
7516e0bae171,2026-09-24T15:06:17,nafis,baseline,paper_asian_geo,put,exact,plain,{},4096,252,10,1551207649,nn-lotpot_x86_64,6.813567283818172,0.1166271876250086,6.584982196454959,7.042152371181384,6.707761816058606,0.10580546775956545,0.03741772099965601,
3e263133f594,2026-09-24T15:06:17,nafis,baseline,paper_asian_geo,put,exact,plain,{},4096,252,11,901872012,nn-lotpot_x86_64,6.775319831837039,0.11658169478116068,6.546823908809323,7.003815754864755,6.707761816058606,0.06755801577843279,0.03783603400006541,
3e91d28b6f94,2026-09-24T15:06:17,nafis,baseline,paper_asian_geo,put,exact,plain,{},4096,252,12,3625584780,nn-lotpot_x86_64,6.695541401136639,0.11698249016087914,6.466259933599504,6.924822868673774,6.707761816058606,0.012220414921967127,0.03757598499942105,
f520080cb5ab,2026-09-24T15:06:17,nafis,baseline,paper_asian_geo,put,exact,plain,{},4096,252,13,236140725,nn-lotpot_x86_64,6.658128932366275,0.11582026724204655,6.43112537989206,6.885132484840491,6.707761816058606,0.049632883692330765,0.03757775799931551,
1c4ca0b5f130,2026-09-24T15:06:17,nafis,baseline,paper_asian_geo,put,exact,plain,{},4096,252,14,2376170799,nn-lotpot_x86_64,6.499338504389194,0.11575693196933232,6.27245908676845,6.726217922009939,6.707761816058606,0.20842331166941186,0.037440902000525966,
1ccf99ae6584,2026-09-24T15:06:17,nafis,baseline,paper_asian_geo,put,exact,plain,{},4096,252,15,1697852793,nn-lotpot_x86_64,6.695007374938125,0.11534643401891845,6.46893251851592,6.921082231360331,6.707761816058606,0.012754441120480742,0.0377774379994662,
efd07da6be29,2026-09-24T15:06:17,nafis,baseline,paper_asian_geo,put,exact,plain,{},4096,252,16,3076085268,nn-lotpot_x86_64,6.677466892440389,0.11613644914674,6.449843634820411,6.905090150060367,6.707761816058606,0.030294923618217062,0.03735613199933141,
804b7e08c35c,2026-09-24T15:06:17,nafis,baseline,paper_asian_geo,put,exact,plain,{},4096,252,17,506470970,nn-lotpot_x86_64,6.6443751949064485,0.11531536827292761,6.418361226227537,6.87038916358536,6.707761816058606,0.06338662115215765,0.03756514700035041,
e595adc6bc51,2026-09-24T15:06:17,nafis,baseline,paper_asian_geo,put,exact,plain,{},4096,252,18,129524558,nn-lotpot_x86_64,6.473852488394526,0.11422211529255685,6.2499812561831325,6.697723720605919,6.707761816058606,0.23390932766408046,0.037630894001267734,
e8b2b227a145,2026-09-24T15:06:17,nafis,baseline,paper_asian_geo,put,exact,plain,{},4096,252,19,416838097,nn-lotpot_x86_64,6.668460525720077,0.11527514376080676,6.442525395636219,6.894395655803935,6.707761816058606,0.03930129033852925,0.03740860800098744,
6dff29b8e877,2026-09-24T15:06:18,nafis,baseline,paper_asian_geo,put,exact,plain,{},16384,252,0,3239296580,nn-lotpot_x86_64,6.746342713468817,0.05863254169457191,6.631425043425413,6.861260383512221,6.707761816058606,0.038580897410210646,0.15977329300039855,
f4c1de45f240,2026-09-24T15:06:18,nafis,baseline,paper_asian_geo,put,exact,plain,{},16384,252,1,1009017404,nn-lotpot_x86_64,6.731459672996651,0.058200873985129596,6.6173880561170435,6.845531289876259,6.707761816058606,0.02369785693804527,0.16222240299975965,
432010de83e2,2026-09-24T15:06:18,nafis,baseline,paper_asian_geo,put,exact,plain,{},16384,252,2,709026339,nn-lotpot_x86_64,6.674053937860062,0.05815541531290042,6.560071418340808,6.788036457379317,6.707761816058606,0.03370787819854382,0.16313807099868427,
4055574cc1cc,2026-09-24T15:06:18,nafis,baseline,paper_asian_geo,put,exact,plain,{},16384,252,3,3412397780,nn-lotpot_x86_64,6.689178886903025,0.0579974341917409,6.575506004691481,6.802851769114569,6.707761816058606,0.01858292915558124,0.16376227099863172,
0cbae666d4b9,2026-09-24T15:06:18,nafis,baseline,paper_asian_geo,put,exact,plain,{},16384,252,4,1964495556,nn-lotpot_x86_64,6.797026606271092,0.05851528533134103,6.682338754476579,6.911714458065605,6.707761816058606,0.08926479021248568,0.16238051599975734,
343f2f66086e,2026-09-24T15:06:18,nafis,baseline,paper_asian_geo,put,exact,plain,{},16384,252,5,3828863317,nn-lotpot_x86_64,6.7366977413439075,0.05851586836788909,6.622008746818758,6.851386735869057,6.707761816058606,0.028935925285301423,0.1619424960008473,
da13a657995e,2026-09-24T15:06:19,nafis,baseline,paper_asian_geo,put,exact,plain,{},16384,252,6,2908247580,nn-lotpot_x86_64,6.770044083858366,0.05793249025526534,6.656498489423329,6.883589678293403,6.707761816058606,0.06228226779975987,0.16232291599953896,
a466a2f8239b,2026-09-24T15:06:19,nafis,baseline,paper_asian_geo,put,exact,plain,{},16384,252,7,3120125075,nn-lotpot_x86_64,6.754329436562786,0.057978893128604374,6.640692894167225,6.867965978958347,6.707761816058606,0.04656762050418006,0.16273671199996897,
f3b19fa78ffb,2026-09-24T15:06:19,nafis,baseline,paper_asian_geo,put,exact,plain,{},16384,252,8,1678105048,nn-lotpot_x86_64,6.683770333646082,0.058179726628815306,6.5697401648232185,6.797800502468946,6.707761816058606,0.0239914824125238,0.16300767000029737,
bca19c694a32,2026-09-24T15:06:19,nafis,baseline,paper_asian_geo,put,exact,plain,{},16384,252,9,1997577368,nn-lotpot_x86_64,6.732883071297805,0.05871196477169946,6.61780973488369,6.84795640771192,6.707761816058606,0.02512125523919906,0.16199489899918262,
78915424748a,2026-09-24T15:06:19,nafis,baseline,paper_asian_geo,put,exact,plain,{},16384,252,10,2641390583,nn-lotpot_x86_64,6.642066625910292,0.0580740364953579,6.528243605942526,6.755889645878058,6.707761816058606,0.06569519014831382,0.1622978969990072,
9242fc6ad8a1,2026-09-24T15:06:19,nafis,baseline,paper_asian_geo,put,exact,plain,{},16384,252,11,3728247634,nn-lotpot_x86_64,6.708496446460283,0.05809401487529234,6.594634269587376,6.822358623333191,6.707761816058606,0.0007346304016770944,0.16217104499992274,
51081d40e5ab,2026-09-24T15:06:20,nafis,baseline,paper_asian_geo,put,exact,plain,{},16384,252,12,1431022597,nn-lotpot_x86_64,6.69601668398658,0.05822083333115757,6.581905947507601,6.810127420465558,6.707761816058606,0.011745132072026543,0.1618929640007991,
8ec53a15eb06,2026-09-24T15:06:20,nafis,baseline,paper_asian_geo,put,exact,plain,{},16384,252,13,3382258919,nn-lotpot_x86_64,6.752390322045828,0.05815971352011981,6.638399378195226,6.866381265896431,6.707761816058606,0.04462850598722223,0.16253080000024056,
ffc080124abd,2026-09-24T15:06:20,nafis,baseline,paper_asian_geo,put,exact,plain,{},16384,252,14,3342656322,nn-lotpot_x86_64,6.724784022927163,0.058416544789573796,6.6102896990383275,6.839278346815998,6.707761816058606,0.017022206868556822,0.1626912869996886,
123a388348be,2026-09-24T15:06:20,nafis,baseline,paper_asian_geo,put,exact,plain,{},16384,252,15,2070867932,nn-lotpot_x86_64,6.732555621663614,0.05843750859304831,6.61802020947499,6.847091033852239,6.707761816058606,0.024793805605008323,0.1623458939993725,
93e8bc8eb410,2026-09-24T15:06:20,nafis,baseline,paper_asian_geo,put,exact,plain,{},16384,252,16,3051564538,nn-lotpot_x86_64,6.736014940174514,0.058369407073241925,6.621613004512002,6.850416875837026,6.707761816058606,0.02825312411590808,0.16244654199908837,
91e41a24c50f,2026-09-24T15:06:20,nafis,baseline,paper_asian_geo,put,exact,plain,{},16384,252,17,2308544571,nn-lotpot_x86_64,6.6047171900036705,0.05765716899072063,6.491711215331319,6.7177231646760225,6.707761816058606,0.10304462605493558,0.16210809399854043,
f29ed240bde8,2026-09-24T15:06:21,nafis,baseline,paper_asian_geo,put,exact,plain,{},16384,252,18,3167707305,nn-lotpot_x86_64,6.782832958236427,0.05821445662565594,6.668734719870573,6.8969311966022815,6.707761816058606,0.07507114217782096,0.16223999000067124,
a5acaff6afa2,2026-09-24T15:06:21,nafis,baseline,paper_asian_geo,put,exact,plain,{},16384,252,19,475697279,nn-lotpot_x86_64,6.63122928510232,0.05775359580577469,6.518034317345318,6.7444242528593215,6.707761816058606,0.07653253095628632,0.16282257700004266,
0a8289ae1b0c,2026-09-24T15:06:21,nafis,baseline,paper_asian_geo,put,exact,plain,{},65536,252,0,180582597,nn-lotpot_x86_64,6.753490652505596,0.029255681091109063,6.696150571223833,6.81083073378736,6.707761816058606,0.04572883644699033,0.6657480569992913,
340c59b93e3a,2026-09-24T15:06:22,nafis,baseline,paper_asian_geo,put,exact,plain,{},65536,252,1,460907333,nn-lotpot_x86_64,6.717868511170417,0.029234411479612584,6.660570117561153,6.775166904779682,6.707761816058606,0.01010669511181117,0.650077981999857,
ffb744d9a91f,2026-09-24T15:06:23,nafis,baseline,paper_asian_geo,put,exact,plain,{},65536,252,2,366904408,nn-lotpot_x86_64,6.664343140543615,0.02899684090071892,6.607510376712767,6.721175904374462,6.707761816058606,0.043418675514991456,0.6620311259994196,
1b0795fde717,2026-09-24T15:06:23,nafis,baseline,paper_asian_geo,put,exact,plain,{},65536,252,3,2746840610,nn-lotpot_x86_64,6.701481189112446,0.029031049323590262,6.644581378004803,6.758381000220089,6.707761816058606,0.006280626946160162,0.6513084170001093,
8a395c953f3e,2026-09-24T15:06:24,nafis,baseline,paper_asian_geo,put,exact,plain,{},65536,252,4,724048724,nn-lotpot_x86_64,6.678507096483867,0.029123977780602793,6.621425148947341,6.735589044020393,6.707761816058606,0.02925471957473924,0.6506151939993288,
40915f8b0867,2026-09-24T15:06:25,nafis,baseline,paper_asian_geo,put,exact,plain,{},65536,252,5,3258239991,nn-lotpot_x86_64,6.753495494873866,0.029238475140899615,6.696189136634834,6.810801853112899,6.707761816058606,0.04573367881526025,0.6615902030007419,
00bbeff08504,2026-09-24T15:06:25,nafis,baseline,paper_asian_geo,put,exact,plain,{},65536,252,6,504181196,nn-lotpot_x86_64,6.728748060934927,0.0292880909819378,6.6713444574343965,6.786151664435457,6.707761816058606,0.020986244876320725,0.6481492289985908,
334a83379809,2026-09-24T15:06:26,nafis,baseline,paper_asian_geo,put,exact,plain,{},65536,252,7,309958389,nn-lotpot_x86_64,6.751505319375567,0.029133050320969196,6.694405589986674,6.808605048764459,6.707761816058606,0.04374350331696064,0.6490924899990205,
bbb63529ac0d,2026-09-24T15:06:27,nafis,baseline,paper_asian_geo,put,exact,plain,{},65536,252,8,3862988320,nn-lotpot_x86_64,6.674127970193194,0.029021094856313722,6.617247669482898,6.731008270903489,6.707761816058606,0.033633845865412404,0.6488750759999675,
0a88d46cdc8c,2026-09-24T15:06:27,nafis,baseline,paper_asian_geo,put,exact,plain,{},65536,252,9,1550551280,nn-lotpot_x86_64,6.718637340323635,0.029073990280795933,6.661653366486408,6.775621314160863,6.707761816058606,0.010875524265029135,0.6492797890005022,
c6e120c785e3,2026-09-24T15:06:28,nafis,baseline,paper_asian_geo,put,exact,plain,{},65536,252,10,1822229987,nn-lotpot_x86_64,6.6872706891455875,0.029089667619705252,6.630255988288725,6.74428539000245,6.707761816058606,0.020491126913018576,0.6483843969999725,
476f84ae6907,2026-09-24T15:06:29,nafis,baseline,paper_asian_geo,put,exact,plain,{},65536,252,11,1649001714,nn-lotpot_x86_64,6.731490998203764,0.02917735904721437,6.67430442530723,6.7886775711002985,6.707761816058606,0.023729182145157957,0.6495568490008736,
c6743a266ee3,2026-09-24T15:06:29,nafis,baseline,paper_asian_geo,put,exact,plain,{},65536,252,12,1872100308,nn-lotpot_x86_64,6.715529514937167,0.029223800963618724,6.6582519175571075,6.772807112317226,6.707761816058606,0.007767698878560658,0.6504577879986755,
50fd989c98eb,2026-09-24T15:06:30,nafis,baseline,paper_asian_geo,put,exact,plain,{},65536,252,13,3333882590,nn-lotpot_x86_64,6.714991326424877,0.02912053683777013,6.657916123012376,6.772066529837378,6.707761816058606,0.0072295103662707305,0.6557006359998923,
ce342ceb5b21,2026-09-24T15:06:30,nafis,baseline,paper_asian_geo,put,exact,plain,{},65536,252,14,2341746763,nn-lotpot_x86_64,6.703120435982804,0.029001179085423615,6.646279169466177,6.759961702499431,6.707761816058606,0.004641380075802282,0.6587064110008214,
de5e426a26f4,2026-09-24T15:06:31,nafis,baseline,paper_asian_geo,put,exact,plain,{},65536,252,15,4266174187,nn-lotpot_x86_64,6.73359230688685,0.02912658727395461,6.676505244837336,6.790679368936364,6.707761816058606,0.025830490828243846,0.6496266220001417,
4087415f2a48,2026-09-24T15:06:32,nafis,baseline,paper_asian_geo,put,exact,plain,{},65536,252,16,1539461374,nn-lotpot_x86_64,6.675565518493274,0.02905747038759581,6.618613923051747,6.732517113934801,6.707761816058606,0.032196297565332266,0.6482636870005081,
b468bb3c60eb,2026-09-24T15:06:32,nafis,baseline,paper_asian_geo,put,exact,plain,{},65536,252,17,2863022587,nn-lotpot_x86_64,6.736405360255356,0.029167978119064835,6.679237173640137,6.793573546870575,6.707761816058606,0.028643544196749637,0.6493671979987994,
4b88aacc33b6,2026-09-24T15:06:33,nafis,baseline,paper_asian_geo,put,exact,plain,{},65536,252,18,3000428346,nn-lotpot_x86_64,6.734472412388342,0.02917820078313064,6.677284189719728,6.791660635056957,6.707761816058606,0.02671059632973627,0.6519086999996944,
28684ace9aff,2026-09-24T15:06:34,nafis,baseline,paper_asian_geo,put,exact,plain,{},65536,252,19,934711828,nn-lotpot_x86_64,6.704453748654364,0.02903710485046154,6.647542068932147,6.761365428376582,6.707761816058606,0.0033080674042418323,0.6529613910006447,
e78761d11bf2,2026-09-24T15:06:34,nafis,baseline,paper_asian_geo,put,exact,antithetic,{},256,252,0,565137335,nn-lotpot_x86_64,6.28075175994028,0.20804275866958874,5.872995445703528,6.688508074177032,6.707761816058606,0.4270100561183261,0.0029485329996532528,"{""pairs"": 128, ""rho_pair"": -0.7646105333906577}"
5a19d241121e,2026-09-24T15:06:34,nafis,baseline,paper_asian_geo,put,exact,antithetic,{},256,252,1,573828923,nn-lotpot_x86_64,6.515220044021696,0.20003582955015867,6.123157022485792,6.9072830655576,6.707761816058606,0.19254177203691025,0.002115080000294256,"{""pairs"": 128, ""rho_pair"": -0.7922666900203075}"
6f4c076275de,2026-09-24T15:06:34,nafis,baseline,paper_asian_geo,put,exact,antithetic,{},256,252,2,1843815749,nn-lotpot_x86_64,6.8363599922942155,0.2376478257895401,6.370578812742468,7.302141171845963,6.707761816058606,0.12859817623560943,0.002084731999275391,"{""pairs"": 128, ""rho_pair"": -0.7539094211484343}"
9fe339d0d30b,2026-09-24T15:06:34,nafis,baseline,paper_asian_geo,put,exact,antithetic,{},256,252,3,3697697277,nn-lotpot_x86_64,6.907766159837982,0.23298932832648994,6.4511154675358835,7.36441685214008,6.707761816058606,0.20000434377937548,0.002156688000468421,"{""pairs"": 128, ""rho_pair"": -0.7636559186646187}"
7521525bd203,2026-09-24T15:06:34,nafis,baseline,paper_asian_geo,put,exact,antithetic,{},256,252,4,1453271886,nn-lotpot_x86_64,6.55571045802232,0.22094086862493134,6.122674312804459,6.988746603240181,6.707761816058606,0.1520513580362861,0.002095154999551596,"{""pairs"": 128, ""rho_pair"": -0.7640062216991552}"
84f81cd09bbb,2026-09-24T15:06:34,nafis,baseline,paper_asian_geo,put,exact,antithetic,{},256,252,5,2962331071,nn-lotpot_x86_64,7.025412781173156,0.25783343119784524,6.520068542014993,7.530757020331318,6.707761816058606,0.3176509651145496,0.00208645900056581,"{""pairs"": 128, ""rho_pair"": -0.7341269846060583}"
163b5ebf23b2,2026-09-24T15:06:34,nafis,baseline,paper_asian_geo,put,exact,antithetic,{},256,252,6,4108470198,nn-lotpot_x86_64,6.333952314006837,0.20501131641822118,5.932137517403978,6.735767110609695,6.707761816058606,0.37380950205176955,0.002112374999342137,"{""pairs"": 128, ""rho_pair"": -0.7699086815135193}"
feb894555a6f,2026-09-24T15:06:34,nafis,baseline,paper_asian_geo,put,exact,antithetic,{},256,252,7,1826029929,nn-lotpot_x86_64,6.590586074858795,0.23265119563595857,6.134598110452134,7.0465740392654554,6.707761816058606,0.11717574119981133,0.002070148999337107,"{""pairs"": 128, ""rho_pair"": -0.7442888507874291}"
19b3f2f4aff5,2026-09-24T15:06:34,nafis,baseline,paper_asian_geo,put,exact,antithetic,{},256,252,8,4168207614,nn-lotpot_x86_64,6.501981247603404,0.24775156619826474,6.016397100741415,6.987565394465394,6.707761816058606,0.20578056845520187,0.002148554000086733,"{""pairs"": 128, ""rho_pair"": -0.7075905447333293}"
c0ea9a8f4162,2026-09-24T15:06:34,nafis,baseline,paper_asian_geo,put,exact,antithetic,{},256,252,9,537653335,nn-lotpot_x86_64,6.498563346784141,0.20394314896415355,6.098842119920713,6.898284573647569,6.707761816058606,0.20919846927446528,0.0020622629999706987,"{""pairs"": 128, ""rho_pair"": -0.7852153821641155}"
4ba21b3d9075,2026-09-24T15:06:34,nafis,baseline,paper_asian_geo,put,exact,antithetic,{},256,252,10,1846554741,nn-lotpot_x86_64,6.676095409770047,0.24065082703042892,6.204428455940628,7.147762363599466,6.707761816058606,0.03166640628855877,0.0020761989999300567,"{""pairs"": 128, ""rho_pair"": -0.756210832622152}"
24bd7d4fa48f,2026-09-24T15:06:34,nafis,baseline,paper_asian_geo,put,exact,antithetic,{},256,252,11,1130514140,nn-lotpot_x86_64,6.923080408612328,0.2449838032459937,6.442920977454533,7.403239839770122,6.707761816058606,0.21531859255372154,0.002055260001725401,"{""pairs"": 128, ""rho_pair"": -0.7490900835683523}"
fd95df48685c,2026-09-24T15:06:34,nafis,baseline,paper_asian_geo,put,exact,antithetic,{},256,252,12,3848121735,nn-lotpot_x86_64,6.8954976642178245,0.2294546250498202,6.445774863034035,7.345220465401614,6.707761816058606,0.1877358481592184,0.002059483000266482,"{""pairs"": 128, ""rho_pair"": -0.7630682347561936}"
bc0048bbbe08,2026-09-24T15:06:34,nafis,baseline,paper_asian_geo,put,exact,antithetic,{},256,252,13,1758550195,nn-lotpot_x86_64,6.397341032066862,0.22632046641892753,5.953761068921457,6.840920995212267,6.707761816058606,0.3104207839917441,0.0020612539992725942,"{""pairs"": 128, ""rho_pair"": -0.7393834774487972}"
69440abc614a,2026-09-24T15:06:34,nafis,baseline,paper_asian_geo,put,exact,antithetic,{},256,252,14,188991745,nn-lotpot_x86_64,6.555211165629604,0.23265216317303988,6.09922130488511,7.011201026374098,6.707761816058606,0.15255065042900195,0.0020554399998218287,"{""pairs"": 128, ""rho_pair"": -0.7381383363046614}"
abda431bce47,2026-09-24T15:06:34,nafis,baseline,paper_asian_geo,put,exact,antithetic,{},256,252,15,1224340919,nn-lotpot_x86_64,7.0457272863739915,0.2645362720908877,6.527245720471363,7.56420885227662,6.707761816058606,0.3379654703153854,0.0020993439993617358,"{""pairs"": 128, ""rho_pair"": -0.71785377814023}"
b58791ca4b1d,2026-09-24T15:06:34,nafis,baseline,paper_asian_geo,put,exact,antithetic,{},256,252,16,3609101753,nn-lotpot_x86_64,6.537174286346934,0.21471036973835836,6.116349694552473,6.957998878141395,6.707761816058606,0.17058752971167213,0.002071725999485352,"{""pairs"": 128, ""rho_pair"": -0.7641518995393239}"
8dd7090a04e0,2026-09-24T15:06:34,nafis,baseline,paper_asian_geo,put,exact,antithetic,{},256,252,17,2824992663,nn-lotpot_x86_64,6.653863253470032,0.22740912645342873,6.208149555865597,7.099576951074467,6.707761816058606,0.05389856258857417,0.00212366999949154,"{""pairs"": 128, ""rho_pair"": -0.7585666519925133}"
170dc887ace9,2026-09-24T15:06:34,nafis,baseline,paper_asian_geo,put,exact,antithetic,{},256,252,18,449964323,nn-lotpot_x86_64,6.944370073769257,0.23985853354229192,6.474255986641772,7.414484160896741,6.707761816058606,0.23660825771065053,0.0020579489992087474,"{""pairs"": 128, ""rho_pair"": -0.7536595734603126}"
415a1f8ce6b2,2026-09-24T15:06:34,nafis,baseline,paper_asian_geo,put,exact,antithetic,{},256,252,19,4232027192,nn-lotpot_x86_64,6.902867029434001,0.28425932596503173,6.345728988272907,7.460005070595094,6.707761816058606,0.19510521337539455,0.002051847000984708,"{""pairs"": 128, ""rho_pair"": -0.6794967226517297}"
aba8829b8907,2026-09-24T15:06:34,nafis,baseline,paper_asian_geo,put,exact,antithetic,{},1024,252,0,636546508,nn-lotpot_x86_64,6.656240281682337,0.11479405677371957,6.431248064766601,6.881232498598074,6.707761816058606,0.05152153437626872,0.010321114999896963,"{""pairs"": 512, ""rho_pair"": -0.7507053980572193}"
a0cf25b0554d,2026-09-24T15:06:34,nafis,baseline,paper_asian_geo,put,exact,antithetic,{},1024,252,1,133281172,nn-lotpot_x86_64,6.664102624072179,0.11554881128683143,6.4376311154935735,6.890574132650784,6.707761816058606,0.04365919198642754,0.0076553850012714975,"{""pairs"": 512, ""rho_pair"": -0.7501448441431274}"
1a0a2ac7f9e5,2026-09-24T15:06:34,nafis,baseline,paper_asian_geo,put,exact,antithetic,{},1024,252,2,2304264228,nn-lotpot_x86_64,6.681525186233648,0.11963482339030983,6.44704524109183,6.916005131375465,6.707761816058606,0.026236629824958335,0.007680826000068919,"{""pairs"": 512, ""rho_pair"": -0.7374033491026635}"
642c853d546e,2026-09-24T15:06:34,nafis,baseline,paper_asian_geo,put,exact,antithetic,{},1024,252,3,4200567956,nn-lotpot_x86_64,6.820358890672097,0.11861034956851926,6.587886877324093,7.052830904020101,6.707761816058606,0.11259707461349056,0.007655314999283291,"{""pairs"": 512, ""rho_pair"": -0.7492045081698754}"
da1109a5a43b,2026-09-24T15:06:34,nafis,baseline,paper_asian_geo,put,exact,antithetic,{},1024,252,4,1427107129,nn-lotpot_x86_64,6.746024674449867,0.11878714507342997,6.513206148279609,6.978843200620124,6.707761816058606,0.03826285839126076,0.007792053998855408,"{""pairs"": 512, ""rho_pair"": -0.7420694800403982}"
6df062b6eb70,2026-09-24T15:06:34,nafis,baseline,paper_asian_geo,put,exact,antithetic,{},1024,252,5,1926566378,nn-lotpot_x86_64,6.752198155915359,0.12210185232685038,6.512882922909104,6.9915133889216134,6.707761816058606,0.04443633985675266,0.007690899999943213,"{""pairs"": 512, ""rho_pair"": -0.7338962652410688}"
f5137e76990b,2026-09-24T15:06:34,nafis,baseline,paper_asian_geo,put,exact,antithetic,{},1024,252,6,4176676586,nn-lotpot_x86_64,6.816637672717071,0.12258690974297219,6.576371744644784,7.056903600789359,6.707761816058606,0.10887585665846533,0.00766580200070166,"{""pairs"": 512, ""rho_pair"": -0.7360034797493452}"
d2be43951f94,2026-09-24T15:06:34,nafis,baseline,paper_asian_geo,put,exact,antithetic,{},1024,252,7,2603082122,nn-lotpot_x86_64,6.4822902995212965,0.11456330888497535,6.257750340157007,6.706830258885586,6.707761816058606,0.22547151653730957,0.0076534760009963065,"{""pairs"": 512, ""rho_pair"": -0.7408910782353679}"
937faf89cce7,2026-09-24T15:06:34,nafis,baseline,paper_asian_geo,put,exact,antithetic,{},1024,252,8,1299262039,nn-lotpot_x86_64,6.7311040691563555,0.1173960425633745,6.50101205380461,6.961196084508101,6.707761816058606,0.0233422530977494,0.0077303450016188435,"{""pairs"": 512, ""rho_pair"": -0.7480519616279406}"
bef9b0046afa,2026-09-24T15:06:34,nafis,baseline,paper_asian_geo,put,exact,antithetic,{},1024,252,9,2830013701,nn-lotpot_x86_64,6.848442286524563,0.12407410066969952,6.6052615177977545,7.091623055251371,6.707761816058606,0.14068047046595655,0.007642949000000954,"{""pairs"": 512, ""rho_pair"": -0.7317586427023594}"
ec2dcd01b5a1,2026-09-24T15:06:34,nafis,baseline,paper_asian_geo,put,exact,antithetic,{},1024,252,10,3956439698,nn-lotpot_x86_64,6.734279252866044,0.11399885342198315,6.510845605880096,6.957712899851991,6.707761816058606,0.026517436807437456,0.007628425999428146,"{""pairs"": 512, ""rho_pair"": -0.7596544273622982}"
d3f972517aaa,2026-09-24T15:06:34,nafis,baseline,paper_asian_geo,put,exact,antithetic,{},1024,252,11,2459651284,nn-lotpot_x86_64,6.567330784136605,0.1182435227332189,6.3355777381743525,6.799083830098857,6.707761816058606,0.14043103192200146,0.0076027519990020664,"{""pairs"": 512, ""rho_pair"": -0.7333324731506404}"
89db80d035c2,2026-09-24T15:06:34,nafis,baseline,paper_asian_geo,put,exact,antithetic,{},1024,252,12,1028897266,nn-lotpot_x86_64,6.782334953853304,0.11827333403097992,6.550523478821108,7.014146428885501,6.707761816058606,0.07457313779469832,0.007609848000356578,"{""pairs"": 512, ""rho_pair"": -0.7478973799957237}"
8d4c36ae59f1,2026-09-24T15:06:34,nafis,baseline,paper_asian_geo,put,exact,antithetic,{},1024,252,13,375972849,nn-lotpot_x86_64,6.590942630840818,0.11505506236088343,6.365438852374476,6.81644640930716,6.707761816058606,0.11681918521778822,0.007620252999913646,"{""pairs"": 512, ""rho_pair"": -0.745340207516777}"
9e9b89992837,2026-09-24T15:06:34,nafis,baseline,paper_asian_geo,put,exact,antithetic,{},1024,252,14,2135406924,nn-lotpot_x86_64,6.6236769245075315,0.11785048046764846,6.3926942272302,6.854659621784863,6.707761816058606,0.08408489155107457,0.0076400590005505364,"{""pairs"": 512, ""rho_pair"": -0.7399780754703642}"
2a46d2316dd0,2026-09-24T15:06:34,nafis,baseline,paper_asian_geo,put,exact,antithetic,{},1024,252,15,2901287881,nn-lotpot_x86_64,6.558209774947945,0.10930805575108087,6.34396992245573,6.772449627440159,6.707761816058606,0.14955204111066145,0.007622756998898694,"{""pairs"": 512, ""rho_pair"": -0.7632686033325025}"
4b9c9ed30707,2026-09-24T15:06:34,nafis,baseline,paper_asian_geo,put,exact,antithetic,{},1024,252,16,3608173542,nn-lotpot_x86_64,6.76322089694038,0.12594458019403562,6.5163740557120535,7.010067738168707,6.707761816058606,0.05545908088177409,0.00777661500069371,"{""pairs"": 512, ""rho_pair"": -0.7192315788239848}"
88aa99e7a80d,2026-09-24T15:06:34,nafis,baseline,paper_asian_geo,put,exact,antithetic,{},1024,252,17,3276018993,nn-lotpot_x86_64,6.696830663272667,0.1260144331891127,6.449846912689778,6.943814413855557,6.707761816058606,0.010931152785938814,0.007623174000400468,"{""pairs"": 512, ""rho_pair"": -0.716815612305468}"
689480c1d126,2026-09-24T15:06:34,nafis,baseline,paper_asian_geo,put,exact,antithetic,{},1024,252,18,865929439,nn-lotpot_x86_64,6.7120798858741395,0.11942728183699826,6.478006714702109,6.94615305704617,6.707761816058606,0.0043180698155333985,0.007572829999844544,"{""pairs"": 512, ""rho_pair"": -0.7416366644005925}"
be127c01ae1f,2026-09-24T15:06:34,nafis,baseline,paper_asian_geo,put,exact,antithetic,{},1024,252,19,4072497917,nn-lotpot_x86_64,6.626818206706452,0.1153318526157962,6.40077192930921,6.852864484103694,6.707761816058606,0.08094360935215406,0.007647137999811093,"{""pairs"": 512, ""rho_pair"": -0.7472574121690654}"
092ea2f6b944,2026-09-24T15:06:34,nafis,baseline,paper_asian_geo,put,exact,antithetic,{},4096,252,0,903703925,nn-lotpot_x86_64,6.702390631846827,0.05828404759817803,6.58815599768118,6.8166252660124735,6.707761816058606,0.005371184211779401,0.03487345499888761,"{""pairs"": 2048, ""rho_pair"": -0.7481300273487677}"
b9818c8f05d1,2026-09-24T15:06:34,nafis,baseline,paper_asian_geo,put,exact,antithetic,{},4096,252,1,471473337,nn-lotpot_x86_64,6.776585264528911,0.059749648241219845,6.659478105887183,6.893692423170639,6.707761816058606,0.06882344847030453,0.03748971899949538,"{""pairs"": 2048, ""rho_pair"": -0.7431141643935736}"
ddcca6bb4be7,2026-09-24T15:06:34,nafis,baseline,paper_asian_geo,put,exact,antithetic,{},4096,252,2,315719788,nn-lotpot_x86_64,6.816907010340716,0.05926921241304229,6.700741488619099,6.933072532062334,6.707761816058606,0.10914519428211023,0.03746021899860352,"{""pairs"": 2048, ""rho_pair"": -0.7492051876323099}"
c02c74958c1a,2026-09-24T15:06:34,nafis,baseline,paper_asian_geo,put,exact,antithetic,{},4096,252,3,2139493075,nn-lotpot_x86_64,6.701822228218448,0.057931460843341456,6.588278651393706,6.815365805043189,6.707761816058606,0.005939587840158467,0.03762446400105546,"{""pairs"": 2048, ""rho_pair"": -0.7506576776386117}"
8f4878ac44bb,2026-09-24T15:06:34,nafis,baseline,paper_asian_geo,put,exact,antithetic,{},4096,252,4,1929876349,nn-lotpot_x86_64,6.657510900587807,0.05643323899685589,6.546903784623028,6.768118016552586,6.707761816058606,0.05025091547079885,0.037585357998978,"{""pairs"": 2048, ""rho_pair"": -0.7568911929616808}"
c16480685c78,2026-09-24T15:06:34,nafis,baseline,paper_asian_geo,put,exact,antithetic,{},4096,252,5,1190847391,nn-lotpot_x86_64,6.76642994975067,0.05925847829500415,6.650285466513813,6.882574432987527,6.707761816058606,0.058668133692063584,0.03748055899995961,"{""pairs"": 2048, ""rho_pair"": -0.7458088518491504}"
fcfceebf5136,2026-09-24T15:06:34,nafis,baseline,paper_asian_geo,put,exact,antithetic,{},4096,252,6,1414020083,nn-lotpot_x86_64,6.828880126503744,0.06038442067258316,6.710528836758165,6.947231416249323,6.707761816058606,0.1211183104451381,0.03710538000086672,"{""pairs"": 2048, ""rho_pair"": -0.7428322342023187}"
226479a283c0,2026-09-24T15:06:34,nafis,baseline,paper_asian_geo,put,exact,antithetic,{},4096,252,7,2105879535,nn-lotpot_x86_64,6.7616309747508705,0.06022494139660991,6.64359225864248,6.879669690859261,6.707761816058606,0.053869158692264385,0.03746854300152336,"{""pairs"": 2048, ""rho_pair"": -0.7400098622210052}"
f4a739564fff,2026-09-24T15:06:34,nafis,baseline,paper_asian_geo,put,exact,antithetic,{},4096,252,8,451032707,nn-lotpot_x86_64,6.734762341649412,0.05787792700752253,6.6213236892148295,6.848200994083994,6.707761816058606,0.02700052559080568,0.037371878999692854,"{""pairs"": 2048, ""rho_pair"": -0.753577444716222}"
a4c36b708196,2026-09-24T15:06:34,nafis,baseline,paper_asian_geo,put,exact,antithetic,{},4096,252,9,1964123095,nn-lotpot_x86_64,6.667228727981657,0.05723318885729125,6.555053739100987,6.779403716862327,6.707761816058606,0.04053308807694922,0.037127393999980995,"{""pairs"": 2048, ""rho_pair"": -0.7515129297138605}"
5b66f366a8d1,2026-09-24T15:06:34,nafis,baseline,paper_asian_geo,put,exact,antithetic,{},4096,252,10,684377142,nn-lotpot_x86_64,6.648110153883305,0.05957104229509777,6.531353056463401,6.764867251303209,6.707761816058606,0.059651662175300935,0.03754593300072884,"{""pairs"": 2048, ""rho_pair"": -0.7358744380181762}"
3d5ff1a4d2eb,2026-09-24T15:06:34,nafis,baseline,paper_asian_geo,put,exact,antithetic,{},4096,252,11,1838645218,nn-lotpot_x86_64,6.766814444670458,0.05971902361987589,6.649767309183605,6.883861580157311,6.707761816058606,0.05905262861185179,0.037364685000284226,"{""pairs"": 2048, ""rho_pair"": -0.7422274959960161}"
998ca0efda81,2026-09-24T15:06:34,nafis,baseline,paper_asian_geo,put,exact,antithetic,{},4096,252,12,1548259247,nn-lotpot_x86_64,6.7364233738479005,0.05854754758699143,6.621672289194252,6.851174458501549,6.707761816058606,0.028661557789294356,0.03710915499868861,"{""pairs"": 2048, ""rho_pair"": -0.7484903473787502}"
cff30b7a9173,2026-09-24T15:06:34,nafis,baseline,paper_asian_geo,put,exact,antithetic,{},4096,252,13,3134216903,nn-lotpot_x86_64,6.665208791611915,0.058353530986047876,6.5508379725085195,6.779579610715311,6.707761816058606,0.042553024446690735,0.03721194900026603,"{""pairs"": 2048, ""rho_pair"": -0.7449485130922607}"
a923ec397545,2026-09-24T15:06:35,nafis,baseline,paper_asian_geo,put,exact,antithetic,{},4096,252,14,281103527,nn-lotpot_x86_64,6.730074762512306,0.0592099215900823,6.614025448668304,6.846124076356308,6.707761816058606,0.022312946453699745,0.03736266800115118,"{""pairs"": 2048, ""rho_pair"": -0.7432852204456488}"
acad2657ca4c,2026-09-24T15:06:35,nafis,baseline,paper_asian_geo,put,exact,antithetic,{},4096,252,15,660069022,nn-lotpot_x86_64,6.788758024620074,0.05954705182474116,6.672047947658041,6.905468101582106,6.707761816058606,0.0809962085614675,0.03719010700115177,"{""pairs"": 2048, ""rho_pair"": -0.7451905781251398}"
4eb893f05741,2026-09-24T15:06:35,nafis,baseline,paper_asian_geo,put,exact,antithetic,{},4096,252,16,2091455659,nn-lotpot_x86_64,6.6491669012934045,0.058433052918658884,6.53464022206611,6.763693580520699,6.707761816058606,0.05859491476520162,0.0375184549993719,"{""pairs"": 2048, ""rho_pair"": -0.743938260054736}"
46b7b8ad6c54,2026-09-24T15:06:35,nafis,baseline,paper_asian_geo,put,exact,antithetic,{},4096,252,17,3263156404,nn-lotpot_x86_64,6.753701376641847,0.05854345519239704,6.638958312934214,6.86844444034948,6.707761816058606,0.04593956058324089,0.036963009000828606,"{""pairs"": 2048, ""rho_pair"": -0.7498858961395316}"
80bb66145021,2026-09-24T15:06:35,nafis,baseline,paper_asian_geo,put,exact,antithetic,{},4096,252,18,1783917242,nn-lotpot_x86_64,6.690710555570328,0.05832943111740659,6.576386971341501,6.8050341397991545,6.707761816058606,0.01705126048827843,0.037218897999991896,"{""pairs"": 2048, ""rho_pair"": -0.7456396384407403}"
b4e325c03457,2026-09-24T15:06:35,nafis,baseline,paper_asian_geo,put,exact,antithetic,{},4096,252,19,2275491977,nn-lotpot_x86_64,6.7295257917753215,0.05888853857679472,6.6141063770626065,6.8449452064880365,6.707761816058606,0.0217639757167154,0.03737964399988414,"{""pairs"": 2048, ""rho_pair"": -0.7455119660944546}"
71917475d97a,2026-09-24T15:06:35,nafis,baseline,paper_asian_geo,put,exact,antithetic,{},16384,252,0,3329996107,nn-lotpot_x86_64,6.717037707413676,0.02927700068380582,6.659655840498061,6.77441957432929,6.707761816058606,0.009275891355069454,0.138758756000243,"{""pairs"": 8192, ""rho_pair"": -0.7469605509725669}"
8661f5da8850,2026-09-24T15:06:35,nafis,baseline,paper_asian_geo,put,exact,antithetic,{},16384,252,1,3037283344,nn-lotpot_x86_64,6.722314295388078,0.029605839883174005,6.664287915484998,6.780340675291159,6.707761816058606,0.014552479329472234,0.13492436699925747,"{""pairs"": 8192, ""rho_pair"": -0.7426517028734893}"
7559a069cb42,2026-09-24T15:06:35,nafis,baseline,paper_asian_geo,put,exact,antithetic,{},16384,252,2,4216702510,nn-lotpot_x86_64,6.6840603525602,0.02928283855892716,6.6266670436196025,6.741453661500798,6.707761816058606,0.02370146349840585,0.13478913600010856,"{""pairs"": 8192, ""rho_pair"": -0.7444756490797727}"
3a257f383070,2026-09-24T15:06:35,nafis,baseline,paper_asian_geo,put,exact,antithetic,{},16384,252,3,3747615891,nn-lotpot_x86_64,6.707198213093596,0.029287634573846595,6.6497955041364865,6.764600922050706,6.707761816058606,0.0005636029650100127,0.13502326699926925,"{""pairs"": 8192, ""rho_pair"": -0.7459567771994046}"
54baefcc430a,2026-09-24T15:06:35,nafis,baseline,paper_asian_geo,put,exact,antithetic,{},16384,252,4,1929193819,nn-lotpot_x86_64,6.668184456737207,0.029079552409167105,6.611189581328695,6.72517933214572,6.707761816058606,0.03957735932139883,0.13424487900010718,"{""pairs"": 8192, ""rho_pair"": -0.7457057117065973}"
a079376da7ca,2026-09-24T15:06:36,nafis,baseline,paper_asian_geo,put,exact,antithetic,{},16384,252,5,2801079483,nn-lotpot_x86_64,6.64589480260025,0.029257793479707056,6.588550581112913,6.703239024087586,6.707761816058606,0.061867013458356546,0.13523909099967568,"{""pairs"": 8192, ""rho_pair"": -0.7413725659308261}"
d9ebb73d6863,2026-09-24T15:06:36,nafis,baseline,paper_asian_geo,put,exact,antithetic,{},16384,252,6,812710637,nn-lotpot_x86_64,6.710563884035554,0.02922406673897351,6.653285765745371,6.767842002325737,6.707761816058606,0.0028020679769475976,0.13463025400051265,"{""pairs"": 8192, ""rho_pair"": -0.7468762683782664}"
2c4f3c405564,2026-09-24T15:06:36,nafis,baseline,paper_asian_geo,put,exact,antithetic,{},16384,252,7,1883786038,nn-lotpot_x86_64,6.709399432678101,0.029425393741901913,6.651726720713063,6.767072144643139,6.707761816058606,0.0016376166194946862,0.13444806699953915,"{""pairs"": 8192, ""rho_pair"": -0.7442269665304985}"
50a5200a5948,2026-09-24T15:06:36,nafis,baseline,paper_asian_geo,put,exact,antithetic,{},16384,252,8,597422036,nn-lotpot_x86_64,6.706578745228592,0.02962041838974372,6.648523791977686,6.764633698479498,6.707761816058606,0.0011830708300140103,0.13468860200009658,"{""pairs"": 8192, ""rho_pair"": -0.7412505957294738}"
2388c6eef556,2026-09-24T15:06:36,nafis,baseline,paper_asian_geo,put,exact,antithetic,{},16384,252,9,1361413254,nn-lotpot_x86_64,6.697656581636153,0.02915517022984673,6.640513498022519,6.754799665249787,6.707761816058606,0.010105234422453258,0.13444605199947546,"{""pairs"": 8192, ""rho_pair"": -0.7471066179461483}"
01ef02329fce,2026-09-24T15:06:36,nafis,baseline,paper_asian_geo,put,exact,antithetic,{},16384,252,10,2471406018,nn-lotpot_x86_64,6.691208639389948,0.02957191771594593,6.633248745712912,6.7491685330669835,6.707761816058606,0.01655317666865841,0.13477080600023328,"{""pairs"": 8192, ""rho_pair"": -0.7408619074938805}"
02b2a3f3eaa3,2026-09-24T15:06:36,nafis,baseline,paper_asian_geo,put,exact,antithetic,{},16384,252,11,5063034,nn-lotpot_x86_64,6.694875343153447,0.029699010845586883,6.636666351519632,6.753084334787261,6.707761816058606,0.01288647290515943,0.13457874199957587,"{""pairs"": 8192, ""rho_pair"": -0.7389368981739834}"
6b2bb85eec67,2026-09-24T15:06:36,nafis,baseline,paper_asian_geo,put,exact,antithetic,{},16384,252,12,3236120454,nn-lotpot_x86_64,6.729540411438645,0.02950938102267929,6.671703087428124,6.787377735449166,6.707761816058606,0.0217785953800389,0.13442940800086944,"{""pairs"": 8192, ""rho_pair"": -0.7443921900819818}"
b644f9f74f13,2026-09-24T15:06:37,nafis,baseline,paper_asian_geo,put,exact,antithetic,{},16384,252,13,2293405159,nn-lotpot_x86_64,6.7131042192068024,0.029449641008131407,6.655383983473231,6.7708244549403735,6.707761816058606,0.00534240314819634,0.13561445400046068,"{""pairs"": 8192, ""rho_pair"": -0.743904248320407}"
12c075f20932,2026-09-24T15:06:37,nafis,baseline,paper_asian_geo,put,exact,antithetic,{},16384,252,14,1009700804,nn-lotpot_x86_64,6.688028365056732,0.029580960571604104,6.630050747708288,6.746005982405175,6.707761816058606,0.019733451001874514,0.13650865599993267,"{""pairs"": 8192, ""rho_pair"": -0.7405578484764511}"
492bf714ac1b,2026-09-24T15:06:37,nafis,baseline,paper_asian_geo,put,exact,antithetic,{},16384,252,15,2981399450,nn-lotpot_x86_64,6.690655767261081,0.029864799752516543,6.632121835340648,6.749189699181514,6.707761816058606,0.017106048797525197,0.13612497800022538,"{""pairs"": 8192, ""rho_pair"": -0.7367185508697782}"
24d9c6edc7fa,2026-09-24T15:06:37,nafis,baseline,paper_asian_geo,put,exact,antithetic,{},16384,252,16,2157991783,nn-lotpot_x86_64,6.745646280063173,0.029593142978160892,6.687644785636634,6.803647774489713,6.707761816058606,0.03788446400456724,0.1363073920001625,"{""pairs"": 8192, ""rho_pair"": -0.7447528035887369}"
bafccb343f88,2026-09-24T15:06:37,nafis,baseline,paper_asian_geo,put,exact,antithetic,{},16384,252,17,309869662,nn-lotpot_x86_64,6.688217199166233,0.029155851706351148,6.631072779883194,6.745361618449271,6.707761816058606,0.019544616892373412,0.13661608599977626,"{""pairs"": 8192, ""rho_pair"": -0.746372616776805}"
e99a07e9d521,2026-09-24T15:06:37,nafis,baseline,paper_asian_geo,put,exact,antithetic,{},16384,252,18,2557727497,nn-lotpot_x86_64,6.723945129326967,0.029297505436593062,6.666523073834378,6.7813671848195565,6.707761816058606,0.01618331326836131,0.13421495799957484,"{""pairs"": 8192, ""rho_pair"": -0.7473469664140365}"
fae5c161c020,2026-09-24T15:06:37,nafis,baseline,paper_asian_geo,put,exact,antithetic,{},16384,252,19,1305104365,nn-lotpot_x86_64,6.7020467785279845,0.029694078279179345,6.6438474545466795,6.7602461025092895,6.707761816058606,0.005715037530621636,0.1350350430002436,"{""pairs"": 8192, ""rho_pair"": -0.7394156711761443}"
e5fd130c568c,2026-09-24T15:06:38,nafis,baseline,paper_asian_geo,put,exact,antithetic,{},65536,252,0,408125339,nn-lotpot_x86_64,6.692279348811585,0.014757823184842105,6.663354546879084,6.721204150744086,6.707761816058606,0.01548246724702107,0.553324235999753,"{""pairs"": 32768, ""rho_pair"": -0.7414910656176915}"
0cb56f44e7ba,2026-09-24T15:06:39,nafis,baseline,paper_asian_geo,put,exact,antithetic,{},65536,252,1,2066356361,nn-lotpot_x86_64,6.711843084322268,0.014729702905653019,6.682973397124213,6.740712771520323,6.707761816058606,0.004081268263662174,0.5556013749992417,"{""pairs"": 32768, ""rho_pair"": -0.7437986248585892}"
b234adf123a7,2026-09-24T15:06:39,nafis,baseline,paper_asian_geo,put,exact,antithetic,{},65536,252,2,1292948789,nn-lotpot_x86_64,6.7193984022358135,0.01474389311464665,6.690500902739198,6.748295901732429,6.707761816058606,0.01163658617720742,0.555129472999397,"{""pairs"": 32768, ""rho_pair"": -0.7441999656398979}"
8335bc6b7baf,2026-09-24T15:06:40,nafis,baseline,paper_asian_geo,put,exact,antithetic,{},65536,252,3,3546004950,nn-lotpot_x86_64,6.687900353201642,0.014743725928739947,6.659003181383382,6.716797525019902,6.707761816058606,0.019861462856963996,0.5549834170014947,"{""pairs"": 32768, ""rho_pair"": -0.741565596024604}"
3ab39b4cf7e6,2026-09-24T15:06:40,nafis,baseline,paper_asian_geo,put,exact,antithetic,{},65536,252,4,2506225003,nn-lotpot_x86_64,6.712375763888056,0.014856688378121425,6.683257189737403,6.7414943380387085,6.707761816058606,0.004613947829449572,0.5555060730002879,"{""pairs"": 32768, ""rho_pair"": -0.7405401321152439}"
dd48afd04e70,2026-09-24T15:06:41,nafis,baseline,paper_asian_geo,put,exact,antithetic,{},65536,252,5,2883858262,nn-lotpot_x86_64,6.682256923679936,0.014728626966415546,6.653389345284036,6.711124502075836,6.707761816058606,0.025504892378670263,0.5544687210003758,"{""pairs"": 32768, ""rho_pair"": -0.7415578154103767}"
b33c88ee7c65,2026-09-24T15:06:41,nafis,baseline,paper_asian_geo,put,exact,antithetic,{},65536,252,6,447673493,nn-lotpot_x86_64,6.706965918485223,0.014667571102191348,6.678218007384248,6.7357138295861985,6.707761816058606,0.0007958975733828311,0.5549660830001812,"{""pairs"": 32768, ""rho_pair"": -0.7450659599546704}"
fdae363cb63c,2026-09-24T15:06:42,nafis,baseline,paper_asian_geo,put,exact,antithetic,{},65536,252,7,385191855,nn-lotpot_x86_64,6.715199993473919,0.014739746163055857,6.6863106218530675,6.744089365094771,6.707761816058606,0.007438177415313163,0.5538026689991966,"{""pairs"": 32768, ""rho_pair"": -0.7439517380883259}"
47bdca5cf382,2026-09-24T15:06:42,nafis,baseline,paper_asian_geo,put,exact,antithetic,{},65536,252,8,2304418955,nn-lotpot_x86_64,6.686890770027292,0.014638447686149011,6.658199939772866,6.715581600281717,6.707761816058606,0.0208710460313144,0.5708635490009328,"{""pairs"": 32768, ""rho_pair"": -0.7444774187347775}"
df91380b6557,2026-09-24T15:06:43,nafis,baseline,paper_asian_geo,put,exact,antithetic,{},65536,252,9,2855335869,nn-lotpot_x86_64,6.7103015325853965,0.014748010991828877,6.681395962197811,6.739207102972982,6.707761816058606,0.0025397165267904143,0.5552876820001984,"{""pairs"": 32768, ""rho_pair"": -0.7432979752430179}"
7ece0716f6fc,2026-09-24T15:06:44,nafis,baseline,paper_asian_geo,put,exact,antithetic,{},65536,252,10,945282787,nn-lotpot_x86_64,6.703072385594966,0.014853562799542808,6.673959937465758,6.732184833724174,6.707761816058606,0.004689430463639788,0.6032552520009631,"{""pairs"": 32768, ""rho_pair"": -0.7400058823119379}"
05864177cb1c,2026-09-24T15:06:44,nafis,baseline,paper_asian_geo,put,exact,antithetic,{},65536,252,11,2540295428,nn-lotpot_x86_64,6.678765054176976,0.014578858583924796,6.650191016416781,6.707339091937171,6.707761816058606,0.02899676188163003,0.5556351949999225,"{""pairs"": 32768, ""rho_pair"": -0.7455756749519137}"
e2c47b391274,2026-09-24T15:06:45,nafis,baseline,paper_asian_geo,put,exact,antithetic,{},65536,252,12,2908969212,nn-lotpot_x86_64,6.698922417574936,0.014759868766032873,6.669993606376974,6.727851228772898,6.707761816058606,0.008839398483670102,0.56336485599968,"{""pairs"": 32768, ""rho_pair"": -0.742060494622154}"
575533f8e20d,2026-09-24T15:06:45,nafis,baseline,paper_asian_geo,put,exact,antithetic,{},65536,252,13,1850334063,nn-lotpot_x86_64,6.704945189634812,0.014731081576780502,6.676072800291001,6.733817578978623,6.707761816058606,0.0028166264237938776,0.5549217660009163,"{""pairs"": 32768, ""rho_pair"": -0.7432685156574528}"
e4af520e848f,2026-09-24T15:06:46,nafis,baseline,paper_asian_geo,put,exact,antithetic,{},65536,252,14,2526626183,nn-lotpot_x86_64,6.722122988439678,0.01475923071021355,6.693195427808142,6.7510505490712145,6.707761816058606,0.014361172381072151,0.5524078409998765,"{""pairs"": 32768, ""rho_pair"": -0.7436399706231901}"
d0d18b29ca0e,2026-09-24T15:06:46,nafis,baseline,paper_asian_geo,put,exact,antithetic,{},65536,252,15,1313300165,nn-lotpot_x86_64,6.7007402263595655,0.014750592099395235,6.67182959709411,6.729650855625021,6.707761816058606,0.0070215896990406534,0.5683369030011818,"{""pairs"": 32768, ""rho_pair"": -0.742431745694173}"
50a3d300a80f,2026-09-24T15:06:47,nafis,baseline,paper_asian_geo,put,exact,antithetic,{},65536,252,16,3379318561,nn-lotpot_x86_64,6.720356951978767,0.014709517641621673,6.691526827171232,6.749187076786302,6.707761816058606,0.012595135920160594,0.5662497260000237,"{""pairs"": 32768, ""rho_pair"": -0.745049992305785}"
91328d80d60e,2026-09-24T15:06:48,nafis,baseline,paper_asian_geo,put,exact,antithetic,{},65536,252,17,710217159,nn-lotpot_x86_64,6.724601235280273,0.014690945939879864,6.695807510339284,6.753394960221263,6.707761816058606,0.016839419221667207,0.556341348999922,"{""pairs"": 32768, ""rho_pair"": -0.745813427206453}"
e0c169fcc4dd,2026-09-24T15:06:48,nafis,baseline,paper_asian_geo,put,exact,antithetic,{},65536,252,18,3938644564,nn-lotpot_x86_64,6.719931623663465,0.014782955673365553,6.690957562958616,6.748905684368314,6.707761816058606,0.01216980760485864,0.5540717090007092,"{""pairs"": 32768, ""rho_pair"": -0.7432001395693396}"
6052857981fd,2026-09-24T15:06:49,nafis,baseline,paper_asian_geo,put,exact,antithetic,{},65536,252,19,108292181,nn-lotpot_x86_64,6.7140320082836435,0.014763019149437132,6.685097022447672,6.742966994119615,6.707761816058606,0.006270192225037441,0.586573344999124,"{""pairs"": 32768, ""rho_pair"": -0.7429190870577301}"
096314e1d6a0,2026-09-24T15:06:49,nafis,baseline,asian_30d,call,exact,plain,{},256,252,0,1611075381,nn-lotpot_x86_64,7.474139717598646,0.7955742687837559,5.914842803755696,9.033436631441596,6.707837057424136,0.7663026601745102,0.002120388000548701,
73db4ab723d7,2026-09-24T15:06:49,nafis,baseline,asian_30d,call,exact,plain,{},256,252,1,2838254702,nn-lotpot_x86_64,6.326390858240357,0.7116795575724996,4.931524556864858,7.721257159615856,6.707837057424136,0.3814461991837792,0.0020964659997844137,
ffb31db9d163,2026-09-24T15:06:49,nafis,baseline,asian_30d,call,exact,plain,{},256,252,2,2366368288,nn-lotpot_x86_64,7.818897228497059,0.8871422259871392,6.080130416397573,9.557664040596546,6.707837057424136,1.111060171072923,0.002125281000189716,
8c493c8b2508,2026-09-24T15:06:49,nafis,baseline,asian_30d,call,exact,plain,{},256,252,3,4177886450,nn-lotpot_x86_64,7.103374556487262,0.7790031803318846,5.576556379194607,8.630192733779918,6.707837057424136,0.39553749906312596,0.0020944730003975565,
9c9074cdb22a,2026-09-24T15:06:49,nafis,baseline,asian_30d,call,exact,plain,{},256,252,4,1861091726,nn-lotpot_x86_64,6.858453538512519,0.7904958288821348,5.309110183974397,8.40779689305064,6.707837057424136,0.15061648108838277,0.002064693999273004,
d5ed63a47dd2,2026-09-24T15:06:49,nafis,baseline,asian_30d,call,exact,plain,{},256,252,5,3237109870,nn-lotpot_x86_64,6.948674284853416,0.7915122202992003,5.39733883974365,8.500009729963182,6.707837057424136,0.24083722742927982,0.0020420829987415345,
c2a024414548,2026-09-24T15:06:49,nafis,baseline,asian_30d,call,exact,plain,{},256,252,6,3859702964,nn-lotpot_x86_64,6.714671351961017,0.7315266203814944,5.2809055222809835,8.14843718164105,6.707837057424136,0.00683429453688067,0.002108598999257083,
9c7f797b235d,2026-09-24T15:06:49,nafis,baseline,asian_30d,call,exact,plain,{},256,252,7,4127802649,nn-lotpot_x86_64,7.012024440655015,0.7321034091992857,5.577128125665425,8.446920755644605,6.707837057424136,0.3041873832308788,0.0020741589996760013,
bd9c3b4efa3a,2026-09-24T15:06:49,nafis,baseline,asian_30d,call,exact,plain,{},256,252,8,3507414069,nn-lotpot_x86_64,6.75341584580793,0.7688139815018192,5.246568131253521,8.26026356036234,6.707837057424136,0.0455787883837937,0.00209006600016437,
a306403ccb76,2026-09-24T15:06:49,nafis,baseline,asian_30d,call,exact,plain,{},256,252,9,4008083208,nn-lotpot_x86_64,7.332086106646104,0.7517883904471633,5.858607937374328,8.80556427591788,6.707837057424136,0.6242490492219677,0.002065547998427064,
968b5e877503,2026-09-24T15:06:49,nafis,baseline,asian_30d,call,exact,plain,{},256,252,10,2176304690,nn-lotpot_x86_64,7.616648613324369,0.7845007547082148,6.079055388251776,9.154241838396961,6.707837057424136,0.9088115559002325,0.002107475000229897,
da692d669dae,2026-09-24T15:06:49,nafis,baseline,asian_30d,call,exact,plain,{},256,252,11,3743258314,nn-lotpot_x86_64,6.990594160452501,0.7936022720253594,5.435162289233638,8.546026031671364,6.707837057424136,0.28275710302836465,0.002038732000073651,
8b3d4b9aeecd,2026-09-24T15:06:49,nafis,baseline,asian_30d,call,exact,plain,{},256,252,12,3038024504,nn-lotpot_x86_64,6.547812755060751,0.7017589536557978,5.172390480066875,7.923235030054627,6.707837057424136,0.16002430236338494,0.0020624150001822272,
39dcee8fc58f,2026-09-24T15:06:49,nafis,baseline,asian_30d,call,exact,plain,{},256,252,13,1276917664,nn-lotpot_x86_64,6.953133840630591,0.7931553115053656,5.398577995933427,8.507689685327755,6.707837057424136,0.24529678320645498,0.0021803999989060685,
bc67555c5609,2026-09-24T15:06:49,nafis,baseline,asian_30d,call,exact,plain,{},256,252,14,1536935651,nn-lotpot_x86_64,8.087013988139287,0.7677707763353213,6.582210918139699,9.591817058138874,6.707837057424136,1.3791769307151505,0.0021695859995816136,
91df730d9a4b,2026-09-24T15:06:49,nafis,baseline,asian_30d,call,exact,plain,{},256,252,15,650998229,nn-lotpot_x86_64,7.0410637054838965,0.7012591279710447,5.666621070830684,8.415506340137108,6.707837057424136,0.3332266480597603,0.0020641559985961067,
068adf4ed2f3,2026-09-24T15:06:49,nafis,baseline,asian_30d,call,exact,plain,{},256,252,16,35468030,nn-lotpot_x86_64,5.924946650748268,0.6425123279063197,4.665645628428892,7.184247673067644,6.707837057424136,0.7828904066758682,0.0021275500002957415,
f90e3b110ff9,2026-09-24T15:06:49,nafis,baseline,asian_30d,call,exact,plain,{},256,252,17,3744627178,nn-lotpot_x86_64,6.625790486188734,0.6806639434875729,5.291713671378084,7.959867300999384,6.707837057424136,0.08204657123540215,0.0020536680003715446,
e574adbfbac1,2026-09-24T15:06:49,nafis,baseline,asian_30d,call,exact,plain,{},256,252,18,2637757936,nn-lotpot_x86_64,8.040688055550735,0.8051292209961769,6.462663779497438,9.618712331604032,6.707837057424136,1.3328509981265988,0.0021284989998093806,
08daddf27d33,2026-09-24T15:06:49,nafis,baseline,asian_30d,call,exact,plain,{},256,252,19,2912588541,nn-lotpot_x86_64,6.545228320383159,0.6876966904888044,5.197367574737713,7.893089066028605,6.707837057424136,0.16260873704097722,0.002072626000881428,
30ea0d601f67,2026-09-24T15:06:49,nafis,baseline,asian_30d,call,exact,plain,{},1024,252,0,1085503669,nn-lotpot_x86_64,6.498849851059003,0.3454527397127875,5.821774922861249,7.175924779256756,6.707837057424136,0.20898720636513346,0.008099138000034145,
64df1fb5675d,2026-09-24T15:06:49,nafis,baseline,asian_30d,call,exact,plain,{},1024,252,1,2975420982,nn-lotpot_x86_64,7.175788859650657,0.4005188330464868,6.390786371749532,7.960791347551782,6.707837057424136,0.467951802226521,0.007968717998664943,
1e477090b6eb,2026-09-24T15:06:49,nafis,baseline,asian_30d,call,exact,plain,{},1024,252,2,438644908,nn-lotpot_x86_64,6.617633745239026,0.3654890580102296,5.901288354795505,7.333979135682546,6.707837057424136,0.09020331218511046,0.007936564999909024,
d26eac0e106a,2026-09-24T15:06:49,nafis,baseline,asian_30d,call,exact,plain,{},1024,252,3,1402399511,nn-lotpot_x86_64,6.242563388579383,0.34429975427773796,5.567748270309027,6.91737850684974,6.707837057424136,0.46527366884475274,0.008003233999261283,
b81c5e299575,2026-09-24T15:06:49,nafis,baseline,asian_30d,call,exact,plain,{},1024,252,4,569623439,nn-lotpot_x86_64,6.6036275436889,0.36487665979705475,5.8884824316873985,7.318772655690401,6.707837057424136,0.10420951373523657,0.008075278001342667,
071a447ee3e1,2026-09-24T15:06:49,nafis,baseline,asian_30d,call,exact,plain,{},1024,252,5,3626220819,nn-lotpot_x86_64,6.9177814918627405,0.37631536194919246,6.180216935613169,7.655346048112312,6.707837057424136,0.20994443443860433,0.008011836998775834,
6f4a580a2702,2026-09-24T15:06:49,nafis,baseline,asian_30d,call,exact,plain,{},1024,252,6,975718271,nn-lotpot_x86_64,6.282064483871668,0.35108179801390454,5.593956804136849,6.970172163606487,6.707837057424136,0.425772573552468,0.008045881999350968,
1a14ab0037f6,2026-09-24T15:06:49,nafis,baseline,asian_30d,call,exact,plain,{},1024,252,7,63281645,nn-lotpot_x86_64,6.812970601784107,0.3764635721103368,6.075115558956549,7.550825644611665,6.707837057424136,0.1051335443599708,0.008026940000490868,
18070a56e8d9,2026-09-24T15:06:49,nafis,baseline,asian_30d,call,exact,plain,{},1024,252,8,1494444198,nn-lotpot_x86_64,6.463598891100618,0.3641553793595942,5.749867462779293,7.1773303194219435,6.707837057424136,0.2442381663235178,0.007988293000380509,
061d07c7930e,2026-09-24T15:06:49,nafis,baseline,asian_30d,call,exact,plain,{},1024,252,9,957403937,nn-lotpot_x86_64,6.4883020861098615,0.3674225216130318,5.768167176639429,7.208436995580294,6.707837057424136,0.21953497131427469,0.007941846000903752,
878ba5d91e76,2026-09-24T15:06:49,nafis,baseline,asian_30d,call,exact,plain,{},1024,252,10,1214620883,nn-lotpot_x86_64,6.820123029293743,0.37262707964161557,6.089787373531838,7.5504586850556485,6.707837057424136,0.11228597186960698,0.007960959999763872,
e70326dbfe9d,2026-09-24T15:06:49,nafis,baseline,asian_30d,call,exact,plain,{},1024,252,11,3546845193,nn-lotpot_x86_64,6.958362586388727,0.3738362371697446,6.225657025420054,7.6910681473574005,6.707837057424136,0.2505255289645909,0.007980799999131705,
3d9a31fb8d2c,2026-09-24T15:06:49,nafis,baseline,asian_30d,call,exact,plain,{},1024,252,12,653224928,nn-lotpot_x86_64,6.883870411086516,0.3518844003308781,6.19418965971652,7.5735511624565115,6.707837057424136,0.1760333536623797,0.00803799599998456,
46feee383571,2026-09-24T15:06:49,nafis,baseline,asian_30d,call,exact,plain,{},1024,252,13,3461198082,nn-lotpot_x86_64,7.130873242126551,0.37366722916344,6.398498930763334,7.863247553489768,6.707837057424136,0.4230361847024149,0.007975956999871414,
0648bbea89ca,2026-09-24T15:06:49,nafis,baseline,asian_30d,call,exact,plain,{},1024,252,14,1476789378,nn-lotpot_x86_64,6.639921450452115,0.364891909198035,5.924746450173907,7.355096450730323,6.707837057424136,0.06791560697202126,0.007963456000652513,
05806cea2334,2026-09-24T15:06:49,nafis,baseline,asian_30d,call,exact,plain,{},1024,252,15,1835993483,nn-lotpot_x86_64,6.710809062917083,0.38638016979094597,5.953517845786358,7.468100280047809,6.707837057424136,0.002972005492947183,0.008003578999705496,
aa412b8b2344,2026-09-24T15:06:49,nafis,baseline,asian_30d,call,exact,plain,{},1024,252,16,2042664153,nn-lotpot_x86_64,6.691772769033531,0.35167570020811245,6.002501062387726,7.381044475679337,6.707837057424136,0.01606428839060481,0.007957058000101824,
f89ddd2e614b,2026-09-24T15:06:49,nafis,baseline,asian_30d,call,exact,plain,{},1024,252,17,525803911,nn-lotpot_x86_64,6.1715534216725665,0.38946944349304613,5.408207339347339,6.934899503997794,6.707837057424136,0.5362836357515697,0.007983518999026273,
85aff3daac34,2026-09-24T15:06:49,nafis,baseline,asian_30d,call,exact,plain,{},1024,252,18,464343617,nn-lotpot_x86_64,6.425957101154323,0.3540135498455783,5.732103293417814,7.119810908890831,6.707837057424136,0.28187995626981355,0.008006133000890259,
2874d0fc0965,2026-09-24T15:06:49,nafis,baseline,asian_30d,call,exact,plain,{},1024,252,19,1993132449,nn-lotpot_x86_64,6.523019367709235,0.3642549017043414,5.809092879176548,7.236945856241922,6.707837057424136,0.18481768971490098,0.007974959000421222,
fdcb398f67d2,2026-09-24T15:06:49,nafis,baseline,asian_30d,call,exact,plain,{},4096,252,0,2432916283,nn-lotpot_x86_64,6.669767432193112,0.18351256328857632,6.310089417436875,7.029445446949349,6.707837057424136,0.03806962523102442,0.033768172999771195,
9b339a239517,2026-09-24T15:06:49,nafis,baseline,asian_30d,call,exact,plain,{},4096,252,1,4032196823,nn-lotpot_x86_64,6.791483701318046,0.1837641209409377,6.431312642623145,7.1516547600129465,6.707837057424136,0.08364664389390963,0.03242028499880689,
3086e15bdaba,2026-09-24T15:06:49,nafis,baseline,asian_30d,call,exact,plain,{},4096,252,2,1963776227,nn-lotpot_x86_64,6.795186677608303,0.18452100643788968,6.433532150598956,7.15684120461765,6.707837057424136,0.08734962018416681,0.03243334400031017,
c81119a82f5f,2026-09-24T15:06:49,nafis,baseline,asian_30d,call,exact,plain,{},4096,252,3,1027010209,nn-lotpot_x86_64,6.632193172493426,0.18338607902292617,6.272763062342474,6.991623282644378,6.707837057424136,0.07564388493071039,0.03211096999984875,
dcf3a58251cd,2026-09-24T15:06:49,nafis,baseline,asian_30d,call,exact,plain,{},4096,252,4,656009875,nn-lotpot_x86_64,6.874137812914659,0.18851932667397006,6.504646722243937,7.243628903585382,6.707837057424136,0.16630075549052314,0.03215505199841573,
fe82ade3edff,2026-09-24T15:06:49,nafis,baseline,asian_30d,call,exact,plain,{},4096,252,5,806142439,nn-lotpot_x86_64,6.7400588639443,0.1803034437621897,6.386670607881865,7.0934471200067355,6.707837057424136,0.032221806520164264,0.03230639399953361,
d3511a909fce,2026-09-24T15:06:49,nafis,baseline,asian_30d,call,exact,plain,{},4096,252,6,4039237132,nn-lotpot_x86_64,6.193470123328724,0.17415444402817307,5.852133685285908,6.534806561371539,6.707837057424136,0.5143669340954125,0.03228832300010254,
91ad2ca42f51,2026-09-24T15:06:49,nafis,baseline,asian_30d,call,exact,plain,{},4096,252,7,1087224247,nn-lotpot_x86_64,6.571238390790683,0.18357755432364256,6.211432995946398,6.931043785634968,6.707837057424136,0.13659866663345355,0.032277038000756875,
c8862483686f,2026-09-24T15:06:49,nafis,baseline,asian_30d,call,exact,plain,{},4096,252,8,1539930442,nn-lotpot_x86_64,6.8163336057516455,0.18662710351396275,6.45055120432525,7.182116007178041,6.707837057424136,0.10849654832750932,0.03231731599953491,
e30120db86e1,2026-09-24T15:06:49,nafis,baseline,asian_30d,call,exact,plain,{},4096,252,9,1848242734,nn-lotpot_x86_64,6.597885025695855,0.1873947986182921,6.230597969513866,6.965172081877844,6.707837057424136,0.10995203172828116,0.03203650000068592,
3298740939b4,2026-09-24T15:06:49,nafis,baseline,asian_30d,call,exact,plain,{},4096,252,10,710160024,nn-lotpot_x86_64,6.614640769004266,0.1832537759557361,6.255469968100051,6.973811569908481,6.707837057424136,0.09319628841987004,0.032246259001112776,
d09e516c8cbe,2026-09-24T15:06:49,nafis,baseline,asian_30d,call,exact,plain,{},4096,252,11,2310174561,nn-lotpot_x86_64,6.637314153288821,0.18114042034354585,6.282285453271024,6.992342853306617,6.707837057424136,0.07052290413531548,0.032217593001405476,
f51f0aaba053,2026-09-24T15:06:49,nafis,baseline,asian_30d,call,exact,plain,{},4096,252,12,4261234488,nn-lotpot_x86_64,6.946169425025301,0.19241747057738381,6.569038112697333,7.32330073735327,6.707837057424136,0.23833236760116527,0.032061732999864034,
0a922982cc6d,2026-09-24T15:06:49,nafis,baseline,asian_30d,call,exact,plain,{},4096,252,13,2974765466,nn-lotpot_x86_64,6.787806235671448,0.18937526167295862,6.4166375432296014,7.158974928113295,6.707837057424136,0.0799691782473122,0.03194174300006125,
1c29cd3aad53,2026-09-24T15:06:49,nafis,baseline,asian_30d,call,exact,plain,{},4096,252,14,3622895230,nn-lotpot_x86_64,6.493359567769167,0.17988253347173425,6.140796280716747,6.845922854821587,6.707837057424136,0.2144774896549695,0.03222927899878414,
2b87d5dd8302,2026-09-24T15:06:49,nafis,baseline,asian_30d,call,exact,plain,{},4096,252,15,856134300,nn-lotpot_x86_64,6.435250079266388,0.17789537548677808,6.086581550296073,6.783918608236703,6.707837057424136,0.2725869781577481,0.03218161900076666,
c0d4c52a1afe,2026-09-24T15:06:49,nafis,baseline,asian_30d,call,exact,plain,{},4096,252,16,2170584930,nn-lotpot_x86_64,6.6748588003573595,0.1844300423230633,6.313382559736958,7.036335040977761,6.707837057424136,0.032978257066776706,0.03200112999911653,
ec5f47f50218,2026-09-24T15:06:49,nafis,baseline,asian_30d,call,exact,plain,{},4096,252,17,754876391,nn-lotpot_x86_64,6.9127421735088355,0.1890143666378689,6.542280822337963,7.283203524679708,6.707837057424136,0.2049051160846993,0.03221365400167997,
5d3a7d4c154b,2026-09-24T15:06:50,nafis,baseline,asian_30d,call,exact,plain,{},4096,252,18,2404468007,nn-lotpot_x86_64,6.658100824660131,0.18354914119534438,6.298351118523999,7.017850530796264,6.707837057424136,0.04973623276400474,0.03233414299938886,
b8aa736421d6,2026-09-24T15:06:50,nafis,baseline,asian_30d,call,exact,plain,{},4096,252,19,756417802,nn-lotpot_x86_64,6.773123129009072,0.18952114014258442,6.401668520020638,7.144577737997506,6.707837057424136,0.06528607158493571,0.03211291400111804,
8fdab184e3ea,2026-09-24T15:06:50,nafis,baseline,asian_30d,call,exact,plain,{},16384,252,0,779285817,nn-lotpot_x86_64,6.754187337187243,0.0923974188285374,6.573091724018847,6.9352829503556395,6.707837057424136,0.04635027976310724,0.13782736400025897,
55e667f9a093,2026-09-24T15:06:50,nafis,baseline,asian_30d,call,exact,plain,{},16384,252,1,607961344,nn-lotpot_x86_64,6.857876823890449,0.09436250658357115,6.672929709495726,7.0428239382851725,6.707837057424136,0.15003976646631312,0.13953999399927852,
25e0891c9b1a,2026-09-24T15:06:50,nafis,baseline,asian_30d,call,exact,plain,{},16384,252,2,1449790008,nn-lotpot_x86_64,6.6254642633673715,0.09180112105228973,6.445537372364482,6.805391154370261,6.707837057424136,0.08237279405676468,0.1394024340006581,
2b11923a335c,2026-09-24T15:06:50,nafis,baseline,asian_30d,call,exact,plain,{},16384,252,3,106517309,nn-lotpot_x86_64,6.6837481196383575,0.09207549433685991,6.50328346687939,6.864212772397325,6.707837057424136,0.024088937785778697,0.14069323900002928,
a3e03d6b9bfe,2026-09-24T15:06:50,nafis,baseline,asian_30d,call,exact,plain,{},16384,252,4,2562382453,nn-lotpot_x86_64,6.704864853140238,0.09339105731495302,6.521821744324814,6.887907961955662,6.707837057424136,0.0029722042838979945,0.13946480699996755,
ad683069b068,2026-09-24T15:06:50,nafis,baseline,asian_30d,call,exact,plain,{},16384,252,5,843844835,nn-lotpot_x86_64,6.583223769573991,0.09244502868652464,6.40203484279863,6.764412696349351,6.707837057424136,0.12461328785014558,0.13980351300051552,
7f282aac4bb6,2026-09-24T15:06:51,nafis,baseline,asian_30d,call,exact,plain,{},16384,252,6,4196306326,nn-lotpot_x86_64,6.877584533347798,0.09354154218291409,6.6942464796109515,7.060922587084644,6.707837057424136,0.16974747592366146,0.1396103260012751,
865f8964fbca,2026-09-24T15:06:51,nafis,baseline,asian_30d,call,exact,plain,{},16384,252,7,3752441092,nn-lotpot_x86_64,6.659038644758104,0.09206651465885209,6.478591591844625,6.8394856976715825,6.707837057424136,0.048798412666032576,0.14065238399962254,
f355e7467c85,2026-09-24T15:06:51,nafis,baseline,asian_30d,call,exact,plain,{},16384,252,8,755489207,nn-lotpot_x86_64,6.633496026518191,0.09248554767724537,6.452227683980328,6.814764369056054,6.707837057424136,0.0743410309059449,0.13907308099987858,
0c5b0017d9c6,2026-09-24T15:06:51,nafis,baseline,asian_30d,call,exact,plain,{},16384,252,9,4166023572,nn-lotpot_x86_64,6.724823378381584,0.09295784758048971,6.54262934504346,6.907017411719707,6.707837057424136,0.016986320957447454,0.13989046399910876,
12881d5d9a62,2026-09-24T15:06:51,nafis,baseline,asian_30d,call,exact,plain,{},16384,252,10,888679195,nn-lotpot_x86_64,6.712779002944145,0.09278317078591827,6.530927329832316,6.894630676055973,6.707837057424136,0.004941945520008595,0.14015662600104406,
08b9ca2b6bda,2026-09-24T15:06:51,nafis,baseline,asian_30d,call,exact,plain,{},16384,252,11,921285983,nn-lotpot_x86_64,6.585614972551186,0.09202821146965469,6.405242992509026,6.765986952593345,6.707837057424136,0.12222208487295028,0.1399356509991776,
daa69f03f71a,2026-09-24T15:06:51,nafis,baseline,asian_30d,call,exact,plain,{},16384,252,12,1957596620,nn-lotpot_x86_64,6.818161293017477,0.0926763489099936,6.636518986935221,6.9998035990997325,6.707837057424136,0.1103242355933407,0.14031275500019547,
17ac684a35f0,2026-09-24T15:06:52,nafis,baseline,asian_30d,call,exact,plain,{},16384,252,13,3029240948,nn-lotpot_x86_64,6.644707540753043,0.09250168690930598,6.463407565901603,6.826007515604482,6.707837057424136,0.06312951667109346,0.13959221199911553,
897cf67730e6,2026-09-24T15:06:52,nafis,baseline,asian_30d,call,exact,plain,{},16384,252,14,2892966972,nn-lotpot_x86_64,6.681362224880774,0.09261154458465277,6.499846932942229,6.862877516819318,6.707837057424136,0.02647483254336258,0.14040270100122143,
0fec5310a82e,2026-09-24T15:06:52,nafis,baseline,asian_30d,call,exact,plain,{},16384,252,15,1129073115,nn-lotpot_x86_64,6.71802022929371,0.09218099449210027,6.5373488000301085,6.898691658557312,6.707837057424136,0.010183171869574181,0.14026481100154342,
7e4528de1584,2026-09-24T15:06:52,nafis,baseline,asian_30d,call,exact,plain,{},16384,252,16,3391457937,nn-lotpot_x86_64,6.761243567273268,0.09304136799070467,6.578885836939149,6.943601297607387,6.707837057424136,0.053406509849131645,0.1399802309988445,
18e561547e01,2026-09-24T15:06:52,nafis,baseline,asian_30d,call,exact,plain,{},16384,252,17,1483441806,nn-lotpot_x86_64,6.652767594847801,0.09124782889350558,6.473925136549057,6.831610053146545,6.707837057424136,0.05506946257633505,0.1406349360004242,
a74cd1ce29fa,2026-09-24T15:06:52,nafis,baseline,asian_30d,call,exact,plain,{},16384,252,18,4227923,nn-lotpot_x86_64,6.68880820790452,0.09386624507013465,6.504833748203046,6.872782667605994,6.707837057424136,0.01902884951961603,0.13942048399985651,
250b74331c80,2026-09-24T15:06:52,nafis,baseline,asian_30d,call,exact,plain,{},16384,252,19,432627159,nn-lotpot_x86_64,6.79924675359867,0.0928148067253297,6.617333075184978,6.981160432012362,6.707837057424136,0.09140969617453365,0.13930543799870065,
3e9270dbac2c,2026-09-24T15:06:53,nafis,baseline,asian_30d,call,exact,plain,{},65536,252,0,835117418,nn-lotpot_x86_64,6.681221240306685,0.04603980171112336,6.590984887097517,6.771457593515852,6.707837057424136,0.026615817117451535,0.558282058000259,
6596bd1d3298,2026-09-24T15:06:53,nafis,baseline,asian_30d,call,exact,plain,{},65536,252,1,3785714064,nn-lotpot_x86_64,6.683143671191032,0.04638042585822488,6.592239706921281,6.774047635460783,6.707837057424136,0.024693386233104242,0.560008641999957,
720bd91e64db,2026-09-24T15:06:54,nafis,baseline,asian_30d,call,exact,plain,{},65536,252,2,949134405,nn-lotpot_x86_64,6.748750213817144,0.046488270614149965,6.657634877709858,6.839865549924429,6.707837057424136,0.04091315639300763,0.5589774740001303,
9f2d51cd3310,2026-09-24T15:06:55,nafis,baseline,asian_30d,call,exact,plain,{},65536,252,3,3456938835,nn-lotpot_x86_64,6.704852789364847,0.04614953194183164,6.614401368855476,6.795304209874218,6.707837057424136,0.002984268059289086,0.5601616549993196,
6c8331ce6a52,2026-09-24T15:06:55,nafis,baseline,asian_30d,call,exact,plain,{},65536,252,4,292166216,nn-lotpot_x86_64,6.690434033742947,0.04642057470383264,6.599451379181784,6.78141668830411,6.707837057424136,0.01740302368118929,0.5650076209985855,
41888926e692,2026-09-24T15:06:56,nafis,baseline,asian_30d,call,exact,plain,{},65536,252,5,4222463806,nn-lotpot_x86_64,6.763406382501569,0.046592281149854205,6.6720871894902904,6.854725575512847,6.707837057424136,0.05556932507743273,0.5643148620001739,
d87e7de7887b,2026-09-24T15:06:56,nafis,baseline,asian_30d,call,exact,plain,{},65536,252,6,2793336767,nn-lotpot_x86_64,6.78108917374595,0.046690413827838805,6.6895776442201145,6.872600703271785,6.707837057424136,0.07325211632181361,0.5589186719989812,
a94a02f224c3,2026-09-24T15:06:57,nafis,baseline,asian_30d,call,exact,plain,{},65536,252,7,3248517810,nn-lotpot_x86_64,6.694602555771082,0.04658704083636207,6.6032936335855155,6.785911477956649,6.707837057424136,0.013234501653053954,0.5591120270000829,
cbe370b85b29,2026-09-24T15:06:57,nafis,baseline,asian_30d,call,exact,plain,{},65536,252,8,3336536781,nn-lotpot_x86_64,6.781917585468616,0.04641245600954401,6.69095084325586,6.872884327681372,6.707837057424136,0.07408052804447962,0.5592223310013651,
fa522690f7c6,2026-09-24T15:06:58,nafis,baseline,asian_30d,call,exact,plain,{},65536,252,9,1555711461,nn-lotpot_x86_64,6.753661062283983,0.04640922094356016,6.6627006606840435,6.844621463883923,6.707837057424136,0.04582400485984728,0.5592786810011603,
7f329d2b167a,2026-09-24T15:06:59,nafis,baseline,asian_30d,call,exact,plain,{},65536,252,10,2269572286,nn-lotpot_x86_64,6.8005114444383,0.04663248551500299,6.709113452319308,6.891909436557292,6.707837057424136,0.09267438701416353,0.5600713809999434,
d67add80567e,2026-09-24T15:06:59,nafis,baseline,asian_30d,call,exact,plain,{},65536,252,11,3920460918,nn-lotpot_x86_64,6.684071839423886,0.04621128869115692,6.593499377910035,6.774644300937737,6.707837057424136,0.023765218000249888,0.5598469939995994,
cb436b523675,2026-09-24T15:07:00,nafis,baseline,asian_30d,call,exact,plain,{},65536,252,12,500346923,nn-lotpot_x86_64,6.719640664400071,0.04634841497370989,6.628799440311083,6.810481888489059,6.707837057424136,0.011803606975934855,0.5595656109999254,
5e0460dca0ea,2026-09-24T15:07:00,nafis,baseline,asian_30d,call,exact,plain,{},65536,252,13,3416438435,nn-lotpot_x86_64,6.688212566792875,0.046178866623352424,6.597703651364226,6.778721482221524,6.707837057424136,0.01962449063126126,0.558257089000108,
a76fe3239b3e,2026-09-24T15:07:01,nafis,baseline,asian_30d,call,exact,plain,{},65536,252,14,3552181831,nn-lotpot_x86_64,6.738309336888091,0.04671076737319051,6.6467579151464085,6.829860758629773,6.707837057424136,0.0304722794639547,0.5593871960008983,
2b8ae7daa568,2026-09-24T15:07:01,nafis,baseline,asian_30d,call,exact,plain,{},65536,252,15,3897616835,nn-lotpot_x86_64,6.6303704665040595,0.04565162828359352,6.540894919232606,6.719846013775513,6.707837057424136,0.07746659092007668,0.5587919139998121,
9bbe06e6af24,2026-09-24T15:07:02,nafis,baseline,asian_30d,call,exact,plain,{},65536,252,16,2104157840,nn-lotpot_x86_64,6.702927721501088,0.04642014948511627,6.6119459003532945,6.793909542648882,6.707837057424136,0.004909335923048097,0.5589027019996138,
5f06eb94028b,2026-09-24T15:07:02,nafis,baseline,asian_30d,call,exact,plain,{},65536,252,17,486248030,nn-lotpot_x86_64,6.76370942965543,0.04649812654742861,6.672574776273884,6.8548440830369755,6.707837057424136,0.05587237223129371,0.5592825170006108,
8d50e60a7e01,2026-09-24T15:07:03,nafis,baseline,asian_30d,call,exact,plain,{},65536,252,18,71303766,nn-lotpot_x86_64,6.782383590884457,0.04640611809554133,6.691429270754884,6.873337911014031,6.707837057424136,0.07454653346032103,0.5608277169994835,
e05ec0fb7b67,2026-09-24T15:07:04,nafis,baseline,asian_30d,call,exact,plain,{},65536,252,19,884646506,nn-lotpot_x86_64,6.726374999456305,0.046529112726071103,6.635179614280601,6.817570384632009,6.707837057424136,0.018537942032168964,0.5613231780007482,
96d6b7400e13,2026-09-24T15:07:04,nafis,baseline,asian_30d,call,exact,antithetic,{},256,252,0,3517647868,nn-lotpot_x86_64,6.0410852689538785,0.6017139710223305,4.8617475567555335,7.220422981152224,6.707837057424136,0.6667517884702576,0.0027001329999620793,"{""pairs"": 128, ""rho_pair"": -0.29648826497452657}"
e63aedac2549,2026-09-24T15:07:04,nafis,baseline,asian_30d,call,exact,antithetic,{},256,252,1,2915720516,nn-lotpot_x86_64,7.103491680125355,0.7084707084715435,5.714914607419554,8.492068752831157,6.707837057424136,0.395654622701219,0.001773762000084389,"{""pairs"": 128, ""rho_pair"": -0.28423534364971464}"
021a03d18382,2026-09-24T15:07:04,nafis,baseline,asian_30d,call,exact,antithetic,{},256,252,2,1081264363,nn-lotpot_x86_64,7.824416837109631,0.7002565475558115,6.4519392239618805,9.19689445025738,6.707837057424136,1.1165797796854946,0.0017552799999975832,"{""pairs"": 128, ""rho_pair"": -0.3237790974502711}"
ff8d25f14049,2026-09-24T15:07:04,nafis,baseline,asian_30d,call,exact,antithetic,{},256,252,3,2886131479,nn-lotpot_x86_64,7.934038886935658,0.6266904824726849,6.705748111835166,9.16232966203615,6.707837057424136,1.2262018295115222,0.001723436998872785,"{""pairs"": 128, ""rho_pair"": -0.38253372337317815}"
29fbe9a94214,2026-09-24T15:07:04,nafis,baseline,asian_30d,call,exact,antithetic,{},256,252,4,4261552813,nn-lotpot_x86_64,7.054857403490419,0.5716576381263814,5.934429021275481,8.175285785705357,6.707837057424136,0.34702034606628285,0.001740112000334193,"{""pairs"": 128, ""rho_pair"": -0.3808391339222244}"
7d3da72911a2,2026-09-24T15:07:04,nafis,baseline,asian_30d,call,exact,antithetic,{},256,252,5,2870158259,nn-lotpot_x86_64,5.986650447489222,0.5352207841092368,4.93763698685783,7.035663908120614,6.707837057424136,0.7211866099349145,0.001716265000140993,"{""pairs"": 128, ""rho_pair"": -0.33753082720253386}"
a6021c63b0bd,2026-09-24T15:07:04,nafis,baseline,asian_30d,call,exact,antithetic,{},256,252,6,1909329192,nn-lotpot_x86_64,6.921661378876064,0.6534994680952596,5.6408259574932735,8.202496800258855,6.707837057424136,0.21382432145192798,0.0017550729990034597,"{""pairs"": 128, ""rho_pair"": -0.30673592385358367}"
6e92c6ea539c,2026-09-24T15:07:04,nafis,baseline,asian_30d,call,exact,antithetic,{},256,252,7,1925688735,nn-lotpot_x86_64,6.135554962958782,0.5949050719619768,4.969562447693098,7.301547478224466,6.707837057424136,0.5722820944653542,0.0017726610003592214,"{""pairs"": 128, ""rho_pair"": -0.29657238724238166}"
6e5669d90649,2026-09-24T15:07:04,nafis,baseline,asian_30d,call,exact,antithetic,{},256,252,8,3640677197,nn-lotpot_x86_64,6.3385873085158675,0.5669699523451391,5.2273466216030045,7.4498279954287305,6.707837057424136,0.36924974890826867,0.0017404909995093476,"{""pairs"": 128, ""rho_pair"": -0.3338674644426495}"
548c4ec995b9,2026-09-24T15:07:04,nafis,baseline,asian_30d,call,exact,antithetic,{},256,252,9,749045087,nn-lotpot_x86_64,6.23907449707738,0.5679262115844546,5.125959576495575,7.352189417659185,6.707837057424136,0.46876256034675645,0.001718036999591277,"{""pairs"": 128, ""rho_pair"": -0.31817217060028824}"
bfc8f790f1fa,2026-09-24T15:07:04,nafis,baseline,asian_30d,call,exact,antithetic,{},256,252,10,3725418154,nn-lotpot_x86_64,7.245498581540232,0.5605859411995198,6.146770326549685,8.34422683653078,6.707837057424136,0.5376615241160962,0.001724921999993967,"{""pairs"": 128, ""rho_pair"": -0.40158678478132825}"
4cb66038bcf2,2026-09-24T15:07:04,nafis,baseline,asian_30d,call,exact,antithetic,{},256,252,11,255614500,nn-lotpot_x86_64,6.114692504550906,0.4945595726802083,5.145373553888178,7.084011455213633,6.707837057424136,0.5931445528732304,0.0017383880003762897,"{""pairs"": 128, ""rho_pair"": -0.37538859819909615}"
1db716be92db,2026-09-24T15:07:04,nafis,baseline,asian_30d,call,exact,antithetic,{},256,252,12,293309511,nn-lotpot_x86_64,5.644026279166295,0.5059389711824632,4.652404117273418,6.635648441059171,6.707837057424136,1.0638107782578414,0.0017301900006714277,"{""pairs"": 128, ""rho_pair"": -0.3337981586873506}"
1785e7d3888a,2026-09-24T15:07:04,nafis,baseline,asian_30d,call,exact,antithetic,{},256,252,13,4096754019,nn-lotpot_x86_64,6.982925341688519,0.5767791444543621,5.852458991524144,8.113391691852893,6.707837057424136,0.2750882842643829,0.0017311729989160085,"{""pairs"": 128, ""rho_pair"": -0.3620265607134207}"
35feb4d5c871,2026-09-24T15:07:04,nafis,baseline,asian_30d,call,exact,antithetic,{},256,252,14,1799356684,nn-lotpot_x86_64,7.6980134354406715,0.7583298802887822,6.211714181674088,9.184312689207255,6.707837057424136,0.9901763780165354,0.0017726100013533141,"{""pairs"": 128, ""rho_pair"": -0.2888423662029808}"
3ee44cbf3026,2026-09-24T15:07:04,nafis,baseline,asian_30d,call,exact,antithetic,{},256,252,15,2279966985,nn-lotpot_x86_64,7.434554016098089,0.6357536708534314,6.1884997181862325,8.680608314009946,6.707837057424136,0.7267169586739533,0.0017214950003108243,"{""pairs"": 128, ""rho_pair"": -0.3640617499402679}"
35b56b764b52,2026-09-24T15:07:04,nafis,baseline,asian_30d,call,exact,antithetic,{},256,252,16,299921641,nn-lotpot_x86_64,5.95951124476937,0.5241512498407878,4.93219367262977,6.98682881690897,6.707837057424136,0.748325812654766,0.0017531249995954568,"{""pairs"": 128, ""rho_pair"": -0.3371418753456021}"
99e30712bbf9,2026-09-24T15:07:04,nafis,baseline,asian_30d,call,exact,antithetic,{},256,252,17,2630989009,nn-lotpot_x86_64,7.365863700522491,0.6558735051984457,6.080375251919493,8.651352149125488,6.707837057424136,0.6580266430983546,0.001723965000564931,"{""pairs"": 128, ""rho_pair"": -0.33183814404794015}"
768fd41d50c6,2026-09-24T15:07:04,nafis,baseline,asian_30d,call,exact,antithetic,{},256,252,18,3800502532,nn-lotpot_x86_64,7.160018404916652,0.6340626987041218,5.917278351516302,8.402758458317003,6.707837057424136,0.45218134749251604,0.0017313580010522855,"{""pairs"": 128, ""rho_pair"": -0.33382623412658047}"
1f38fa8b1954,2026-09-24T15:07:04,nafis,baseline,asian_30d,call,exact,antithetic,{},256,252,19,2843893799,nn-lotpot_x86_64,6.024564404944151,0.5430730444617048,4.96016079682469,7.088968013063612,6.707837057424136,0.6832726524799853,0.001729094999973313,"{""pairs"": 128, ""rho_pair"": -0.32221872425907383}"
c1cf517bd8fb,2026-09-24T15:07:04,nafis,baseline,asian_30d,call,exact,antithetic,{},1024,252,0,252857637,nn-lotpot_x86_64,6.697142221951252,0.2903117869533417,6.1281415752352375,7.266142868667267,6.707837057424136,0.010694835472883746,0.008854816000166466,"{""pairs"": 512, ""rho_pair"": -0.34400439896954155}"
699bf297ac04,2026-09-24T15:07:04,nafis,baseline,asian_30d,call,exact,antithetic,{},1024,252,1,2743912770,nn-lotpot_x86_64,6.726406434392022,0.31456275596922045,6.109874761814687,7.342938106969356,6.707837057424136,0.01856937696788563,0.006420820000130334,"{""pairs"": 512, ""rho_pair"": -0.30918161709737957}"
f8a6d99f54c4,2026-09-24T15:07:04,nafis,baseline,asian_30d,call,exact,antithetic,{},1024,252,2,906754862,nn-lotpot_x86_64,6.997781216449213,0.3168405495611705,6.376785150467441,7.618777282430985,6.707837057424136,0.28994415902507686,0.00637736600037897,"{""pairs"": 512, ""rho_pair"": -0.32361800495245}"
4829e081fcdd,2026-09-24T15:07:04,nafis,baseline,asian_30d,call,exact,antithetic,{},1024,252,3,216315593,nn-lotpot_x86_64,7.311244106795652,0.29471972692849385,6.733604056482324,7.888884157108979,6.707837057424136,0.6034070493715156,0.0062508320006600115,"{""pairs"": 512, ""rho_pair"": -0.37748862997628385}"
806d2a79895e,2026-09-24T15:07:04,nafis,baseline,asian_30d,call,exact,antithetic,{},1024,252,4,3502540363,nn-lotpot_x86_64,6.918244845696625,0.31341679446544507,6.30395921639436,7.53253047499889,6.707837057424136,0.21040778827248907,0.006367983998643467,"{""pairs"": 512, ""rho_pair"": -0.32437320862221136}"
a2e58d892f6e,2026-09-24T15:07:04,nafis,baseline,asian_30d,call,exact,antithetic,{},1024,252,5,643313788,nn-lotpot_x86_64,6.54598663700086,0.28254058562382295,5.992217265007312,7.099756008994408,6.707837057424136,0.16185042042327602,0.006487966000349843,"{""pairs"": 512, ""rho_pair"": -0.344463825116303}"
a628daa8e097,2026-09-24T15:07:04,nafis,baseline,asian_30d,call,exact,antithetic,{},1024,252,6,3084890049,nn-lotpot_x86_64,6.6105882534829075,0.2998057003881034,6.022979878362419,7.198196628603396,6.707837057424136,0.0972488039412287,0.006372263000230305,"{""pairs"": 512, ""rho_pair"": -0.3224635837133849}"
0b15c5123ca4,2026-09-24T15:07:04,nafis,baseline,asian_30d,call,exact,antithetic,{},1024,252,7,3314360697,nn-lotpot_x86_64,6.808757906097863,0.3147681843567627,6.191823601279545,7.425692210916182,6.707837057424136,0.10092084867372719,0.006436918998588226,"{""pairs"": 512, ""rho_pair"": -0.3158250822754264}"
33b104ef29dd,2026-09-24T15:07:04,nafis,baseline,asian_30d,call,exact,antithetic,{},1024,252,8,215795821,nn-lotpot_x86_64,6.81213043650385,0.30159047218996077,6.221023972931098,7.403236900076601,6.707837057424136,0.10429337907971359,0.006502709000415052,"{""pairs"": 512, ""rho_pair"": -0.33276671494621085}"
d7ba786d256c,2026-09-24T15:07:04,nafis,baseline,asian_30d,call,exact,antithetic,{},1024,252,9,1566573818,nn-lotpot_x86_64,6.989292555573929,0.32213315493481565,6.357923173675429,7.620661937472429,6.707837057424136,0.28145549814979276,0.006318722998912563,"{""pairs"": 512, ""rho_pair"": -0.31384251577279737}"
94fd4d7ca098,2026-09-24T15:07:04,nafis,baseline,asian_30d,call,exact,antithetic,{},1024,252,10,959295090,nn-lotpot_x86_64,6.745795959990025,0.29565962095575726,6.166313751233977,7.325278168746072,6.707837057424136,0.03795890256588841,0.006359480999890366,"{""pairs"": 512, ""rho_pair"": -0.33804907909381005}"
5cdee0e85fec,2026-09-24T15:07:04,nafis,baseline,asian_30d,call,exact,antithetic,{},1024,252,11,569037742,nn-lotpot_x86_64,6.523274719943022,0.29339075730923386,5.9482394022199925,7.098310037666052,6.707837057424136,0.18456233748111384,0.0062759600004937965,"{""pairs"": 512, ""rho_pair"": -0.3244308221797708}"
2f0f1b1b0dc2,2026-09-24T15:07:04,nafis,baseline,asian_30d,call,exact,antithetic,{},1024,252,12,4282200365,nn-lotpot_x86_64,6.641926954990161,0.2871160028204612,6.079189930076957,7.204663979903366,6.707837057424136,0.06591010243397477,0.006367152000166243,"{""pairs"": 512, ""rho_pair"": -0.3445410527397929}"
b62277c8ce59,2026-09-24T15:07:04,nafis,baseline,asian_30d,call,exact,antithetic,{},1024,252,13,1757864334,nn-lotpot_x86_64,6.635523097982185,0.30175420551304677,6.044095722993116,7.226950472971255,6.707837057424136,0.07231395944195107,0.006271318001381587,"{""pairs"": 512, ""rho_pair"": -0.3211599751445253}"
1151cbe340b2,2026-09-24T15:07:04,nafis,baseline,asian_30d,call,exact,antithetic,{},1024,252,14,268248757,nn-lotpot_x86_64,7.170354724441696,0.3203674772607358,6.542446007192699,7.798263441690692,6.707837057424136,0.4625176670175595,0.006334208999760449,"{""pairs"": 512, ""rho_pair"": -0.32891132175931065}"
4a96810546af,2026-09-24T15:07:04,nafis,baseline,asian_30d,call,exact,antithetic,{},1024,252,15,2387153465,nn-lotpot_x86_64,6.9365995157511975,0.32439343263543263,6.30080007096443,7.572398960537965,6.707837057424136,0.22876245832706132,0.006416655000066385,"{""pairs"": 512, ""rho_pair"": -0.30849828010880087}"
0fa18e2c7925,2026-09-24T15:07:04,nafis,baseline,asian_30d,call,exact,antithetic,{},1024,252,16,2354294270,nn-lotpot_x86_64,7.0626931148284084,0.3066740872929435,6.461622948742547,7.66376328091427,6.707837057424136,0.3548560574042723,0.006389580999893951,"{""pairs"": 512, ""rho_pair"": -0.34428154880937184}"
fc91f7fa7505,2026-09-24T15:07:04,nafis,baseline,asian_30d,call,exact,antithetic,{},1024,252,17,445339271,nn-lotpot_x86_64,6.844061865071339,0.30893940195447267,6.238551763835229,7.449571966307449,6.707837057424136,0.1362248076472028,0.006370802000674303,"{""pairs"": 512, ""rho_pair"": -0.3240248495991919}"
1d8234683ef3,2026-09-24T15:07:04,nafis,baseline,asian_30d,call,exact,antithetic,{},1024,252,18,811860588,nn-lotpot_x86_64,6.541345090258413,0.30321398057882504,5.947056608714888,7.135633571801938,6.707837057424136,0.16649196716572323,0.006352618998789694,"{""pairs"": 512, ""rho_pair"": -0.31201291612129745}"
fa2bb7a5b3de,2026-09-24T15:07:04,nafis,baseline,asian_30d,call,exact,antithetic,{},1024,252,19,2671140567,nn-lotpot_x86_64,6.893714677936047,0.29733491837186427,6.3109489465810364,7.4764804092910575,6.707837057424136,0.1858776205119108,0.0063160209992929595,"{""pairs"": 512, ""rho_pair"": -0.343240597396206}"
4e11ae1983d1,2026-09-24T15:07:04,nafis,baseline,asian_30d,call,exact,antithetic,{},4096,252,0,1777623199,nn-lotpot_x86_64,6.8411117450045165,0.15249622876827273,6.542224628840521,7.139998861168512,6.707837057424136,0.1332746875803803,0.02941725900018355,"{""pairs"": 2048, ""rho_pair"": -0.3296545478762461}"
6ea61e99ab8e,2026-09-24T15:07:04,nafis,baseline,asian_30d,call,exact,antithetic,{},4096,252,1,2787921756,nn-lotpot_x86_64,6.872925180159163,0.1556465441378705,6.567863559330813,7.1779868009875125,6.707837057424136,0.1650881227350265,0.03183824400002777,"{""pairs"": 2048, ""rho_pair"": -0.32220862638350495}"
5ed9c4896a7f,2026-09-24T15:07:04,nafis,baseline,asian_30d,call,exact,antithetic,{},4096,252,2,2745007556,nn-lotpot_x86_64,6.857343301729685,0.15840738597271717,6.546870530338024,7.167816073121346,6.707837057424136,0.14950624430554882,0.03200158899926464,"{""pairs"": 2048, ""rho_pair"": -0.3139004466383784}"
158e4a66e08e,2026-09-24T15:07:04,nafis,baseline,asian_30d,call,exact,antithetic,{},4096,252,3,2808530215,nn-lotpot_x86_64,6.727488213770553,0.15242284544874712,6.428744926269895,7.026231501271212,6.707837057424136,0.01965115634641723,0.03176710400111915,"{""pairs"": 2048, ""rho_pair"": -0.3224587447205919}"
15171cc51b5e,2026-09-24T15:07:04,nafis,baseline,asian_30d,call,exact,antithetic,{},4096,252,4,2355341516,nn-lotpot_x86_64,6.770151651663737,0.1546277815846731,6.467086768748452,7.073216534579021,6.707837057424136,0.062314594239600396,0.031973807999747805,"{""pairs"": 2048, ""rho_pair"": -0.3188945294835996}"
d970c7389d6d,2026-09-24T15:07:04,nafis,baseline,asian_30d,call,exact,antithetic,{},4096,252,5,3150016943,nn-lotpot_x86_64,6.494131513063955,0.1454136390476553,6.209126017669644,6.7791370084582665,6.707837057424136,0.21370554436018097,0.033260243999393424,"{""pairs"": 2048, ""rho_pair"": -0.32743907640958414}"
5603df5dea3a,2026-09-24T15:07:04,nafis,baseline,asian_30d,call,exact,antithetic,{},4096,252,6,3174911145,nn-lotpot_x86_64,6.762633140665951,0.1582258666467805,6.452516140615624,7.072750140716278,6.707837057424136,0.05479608324181484,0.032747956000093836,"{""pairs"": 2048, ""rho_pair"": -0.3071164412288636}"
fe9d4c9d7f30,2026-09-24T15:07:04,nafis,baseline,asian_30d,call,exact,antithetic,{},4096,252,7,256337665,nn-lotpot_x86_64,6.517615622597921,0.15079798510507827,6.22205700285076,6.813174242345082,6.707837057424136,0.19022143482621523,0.032714255999962916,"{""pairs"": 2048, ""rho_pair"": -0.31303436566536097}"
d849fb53a5f1,2026-09-24T15:07:04,nafis,baseline,asian_30d,call,exact,antithetic,{},4096,252,8,1939428884,nn-lotpot_x86_64,6.2251845533943815,0.14414302652476324,5.942669412783244,6.507699694005519,6.707837057424136,0.4826525040297547,0.03235308600051212,"{""pairs"": 2048, ""rho_pair"": -0.31301007670541064}"
80c2985685e8,2026-09-24T15:07:04,nafis,baseline,asian_30d,call,exact,antithetic,{},4096,252,9,3897680041,nn-lotpot_x86_64,6.8116121557433775,0.15473704906349597,6.508333112504918,7.114891198981837,6.707837057424136,0.10377509831924137,0.032210841000051005,"{""pairs"": 2048, ""rho_pair"": -0.3207246772859243}"
fac920062464,2026-09-24T15:07:04,nafis,baseline,asian_30d,call,exact,antithetic,{},4096,252,10,3001576731,nn-lotpot_x86_64,6.949589689822371,0.15413176319994626,6.64749698507682,7.251682394567922,6.707837057424136,0.24175263239823508,0.03189573700001347,"{""pairs"": 2048, ""rho_pair"": -0.33180426580460387}"
83387cefdcdf,2026-09-24T15:07:04,nafis,baseline,asian_30d,call,exact,antithetic,{},4096,252,11,3308498285,nn-lotpot_x86_64,6.5856185490691805,0.14717950690565673,6.297152016271729,6.874085081866632,6.707837057424136,0.12221850835495562,0.03171815299901937,"{""pairs"": 2048, ""rho_pair"": -0.329181499812523}"
b9efd3fff036,2026-09-24T15:07:04,nafis,baseline,asian_30d,call,exact,antithetic,{},4096,252,12,1253584602,nn-lotpot_x86_64,6.692020460334975,0.15392449163918426,6.390334000383537,6.993706920286413,6.707837057424136,0.015816597089161277,0.03187752700068813,"{""pairs"": 2048, ""rho_pair"": -0.31595898276225287}"
ef070aa14ec5,2026-09-24T15:07:04,nafis,baseline,asian_30d,call,exact,antithetic,{},4096,252,13,3378610955,nn-lotpot_x86_64,6.445010936171054,0.14587640935660437,6.159098427638088,6.730923444704021,6.707837057424136,0.2628261212530818,0.03179955699852144,"{""pairs"": 2048, ""rho_pair"": -0.3238945961004462}"
42d1f0628599,2026-09-24T15:07:04,nafis,baseline,asian_30d,call,exact,antithetic,{},4096,252,14,2728159830,nn-lotpot_x86_64,6.726761680785165,0.14981709390303533,6.433125572466761,7.020397789103569,6.707837057424136,0.018924623361028736,0.03163196599962248,"{""pairs"": 2048, ""rho_pair"": -0.3299436941579318}"
4d6f7f6a2907,2026-09-24T15:07:04,nafis,baseline,asian_30d,call,exact,antithetic,{},4096,252,15,3501561339,nn-lotpot_x86_64,6.592323165442206,0.15218763082997847,6.294040890122971,6.890605440761441,6.707837057424136,0.11551389198193007,0.032027789999119705,"{""pairs"": 2048, ""rho_pair"": -0.3149892638648591}"
25cbe8264137,2026-09-24T15:07:04,nafis,baseline,asian_30d,call,exact,antithetic,{},4096,252,16,4178189339,nn-lotpot_x86_64,6.820757135494512,0.15172598665834952,6.523379666125342,7.118134604863682,6.707837057424136,0.11292007807037585,0.03147555500072485,"{""pairs"": 2048, ""rho_pair"": -0.3303790934947812}"
83d07fac51a8,2026-09-24T15:07:04,nafis,baseline,asian_30d,call,exact,antithetic,{},4096,252,17,1718917242,nn-lotpot_x86_64,6.580039570972433,0.15054199872669802,6.284982675307431,6.8750964666374355,6.707837057424136,0.12779748645170308,0.03149756699895079,"{""pairs"": 2048, ""rho_pair"": -0.31818527617471315}"
464b1c3f8b48,2026-09-24T15:07:04,nafis,baseline,asian_30d,call,exact,antithetic,{},4096,252,18,1282084184,nn-lotpot_x86_64,6.877542661270586,0.15231681770591274,6.579007184327244,7.176078138213928,6.707837057424136,0.16970560384644973,0.032007210998926894,"{""pairs"": 2048, ""rho_pair"": -0.33251647878197677}"
ab130d9f2565,2026-09-24T15:07:04,nafis,baseline,asian_30d,call,exact,antithetic,{},4096,252,19,1763007104,nn-lotpot_x86_64,6.850407494961473,0.15788314217274488,6.540962222536876,7.15985276738607,6.707837057424136,0.1425704375373371,0.03151108000020031,"{""pairs"": 2048, ""rho_pair"": -0.3150458482125927}"
55b551c4f659,2026-09-24T15:07:05,nafis,baseline,asian_30d,call,exact,antithetic,{},16384,252,0,4015915361,nn-lotpot_x86_64,6.732412514814492,0.07689651474304032,6.58169811538148,6.883126914247505,6.707837057424136,0.02457545739035627,0.1302080589994148,"{""pairs"": 8192, ""rho_pair"": -0.3190855208404937}"
a32efd66de18,2026-09-24T15:07:05,nafis,baseline,asian_30d,call,exact,antithetic,{},16384,252,1,1932990113,nn-lotpot_x86_64,6.714541982206402,0.07598088595485143,6.565622182221448,6.863461782191356,6.707837057424136,0.00670492478226592,0.11480550399937783,"{""pairs"": 8192, ""rho_pair"": -0.322771415055136}"
3cf83738544b,2026-09-24T15:07:05,nafis,baseline,asian_30d,call,exact,antithetic,{},16384,252,2,858814944,nn-lotpot_x86_64,6.785811758576486,0.07765574569290463,6.633609293825791,6.938014223327181,6.707837057424136,0.07797470115234972,0.11438536500099872,"{""pairs"": 8192, ""rho_pair"": -0.3179214877658477}"
fcc0a91d5f2b,2026-09-24T15:07:05,nafis,baseline,asian_30d,call,exact,antithetic,{},16384,252,3,1993374938,nn-lotpot_x86_64,6.724502196014802,0.07593471359901781,6.575672892184363,6.873331499845241,6.707837057424136,0.016665138590665762,0.11397204000058991,"{""pairs"": 8192, ""rho_pair"": -0.3236984562609436}"
b73301a1c4a4,2026-09-24T15:07:05,nafis,baseline,asian_30d,call,exact,antithetic,{},16384,252,4,4286039936,nn-lotpot_x86_64,6.618758325939428,0.07509877666421838,6.471567428394543,6.765949223484313,6.707837057424136,0.08907873148470813,0.11416286599887826,"{""pairs"": 8192, ""rho_pair"": -0.3216356040764598}"
990948d7f6a8,2026-09-24T15:07:05,nafis,baseline,asian_30d,call,exact,antithetic,{},16384,252,5,1396943868,nn-lotpot_x86_64,6.682039364222767,0.07601134602054795,6.5330598636060815,6.831018864839453,6.707837057424136,0.025797693201369043,0.11550929400073073,"{""pairs"": 8192, ""rho_pair"": -0.3207002523415306}"
b4a6a4516c6d,2026-09-24T15:07:05,nafis,baseline,asian_30d,call,exact,antithetic,{},16384,252,6,2103369104,nn-lotpot_x86_64,6.8433040353923404,0.07784173685266393,6.690737034667075,6.995871036117606,6.707837057424136,0.13546697796820428,0.1145331259995146,"{""pairs"": 8192, ""rho_pair"": -0.32048338002994636}"
054d88ab7177,2026-09-24T15:07:05,nafis,baseline,asian_30d,call,exact,antithetic,{},16384,252,7,2374007761,nn-lotpot_x86_64,6.733189316235787,0.07703987291398671,6.58219393995083,6.884184692520744,6.707837057424136,0.02535225881165104,0.11499299200113455,"{""pairs"": 8192, ""rho_pair"": -0.3180085365342493}"
01078a8fcb82,2026-09-24T15:07:05,nafis,baseline,asian_30d,call,exact,antithetic,{},16384,252,8,4283197554,nn-lotpot_x86_64,6.744571536093266,0.0764247454318223,6.594781787519253,6.89436128466728,6.707837057424136,0.036734478669130155,0.11385092700038513,"{""pairs"": 8192, ""rho_pair"": -0.3222459664626944}"
20081debb746,2026-09-24T15:07:06,nafis,baseline,asian_30d,call,exact,antithetic,{},16384,252,9,3307896656,nn-lotpot_x86_64,6.927350183406104,0.07747798106020709,6.775496130933222,7.079204235878986,6.707837057424136,0.21951312598196804,0.11440792699977465,"{""pairs"": 8192, ""rho_pair"": -0.3279460732931175}"
ae871d145337,2026-09-24T15:07:06,nafis,baseline,asian_30d,call,exact,antithetic,{},16384,252,10,332522526,nn-lotpot_x86_64,6.735739932204329,0.07586308025030582,6.587051027157458,6.884428837251201,6.707837057424136,0.027902874780193265,0.11431144200105336,"{""pairs"": 8192, ""rho_pair"": -0.32494137663209693}"
3800ffa7dacd,2026-09-24T15:07:06,nafis,baseline,asian_30d,call,exact,antithetic,{},16384,252,11,2976797014,nn-lotpot_x86_64,6.713360986538401,0.07760311907925015,6.5612616680550975,6.8654603050217045,6.707837057424136,0.005523929114264803,0.11430172399923322,"{""pairs"": 8192, ""rho_pair"": -0.3136767786292224}"
0f0694b20257,2026-09-24T15:07:06,nafis,baseline,asian_30d,call,exact,antithetic,{},16384,252,12,1560366917,nn-lotpot_x86_64,6.733423654640154,0.0753736010168538,6.585694111262029,6.8811531980182785,6.707837057424136,0.025586597216017637,0.11444035099884786,"{""pairs"": 8192, ""rho_pair"": -0.327657716646482}"
77bc8b4cd6d7,2026-09-24T15:07:06,nafis,baseline,asian_30d,call,exact,antithetic,{},16384,252,13,749339822,nn-lotpot_x86_64,6.475605017173027,0.07447451651360187,6.329637647040334,6.62157238730572,6.707837057424136,0.23223204025110888,0.11399071499909041,"{""pairs"": 8192, ""rho_pair"": -0.31577488091093303}"
63ced15075e5,2026-09-24T15:07:06,nafis,baseline,asian_30d,call,exact,antithetic,{},16384,252,14,477120659,nn-lotpot_x86_64,6.675075572277754,0.07632377299702892,6.525483726039367,6.824667418516141,6.707837057424136,0.03276148514638244,0.11441025299973262,"{""pairs"": 8192, ""rho_pair"": -0.31828982828140406}"
00e00c658972,2026-09-24T15:07:06,nafis,baseline,asian_30d,call,exact,antithetic,{},16384,252,15,405046731,nn-lotpot_x86_64,6.648714021234113,0.07488218795337184,6.501947629761945,6.795480412706281,6.707837057424136,0.059123036190023015,0.11413523699957295,"{""pairs"": 8192, ""rho_pair"": -0.3248798085468051}"
a8f1437c3cb9,2026-09-24T15:07:06,nafis,baseline,asian_30d,call,exact,antithetic,{},16384,252,16,2879221451,nn-lotpot_x86_64,6.769065392500096,0.0780462756336286,6.616097503130698,6.922033281869494,6.707837057424136,0.061228335075959706,0.11405587900117098,"{""pairs"": 8192, ""rho_pair"": -0.31470324315888154}"
6fef98afae1d,2026-09-24T15:07:07,nafis,baseline,asian_30d,call,exact,antithetic,{},16384,252,17,603493233,nn-lotpot_x86_64,6.753084940197619,0.07693341983392211,6.602298208115632,6.903871672279606,6.707837057424136,0.04524788277348257,0.1143814659990312,"{""pairs"": 8192, ""rho_pair"": -0.31987388971064284}"
b9c05194aa0d,2026-09-24T15:07:07,nafis,baseline,asian_30d,call,exact,antithetic,{},16384,252,18,3442126985,nn-lotpot_x86_64,6.93228790349635,0.07800773986983024,6.779395542836114,7.085180264156587,6.707837057424136,0.2244508460722141,0.11434489299972483,"{""pairs"": 8192, ""rho_pair"": -0.3254299841367533}"
89605c6f310e,2026-09-24T15:07:07,nafis,baseline,asian_30d,call,exact,antithetic,{},16384,252,19,2158261264,nn-lotpot_x86_64,6.600461578714462,0.07577616214854942,6.451943030016638,6.7489801274122865,6.707837057424136,0.1073754787096739,0.11495398300030502,"{""pairs"": 8192, ""rho_pair"": -0.3165489846949416}"
4ecf4900e65f,2026-09-24T15:07:07,nafis,baseline,asian_30d,call,exact,antithetic,{},65536,252,0,3189116390,nn-lotpot_x86_64,6.7064728252756485,0.03791364862360861,6.632163439450869,6.780782211100428,6.707837057424136,0.0013642321484876874,0.46775641700151027,"{""pairs"": 32768, ""rho_pair"": -0.32317252718264394}"
42bb05e0c55a,2026-09-24T15:07:08,nafis,baseline,asian_30d,call,exact,antithetic,{},65536,252,1,3084318301,nn-lotpot_x86_64,6.7783627021509005,0.038500935726112975,6.702902254756627,6.853823149545174,6.707837057424136,0.07052564472676437,0.464164384000469,"{""pairs"": 32768, ""rho_pair"": -0.3211026041092284}"
e47c590725bc,2026-09-24T15:07:08,nafis,baseline,asian_30d,call,exact,antithetic,{},65536,252,2,537093430,nn-lotpot_x86_64,6.708633051181815,0.03817560289418933,6.633810244421101,6.7834558579425295,6.707837057424136,0.0007959937576789144,0.46383696500015503,"{""pairs"": 32768, ""rho_pair"": -0.3203316372590181}"
a9fd05833378,2026-09-24T15:07:09,nafis,baseline,asian_30d,call,exact,antithetic,{},65536,252,3,4005059861,nn-lotpot_x86_64,6.715604333585729,0.0379794206856345,6.6411660368881895,6.790042630283268,6.707837057424136,0.007767276161592562,0.4665480099993147,"{""pairs"": 32768, ""rho_pair"": -0.3229860225057604}"
da3365178125,2026-09-24T15:07:09,nafis,baseline,asian_30d,call,exact,antithetic,{},65536,252,4,1213978713,nn-lotpot_x86_64,6.7157357863620595,0.03856830325306379,6.640143301041236,6.791328271682883,6.707837057424136,0.007898728937923316,0.4654149079997296,"{""pairs"": 32768, ""rho_pair"": -0.31633401483560336}"
19a90cf9077e,2026-09-24T15:07:10,nafis,baseline,asian_30d,call,exact,antithetic,{},65536,252,5,1899809046,nn-lotpot_x86_64,6.692700316427943,0.03825230791530664,6.617727170588405,6.767673462267481,6.707837057424136,0.015136740996193332,0.466976921999958,"{""pairs"": 32768, ""rho_pair"": -0.31844569220230146}"
502a82b60c64,2026-09-24T15:07:10,nafis,baseline,asian_30d,call,exact,antithetic,{},65536,252,6,3818645688,nn-lotpot_x86_64,6.692261428812827,0.03805911228168806,6.617666939457153,6.766855918168502,6.707837057424136,0.0155756286113089,0.46563829299884674,"{""pairs"": 32768, ""rho_pair"": -0.3206159248938996}"
4309efb39b1d,2026-09-24T15:07:10,nafis,baseline,asian_30d,call,exact,antithetic,{},65536,252,7,1898565179,nn-lotpot_x86_64,6.695443491157182,0.038215091934017224,6.620543287300621,6.770343695013742,6.707837057424136,0.012393566266954537,0.46496826600014174,"{""pairs"": 32768, ""rho_pair"": -0.3190010836022342}"
2d94b45251f6,2026-09-24T15:07:11,nafis,baseline,asian_30d,call,exact,antithetic,{},65536,252,8,164508855,nn-lotpot_x86_64,6.698863944716498,0.038072530781153816,6.624243155585144,6.7734847338478525,6.707837057424136,0.008973112707638009,0.4652595489988016,"{""pairs"": 32768, ""rho_pair"": -0.32083480889788984}"
f581217dcb60,2026-09-24T15:07:11,nafis,baseline,asian_30d,call,exact,antithetic,{},65536,252,9,494499892,nn-lotpot_x86_64,6.666269026256714,0.03776057890810036,6.592259651561454,6.740278400951974,6.707837057424136,0.04156803116742225,0.4642089089993533,"{""pairs"": 32768, ""rho_pair"": -0.3222787242679092}"
7e74c6f9326b,2026-09-24T15:07:12,nafis,baseline,asian_30d,call,exact,antithetic,{},65536,252,10,3993774872,nn-lotpot_x86_64,6.720891354868138,0.038060043757819455,6.646295039852793,6.795487669883483,6.707837057424136,0.013054297444002216,0.46403682399977697,"{""pairs"": 32768, ""rho_pair"": -0.32240384722920795}"
a369ee32fedf,2026-09-24T15:07:12,nafis,baseline,asian_30d,call,exact,antithetic,{},65536,252,11,4137872431,nn-lotpot_x86_64,6.682873779925478,0.03810374773674471,6.608191806685459,6.757555753165497,6.707837057424136,0.024963277498658343,0.46428790599929926,"{""pairs"": 32768, ""rho_pair"": -0.3194071241768397}"
e9bbd623a359,2026-09-24T15:07:13,nafis,baseline,asian_30d,call,exact,antithetic,{},65536,252,12,676115907,nn-lotpot_x86_64,6.69018299825489,0.03806474047958582,6.615577477834038,6.764788518675743,6.707837057424136,0.017654059169245784,0.4658644909995928,"{""pairs"": 32768, ""rho_pair"": -0.3203630424589227}"
804042598b6f,2026-09-24T15:07:13,nafis,baseline,asian_30d,call,exact,antithetic,{},65536,252,13,4269918974,nn-lotpot_x86_64,6.7095864471203175,0.038391767940223746,6.634339964654659,6.784832929585976,6.707837057424136,0.001749389696181325,0.46542887699979474,"{""pairs"": 32768, ""rho_pair"": -0.31791974763464187}"
ee8a78c7b4b5,2026-09-24T15:07:14,nafis,baseline,asian_30d,call,exact,antithetic,{},65536,252,14,2939085600,nn-lotpot_x86_64,6.654006133809103,0.038009015368687185,6.579509832598647,6.72850243501956,6.707837057424136,0.053830923615032944,0.46546985100030724,"{""pairs"": 32768, ""rho_pair"": -0.31863796043860443}"
a02d8eedd00e,2026-09-24T15:07:14,nafis,baseline,asian_30d,call,exact,antithetic,{},65536,252,15,3344218405,nn-lotpot_x86_64,6.718918587060607,0.038237492676572456,6.6439744785554105,6.793862695565803,6.707837057424136,0.011081529636470577,0.4648055590005242,"{""pairs"": 32768, ""rho_pair"": -0.3202847291693561}"
fa6bca935c11,2026-09-24T15:07:15,nafis,baseline,asian_30d,call,exact,antithetic,{},65536,252,16,82055913,nn-lotpot_x86_64,6.6852300223220675,0.03827616315405006,6.6102101210737505,6.760249923570385,6.707837057424136,0.02260703510206863,0.46475235000070825,"{""pairs"": 32768, ""rho_pair"": -0.31765280220806763}"
30a1de365c2e,2026-09-24T15:07:15,nafis,baseline,asian_30d,call,exact,antithetic,{},65536,252,17,2948830240,nn-lotpot_x86_64,6.719217909051015,0.03805216300939855,6.644637040018747,6.793798778083284,6.707837057424136,0.011380851626879185,0.4649717900010728,"{""pairs"": 32768, ""rho_pair"": -0.32239440810864195}"
9deec200b773,2026-09-24T15:07:16,nafis,baseline,asian_30d,call,exact,antithetic,{},65536,252,18,1960928311,nn-lotpot_x86_64,6.68403554212489,0.038168242276126425,6.609227161910483,6.758843922339296,6.707837057424136,0.023801515299246567,0.4662261710000166,"{""pairs"": 32768, ""rho_pair"": -0.3187989888747449}"
28426a45e20e,2026-09-24T15:07:16,nafis,baseline,asian_30d,call,exact,antithetic,{},65536,252,19,1350592880,nn-lotpot_x86_64,6.632531127874457,0.03769428379986886,6.558651689203683,6.706410566545231,6.707837057424136,0.07530592954967918,0.46551245199952973,"{""pairs"": 32768, ""rho_pair"": -0.32084621247934336}"
