run_id,timestamp,person,experiment_id,scenario,option_type,scheme,method,method_params,n_paths,n_steps,replicate_id,seed,machine_id,price,std_error,ci_low,ci_high,exact_price,abs_error,runtime_sec,extra_json
92e978c1824f,2026-09-25T10:46:22,tamzeed,master,paper_barrier,call,exact,importance,{},256,252,0,2034318923,LAPTOP-G689CP2J_AMD64,7.142821869096689,0.36737108717300965,6.422787769276265,7.862855968917113,7.1055282627933245,0.03729360630336487,0.07783809991087765,"{""theta"": 0.6858575284033614, ""theta0"": 0.45723835226890763, ""ESS"": 149.67690303104737, ""ESS_frac"": 0.5846754024650288, ""max_weight"": 6.320287910066899, ""max_weight_share"": 0.022921313646664596, ""mean_weight"": 1.0771033907252257, ""hit_rate_proposal"": 0.671875, ""pilot_paths"": 10000, ""total_paths_simulated"": 10256, ""theta_grid"": [[0.0, 211.97846487927822], [0.11430958806722691, 174.3089165113612], [0.22861917613445382, 146.01690141685083], [0.3429287642016807, 124.58489039734663], [0.45723835226890763, 108.25022840684703], [0.5715479403361345, 95.76701614216967], [0.6858575284033614, 86.2481478854531]]}"
a6a7243b45cf,2026-09-25T10:46:22,tamzeed,master,deep_barrier,call,exact,antithetic,{},256,252,0,2379586504,LAPTOP-G689CP2J_AMD64,3.802797411622578,0.6948994174846008,2.440819580474897,5.164775242770259,3.545320563728301,0.2574768478942766,0.0017877999925985932,"{""pairs"": 128, ""rho_pair"": -0.1043098922390478}"
daa97763aaa5,2026-09-25T10:46:22,tamzeed,master,deep_barrier,call,exact,control_variate,{},256,252,0,3083816115,LAPTOP-G689CP2J_AMD64,2.8272911990510723,0.40874419864858835,2.026167290810154,3.628415107291991,3.545320563728301,0.7180293646772289,0.004260400077328086,"{""control"": ""european_terminal"", ""control_mean"": 7.1280646692617395, ""b_hat"": 0.7870006207191989, ""rho"": 0.779142043744413, ""pilot_rho"": 0.8430892379286373, ""pilot_paths"": 256, ""total_paths_simulated"": 512, ""plain_std_error"": 0.6420252148230486, ""observed_vrf"": 2.4671807408577693, ""theoretical_vrf"": 2.544932853016593}"
d67485e23272,2026-09-25T10:46:22,tamzeed,master,paper_asian_geo,call,exact,antithetic,{},256,252,0,1223944862,LAPTOP-G689CP2J_AMD64,2.4978043277684963,0.24766074404432795,2.0123981890572207,2.983210466479772,3.000200360178781,0.5023960324102847,0.002593600074760616,"{""pairs"": 128, ""rho_pair"": -0.297537634087078}"
0e4bb02e692a,2026-09-25T10:46:22,tamzeed,master,paper_barrier,call,exact,antithetic,{},256,252,0,3971227127,LAPTOP-G689CP2J_AMD64,7.879598253282174,0.6955789243404507,6.516288613169779,9.242907893394568,7.1055282627933245,0.7740699904888491,0.0020390000427141786,"{""pairs"": 128, ""rho_pair"": -0.3354731930572082}"
fcb524710fea,2026-09-25T10:46:22,tamzeed,master,deep_barrier,call,exact,rqmc,{},256,252,0,316786491,LAPTOP-G689CP2J_AMD64,2.8864560788654354,nan,nan,nan,3.545320563728301,0.6588644848628658,0.013445400050841272,"{""construction"": ""bridge"", ""sobol_dim"": 252, ""naive_iid_se"": 0.6759451678860051, ""se_valid"": false}"
0da4c7993ec5,2026-09-25T10:46:22,tamzeed,master,asian_arith,call,exact,control_variate,{},256,252,0,3970932038,LAPTOP-G689CP2J_AMD64,3.1357822469701224,0.010538047789063903,3.1151280528361953,3.1564364411040495,,,0.008433200069703162,"{""control"": ""geometric_asian"", ""control_mean"": 3.000200360178781, ""b_hat"": 1.0496653966502063, ""rho"": 0.9996968800691199, ""pilot_rho"": 0.9992026112245025, ""pilot_paths"": 256, ""total_paths_simulated"": 512, ""plain_std_error"": 0.4055443828580103, ""observed_vrf"": 1481.0047566999872, ""theoretical_vrf"": 1649.7621585547656}"
d48fbf7e0a37,2026-09-25T10:46:22,tamzeed,master,paper_barrier,call,exact,rqmc,{},256,252,0,1062911369,LAPTOP-G689CP2J_AMD64,7.101317062640355,nan,nan,nan,7.1055282627933245,0.0042112001529694965,0.01679870008956641,"{""construction"": ""bridge"", ""sobol_dim"": 252, ""naive_iid_se"": 0.7968296066496077, ""se_valid"": false}"
2243ffd10d33,2026-09-25T10:46:22,tamzeed,master,paper_asian_geo,call,exact,plain,{},256,252,0,600851658,LAPTOP-G689CP2J_AMD64,2.3451021377464016,0.3480314969121618,1.6629729383130014,3.027231337179802,3.000200360178781,0.6550982224323794,0.003574900096282363,
b510e619e4b8,2026-09-25T10:46:22,tamzeed,master,deep_barrier,call,exact,plain,{},256,252,0,3305305361,LAPTOP-G689CP2J_AMD64,3.236323110904521,0.723518245502876,1.8182534075612753,4.6543928142477675,3.545320563728301,0.30899745282378,0.002119199954904616,
47b16c11a410,2026-09-25T10:46:22,tamzeed,master,asian_arith,call,exact,plain,{},256,252,0,2612618780,LAPTOP-G689CP2J_AMD64,3.1089395707700245,0.3598915943637628,2.4035650074783512,3.8143141340616977,,,0.0017495000502094626,
0e32b462c74d,2026-09-25T10:46:22,tamzeed,master,paper_barrier,call,exact,plain,{},256,252,0,2129752988,LAPTOP-G689CP2J_AMD64,6.663895724252384,0.7780046805024159,5.139034570664058,8.188756877840712,7.1055282627933245,0.4416325385409401,0.0016284999437630177,
e3db602a0762,2026-09-25T10:46:22,tamzeed,master,paper_asian_geo,call,exact,rqmc,{},256,252,0,1915710949,LAPTOP-G689CP2J_AMD64,2.9652041612099644,nan,nan,nan,3.000200360178781,0.03499619896881656,0.011961500043980777,"{""construction"": ""bridge"", ""sobol_dim"": 252, ""naive_iid_se"": 0.36523576737671803, ""se_valid"": false}"
abafe8eed2c3,2026-09-25T10:46:22,tamzeed,master,asian_arith,call,exact,rqmc,{},256,252,0,586784070,LAPTOP-G689CP2J_AMD64,3.1214418002479607,nan,nan,nan,,,0.014484699931927025,"{""construction"": ""bridge"", ""sobol_dim"": 252, ""naive_iid_se"": 0.38555083930941614, ""se_valid"": false}"
820368149e9b,2026-09-25T10:46:22,tamzeed,master,asian_arith,call,exact,antithetic,{},256,252,0,1285723206,LAPTOP-G689CP2J_AMD64,2.7507495058256852,0.34110408017245214,2.0821977937080156,3.419301217943355,,,0.0018405000446364284,"{""pairs"": 128, ""rho_pair"": -0.19618781932186272}"
ae13015160ad,2026-09-25T10:46:22,tamzeed,master,paper_barrier,call,exact,control_variate,{},256,252,0,2073431386,LAPTOP-G689CP2J_AMD64,7.06544995209379,0.026914220967393907,7.012699048325745,7.118200855861835,7.1055282627933245,0.040078310699534825,0.0036238000029698014,"{""control"": ""european_terminal"", ""control_mean"": 7.1280646692617395, ""b_hat"": 1.0006766955344149, ""rho"": 0.99927389736283, ""pilot_rho"": 0.9998927213834321, ""pilot_paths"": 256, ""total_paths_simulated"": 512, ""plain_std_error"": 0.7060167417746206, ""observed_vrf"": 688.1234718431696, ""theoretical_vrf"": 688.8579740404793}"
deeb66a73366,2026-09-25T10:46:22,tamzeed,master,deep_barrier,call,exact,importance,{},256,252,0,3379766868,LAPTOP-G689CP2J_AMD64,3.6186645958338524,0.23521021324591596,3.157661049075871,4.079668142591833,3.545320563728301,0.07334403210555118,0.07461110001895577,"{""theta"": 1.6323611831060643, ""theta0"": 1.6323611831060643, ""ESS"": 45.26184131954777, ""ESS_frac"": 0.17680406765448348, ""max_weight"": 18.422879951284127, ""max_weight_share"": 0.07311760889076939, ""mean_weight"": 0.9842276833370113, ""hit_rate_proposal"": 0.6015625, ""pilot_paths"": 10000, ""total_paths_simulated"": 10256, ""theta_grid"": [[0.0, 146.4079359593165], [0.40809029577651607, 69.1556251704906], [0.8161805915530321, 40.31238840815458], [1.2242708873295483, 28.84587118721527], [1.6323611831060643, 25.24223928548665], [2.0404514788825803, 26.94371716357488], [2.4485417746590965, 35.022557698129646]]}"
5a0f730a4cd1,2026-09-25T10:46:22,tamzeed,master,paper_barrier,call,exact,rqmc,{},1024,252,0,3700349991,LAPTOP-G689CP2J_AMD64,7.1009861961455005,nan,nan,nan,7.1055282627933245,0.004542066647823972,0.023679899983108044,"{""construction"": ""bridge"", ""sobol_dim"": 252, ""naive_iid_se"": 0.39368534661739024, ""se_valid"": false}"
5fb02debf776,2026-09-25T10:46:22,tamzeed,master,paper_barrier,call,exact,antithetic,{},1024,252,0,198517901,LAPTOP-G689CP2J_AMD64,6.457743764541814,0.307931324584197,5.854209458645074,7.061278070438553,7.1055282627933245,0.6477844982515109,0.007484499947167933,"{""pairs"": 512, ""rho_pair"": -0.3074856521046665}"
52712691bc29,2026-09-25T10:46:22,tamzeed,master,deep_barrier,call,exact,plain,{},1024,252,0,2744192777,LAPTOP-G689CP2J_AMD64,3.334474219713454,0.3848574300549805,2.580167517623049,4.088780921803859,3.545320563728301,0.21084634401484736,0.010432599927298725,
a16b71423b85,2026-09-25T10:46:22,tamzeed,master,paper_asian_geo,call,exact,plain,{},1024,252,0,742780709,LAPTOP-G689CP2J_AMD64,2.949215665003535,0.1782010969813036,2.5999479329146507,3.2984833970924194,3.000200360178781,0.05098469517524595,0.01192850002553314,
6e2ea787de07,2026-09-25T10:46:22,tamzeed,master,paper_asian_geo,call,exact,rqmc,{},1024,252,0,3208016692,LAPTOP-G689CP2J_AMD64,3.000139497241618,nan,nan,nan,3.000200360178781,6.0862937163008723e-05,0.031748600071296096,"{""construction"": ""bridge"", ""sobol_dim"": 252, ""naive_iid_se"": 0.18253755694984164, ""se_valid"": false}"
06412614aab5,2026-09-25T10:46:22,tamzeed,master,asian_arith,call,exact,antithetic,{},1024,252,0,2690241587,LAPTOP-G689CP2J_AMD64,3.0621414668550715,0.15385635421263888,2.760588553805662,3.363694379904481,,,0.007336099981330335,"{""pairs"": 512, ""rho_pair"": -0.280778127659299}"
415ef7f98c81,2026-09-25T10:46:22,tamzeed,master,paper_barrier,call,exact,plain,{},1024,252,0,294504987,LAPTOP-G689CP2J_AMD64,7.250166977846739,0.3915825139583259,6.482679353512767,8.017654602180711,7.1055282627933245,0.1446387150534143,0.00817249994724989,
4c83e1b376b0,2026-09-25T10:46:22,tamzeed,master,asian_arith,call,exact,control_variate,{},1024,252,0,540339496,LAPTOP-G689CP2J_AMD64,3.1570008518165578,0.006263957052144829,3.1447237215936483,3.169277982039467,,,0.011566200060769916,"{""control"": ""geometric_asian"", ""control_mean"": 3.000200360178781, ""b_hat"": 1.0473986364094034, ""rho"": 0.9995577259716625, ""pilot_rho"": 0.9996200382010235, ""pilot_paths"": 256, ""total_paths_simulated"": 1280, ""plain_std_error"": 0.2093034012811208, ""observed_vrf"": 1116.4904920592255, ""theoretical_vrf"": 1130.7708816707334}"
91ef1c6ad234,2026-09-25T10:46:22,tamzeed,master,deep_barrier,call,exact,antithetic,{},1024,252,0,3955075149,LAPTOP-G689CP2J_AMD64,2.7286878297203754,0.31886909126999474,2.1037158950481705,3.3536597643925803,3.545320563728301,0.8166327340079258,0.009437200031243265,"{""pairs"": 512, ""rho_pair"": -0.06697353686814125}"
514264b5be8b,2026-09-25T10:46:23,tamzeed,master,deep_barrier,call,exact,control_variate,{},1024,252,0,1883111804,LAPTOP-G689CP2J_AMD64,3.179288085894081,0.21011432591825968,2.767471574458381,3.591104597329781,3.545320563728301,0.3660324778342203,0.009164200047962368,"{""control"": ""european_terminal"", ""control_mean"": 7.1280646692617395, ""b_hat"": 0.6119697618093682, ""rho"": 0.8103376363613185, ""pilot_rho"": 0.731006703116661, ""pilot_paths"": 256, ""total_paths_simulated"": 1280, ""plain_std_error"": 0.34956048213307217, ""observed_vrf"": 2.7677912421155457, ""theoretical_vrf"": 2.9124552494898155}"
15177b9a6c64,2026-09-25T10:46:23,tamzeed,master,asian_arith,call,exact,rqmc,{},1024,252,0,4011449776,LAPTOP-G689CP2J_AMD64,3.170197179037384,nan,nan,nan,,,0.02435780002269894,"{""construction"": ""bridge"", ""sobol_dim"": 252, ""naive_iid_se"": 0.1919024255352157, ""se_valid"": false}"
08536892b220,2026-09-25T10:46:23,tamzeed,master,deep_barrier,call,exact,rqmc,{},1024,252,0,3140126222,LAPTOP-G689CP2J_AMD64,3.3022315739340824,nan,nan,nan,3.545320563728301,0.24308898979421878,0.02668649994302541,"{""construction"": ""bridge"", ""sobol_dim"": 252, ""naive_iid_se"": 0.3609494348683282, ""se_valid"": false}"
8a79bf4168cb,2026-09-25T10:46:23,tamzeed,master,asian_arith,call,exact,plain,{},1024,252,0,3125397182,LAPTOP-G689CP2J_AMD64,3.4424512307992954,0.21382935889455984,3.0233533885286685,3.8615490730699222,,,0.009686500066891313,
9aa1802dc370,2026-09-25T10:46:23,tamzeed,master,paper_barrier,call,exact,importance,{},1024,252,0,2569598219,LAPTOP-G689CP2J_AMD64,7.220438068997147,0.18206287586652592,6.86360138937697,7.577274748617325,7.1055282627933245,0.11490980620382274,0.07356460008304566,"{""theta"": 0.6858575284033614, ""theta0"": 0.45723835226890763, ""ESS"": 602.1932343742095, ""ESS_frac"": 0.588079330443564, ""max_weight"": 10.033023034000175, ""max_weight_share"": 0.009684210002199172, ""mean_weight"": 1.011737049735168, ""hit_rate_proposal"": 0.681640625, ""pilot_paths"": 10000, ""total_paths_simulated"": 11024, ""theta_grid"": [[0.0, 204.83784724649038], [0.11430958806722691, 168.24593658972708], [0.22861917613445382, 140.82505167218463], [0.3429287642016807, 120.09469866862868], [0.45723835226890763, 104.32418814994186], [0.5715479403361345, 92.29399726528143], [0.6858575284033614, 83.13822737287403]]}"
1bb17c2eecc3,2026-09-25T10:46:23,tamzeed,master,deep_barrier,call,exact,importance,{},1024,252,0,568836862,LAPTOP-G689CP2J_AMD64,3.4729058552745444,0.11485711827732403,3.2477900400829323,3.6980216704661566,3.545320563728301,0.07241470845375675,0.07716540002729744,"{""theta"": 1.6323611831060643, ""theta0"": 1.6323611831060643, ""ESS"": 96.37916633776598, ""ESS_frac"": 0.09412027962672459, ""max_weight"": 57.45769511980457, ""max_weight_share"": 0.05079106264367909, ""mean_weight"": 1.104742202069622, ""hit_rate_proposal"": 0.5966796875, ""pilot_paths"": 10000, ""total_paths_simulated"": 11024, ""theta_grid"": [[0.0, 145.14926361855132], [0.40809029577651607, 68.53145334578184], [0.8161805915530321, 39.97761970062723], [1.2242708873295483, 28.660390381355082], [1.6323611831060643, 25.152961046101613], [2.0404514788825803, 26.947911061564433], [2.4485417746590965, 35.1755220058685]]}"
0f516cdc2305,2026-09-25T10:46:23,tamzeed,master,paper_barrier,call,exact,control_variate,{},1024,252,0,2700611601,LAPTOP-G689CP2J_AMD64,7.089536414501369,0.011078022998001036,7.067823888405381,7.111248940597357,7.1055282627933245,0.015991848291955435,0.009488799958489835,"{""control"": ""european_terminal"", ""control_mean"": 7.1280646692617395, ""b_hat"": 1.0006924269073467, ""rho"": 0.9996237022067768, ""pilot_rho"": 0.9996367711906459, ""pilot_paths"": 256, ""total_paths_simulated"": 1280, ""plain_std_error"": 0.4038284766383183, ""observed_vrf"": 1328.829792740955, ""theoretical_vrf"": 1328.9849187474224}"
5ea83c569bb9,2026-09-25T10:46:23,tamzeed,master,paper_asian_geo,call,exact,antithetic,{},1024,252,0,1138249627,LAPTOP-G689CP2J_AMD64,3.2312740699658407,0.1694197978390691,2.8992173679332085,3.563330771998473,3.000200360178781,0.23107370978705966,0.00844970007892698,"{""pairs"": 512, ""rho_pair"": -0.2641582367329574}"
3627d6a5fd56,2026-09-25T10:46:23,tamzeed,master,deep_barrier,call,exact,rqmc,{},4096,252,0,2468577911,LAPTOP-G689CP2J_AMD64,3.3526310402542534,nan,nan,nan,3.545320563728301,0.19268952347404777,0.12783530005253851,"{""construction"": ""bridge"", ""sobol_dim"": 252, ""naive_iid_se"": 0.17900853414313042, ""se_valid"": false}"
7085ef5c7005,2026-09-25T10:46:23,tamzeed,master,paper_barrier,call,exact,importance,{},4096,252,0,3892425999,LAPTOP-G689CP2J_AMD64,7.149054769006061,0.09177998817599667,6.969169297679596,7.328940240332527,7.1055282627933245,0.04352650621273657,0.1180119999917224,"{""theta"": 0.6858575284033614, ""theta0"": 0.45723835226890763, ""ESS"": 2558.420991657598, ""ESS_frac"": 0.6246144999164057, ""max_weight"": 8.459755093834477, ""max_weight_share"": 0.0020483608475146075, ""mean_weight"": 1.0083037363566647, ""hit_rate_proposal"": 0.66845703125, ""pilot_paths"": 10000, ""total_paths_simulated"": 14096, ""theta_grid"": [[0.0, 205.67030068187435], [0.11430958806722691, 168.99542967674117], [0.22861917613445382, 141.50594699175176], [0.3429287642016807, 120.71941269173932], [0.45723835226890763, 104.90325033393943], [0.5715479403361345, 92.83633553170434], [0.6858575284033614, 83.65149568245991]]}"
699012538551,2026-09-25T10:46:23,tamzeed,master,asian_arith,call,exact,plain,{},4096,252,0,170650259,LAPTOP-G689CP2J_AMD64,3.013659271503363,0.09288563109285053,2.831606779880102,3.195711763126624,,,0.03295949997846037,
f2b8715611f6,2026-09-25T10:46:23,tamzeed,master,deep_barrier,call,exact,importance,{},4096,252,0,2697018202,LAPTOP-G689CP2J_AMD64,3.2828137121236862,0.05731716987906508,3.1704741234649547,3.3951533007824177,3.545320563728301,0.26250685160461495,0.12443990004248917,"{""theta"": 1.6323611831060643, ""theta0"": 1.6323611831060643, ""ESS"": 292.7013732776883, ""ESS_frac"": 0.07146029621037311, ""max_weight"": 115.62906113653543, ""max_weight_share"": 0.026222113399230286, ""mean_weight"": 1.076562778302439, ""hit_rate_proposal"": 0.579833984375, ""pilot_paths"": 10000, ""total_paths_simulated"": 14096, ""theta_grid"": [[0.0, 144.65275462620085], [0.40809029577651607, 68.40453833680475], [0.8161805915530321, 39.97194315978366], [1.2242708873295483, 28.699016135741353], [1.6323611831060643, 25.216618875594232], [2.0404514788825803, 27.04349562795308], [2.4485417746590965, 35.34167110514856]]}"
a4fbd029276a,2026-09-25T10:46:23,tamzeed,master,deep_barrier,call,exact,antithetic,{},4096,252,0,3021137851,LAPTOP-G689CP2J_AMD64,3.3612282070734647,0.17100307209620122,3.026068344519204,3.6963880696277256,3.545320563728301,0.18409235665483648,0.036637499928474426,"{""pairs"": 2048, ""rho_pair"": -0.085895275088184}"
8420cd273cd9,2026-09-25T10:46:23,tamzeed,master,paper_barrier,call,exact,antithetic,{},4096,252,0,3242146941,LAPTOP-G689CP2J_AMD64,6.985906658852615,0.16094852838623,6.670453339850882,7.301359977854348,7.1055282627933245,0.11962160394070942,0.028868200024589896,"{""pairs"": 2048, ""rho_pair"": -0.31542877458104224}"
7c952e9d1495,2026-09-25T10:46:23,tamzeed,master,asian_arith,call,exact,control_variate,{},4096,252,0,3136804074,LAPTOP-G689CP2J_AMD64,3.1601367096451294,0.0031994783018208183,3.1538658474042434,3.1664075718860154,,,0.036525200004689395,"{""control"": ""geometric_asian"", ""control_mean"": 3.000200360178781, ""b_hat"": 1.0417658086151915, ""rho"": 0.9994988590025313, ""pilot_rho"": 0.9995062822677458, ""pilot_paths"": 410, ""total_paths_simulated"": 4506, ""plain_std_error"": 0.10075302066167603, ""observed_vrf"": 991.6486217529683, ""theoretical_vrf"": 997.9732633653826}"
1abd20acb0ae,2026-09-25T10:46:23,tamzeed,master,paper_asian_geo,call,exact,plain,{},4096,252,0,1205847336,LAPTOP-G689CP2J_AMD64,2.848962634394981,0.08937920450437907,2.673782612599558,3.0241426561904046,3.000200360178781,0.1512377257837998,0.03522840002551675,
65ca6b5d7329,2026-09-25T10:46:23,tamzeed,master,asian_arith,call,exact,antithetic,{},4096,252,0,2101410297,LAPTOP-G689CP2J_AMD64,3.240255975236351,0.08536970806603784,3.0729344220562185,3.4075775284164838,,,0.026367300073616207,"{""pairs"": 2048, ""rho_pair"": -0.26017807387320135}"
61950ff6cf99,2026-09-25T10:46:23,tamzeed,master,deep_barrier,call,exact,plain,{},4096,252,0,2932905935,LAPTOP-G689CP2J_AMD64,3.4370951277735893,0.18192147630921512,3.080535586193171,3.7936546693540074,3.545320563728301,0.1082254359547119,0.03122190001886338,
537d49e678d3,2026-09-25T10:46:23,tamzeed,master,asian_arith,call,exact,rqmc,{},4096,252,0,3259830217,LAPTOP-G689CP2J_AMD64,3.1647093670263624,nan,nan,nan,,,0.11271370004396886,"{""construction"": ""bridge"", ""sobol_dim"": 252, ""naive_iid_se"": 0.0962053401750351, ""se_valid"": false}"
de802de0ef29,2026-09-25T10:46:24,tamzeed,master,paper_barrier,call,exact,rqmc,{},4096,252,0,4058487952,LAPTOP-G689CP2J_AMD64,7.087982371292723,nan,nan,nan,7.1055282627933245,0.017545891500601485,0.1501352998893708,"{""construction"": ""bridge"", ""sobol_dim"": 252, ""naive_iid_se"": 0.1958089813680479, ""se_valid"": false}"
9f304a9ef164,2026-09-25T10:46:24,tamzeed,master,paper_barrier,call,exact,control_variate,{},4096,252,0,1586512036,LAPTOP-G689CP2J_AMD64,7.0927708891338614,0.004874775436211476,7.083216504846167,7.102325273421556,7.1055282627933245,0.012757373659463056,0.043839899939484894,"{""control"": ""european_terminal"", ""control_mean"": 7.1280646692617395, ""b_hat"": 1.0011511845206975, ""rho"": 0.9996986305031984, ""pilot_rho"": 0.9996433529257132, ""pilot_paths"": 410, ""total_paths_simulated"": 4506, ""plain_std_error"": 0.1985670854789601, ""observed_vrf"": 1659.2250454213736, ""theoretical_vrf"": 1659.3429628282393}"
4b56efacb789,2026-09-25T10:46:24,tamzeed,master,paper_barrier,call,exact,plain,{},4096,252,0,4086303399,LAPTOP-G689CP2J_AMD64,6.772622168254575,0.1890240201186246,6.402141896609096,7.143102439900054,7.1055282627933245,0.33290609453874964,0.03515380003955215,
605ebeb739b1,2026-09-25T10:46:24,tamzeed,master,paper_asian_geo,call,exact,rqmc,{},4096,252,0,3143141560,LAPTOP-G689CP2J_AMD64,2.9993558051570717,nan,nan,nan,3.000200360178781,0.0008445550217093256,0.13323829998262227,"{""construction"": ""bridge"", ""sobol_dim"": 252, ""naive_iid_se"": 0.09159601024113173, ""se_valid"": false}"
dbaf60e55524,2026-09-25T10:46:24,tamzeed,master,paper_asian_geo,call,exact,antithetic,{},4096,252,0,4173611836,LAPTOP-G689CP2J_AMD64,3.2092307861973213,0.08336741527448191,3.0458336547751426,3.3726279176195,3.000200360178781,0.20903042601854027,0.047806099988520145,"{""pairs"": 2048, ""rho_pair"": -0.2655925646033588}"
73fc0f0c7c31,2026-09-25T10:46:24,tamzeed,master,deep_barrier,call,exact,control_variate,{},4096,252,0,1375128626,LAPTOP-G689CP2J_AMD64,3.4089914128531054,0.09970712806904045,3.2135690328358635,3.6044137928703472,3.545320563728301,0.13632915087519581,0.033806399907916784,"{""control"": ""european_terminal"", ""control_mean"": 7.1280646692617395, ""b_hat"": 0.7422026908588685, ""rho"": 0.8325190419571609, ""pilot_rho"": 0.8179111755338478, ""pilot_paths"": 410, ""total_paths_simulated"": 4506, ""plain_std_error"": 0.17980325538261757, ""observed_vrf"": 3.2519412175032483, ""theoretical_vrf"": 3.258262479470144}"
78d90a41a106,2026-09-25T10:46:24,tamzeed,master,paper_barrier,call,exact,control_variate,{},16384,252,0,3960496086,LAPTOP-G689CP2J_AMD64,7.09178506537017,0.0025195516756382854,7.086846834828732,7.096723295911609,7.1055282627933245,0.013743197423154108,0.1354855999816209,"{""control"": ""european_terminal"", ""control_mean"": 7.1280646692617395, ""b_hat"": 1.0009359297830869, ""rho"": 0.9996823313955289, ""pilot_rho"": 0.9996149381784755, ""pilot_paths"": 1639, ""total_paths_simulated"": 18023, ""plain_std_error"": 0.09996668503241651, ""observed_vrf"": 1574.2149825136557, ""theoretical_vrf"": 1574.2173533321575}"
127dd0611586,2026-09-25T10:46:24,tamzeed,master,asian_arith,call,exact,control_variate,{},16384,252,0,1552260218,LAPTOP-G689CP2J_AMD64,3.1620139191044023,0.0015436507961454622,3.1589884191392508,3.165039419069554,,,0.15915770002175122,"{""control"": ""geometric_asian"", ""control_mean"": 3.000200360178781, ""b_hat"": 1.042212746486725, ""rho"": 0.9994900635950428, ""pilot_rho"": 0.9995444574137273, ""pilot_paths"": 1639, ""total_paths_simulated"": 18023, ""plain_std_error"": 0.048148498017614894, ""observed_vrf"": 972.8981227422164, ""theoretical_vrf"": 980.7644870067079}"
b0da8bb52404,2026-09-25T10:46:24,tamzeed,master,asian_arith,call,exact,antithetic,{},16384,252,0,3878403756,LAPTOP-G689CP2J_AMD64,3.141874262491791,0.04130712806376582,3.0609137791820262,3.222834745801556,,,0.12801380001474172,"{""pairs"": 8192, ""rho_pair"": -0.2610080639924305}"
8442c8b11b18,2026-09-25T10:46:24,tamzeed,master,paper_barrier,call,exact,plain,{},16384,252,0,1854331602,LAPTOP-G689CP2J_AMD64,7.129077419343167,0.09837474918913089,6.9362664539443095,7.321888384742024,7.1055282627933245,0.023549156549842465,0.13326229993253946,
828f3f8c6fcb,2026-09-25T10:46:25,tamzeed,master,paper_barrier,call,exact,importance,{},16384,252,0,2894413810,LAPTOP-G689CP2J_AMD64,7.096244635409962,0.04578778703284305,7.0065022218938,7.185987048926125,7.1055282627933245,0.00928362738336208,0.4817785000195727,"{""theta"": 0.6858575284033614, ""theta0"": 0.45723835226890763, ""ESS"": 10264.812303628001, ""ESS_frac"": 0.6265144228288575, ""max_weight"": 11.121293553438967, ""max_weight_share"": 0.0006771249530204608, ""mean_weight"": 1.0024588323150365, ""hit_rate_proposal"": 0.669921875, ""pilot_paths"": 10000, ""total_paths_simulated"": 26384, ""theta_grid"": [[0.0, 210.52441200886824], [0.11430958806722691, 172.79338614609634], [0.22861917613445382, 144.50760155918366], [0.3429287642016807, 123.11522189210895], [0.45723835226890763, 106.83371761381656], [0.5715479403361345, 94.40579897871292], [0.6858575284033614, 84.93793088088985]]}"
42304f3ca12c,2026-09-25T10:46:25,tamzeed,master,deep_barrier,call,exact,importance,{},16384,252,0,2835598057,LAPTOP-G689CP2J_AMD64,3.3913825672669002,0.02869159068998024,3.3351480828553743,3.447617051678426,3.545320563728301,0.15393799646140094,0.3821747999172658,"{""theta"": 1.6323611831060643, ""theta0"": 1.6323611831060643, ""ESS"": 1344.5620706646714, ""ESS_frac"": 0.08206555607084176, ""max_weight"": 142.4337713966669, ""max_weight_share"": 0.00866018441372445, ""mean_weight"": 1.0038432297925608, ""hit_rate_proposal"": 0.5966796875, ""pilot_paths"": 10000, ""total_paths_simulated"": 26384, ""theta_grid"": [[0.0, 145.71845228836335], [0.40809029577651607, 68.75142838470788], [0.8161805915530321, 40.04658865931396], [1.2242708873295483, 28.63552625131058], [1.6323611831060643, 25.02988007458478], [2.0404514788825803, 26.66153056574689], [2.4485417746590965, 34.53319761977921]]}"
ba31ecc3adbb,2026-09-25T10:46:26,tamzeed,master,asian_arith,call,exact,plain,{},16384,252,0,3853953082,LAPTOP-G689CP2J_AMD64,3.20228754685344,0.04861869531202372,3.1069966550665473,3.2975784386403326,,,0.24546000000555068,
7d5f49f901b2,2026-09-25T10:46:26,tamzeed,master,paper_asian_geo,call,exact,rqmc,{},16384,252,0,2371757015,LAPTOP-G689CP2J_AMD64,3.000060563447502,nan,nan,nan,3.000200360178781,0.00013979673127906267,0.6664306999882683,"{""construction"": ""bridge"", ""sobol_dim"": 252, ""naive_iid_se"": 0.04586171050572924, ""se_valid"": false}"
054af498ade2,2026-09-25T10:46:27,tamzeed,master,paper_asian_geo,call,exact,plain,{},16384,252,0,3601944010,LAPTOP-G689CP2J_AMD64,2.95521598702102,0.04545536047800784,2.866125117579839,3.044306856462201,3.000200360178781,0.04498437315776105,0.387504699989222,
0ba9aeab5317,2026-09-25T10:46:27,tamzeed,master,paper_barrier,call,exact,rqmc,{},16384,252,0,2526215207,LAPTOP-G689CP2J_AMD64,7.09725085565839,nan,nan,nan,7.1055282627933245,0.0082774071349343,0.5739679000107571,"{""construction"": ""bridge"", ""sobol_dim"": 252, ""naive_iid_se"": 0.09809118497798872, ""se_valid"": false}"
73fddbb8f14d,2026-09-25T10:46:28,tamzeed,master,deep_barrier,call,exact,control_variate,{},16384,252,0,2648410190,LAPTOP-G689CP2J_AMD64,3.354939385379932,0.050260984766807994,3.2564296654094718,3.453449105350392,3.545320563728301,0.19038117834836932,0.2830979001009837,"{""control"": ""european_terminal"", ""control_mean"": 7.1280646692617395, ""b_hat"": 0.7688451051213362, ""rho"": 0.8282852302205846, ""pilot_rho"": 0.8315833464682317, ""pilot_paths"": 1639, ""total_paths_simulated"": 18023, ""plain_std_error"": 0.08969036243739072, ""observed_vrf"": 3.1844143402326104, ""theoretical_vrf"": 3.185285739197897}"
58bc3a00eceb,2026-09-25T10:46:28,tamzeed,master,deep_barrier,call,exact,antithetic,{},16384,252,0,1858377262,LAPTOP-G689CP2J_AMD64,3.412028867980288,0.08589367759186405,3.2436803534005394,3.5803773825600365,3.545320563728301,0.13329169574801325,0.22241089993622154,"{""pairs"": 8192, ""rho_pair"": -0.08788007910051623}"
869243572d71,2026-09-25T10:46:28,tamzeed,master,deep_barrier,call,exact,plain,{},16384,252,0,2347389108,LAPTOP-G689CP2J_AMD64,3.2170454322800985,0.08681683666432474,3.0468875591663256,3.3872033053938715,3.545320563728301,0.32827513144820264,0.2649225000059232,
08f5da5922c0,2026-09-25T10:46:28,tamzeed,master,paper_barrier,call,exact,antithetic,{},16384,252,0,3109002110,LAPTOP-G689CP2J_AMD64,7.012425935029392,0.07883274866601374,6.857916586841707,7.166935283217077,7.1055282627933245,0.09310232776393246,0.22104309999849647,"{""pairs"": 8192, ""rho_pair"": -0.32570714846340076}"
b512272fc003,2026-09-25T10:46:29,tamzeed,master,asian_arith,call,exact,rqmc,{},16384,252,0,1134778418,LAPTOP-G689CP2J_AMD64,3.1616066834446475,nan,nan,nan,,,0.5958398999646306,"{""construction"": ""bridge"", ""sobol_dim"": 252, ""naive_iid_se"": 0.04797545036902879, ""se_valid"": false}"
925b79d6578a,2026-09-25T10:46:29,tamzeed,master,deep_barrier,call,exact,rqmc,{},16384,252,0,366933255,LAPTOP-G689CP2J_AMD64,3.3818056963502214,nan,nan,nan,3.545320563728301,0.16351486737807974,0.6119452000129968,"{""construction"": ""bridge"", ""sobol_dim"": 252, ""naive_iid_se"": 0.0899082742013317, ""se_valid"": false}"
c6aefae09331,2026-09-25T10:46:30,tamzeed,master,paper_asian_geo,call,exact,antithetic,{},16384,252,0,979870393,LAPTOP-G689CP2J_AMD64,2.9758125008138703,0.03942179051396993,2.8985472112004063,3.0530777904273343,3.000200360178781,0.024387859364910724,0.29147569998167455,"{""pairs"": 8192, ""rho_pair"": -0.25804858033488776}"
deb750c026b0,2026-09-25T10:46:31,tamzeed,master,deep_barrier,call,exact,control_variate,{},65536,252,0,892609933,LAPTOP-G689CP2J_AMD64,3.3522976123378077,0.02498398746112177,3.3033298967238087,3.4012653279518066,3.545320563728301,0.19302295139049352,1.1945727999554947,"{""control"": ""european_terminal"", ""control_mean"": 7.1280646692617395, ""b_hat"": 0.771943126417474, ""rho"": 0.8243428479057491, ""pilot_rho"": 0.836172510710487, ""pilot_paths"": 6554, ""total_paths_simulated"": 72090, ""plain_std_error"": 0.0441017003202928, ""observed_vrf"": 3.115926186677387, ""theoretical_vrf"": 3.120525272986688}"
14483d8e6619,2026-09-25T10:46:32,tamzeed,master,deep_barrier,call,exact,importance,{},65536,252,0,1232145314,LAPTOP-G689CP2J_AMD64,3.4072307992819777,0.014353758034906655,3.3790979504907583,3.435363648073197,3.545320563728301,0.13808976444632348,1.1564507000148296,"{""theta"": 1.6323611831060643, ""theta0"": 1.6323611831060643, ""ESS"": 3021.073500227083, ""ESS_frac"": 0.046097923282273606, ""max_weight"": 632.3927737137808, ""max_weight_share"": 0.009498259362904491, ""mean_weight"": 1.0159280316595947, ""hit_rate_proposal"": 0.5997314453125, ""pilot_paths"": 10000, ""total_paths_simulated"": 75536, ""theta_grid"": [[0.0, 141.88877363749583], [0.40809029577651607, 66.7808509707574], [0.8161805915530321, 38.88288833661755], [1.2242708873295483, 27.851290245800687], [1.6323611831060643, 24.441325034479537], [2.0404514788825803, 26.20032948012022], [2.4485417746590965, 34.23512799039261]]}"
a03a8f9ac315,2026-09-25T10:46:34,tamzeed,master,asian_arith,call,exact,rqmc,{},65536,252,0,151901726,LAPTOP-G689CP2J_AMD64,3.164053164518501,nan,nan,nan,,,2.3284383000573143,"{""construction"": ""bridge"", ""sobol_dim"": 252, ""naive_iid_se"": 0.023986610709432244, ""se_valid"": false}"
df431d1f55cd,2026-09-25T10:46:37,tamzeed,master,paper_asian_geo,call,exact,rqmc,{},65536,252,0,1537777659,LAPTOP-G689CP2J_AMD64,2.9997799316790883,nan,nan,nan,3.000200360178781,0.00042042849969270435,2.821345799951814,"{""construction"": ""bridge"", ""sobol_dim"": 252, ""naive_iid_se"": 0.022934648093686137, ""se_valid"": false}"
6e1c95be6ae7,2026-09-25T10:46:39,tamzeed,master,paper_asian_geo,call,exact,plain,{},65536,252,0,3740666870,LAPTOP-G689CP2J_AMD64,2.9983073698620037,0.022895580015368212,2.9534328576267272,3.0431818820972802,3.000200360178781,0.0018929903167772544,1.2663035000441596,
0a5b73df094d,2026-09-25T10:46:40,tamzeed,master,paper_barrier,call,exact,antithetic,{},65536,252,0,2203174859,LAPTOP-G689CP2J_AMD64,6.97840572644181,0.04009852980104019,6.899814052198765,7.056997400684855,7.1055282627933245,0.12712253635151427,0.9112989000277594,"{""pairs"": 32768, ""rho_pair"": -0.3160750749226078}"
a38ba191cfda,2026-09-25T10:46:41,tamzeed,master,deep_barrier,call,exact,plain,{},65536,252,0,1313017717,LAPTOP-G689CP2J_AMD64,3.3633441570505784,0.044608759238194684,3.2759125955486983,3.4507757185524586,3.545320563728301,0.18197640667772275,1.0132753000361845,
08cd1e4b0321,2026-09-25T10:46:42,tamzeed,master,paper_barrier,call,exact,importance,{},65536,252,0,3305348953,LAPTOP-G689CP2J_AMD64,7.113577357220287,0.0228616122175021,7.068769420645462,7.158385293795113,7.1055282627933245,0.008049094426962888,1.1918497000588104,"{""theta"": 0.6858575284033614, ""theta0"": 0.45723835226890763, ""ESS"": 40622.24043311661, ""ESS_frac"": 0.619846198015085, ""max_weight"": 16.253523500611635, ""max_weight_share"": 0.0002474128144165855, ""mean_weight"": 1.0024100295816936, ""hit_rate_proposal"": 0.6733551025390625, ""pilot_paths"": 10000, ""total_paths_simulated"": 75536, ""theta_grid"": [[0.0, 206.70848860763977], [0.11430958806722691, 169.75792551629888], [0.22861917613445382, 142.10510711448538], [0.3429287642016807, 121.21925602294894], [0.45723835226890763, 105.3407987712148], [0.5715479403361345, 93.23349520290488], [0.6858575284033614, 84.02170369794047]]}"
8a8f5e7aff0b,2026-09-25T10:46:43,tamzeed,master,asian_arith,call,exact,antithetic,{},65536,252,0,1479699078,LAPTOP-G689CP2J_AMD64,3.150308481276175,0.02072587898111108,3.1096865049252616,3.190930457627088,,,0.880621200078167,"{""pairs"": 32768, ""rho_pair"": -0.26065201897831264}"
3c254e26337e,2026-09-25T10:46:43,tamzeed,master,deep_barrier,call,exact,antithetic,{},65536,252,0,3733516478,LAPTOP-G689CP2J_AMD64,3.390361668414479,0.043026724310620754,3.306030838392928,3.4746924984360295,3.545320563728301,0.15495889531382234,0.8643456000136212,"{""pairs"": 32768, ""rho_pair"": -0.08654735086807971}"
8e22fa227406,2026-09-25T10:46:44,tamzeed,master,paper_barrier,call,exact,plain,{},65536,252,0,247894312,LAPTOP-G689CP2J_AMD64,7.116958670769987,0.049000156387671225,7.02092012901332,7.212997212526653,7.1055282627933245,0.01143040797666206,1.0235748999984935,
cfff6d300f24,2026-09-25T10:46:46,tamzeed,master,asian_arith,call,exact,control_variate,{},65536,252,0,1132164895,LAPTOP-G689CP2J_AMD64,3.161818429979508,0.0007413238616966771,3.160365461909702,3.1632713980493135,,,1.4050813000649214,"{""control"": ""geometric_asian"", ""control_mean"": 3.000200360178781, ""b_hat"": 1.0455821513925734, ""rho"": 0.9995130484162129, ""pilot_rho"": 0.9995008035131305, ""pilot_paths"": 6554, ""total_paths_simulated"": 72090, ""plain_std_error"": 0.023753709418510908, ""observed_vrf"": 1026.7079385257562, ""theoretical_vrf"": 1027.0461873311388}"
6b4fab9a4b9f,2026-09-25T10:46:47,tamzeed,master,paper_asian_geo,call,exact,antithetic,{},65536,252,0,441325290,LAPTOP-G689CP2J_AMD64,2.984219067084651,0.019651289173387657,2.9457032480550294,3.022734886114273,3.000200360178781,0.015981293094129878,1.2162340000504628,"{""pairs"": 32768, ""rho_pair"": -0.26029617739126965}"
b9bfcc9de222,2026-09-25T10:46:48,tamzeed,master,paper_barrier,call,exact,control_variate,{},65536,252,0,547466320,LAPTOP-G689CP2J_AMD64,7.09497969488813,0.0012300422885960156,7.0925688563030205,7.097390533473239,7.1055282627933245,0.010548567905194872,1.08712459995877,"{""control"": ""european_terminal"", ""control_mean"": 7.1280646692617395, ""b_hat"": 1.000818712275722, ""rho"": 0.9996857222878877, ""pilot_rho"": 0.9997054786055456, ""pilot_paths"": 6554, ""total_paths_simulated"": 72090, ""plain_std_error"": 0.0490661249956039, ""observed_vrf"": 1591.195113554496, ""theoretical_vrf"": 1591.1996381007568}"
3b191f5853bb,2026-09-25T10:46:50,tamzeed,master,paper_barrier,call,exact,rqmc,{},65536,252,0,3111985939,LAPTOP-G689CP2J_AMD64,7.094728920761056,nan,nan,nan,7.1055282627933245,0.010799342032268733,2.182501200004481,"{""construction"": ""bridge"", ""sobol_dim"": 252, ""naive_iid_se"": 0.04900122948217334, ""se_valid"": false}"
01cabbc5d1fe,2026-09-25T10:46:51,tamzeed,master,asian_arith,call,exact,plain,{},65536,252,0,1221000141,LAPTOP-G689CP2J_AMD64,3.1676759639914533,0.023924482378252763,3.1207848401813147,3.214567087801592,,,0.9089997999835759,
506f151721b8,2026-09-25T10:46:53,tamzeed,master,deep_barrier,call,exact,rqmc,{},65536,252,0,2875772357,LAPTOP-G689CP2J_AMD64,3.3951482396720207,nan,nan,nan,3.545320563728301,0.15017232405628045,1.2969426999334246,"{""construction"": ""bridge"", ""sobol_dim"": 252, ""naive_iid_se"": 0.04502063000907824, ""se_valid"": false}"
0038b7459ec3,2026-09-25T10:46:53,tamzeed,master,paper_barrier,call,exact,antithetic,{},256,252,1,1210836074,LAPTOP-G689CP2J_AMD64,7.488623849005636,0.6701893660933248,6.17507682864099,8.802170869370283,7.1055282627933245,0.38309558621231155,0.0014259000308811665,"{""pairs"": 128, ""rho_pair"": -0.32836654915166436}"
d782ac9a0228,2026-09-25T10:46:53,tamzeed,master,paper_asian_geo,call,exact,antithetic,{},256,252,1,3004646163,LAPTOP-G689CP2J_AMD64,3.4588756301275536,0.3407619379349322,2.790994504473013,4.126756755782094,3.000200360178781,0.4586752699487726,0.0017997999675571918,"{""pairs"": 128, ""rho_pair"": -0.28901937754706325}"
4dc414043bf0,2026-09-25T10:46:53,tamzeed,master,paper_asian_geo,call,exact,rqmc,{},256,252,1,2480643681,LAPTOP-G689CP2J_AMD64,3.011495709309524,nan,nan,nan,3.000200360178781,0.011295349130743038,0.013230500044301152,"{""construction"": ""bridge"", ""sobol_dim"": 252, ""naive_iid_se"": 0.3733496321408397, ""se_valid"": false}"
345407d79bdb,2026-09-25T10:46:53,tamzeed,master,asian_arith,call,exact,rqmc,{},256,252,1,2399412601,LAPTOP-G689CP2J_AMD64,3.1976542567370894,nan,nan,nan,,,0.01765779999550432,"{""construction"": ""bridge"", ""sobol_dim"": 252, ""naive_iid_se"": 0.38709729814317384, ""se_valid"": false}"
a26bb027895c,2026-09-25T10:46:53,tamzeed,master,paper_barrier,call,exact,plain,{},256,252,1,3817345003,LAPTOP-G689CP2J_AMD64,6.865174092112817,0.7677869542511708,5.36033931398082,8.370008870244813,7.1055282627933245,0.2403541706805079,0.002213299972936511,
79ccf81f99d4,2026-09-25T10:46:53,tamzeed,master,paper_barrier,call,exact,rqmc,{},256,252,1,1445378622,LAPTOP-G689CP2J_AMD64,7.109946004859125,nan,nan,nan,7.1055282627933245,0.0044177420658009225,0.01228100003208965,"{""construction"": ""bridge"", ""sobol_dim"": 252, ""naive_iid_se"": 0.7843736833404055, ""se_valid"": false}"
811564059043,2026-09-25T10:46:53,tamzeed,master,asian_arith,call,exact,plain,{},256,252,1,891200093,LAPTOP-G689CP2J_AMD64,2.934106115966317,0.37348693682305195,2.2020851710969485,3.6661270608356853,,,0.0014464999549090862,
848f04416f0e,2026-09-25T10:46:53,tamzeed,master,deep_barrier,call,exact,rqmc,{},256,252,1,2747116919,LAPTOP-G689CP2J_AMD64,3.5401285968782306,nan,nan,nan,3.545320563728301,0.005191966850070617,0.01128840004093945,"{""construction"": ""bridge"", ""sobol_dim"": 252, ""naive_iid_se"": 0.7171085568183727, ""se_valid"": false}"
ae425993f455,2026-09-25T10:46:53,tamzeed,master,deep_barrier,call,exact,plain,{},256,252,1,950117067,LAPTOP-G689CP2J_AMD64,3.5321069412576866,0.7282820516435432,2.104700349449402,4.959513533065971,3.545320563728301,0.013213622470614528,0.0014667999930679798,
a45069f04bb2,2026-09-25T10:46:53,tamzeed,master,paper_barrier,call,exact,control_variate,{},256,252,1,3950494114,LAPTOP-G689CP2J_AMD64,7.111785473383385,0.011799045123155138,7.088659769890038,7.134911176876733,7.1055282627933245,0.00625721059006068,0.0033066999167203903,"{""control"": ""european_terminal"", ""control_mean"": 7.1280646692617395, ""b_hat"": 1.0002801105592858, ""rho"": 0.999865955537874, ""pilot_rho"": 0.9999750652835672, ""pilot_paths"": 256, ""total_paths_simulated"": 512, ""plain_std_error"": 0.7205445394397594, ""observed_vrf"": 3729.305301349561, ""theoretical_vrf"": 3730.3556255224285}"
8c5d173f9ec0,2026-09-25T10:46:53,tamzeed,master,deep_barrier,call,exact,importance,{},256,252,1,2798561122,LAPTOP-G689CP2J_AMD64,3.175465653600946,0.21802950601205118,2.7481356742502663,3.6027956329516253,3.545320563728301,0.3698549101273554,0.07175700005609542,"{""theta"": 1.6323611831060643, ""theta0"": 1.6323611831060643, ""ESS"": 38.471284165731866, ""ESS_frac"": 0.1502784537723901, ""max_weight"": 16.66782975402849, ""max_weight_share"": 0.07798904911744674, ""mean_weight"": 0.8348442597193877, ""hit_rate_proposal"": 0.60546875, ""pilot_paths"": 10000, ""total_paths_simulated"": 10256, ""theta_grid"": [[0.0, 145.0430666167704], [0.40809029577651607, 68.27717703075915], [0.8161805915530321, 39.71706839017162], [1.2242708873295483, 28.39755292526523], [1.6323611831060643, 24.861369395737263], [2.0404514788825803, 26.581749096188833], [2.4485417746590965, 34.6533289442301]]}"
74ad1ed4e263,2026-09-25T10:46:53,tamzeed,master,paper_barrier,call,exact,importance,{},256,252,1,2859275390,LAPTOP-G689CP2J_AMD64,6.6190656093899864,0.3779795091669264,5.878239384528683,7.35989183425129,7.1055282627933245,0.48646265340333805,0.07426949997898191,"{""theta"": 0.6858575284033614, ""theta0"": 0.45723835226890763, ""ESS"": 151.19230465139017, ""ESS_frac"": 0.5905949400444929, ""max_weight"": 6.178009554478343, ""max_weight_share"": 0.02290077349467372, ""mean_weight"": 1.0538006424889474, ""hit_rate_proposal"": 0.61328125, ""pilot_paths"": 10000, ""total_paths_simulated"": 10256, ""theta_grid"": [[0.0, 202.14779954715905], [0.11430958806722691, 166.43543300317972], [0.22861917613445382, 139.61862758671768], [0.3429287642016807, 119.31088330811451], [0.45723835226890763, 103.84190266118787], [0.5715479403361345, 92.03164258406169], [0.6858575284033614, 83.0404807870119]]}"
a0a05b795741,2026-09-25T10:46:53,tamzeed,master,paper_asian_geo,call,exact,plain,{},256,252,1,3422364599,LAPTOP-G689CP2J_AMD64,3.281275545607336,0.3654072570601687,2.565090482079836,3.997460609134836,3.000200360178781,0.28107518542855514,0.0016550999134778976,
4af6e050bff0,2026-09-25T10:46:53,tamzeed,master,asian_arith,call,exact,antithetic,{},256,252,1,715588234,LAPTOP-G689CP2J_AMD64,3.3890281080896703,0.31228444400446015,2.776961844908813,4.001094371270527,,,0.0013447999954223633,"{""pairs"": 128, ""rho_pair"": -0.31545687138766254}"
705bf178f126,2026-09-25T10:46:53,tamzeed,master,deep_barrier,call,exact,control_variate,{},256,252,1,2623590501,LAPTOP-G689CP2J_AMD64,3.2989414148621696,0.42674894581070877,2.4625288506327454,4.135353979091594,3.545320563728301,0.24637914886613155,0.003579300013370812,"{""control"": ""european_terminal"", ""control_mean"": 7.1280646692617395, ""b_hat"": 0.7192153779671571, ""rho"": 0.8270645111988226, ""pilot_rho"": 0.8067998595389826, ""pilot_paths"": 256, ""total_paths_simulated"": 512, ""plain_std_error"": 0.7562213531987604, ""observed_vrf"": 3.1401685421512453, ""theoretical_vrf"": 3.164914574181662}"
65d49f560ddc,2026-09-25T10:46:53,tamzeed,master,asian_arith,call,exact,control_variate,{},256,252,1,1771860770,LAPTOP-G689CP2J_AMD64,3.1628771562064837,0.01114692396184568,3.1410295867028597,3.1847247257101077,,,0.004423299920745194,"{""control"": ""geometric_asian"", ""control_mean"": 3.000200360178781, ""b_hat"": 1.0474811978171654, ""rho"": 0.9996089074330973, ""pilot_rho"": 0.9994932886304956, ""pilot_paths"": 256, ""total_paths_simulated"": 512, ""plain_std_error"": 0.3948458428825063, ""observed_vrf"": 1254.7149209201202, ""theoretical_vrf"": 1278.719757384167}"
5cd850647711,2026-09-25T10:46:53,tamzeed,master,deep_barrier,call,exact,antithetic,{},256,252,1,3488432985,LAPTOP-G689CP2J_AMD64,3.322593736307856,0.6033010644396426,2.140145378171478,4.505042094444233,3.545320563728301,0.22272682742044525,0.0012559000169858336,"{""pairs"": 128, ""rho_pair"": -0.10516613057988267}"
9a27c344b9ff,2026-09-25T10:46:53,tamzeed,master,asian_arith,call,exact,antithetic,{},1024,252,1,3962354239,LAPTOP-G689CP2J_AMD64,2.9727819214246702,0.1661622923782421,2.6471098127747013,3.298454030074639,,,0.005642900010570884,"{""pairs"": 512, ""rho_pair"": -0.23797197426187702}"
7c8ac2fb281d,2026-09-25T10:46:53,tamzeed,master,paper_barrier,call,exact,antithetic,{},1024,252,1,2384999497,LAPTOP-G689CP2J_AMD64,6.525857734638229,0.3054457751799241,5.927195016055659,7.124520453220798,7.1055282627933245,0.5796705281550958,0.00605540000833571,"{""pairs"": 512, ""rho_pair"": -0.310769486882003}"
47d152c8d107,2026-09-25T10:46:53,tamzeed,master,deep_barrier,call,exact,importance,{},1024,252,1,2616522436,LAPTOP-G689CP2J_AMD64,3.3246737853532298,0.11490417894930813,3.0994657329394406,3.549881837767019,3.545320563728301,0.2206467783750714,0.07325279992073774,"{""theta"": 1.6323611831060643, ""theta0"": 1.6323611831060643, ""ESS"": 27.1781009067797, ""ESS_frac"": 0.02654111416677705, ""max_weight"": 226.40120064903084, ""max_weight_share"": 0.17232291825410553, ""mean_weight"": 1.2830268007810486, ""hit_rate_proposal"": 0.583984375, ""pilot_paths"": 10000, ""total_paths_simulated"": 11024, ""theta_grid"": [[0.0, 142.97116155324798], [0.40809029577651607, 67.34848772318465], [0.8161805915530321, 39.22883062618776], [1.2242708873295483, 28.103255254305083], [1.6323611831060643, 24.667996042227013], [2.0404514788825803, 26.462716938323428], [2.4485417746590965, 34.64010389582506]]}"
184d7a0525b8,2026-09-25T10:46:53,tamzeed,master,paper_asian_geo,call,exact,antithetic,{},1024,252,1,4259094022,LAPTOP-G689CP2J_AMD64,2.964894937279534,0.1617972888566049,2.6477780783243645,3.2820117962347037,3.000200360178781,0.035305422899246874,0.008941799984313548,"{""pairs"": 512, ""rho_pair"": -0.24727726004983044}"
d5a3601223df,2026-09-25T10:46:53,tamzeed,master,paper_barrier,call,exact,plain,{},1024,252,1,871833288,LAPTOP-G689CP2J_AMD64,6.798408115241951,0.38314295403857324,6.047461724396062,7.54935450608784,7.1055282627933245,0.3071201475513732,0.006074200035072863,
cbd37a5eff34,2026-09-25T10:46:53,tamzeed,master,asian_arith,call,exact,control_variate,{},1024,252,1,231775079,LAPTOP-G689CP2J_AMD64,3.1578141979849024,0.005613282784075838,3.146812365893075,3.1688160300767296,,,0.014699500054121017,"{""control"": ""geometric_asian"", ""control_mean"": 3.000200360178781, ""b_hat"": 1.045930499385173, ""rho"": 0.9995827140606541, ""pilot_rho"": 0.9995086995402372, ""pilot_paths"": 256, ""total_paths_simulated"": 1280, ""plain_std_error"": 0.19421118101423523, ""observed_vrf"": 1197.0564070000314, ""theoretical_vrf"": 1198.4691936643394}"
208bf89abb4f,2026-09-25T10:46:53,tamzeed,master,deep_barrier,call,exact,plain,{},1024,252,1,2170296957,LAPTOP-G689CP2J_AMD64,3.1789566104592937,0.3464704039169831,2.4998870970729614,3.858026123845626,3.545320563728301,0.3663639532690075,0.008154300041496754,
316c88c07401,2026-09-25T10:46:53,tamzeed,master,deep_barrier,call,exact,rqmc,{},1024,252,1,313259878,LAPTOP-G689CP2J_AMD64,3.3546211288496437,nan,nan,nan,3.545320563728301,0.19069943487865748,0.027339300024323165,"{""construction"": ""bridge"", ""sobol_dim"": 252, ""naive_iid_se"": 0.3560255181919702, ""se_valid"": false}"
96914ce035c6,2026-09-25T10:46:53,tamzeed,master,paper_asian_geo,call,exact,rqmc,{},1024,252,1,1156803704,LAPTOP-G689CP2J_AMD64,3.0069311948181285,nan,nan,nan,3.000200360178781,0.006730834639347538,0.025699599995277822,"{""construction"": ""bridge"", ""sobol_dim"": 252, ""naive_iid_se"": 0.1827062084554358, ""se_valid"": false}"
f47f12bd77ba,2026-09-25T10:46:53,tamzeed,master,deep_barrier,call,exact,antithetic,{},1024,252,1,3739095687,LAPTOP-G689CP2J_AMD64,3.5663701543235633,0.3488258317838922,2.882684087149907,4.2500562214972195,3.545320563728301,0.021049590595262124,0.005183900007978082,"{""pairs"": 512, ""rho_pair"": -0.09197101090272274}"
9311da3b8ef6,2026-09-25T10:46:53,tamzeed,master,paper_barrier,call,exact,control_variate,{},1024,252,1,664377262,LAPTOP-G689CP2J_AMD64,7.093152354528646,0.009323838622981077,7.0748779666299395,7.111426742427353,7.1055282627933245,0.01237590826467816,0.007476300001144409,"{""control"": ""european_terminal"", ""control_mean"": 7.1280646692617395, ""b_hat"": 1.0008721921369503, ""rho"": 0.9996640292768512, ""pilot_rho"": 0.9996595889500334, ""pilot_paths"": 256, ""total_paths_simulated"": 1280, ""plain_std_error"": 0.359717998828171, ""observed_vrf"": 1488.4520244660248, ""theoretical_vrf"": 1488.4749543226678}"
7a5edddcb97f,2026-09-25T10:46:53,tamzeed,master,asian_arith,call,exact,plain,{},1024,252,1,1482644046,LAPTOP-G689CP2J_AMD64,3.2757325177076835,0.19468321287911872,2.8941604320700662,3.6573046033453007,,,0.006771599990315735,
89faa46be6b6,2026-09-25T10:46:53,tamzeed,master,paper_barrier,call,exact,rqmc,{},1024,252,1,264374178,LAPTOP-G689CP2J_AMD64,7.119769060992482,nan,nan,nan,7.1055282627933245,0.014240798199157467,0.02158980001695454,"{""construction"": ""bridge"", ""sobol_dim"": 252, ""naive_iid_se"": 0.39578664822888626, ""se_valid"": false}"
8f2865a54ea5,2026-09-25T10:46:53,tamzeed,master,paper_barrier,call,exact,importance,{},1024,252,1,650434817,LAPTOP-G689CP2J_AMD64,6.805727148857693,0.18310439662855252,6.4468491260547935,7.164605171660593,7.1055282627933245,0.29980111393563114,0.08303520001936704,"{""theta"": 0.6858575284033614, ""theta0"": 0.45723835226890763, ""ESS"": 648.2383696518087, ""ESS_frac"": 0.6330452828630945, ""max_weight"": 6.384236239108366, ""max_weight_share"": 0.006058501261506299, ""mean_weight"": 1.0290673275694227, ""hit_rate_proposal"": 0.6513671875, ""pilot_paths"": 10000, ""total_paths_simulated"": 11024, ""theta_grid"": [[0.0, 209.98370136089358], [0.11430958806722691, 172.22807685758738], [0.22861917613445382, 143.99143516871098], [0.3429287642016807, 122.6778312966383], [0.45723835226890763, 106.48317597921468], [0.5715479403361345, 94.14033935678131], [0.6858575284033614, 84.75197108725186]]}"
a842d063be84,2026-09-25T10:46:53,tamzeed,master,paper_asian_geo,call,exact,plain,{},1024,252,1,2453928252,LAPTOP-G689CP2J_AMD64,2.946027537453631,0.18176679516013017,2.5897711653545064,3.3022839095527554,3.000200360178781,0.054172822725150116,0.011329500004649162,
568e11f1c1d0,2026-09-25T10:46:53,tamzeed,master,deep_barrier,call,exact,control_variate,{},1024,252,1,3110896423,LAPTOP-G689CP2J_AMD64,2.9860842259944933,0.2060736290067218,2.58218733497785,3.3899811170111365,3.545320563728301,0.5592363377338079,0.007958500063978136,"{""control"": ""european_terminal"", ""control_mean"": 7.1280646692617395, ""b_hat"": 0.7936083584115838, ""rho"": 0.8155379205555043, ""pilot_rho"": 0.8420087027339735, ""pilot_paths"": 256, ""total_paths_simulated"": 1280, ""plain_std_error"": 0.3540068616665578, ""observed_vrf"": 2.9510632755023667, ""theoretical_vrf"": 2.985984682477539}"
a70431309fd9,2026-09-25T10:46:53,tamzeed,master,asian_arith,call,exact,rqmc,{},1024,252,1,3043539944,LAPTOP-G689CP2J_AMD64,3.168563815394631,nan,nan,nan,,,0.028851700015366077,"{""construction"": ""bridge"", ""sobol_dim"": 252, ""naive_iid_se"": 0.1922077545318455, ""se_valid"": false}"
c07eb42d9db0,2026-09-25T10:46:53,tamzeed,master,deep_barrier,call,exact,control_variate,{},4096,252,1,3370834650,LAPTOP-G689CP2J_AMD64,3.5482801705885754,0.09969267266754726,3.352886122637642,3.7436742185395087,3.545320563728301,0.0029596068602741887,0.03130660008173436,"{""control"": ""european_terminal"", ""control_mean"": 7.1280646692617395, ""b_hat"": 0.876273862813116, ""rho"": 0.8432582241413329, ""pilot_rho"": 0.9005032670738825, ""pilot_paths"": 410, ""total_paths_simulated"": 4506, ""plain_std_error"": 0.18223299753816818, ""observed_vrf"": 3.3413930076823597, ""theoretical_vrf"": 3.4612188222907045}"
f9f5bebd28a2,2026-09-25T10:46:53,tamzeed,master,deep_barrier,call,exact,importance,{},4096,252,1,1303278670,LAPTOP-G689CP2J_AMD64,3.476313724879568,0.057850929769531094,3.3629279860591312,3.589699463700005,3.545320563728301,0.06900683884873304,0.09461969998665154,"{""theta"": 1.6323611831060643, ""theta0"": 1.6323611831060643, ""ESS"": 497.3269419729972, ""ESS_frac"": 0.12141771044262627, ""max_weight"": 67.9866020692367, ""max_weight_share"": 0.017660748650494853, ""mean_weight"": 0.9398407649238956, ""hit_rate_proposal"": 0.60302734375, ""pilot_paths"": 10000, ""total_paths_simulated"": 14096, ""theta_grid"": [[0.0, 140.72070130129734], [0.40809029577651607, 66.69344048303604], [0.8161805915530321, 39.05282232383464], [1.2242708873295483, 28.086256962100638], [1.6323611831060643, 24.70035510006578], [2.0404514788825803, 26.480255036072666], [2.4485417746590965, 34.531462751937426]]}"
63cc906a45ab,2026-09-25T10:46:53,tamzeed,master,asian_arith,call,exact,control_variate,{},4096,252,1,1248506462,LAPTOP-G689CP2J_AMD64,3.161119459950883,0.0030425566592537337,3.155156158477823,3.1670827614239427,,,0.04389980004634708,"{""control"": ""geometric_asian"", ""control_mean"": 3.000200360178781, ""b_hat"": 1.0401027774294822, ""rho"": 0.9994975803312877, ""pilot_rho"": 0.9995564512473963, ""pilot_paths"": 410, ""total_paths_simulated"": 4506, ""plain_std_error"": 0.09502958678473583, ""observed_vrf"": 975.5293329788527, ""theoretical_vrf"": 995.4340317927152}"
1bf38617cd46,2026-09-25T10:46:53,tamzeed,master,deep_barrier,call,exact,plain,{},4096,252,1,3707422946,LAPTOP-G689CP2J_AMD64,3.162001402514492,0.176297475907417,2.816464699170637,3.5075381058583472,3.545320563728301,0.38331916121380916,0.023516600020229816,
fb98f67f7e33,2026-09-25T10:46:53,tamzeed,master,paper_asian_geo,call,exact,plain,{},4096,252,1,3293174087,LAPTOP-G689CP2J_AMD64,2.9467766967709315,0.0888074465953368,2.772717299885107,3.120836093656756,3.000200360178781,0.05342366340784954,0.029290499980561435,
2fd9a686116c,2026-09-25T10:46:54,tamzeed,master,deep_barrier,call,exact,rqmc,{},4096,252,1,2538343939,LAPTOP-G689CP2J_AMD64,3.3909087518810006,nan,nan,nan,3.545320563728301,0.15441181184730057,0.06976939993910491,"{""construction"": ""bridge"", ""sobol_dim"": 252, ""naive_iid_se"": 0.17996169371310672, ""se_valid"": false}"
5e7736e0cab8,2026-09-25T10:46:54,tamzeed,master,paper_asian_geo,call,exact,rqmc,{},4096,252,1,2057972963,LAPTOP-G689CP2J_AMD64,3.004698678334331,nan,nan,nan,3.000200360178781,0.004498318155549796,0.0820909000467509,"{""construction"": ""bridge"", ""sobol_dim"": 252, ""naive_iid_se"": 0.09155483230408307, ""se_valid"": false}"
938b1f8eaacb,2026-09-25T10:46:54,tamzeed,master,asian_arith,call,exact,rqmc,{},4096,252,1,2474797681,LAPTOP-G689CP2J_AMD64,3.166392574362391,nan,nan,nan,,,0.07270760007668287,"{""construction"": ""bridge"", ""sobol_dim"": 252, ""naive_iid_se"": 0.09586899498701096, ""se_valid"": false}"
9d4ac446bac4,2026-09-25T10:46:54,tamzeed,master,asian_arith,call,exact,plain,{},4096,252,1,389488544,LAPTOP-G689CP2J_AMD64,3.1659326868376807,0.09573364710613487,2.978298186400989,3.3535671872743724,,,0.03317619999870658,
47c335da4a90,2026-09-25T10:46:54,tamzeed,master,paper_barrier,call,exact,importance,{},4096,252,1,1931703325,LAPTOP-G689CP2J_AMD64,7.0247830793316615,0.09134153030080368,6.845756969649313,7.20380918901401,7.1055282627933245,0.08074518346166304,0.1088954999577254,"{""theta"": 0.6858575284033614, ""theta0"": 0.45723835226890763, ""ESS"": 2669.3816209675833, ""ESS_frac"": 0.6517044973065389, ""max_weight"": 6.682921993513831, ""max_weight_share"": 0.0016455684812501333, ""mean_weight"": 0.9914948973033391, ""hit_rate_proposal"": 0.666748046875, ""pilot_paths"": 10000, ""total_paths_simulated"": 14096, ""theta_grid"": [[0.0, 213.944469988616], [0.11430958806722691, 175.7919653388036], [0.22861917613445382, 147.14754490358004], [0.3429287642016807, 125.45418853578433], [0.45723835226890763, 108.92271125917232], [0.5715479403361345, 96.28902594538022], [0.6858575284033614, 86.65332227743949]]}"
deedff562bfd,2026-09-25T10:46:54,tamzeed,master,asian_arith,call,exact,antithetic,{},4096,252,1,1373943722,LAPTOP-G689CP2J_AMD64,3.085136610438652,0.08109805702272904,2.926187339457927,3.2440858814193767,,,0.025832899962551892,"{""pairs"": 2048, ""rho_pair"": -0.26162637934319405}"
c029523520ab,2026-09-25T10:46:54,tamzeed,master,paper_asian_geo,call,exact,antithetic,{},4096,252,1,2781091383,LAPTOP-G689CP2J_AMD64,3.0180429403501647,0.07889050537865054,2.8634203910858465,3.172665489614483,3.000200360178781,0.017842580171383737,0.029407700058072805,"{""pairs"": 2048, ""rho_pair"": -0.2633143287142248}"
bdbf560deefe,2026-09-25T10:46:54,tamzeed,master,paper_barrier,call,exact,control_variate,{},4096,252,1,331107639,LAPTOP-G689CP2J_AMD64,7.086997573666449,0.005262130552998665,7.0766839873006235,7.097311160032274,7.1055282627933245,0.01853068912687572,0.035246600047685206,"{""control"": ""european_terminal"", ""control_mean"": 7.1280646692617395, ""b_hat"": 1.000721557924475, ""rho"": 0.9996612018962385, ""pilot_rho"": 0.9995968013847261, ""pilot_paths"": 410, ""total_paths_simulated"": 4506, ""plain_std_error"": 0.20214498675690679, ""observed_vrf"": 1475.7157519615164, ""theoretical_vrf"": 1476.0552326716634}"
e9e314a7cfd0,2026-09-25T10:46:54,tamzeed,master,paper_barrier,call,exact,antithetic,{},4096,252,1,4219750257,LAPTOP-G689CP2J_AMD64,7.321783353962797,0.16167485993223385,7.0049064512900605,7.638660256635533,7.1055282627933245,0.21625509116947228,0.02234399993903935,"{""pairs"": 2048, ""rho_pair"": -0.3337818376493717}"
4886b9cba34e,2026-09-25T10:46:54,tamzeed,master,paper_barrier,call,exact,rqmc,{},4096,252,1,3752042797,LAPTOP-G689CP2J_AMD64,7.093050322267162,nan,nan,nan,7.1055282627933245,0.012477940526162357,0.07555469998624176,"{""construction"": ""bridge"", ""sobol_dim"": 252, ""naive_iid_se"": 0.1960700668566799, ""se_valid"": false}"
64ff66a05cd8,2026-09-25T10:46:54,tamzeed,master,paper_barrier,call,exact,plain,{},4096,252,1,483540142,LAPTOP-G689CP2J_AMD64,7.008404091793744,0.19172545710125308,6.632629100955809,7.384179082631679,7.1055282627933245,0.0971241709995807,0.026482900022529066,
114cbd029fee,2026-09-25T10:46:54,tamzeed,master,deep_barrier,call,exact,antithetic,{},4096,252,1,875824518,LAPTOP-G689CP2J_AMD64,3.538218502629215,0.17710405985397884,3.19110092379959,3.8853360814588394,3.545320563728301,0.007102061099086399,0.02112629998009652,"{""pairs"": 2048, ""rho_pair"": -0.0888362406680593}"
9a61ebf58ef3,2026-09-25T10:46:54,tamzeed,master,deep_barrier,call,exact,plain,{},16384,252,1,1297160767,LAPTOP-G689CP2J_AMD64,3.20350336654941,0.08698556769062792,3.0330147867010084,3.3739919463978114,3.545320563728301,0.34181719717889125,0.11424889997579157,
ef98f50e6511,2026-09-25T10:46:54,tamzeed,master,asian_arith,call,exact,antithetic,{},16384,252,1,3902425567,LAPTOP-G689CP2J_AMD64,3.1453670523514403,0.04176905086705426,3.0635012169835925,3.227232887719288,,,0.17990490002557635,"{""pairs"": 8192, ""rho_pair"": -0.25712561725937844}"
41ed1a849fd4,2026-09-25T10:46:55,tamzeed,master,deep_barrier,call,exact,rqmc,{},16384,252,1,17075938,LAPTOP-G689CP2J_AMD64,3.382235188867438,nan,nan,nan,3.545320563728301,0.16308537486086339,0.38658860011491925,"{""construction"": ""bridge"", ""sobol_dim"": 252, ""naive_iid_se"": 0.08992762777453418, ""se_valid"": false}"
ca7141585ac7,2026-09-25T10:46:55,tamzeed,master,asian_arith,call,exact,rqmc,{},16384,252,1,1229759766,LAPTOP-G689CP2J_AMD64,3.164211316337861,nan,nan,nan,,,0.37052210001274943,"{""construction"": ""bridge"", ""sobol_dim"": 252, ""naive_iid_se"": 0.047974396463212984, ""se_valid"": false}"
4f9d84077073,2026-09-25T10:46:56,tamzeed,master,paper_barrier,call,exact,rqmc,{},16384,252,1,1015411415,LAPTOP-G689CP2J_AMD64,7.093025321694014,nan,nan,nan,7.1055282627933245,0.012502941099310938,0.41622850007843226,"{""construction"": ""bridge"", ""sobol_dim"": 252, ""naive_iid_se"": 0.09800490552876102, ""se_valid"": false}"
29684c64aa05,2026-09-25T10:46:56,tamzeed,master,paper_barrier,call,exact,control_variate,{},16384,252,1,2356352046,LAPTOP-G689CP2J_AMD64,7.096809260732144,0.0024067531449933227,7.092092111248278,7.101526410216009,7.1055282627933245,0.008719002061180703,0.15233079995959997,"{""control"": ""european_terminal"", ""control_mean"": 7.1280646692617395, ""b_hat"": 1.0006986272600955, ""rho"": 0.999695551089469, ""pilot_rho"": 0.9997438719694547, ""pilot_paths"": 1639, ""total_paths_simulated"": 18023, ""plain_std_error"": 0.09754099113797103, ""observed_vrf"": 1642.5221410033175, ""theoretical_vrf"": 1642.5617123847417}"
620a97f7a76d,2026-09-25T10:46:56,tamzeed,master,deep_barrier,call,exact,importance,{},16384,252,1,1356340669,LAPTOP-G689CP2J_AMD64,3.342348888266135,0.02858674932314309,3.2863198891577,3.3983778873745702,3.545320563728301,0.202971675462166,0.2216859000036493,"{""theta"": 1.6323611831060643, ""theta0"": 1.6323611831060643, ""ESS"": 1173.0750805815903, ""ESS_frac"": 0.0715988208362787, ""max_weight"": 190.95925722625148, ""max_weight_share"": 0.011508086759072021, ""mean_weight"": 1.0127859083961273, ""hit_rate_proposal"": 0.58935546875, ""pilot_paths"": 10000, ""total_paths_simulated"": 26384, ""theta_grid"": [[0.0, 141.23160220365764], [0.40809029577651607, 66.47546002351424], [0.8161805915530321, 38.65248264799706], [1.2242708873295483, 27.61180393618989], [1.6323611831060643, 24.140697279872843], [2.0404514788825803, 25.76634511645092], [2.4485417746590965, 33.523573762717604]]}"
8962e441f7fb,2026-09-25T10:46:56,tamzeed,master,asian_arith,call,exact,control_variate,{},16384,252,1,2644267722,LAPTOP-G689CP2J_AMD64,3.1651211148204617,0.001575208928760663,3.1620337620519647,3.1682084675889586,,,0.36097709997557104,"{""control"": ""geometric_asian"", ""control_mean"": 3.000200360178781, ""b_hat"": 1.048091978055275, ""rho"": 0.999453704858353, ""pilot_rho"": 0.9995303573529456, ""pilot_paths"": 1639, ""total_paths_simulated"": 18023, ""plain_std_error"": 0.04763690590327241, ""observed_vrf"": 914.5569647843147, ""theoretical_vrf"": 915.5062400749371}"
055d087e2b7a,2026-09-25T10:46:56,tamzeed,master,asian_arith,call,exact,plain,{},16384,252,1,2991744789,LAPTOP-G689CP2J_AMD64,3.243269652066232,0.048526217234401064,3.148160013980839,3.3383792901516247,,,0.1607316000154242,
648c0fd5ab36,2026-09-25T10:46:57,tamzeed,master,deep_barrier,call,exact,antithetic,{},16384,252,1,780459934,LAPTOP-G689CP2J_AMD64,3.3005332714178452,0.08498990102621008,3.13395612635685,3.4671104164788407,3.545320563728301,0.24478729231045593,0.13083310006186366,"{""pairs"": 8192, ""rho_pair"": -0.08432055017241363}"
e5831eb72eb2,2026-09-25T10:46:57,tamzeed,master,paper_asian_geo,call,exact,antithetic,{},16384,252,1,2667037734,LAPTOP-G689CP2J_AMD64,3.0759144240104566,0.038886603607208615,2.9996980814592424,3.1521307665616707,3.000200360178781,0.07571406383167556,0.17056889995001256,"{""pairs"": 8192, ""rho_pair"": -0.27635861475780543}"
1ad6c1e86ed4,2026-09-25T10:46:57,tamzeed,master,paper_asian_geo,call,exact,rqmc,{},16384,252,1,2229383214,LAPTOP-G689CP2J_AMD64,3.002106304856123,nan,nan,nan,3.000200360178781,0.001905944677341953,0.3507916999515146,"{""construction"": ""bridge"", ""sobol_dim"": 252, ""naive_iid_se"": 0.0458458862329388, ""se_valid"": false}"
38ab1310ffb3,2026-09-25T10:46:57,tamzeed,master,paper_asian_geo,call,exact,plain,{},16384,252,1,1867243055,LAPTOP-G689CP2J_AMD64,3.034640459856017,0.046344053043659864,2.9438077849928295,3.125473134719204,3.000200360178781,0.034440099677235825,0.15162169991526753,
17c5f574a5cc,2026-09-25T10:46:57,tamzeed,master,paper_barrier,call,exact,importance,{},16384,252,1,3982247332,LAPTOP-G689CP2J_AMD64,7.087898107936626,0.04586602334821381,6.998002354060054,7.177793861813198,7.1055282627933245,0.01763015485669861,0.18468170007690787,"{""theta"": 0.6858575284033614, ""theta0"": 0.45723835226890763, ""ESS"": 10325.885332295762, ""ESS_frac"": 0.630242024676255, ""max_weight"": 9.810807878037053, ""max_weight_share"": 0.0005996008540656619, ""mean_weight"": 0.998671345636789, ""hit_rate_proposal"": 0.67132568359375, ""pilot_paths"": 10000, ""total_paths_simulated"": 26384, ""theta_grid"": [[0.0, 211.55554340259565], [0.11430958806722691, 174.06498129636785], [0.22861917613445382, 145.92192826536126], [0.3429287642016807, 124.61241579591143], [0.45723835226890763, 108.37881046155952], [0.5715479403361345, 95.98028017070739], [0.6858575284033614, 86.53430489021635]]}"
137d8400ae46,2026-09-25T10:46:58,tamzeed,master,paper_barrier,call,exact,antithetic,{},16384,252,1,3436818435,LAPTOP-G689CP2J_AMD64,7.034905868820033,0.08007663683379322,6.877958544622705,7.191853193017361,7.1055282627933245,0.07062239397329151,0.09771969995927066,"{""pairs"": 8192, ""rho_pair"": -0.3204022935122676}"
139208131ed1,2026-09-25T10:46:58,tamzeed,master,deep_barrier,call,exact,control_variate,{},16384,252,1,3265904830,LAPTOP-G689CP2J_AMD64,3.3855922321302625,0.05001542475069827,3.287563800947421,3.483620663313104,3.545320563728301,0.15972833159803868,0.13416660006623715,"{""control"": ""european_terminal"", ""control_mean"": 7.1280646692617395, ""b_hat"": 0.7751225306240229, ""rho"": 0.830054259943532, ""pilot_rho"": 0.8407271777359784, ""pilot_paths"": 1639, ""total_paths_simulated"": 18023, ""plain_std_error"": 0.08965616123215596, ""observed_vrf"": 3.213308013945395, ""theoretical_vrf"": 3.2153314664567976}"
577a04bf9bd4,2026-09-25T10:46:58,tamzeed,master,paper_barrier,call,exact,plain,{},16384,252,1,530710274,LAPTOP-G689CP2J_AMD64,7.099924281264057,0.09822229748865005,6.907412115707524,7.29243644682059,7.1055282627933245,0.005603981529267443,0.11470559996087104,
a4cecb28a6f2,2026-09-25T10:46:58,tamzeed,master,paper_barrier,call,exact,plain,{},65536,252,1,3517704540,LAPTOP-G689CP2J_AMD64,7.01702298823621,0.04848663888330308,6.921990922293537,7.112055054178883,7.1055282627933245,0.08850527455711443,0.5114190999884158,
0a3e29db6e89,2026-09-25T10:46:59,tamzeed,master,deep_barrier,call,exact,antithetic,{},65536,252,1,2826456629,LAPTOP-G689CP2J_AMD64,3.3082253405233937,0.04280803431951092,3.2243231350081976,3.39212754603859,3.545320563728301,0.2370952232049075,0.39971649996005,"{""pairs"": 32768, ""rho_pair"": -0.08350478988165326}"
f86c996e7866,2026-09-25T10:47:00,tamzeed,master,paper_barrier,call,exact,rqmc,{},65536,252,1,3670864530,LAPTOP-G689CP2J_AMD64,7.093349128457009,nan,nan,nan,7.1055282627933245,0.012179134336315123,1.0864968000678346,"{""construction"": ""bridge"", ""sobol_dim"": 252, ""naive_iid_se"": 0.049011753075138685, ""se_valid"": false}"
24e3e97584d1,2026-09-25T10:47:00,tamzeed,master,asian_arith,call,exact,plain,{},65536,252,1,3522190706,LAPTOP-G689CP2J_AMD64,3.115676014019775,0.023725792033160987,3.0691743161300917,3.162177711909458,,,0.49825880001299083,
85cb0d4086ce,2026-09-25T10:47:01,tamzeed,master,asian_arith,call,exact,control_variate,{},65536,252,1,2397599740,LAPTOP-G689CP2J_AMD64,3.162396660584687,0.0007714865853384829,3.1608845746628678,3.1639087465065066,,,0.6006195000372827,"{""control"": ""geometric_asian"", ""control_mean"": 3.000200360178781, ""b_hat"": 1.0443350984161592, ""rho"": 0.9994879381658234, ""pilot_rho"": 0.9994544822976754, ""pilot_paths"": 6554, ""total_paths_simulated"": 72090, ""plain_std_error"": 0.02409077726416512, ""observed_vrf"": 975.0903685850226, ""theoretical_vrf"": 976.6946389336218}"
c1b371ff5de3,2026-09-25T10:47:01,tamzeed,master,deep_barrier,call,exact,plain,{},65536,252,1,1618970798,LAPTOP-G689CP2J_AMD64,3.347862722400845,0.04488430842772534,3.2598910944115156,3.4358343503901745,3.545320563728301,0.19745784132745614,0.50452449999284,
2fdf1e90f137,2026-09-25T10:47:02,tamzeed,master,deep_barrier,call,exact,control_variate,{},65536,252,1,2970350381,LAPTOP-G689CP2J_AMD64,3.3724893908784312,0.02485689429975309,3.323770773283396,3.4212080084734664,3.545320563728301,0.17283117284986993,0.7626666000578552,"{""control"": ""european_terminal"", ""control_mean"": 7.1280646692617395, ""b_hat"": 0.756867369677267, ""rho"": 0.8294585262868206, ""pilot_rho"": 0.8271166939175135, ""pilot_paths"": 6554, ""total_paths_simulated"": 72090, ""plain_std_error"": 0.044499796503932924, ""observed_vrf"": 3.2049578247600605, ""theoretical_vrf"": 3.205143068259098}"
b3e3de18c04c,2026-09-25T10:47:03,tamzeed,master,paper_asian_geo,call,exact,plain,{},65536,252,1,3770021948,LAPTOP-G689CP2J_AMD64,2.9748633458033082,0.02274140354875015,2.9302910138898666,3.01943567771675,3.000200360178781,0.025337014375472755,0.8762519999872893,
e474997f4ca4,2026-09-25T10:47:05,tamzeed,master,paper_asian_geo,call,exact,rqmc,{},65536,252,1,2981976919,LAPTOP-G689CP2J_AMD64,3.000480013822249,nan,nan,nan,3.000200360178781,0.00027965364346815846,1.4652866999385878,"{""construction"": ""bridge"", ""sobol_dim"": 252, ""naive_iid_se"": 0.022925443202102956, ""se_valid"": false}"
6b34d1a88f46,2026-09-25T10:47:05,tamzeed,master,paper_barrier,call,exact,control_variate,{},65536,252,1,3074138188,LAPTOP-G689CP2J_AMD64,7.093557101350996,0.0012607997373027776,7.0910859792741645,7.096028223427827,7.1055282627933245,0.011971161442328793,0.5242578000761569,"{""control"": ""european_terminal"", ""control_mean"": 7.1280646692617395, ""b_hat"": 1.0008672503350966, ""rho"": 0.9996613747978349, ""pilot_rho"": 0.9996603539598581, ""pilot_paths"": 6554, ""total_paths_simulated"": 72090, ""plain_std_error"": 0.04845158268132979, ""observed_vrf"": 1476.8069127586048, ""theoretical_vrf"": 1476.8087768981995}"
28efe1de500f,2026-09-25T10:47:06,tamzeed,master,paper_barrier,call,exact,antithetic,{},65536,252,1,1550594447,LAPTOP-G689CP2J_AMD64,7.0916651429948105,0.04072915427207442,7.011837467500769,7.1714928184888524,7.1055282627933245,0.013863119798513956,0.4212499000132084,"{""pairs"": 32768, ""rho_pair"": -0.3162939937313594}"
8e01ea4e44a8,2026-09-25T10:47:07,tamzeed,master,deep_barrier,call,exact,rqmc,{},65536,252,1,2807640751,LAPTOP-G689CP2J_AMD64,3.3951074855890266,nan,nan,nan,3.545320563728301,0.15021307813927454,1.1853736999910325,"{""construction"": ""bridge"", ""sobol_dim"": 252, ""naive_iid_se"": 0.04500320777534817, ""se_valid"": false}"
268c8fc41562,2026-09-25T10:47:07,tamzeed,master,deep_barrier,call,exact,importance,{},65536,252,1,105446498,LAPTOP-G689CP2J_AMD64,3.3794096276258143,0.014403977667216185,3.351178350163951,3.4076409050876775,3.545320563728301,0.16591093610248686,0.6660148000810295,"{""theta"": 1.6323611831060643, ""theta0"": 1.6323611831060643, ""ESS"": 3640.8126152596083, ""ESS_frac"": 0.05555439171233533, ""max_weight"": 459.31969172624923, ""max_weight_share"": 0.00688250873655477, ""mean_weight"": 1.0183295883198171, ""hit_rate_proposal"": 0.5921783447265625, ""pilot_paths"": 10000, ""total_paths_simulated"": 75536, ""theta_grid"": [[0.0, 145.0951932149174], [0.40809029577651607, 68.7089196780597], [0.8161805915530321, 40.202555313523], [1.2242708873295483, 28.900792800115823], [1.6323611831060643, 25.422220354786386], [2.0404514788825803, 27.28767843004653], [2.4485417746590965, 35.679052495864845]]}"
d5e4f1bf0be5,2026-09-25T10:47:08,tamzeed,master,asian_arith,call,exact,rqmc,{},65536,252,1,1547256869,LAPTOP-G689CP2J_AMD64,3.1631735875460993,nan,nan,nan,,,1.0307920000050217,"{""construction"": ""bridge"", ""sobol_dim"": 252, ""naive_iid_se"": 0.023994986801424412, ""se_valid"": false}"
1ada4610795f,2026-09-25T10:47:09,tamzeed,master,paper_barrier,call,exact,importance,{},65536,252,1,524026925,LAPTOP-G689CP2J_AMD64,7.081855037212807,0.022874017893868483,7.0370227859591,7.126687288466514,7.1055282627933245,0.023673225580517432,0.4951888000359759,"{""theta"": 0.6858575284033614, ""theta0"": 0.45723835226890763, ""ESS"": 40785.60209114054, ""ESS_frac"": 0.6223388990957724, ""max_weight"": 13.527735501433208, ""max_weight_share"": 0.0002053465830024988, ""mean_weight"": 1.0052120638752005, ""hit_rate_proposal"": 0.6710968017578125, ""pilot_paths"": 10000, ""total_paths_simulated"": 75536, ""theta_grid"": [[0.0, 204.82153350940197], [0.11430958806722691, 168.80968400311986], [0.22861917613445382, 141.71144338450736], [0.3429287642016807, 121.15010156895616], [0.45723835226890763, 105.4581433558726], [0.5715479403361345, 93.45465568898814], [0.6858575284033614, 84.2974057961536]]}"
e68c7854da6c,2026-09-25T10:47:09,tamzeed,master,asian_arith,call,exact,antithetic,{},65536,252,1,3880899674,LAPTOP-G689CP2J_AMD64,3.1976577037505947,0.020691173198807488,3.1571037494830514,3.238211658018138,,,0.4312616999959573,"{""pairs"": 32768, ""rho_pair"": -0.2670984164693938}"
5ac14f0c2a81,2026-09-25T10:47:10,tamzeed,master,paper_asian_geo,call,exact,antithetic,{},65536,252,1,3758491001,LAPTOP-G689CP2J_AMD64,2.970895487065752,0.019656931806076437,2.932368608679282,3.0094223654522216,3.000200360178781,0.029304873113029206,0.5710986000485718,"{""pairs"": 32768, ""rho_pair"": -0.2584817457717697}"
7e4ff5624dd7,2026-09-25T10:47:10,tamzeed,master,asian_arith,call,exact,plain,{},256,252,2,2721884422,LAPTOP-G689CP2J_AMD64,3.192117713777253,0.37989636547678485,2.447534519585089,3.936700907969417,,,0.0025001000612974167,
01ea6fd2f5b5,2026-09-25T10:47:10,tamzeed,master,paper_barrier,call,exact,importance,{},256,252,2,313012505,LAPTOP-G689CP2J_AMD64,6.969785558602972,0.36478737796610444,6.254815435774607,7.684755681431336,7.1055282627933245,0.13574270419035273,0.07060410000849515,"{""theta"": 0.6858575284033614, ""theta0"": 0.45723835226890763, ""ESS"": 163.47741935013693, ""ESS_frac"": 0.6385836693364724, ""max_weight"": 6.934344699578557, ""max_weight_share"": 0.027553061675176044, ""mean_weight"": 0.9830952473471597, ""hit_rate_proposal"": 0.6796875, ""pilot_paths"": 10000, ""total_paths_simulated"": 10256, ""theta_grid"": [[0.0, 206.3475699692559], [0.11430958806722691, 170.04915208709937], [0.22861917613445382, 142.7415408218668], [0.3429287642016807, 122.02622202823709], [0.45723835226890763, 106.22067745283837], [0.5715479403361345, 94.13363775254676], [0.6858575284033614, 84.91571303967613]]}"
59c099539a84,2026-09-25T10:47:10,tamzeed,master,paper_barrier,call,exact,plain,{},256,252,2,3284012612,LAPTOP-G689CP2J_AMD64,7.218739716815762,0.8791952801204745,5.495548632402027,8.941930801229496,7.1055282627933245,0.11321145402243715,0.0018786999862641096,
b3b1b7ea6c57,2026-09-25T10:47:10,tamzeed,master,paper_asian_geo,call,exact,rqmc,{},256,252,2,4086758325,LAPTOP-G689CP2J_AMD64,2.977275601111635,nan,nan,nan,3.000200360178781,0.022924759067146194,0.019671599962748587,"{""construction"": ""bridge"", ""sobol_dim"": 252, ""naive_iid_se"": 0.36438772872342323, ""se_valid"": false}"
d88f1601f48c,2026-09-25T10:47:10,tamzeed,master,asian_arith,call,exact,rqmc,{},256,252,2,4025907522,LAPTOP-G689CP2J_AMD64,3.1350884468363205,nan,nan,nan,,,0.015433499938808382,"{""construction"": ""bridge"", ""sobol_dim"": 252, ""naive_iid_se"": 0.3856366502021166, ""se_valid"": false}"
b0317414a43b,2026-09-25T10:47:10,tamzeed,master,deep_barrier,call,exact,control_variate,{},256,252,2,3217231812,LAPTOP-G689CP2J_AMD64,3.664748252219112,0.4251456965437306,2.8314779988112053,4.498018505627019,3.545320563728301,0.11942768849081098,0.0030042000580579042,"{""control"": ""european_terminal"", ""control_mean"": 7.1280646692617395, ""b_hat"": 0.7289071595630503, ""rho"": 0.8884655661126714, ""pilot_rho"": 0.8046397732479558, ""pilot_paths"": 256, ""total_paths_simulated"": 512, ""plain_std_error"": 0.8859336556356039, ""observed_vrf"": 4.342370003899171, ""theoretical_vrf"": 4.747685718270973}"
6f8f5f17ded1,2026-09-25T10:47:10,tamzeed,master,paper_asian_geo,call,exact,antithetic,{},256,252,2,1638768363,LAPTOP-G689CP2J_AMD64,2.588869783840527,0.25481124492119617,2.0894489209391676,3.0882906467418865,3.000200360178781,0.411330576338254,0.0015024999156594276,"{""pairs"": 128, ""rho_pair"": -0.288836414662455}"
8bfb4f24ae4d,2026-09-25T10:47:10,tamzeed,master,asian_arith,call,exact,control_variate,{},256,252,2,1656752124,LAPTOP-G689CP2J_AMD64,3.1653368940488464,0.011563937867196445,3.1426719923096824,3.1880017957880105,,,0.0039545000763610005,"{""control"": ""geometric_asian"", ""control_mean"": 3.000200360178781, ""b_hat"": 1.0436247043135416, ""rho"": 0.9995706732062842, ""pilot_rho"": 0.9995005378704536, ""pilot_paths"": 256, ""total_paths_simulated"": 512, ""plain_std_error"": 0.39404598618779085, ""observed_vrf"": 1161.1339329338812, ""theoretical_vrf"": 1164.8640664031782}"
7c05ba4b8b3e,2026-09-25T10:47:10,tamzeed,master,paper_barrier,call,exact,rqmc,{},256,252,2,3763555209,LAPTOP-G689CP2J_AMD64,7.060821946294506,nan,nan,nan,7.1055282627933245,0.04470631649881884,0.011281199986115098,"{""construction"": ""bridge"", ""sobol_dim"": 252, ""naive_iid_se"": 0.7750029669296074, ""se_valid"": false}"
8a35d1ccd3d9,2026-09-25T10:47:10,tamzeed,master,paper_barrier,call,exact,control_variate,{},256,252,2,3605282771,LAPTOP-G689CP2J_AMD64,7.0879458330796,0.024309731005113813,7.04029963583572,7.1355920303234806,7.1055282627933245,0.017582429713724146,0.004356099991127849,"{""control"": ""european_terminal"", ""control_mean"": 7.1280646692617395, ""b_hat"": 1.0004692935916362, ""rho"": 0.9996772965706544, ""pilot_rho"": 0.9999518962276704, ""pilot_paths"": 256, ""total_paths_simulated"": 512, ""plain_std_error"": 0.9569244477263893, ""observed_vrf"": 1549.5121780524773, ""theoretical_vrf"": 1549.6602868172574}"
b4a76b86fefb,2026-09-25T10:47:10,tamzeed,master,deep_barrier,call,exact,plain,{},256,252,2,2137582780,LAPTOP-G689CP2J_AMD64,3.2077185330021116,0.76400785927018,1.7102906449270128,4.7051464210772105,3.545320563728301,0.33760203072618955,0.0015338999219238758,
44025c8135d3,2026-09-25T10:47:10,tamzeed,master,deep_barrier,call,exact,rqmc,{},256,252,2,3837705851,LAPTOP-G689CP2J_AMD64,3.4244254973362676,nan,nan,nan,3.545320563728301,0.12089506639203362,0.012486900086514652,"{""construction"": ""bridge"", ""sobol_dim"": 252, ""naive_iid_se"": 0.7407656631091223, ""se_valid"": false}"
eda5d2bfa506,2026-09-25T10:47:10,tamzeed,master,asian_arith,call,exact,antithetic,{},256,252,2,1249088816,LAPTOP-G689CP2J_AMD64,2.888427042537005,0.3162342302922484,2.268619340485453,3.5082347445885573,,,0.002204200020059943,"{""pairs"": 128, ""rho_pair"": -0.2410779671483452}"
3f8cfaf9e5c3,2026-09-25T10:47:10,tamzeed,master,deep_barrier,call,exact,antithetic,{},256,252,2,3377983041,LAPTOP-G689CP2J_AMD64,2.908089387736913,0.6222408691796057,1.6885196944359866,4.12765908103784,3.545320563728301,0.637231175991388,0.002080500009469688,"{""pairs"": 128, ""rho_pair"": -0.0801229913236536}"
715a4200f8c5,2026-09-25T10:47:10,tamzeed,master,deep_barrier,call,exact,importance,{},256,252,2,1279497526,LAPTOP-G689CP2J_AMD64,3.383949750785301,0.22613753956611046,2.940728317683223,3.827171183887379,3.545320563728301,0.16137081294300026,0.0625315000070259,"{""theta"": 1.6323611831060643, ""theta0"": 1.6323611831060643, ""ESS"": 35.25222649996133, ""ESS_frac"": 0.13770400976547395, ""max_weight"": 27.7538672222255, ""max_weight_share"": 0.12846375412842082, ""mean_weight"": 0.8439232106547427, ""hit_rate_proposal"": 0.57421875, ""pilot_paths"": 10000, ""total_paths_simulated"": 10256, ""theta_grid"": [[0.0, 144.36079698024014], [0.40809029577651607, 67.91553170583155], [0.8161805915530321, 39.463193625775574], [1.2242708873295483, 28.17197450357079], [1.6323611831060643, 24.614801795377588], [2.0404514788825803, 26.254634908273704], [2.4485417746590965, 34.12996309877552]]}"
fb8f5a3dad10,2026-09-25T10:47:10,tamzeed,master,paper_barrier,call,exact,antithetic,{},256,252,2,2773921518,LAPTOP-G689CP2J_AMD64,6.8048928063005825,0.5656320075074385,5.696274443082913,7.913511169518252,7.1055282627933245,0.30063545649274204,0.0017379999626427889,"{""pairs"": 128, ""rho_pair"": -0.35707625011947436}"
1b2519fc48f2,2026-09-25T10:47:10,tamzeed,master,paper_asian_geo,call,exact,plain,{},256,252,2,3097026699,LAPTOP-G689CP2J_AMD64,2.4347204265230733,0.2919123994705831,1.8625826369200613,3.0068582161260853,3.000200360178781,0.5654799336557077,0.0020880999509245157,
4c184a2f6a0e,2026-09-25T10:47:10,tamzeed,master,paper_barrier,call,exact,antithetic,{},1024,252,2,2895004269,LAPTOP-G689CP2J_AMD64,7.200949414177819,0.3165029444670139,6.5806150420215905,7.821283786334047,7.1055282627933245,0.09542115138449425,0.0071588000282645226,"{""pairs"": 512, ""rho_pair"": -0.33696404376289907}"
738906471ae3,2026-09-25T10:47:10,tamzeed,master,asian_arith,call,exact,antithetic,{},1024,252,2,4255922625,LAPTOP-G689CP2J_AMD64,3.2183825628180935,0.1605408278619474,2.903728322160432,3.533036803475755,,,0.005601999931968749,"{""pairs"": 512, ""rho_pair"": -0.28230258872200487}"
1c4255ba6670,2026-09-25T10:47:10,tamzeed,master,deep_barrier,call,exact,antithetic,{},1024,252,2,1434254860,LAPTOP-G689CP2J_AMD64,3.8947825041767272,0.36272550562168104,3.1838535768841516,4.605711431469303,3.545320563728301,0.34946194044842604,0.0063668000511825085,"{""pairs"": 512, ""rho_pair"": -0.10070618917917283}"
c49f455ebc70,2026-09-25T10:47:10,tamzeed,master,deep_barrier,call,exact,rqmc,{},1024,252,2,3069050409,LAPTOP-G689CP2J_AMD64,3.4326876598603864,nan,nan,nan,3.545320563728301,0.1126329038679148,0.021872500074096024,"{""construction"": ""bridge"", ""sobol_dim"": 252, ""naive_iid_se"": 0.35976048681169087, ""se_valid"": false}"
fe67c794c2ab,2026-09-25T10:47:10,tamzeed,master,paper_asian_geo,call,exact,antithetic,{},1024,252,2,1918081794,LAPTOP-G689CP2J_AMD64,2.9765902597145173,0.16451951303085646,2.6541379394199707,3.299042580009064,3.000200360178781,0.023610100464263706,0.006930700037628412,"{""pairs"": 512, ""rho_pair"": -0.24268850739041725}"
edf2cbb97ca2,2026-09-25T10:47:10,tamzeed,master,paper_barrier,call,exact,importance,{},1024,252,2,2163594633,LAPTOP-G689CP2J_AMD64,7.163873386348916,0.1827264749469856,6.805736076430864,7.522010696266968,7.1055282627933245,0.05834512355559163,0.10534049989655614,"{""theta"": 0.6858575284033614, ""theta0"": 0.45723835226890763, ""ESS"": 670.2364497412507, ""ESS_frac"": 0.6545277829504401, ""max_weight"": 5.472297510579003, ""max_weight_share"": 0.005444982717803211, ""mean_weight"": 0.9814614324121991, ""hit_rate_proposal"": 0.6806640625, ""pilot_paths"": 10000, ""total_paths_simulated"": 11024, ""theta_grid"": [[0.0, 212.9587253573848], [0.11430958806722691, 174.82005979752606], [0.22861917613445382, 146.24152681976693], [0.3429287642016807, 124.63797083087279], [0.45723835226890763, 108.20443868005225], [0.5715479403361345, 95.66846993587843], [0.6858575284033614, 86.12625800203628]]}"
f9769fe7b075,2026-09-25T10:47:10,tamzeed,master,deep_barrier,call,exact,importance,{},1024,252,2,969873821,LAPTOP-G689CP2J_AMD64,3.6395394976281765,0.1181441129543759,3.4079812912521676,3.8710977040041854,3.545320563728301,0.09421893389987535,0.07709410006646067,"{""theta"": 1.6323611831060643, ""theta0"": 1.6323611831060643, ""ESS"": 77.90520843137865, ""ESS_frac"": 0.07607930510876822, ""max_weight"": 69.3148560226361, ""max_weight_share"": 0.06653860688740597, ""mean_weight"": 1.0173084807613786, ""hit_rate_proposal"": 0.6201171875, ""pilot_paths"": 10000, ""total_paths_simulated"": 11024, ""theta_grid"": [[0.0, 145.62052312146682], [0.40809029577651607, 68.84038833544471], [0.8161805915530321, 40.15270112426637], [1.2242708873295483, 28.729065411971487], [1.6323611831060643, 25.10780615915563], [2.0404514788825803, 26.722222731802788], [2.4485417746590965, 34.56673292699682]]}"
e5276ffd046f,2026-09-25T10:47:10,tamzeed,master,asian_arith,call,exact,rqmc,{},1024,252,2,3689701742,LAPTOP-G689CP2J_AMD64,3.150758681576164,nan,nan,nan,,,0.025162700098007917,"{""construction"": ""bridge"", ""sobol_dim"": 252, ""naive_iid_se"": 0.19242885305219706, ""se_valid"": false}"
208f0c00329a,2026-09-25T10:47:10,tamzeed,master,paper_asian_geo,call,exact,plain,{},1024,252,2,898157301,LAPTOP-G689CP2J_AMD64,3.2993426677337574,0.18434532127039585,2.938032477325316,3.660652858142199,3.000200360178781,0.2991423075549764,0.008592900005169213,
729c04f34642,2026-09-25T10:47:10,tamzeed,master,paper_barrier,call,exact,rqmc,{},1024,252,2,2922854569,LAPTOP-G689CP2J_AMD64,7.087022428153233,nan,nan,nan,7.1055282627933245,0.01850583464009148,0.02151120000053197,"{""construction"": ""bridge"", ""sobol_dim"": 252, ""naive_iid_se"": 0.3916581456535576, ""se_valid"": false}"
5dfe4d4bebc8,2026-09-25T10:47:10,tamzeed,master,deep_barrier,call,exact,control_variate,{},1024,252,2,1522293822,LAPTOP-G689CP2J_AMD64,3.3571330731966142,0.211932466511811,2.9417530716787237,3.772513074714505,3.545320563728301,0.18818749053168693,0.010759300086647272,"{""control"": ""european_terminal"", ""control_mean"": 7.1280646692617395, ""b_hat"": 0.6765895402435009, ""rho"": 0.8183309183879903, ""pilot_rho"": 0.780064275279052, ""pilot_paths"": 256, ""total_paths_simulated"": 1280, ""plain_std_error"": 0.36554829434720165, ""observed_vrf"": 2.9750518458121227, ""theoretical_vrf"": 3.0272344419097608}"
ee1359f617f3,2026-09-25T10:47:11,tamzeed,master,asian_arith,call,exact,plain,{},1024,252,2,1503801034,LAPTOP-G689CP2J_AMD64,3.2424644522388495,0.1924860306092632,2.8651987647176194,3.6197301397600796,,,0.005695900064893067,
c9199af08adf,2026-09-25T10:47:11,tamzeed,master,paper_barrier,call,exact,plain,{},1024,252,2,1580377675,LAPTOP-G689CP2J_AMD64,7.322647707474539,0.39524224842945094,6.547987135384183,8.097308279564896,7.1055282627933245,0.2171194446812148,0.006975600030273199,
b5a811b6ff7a,2026-09-25T10:47:11,tamzeed,master,asian_arith,call,exact,control_variate,{},1024,252,2,3699635899,LAPTOP-G689CP2J_AMD64,3.1570429539040012,0.005736525099426105,3.145799571312716,3.1682863364952865,,,0.011116000008769333,"{""control"": ""geometric_asian"", ""control_mean"": 3.000200360178781, ""b_hat"": 1.0425185371550318, ""rho"": 0.9995062278885561, ""pilot_rho"": 0.9994018252649417, ""pilot_paths"": 256, ""total_paths_simulated"": 1280, ""plain_std_error"": 0.18224954426025725, ""observed_vrf"": 1009.3344712033015, ""theoretical_vrf"": 1012.8629420752675}"
42f113d5874b,2026-09-25T10:47:11,tamzeed,master,deep_barrier,call,exact,plain,{},1024,252,2,2509253448,LAPTOP-G689CP2J_AMD64,3.3763259007097792,0.3714061424284292,2.6483832379131043,4.104268563506454,3.545320563728301,0.16899466301852195,0.010669899987988174,
f151dc455b0f,2026-09-25T10:47:11,tamzeed,master,paper_asian_geo,call,exact,rqmc,{},1024,252,2,1986584001,LAPTOP-G689CP2J_AMD64,2.98381833477778,nan,nan,nan,3.000200360178781,0.016382025401000977,0.02719190006610006,"{""construction"": ""bridge"", ""sobol_dim"": 252, ""naive_iid_se"": 0.18424159681179106, ""se_valid"": false}"
06696019cc66,2026-09-25T10:47:11,tamzeed,master,paper_barrier,call,exact,control_variate,{},1024,252,2,3017515061,LAPTOP-G689CP2J_AMD64,7.084724648329276,0.0115582563482489,7.062070882162627,7.107378414495925,7.1055282627933245,0.020803614464048437,0.007582399994134903,"{""control"": ""european_terminal"", ""control_mean"": 7.1280646692617395, ""b_hat"": 1.0010582224737956, ""rho"": 0.999606685397163, ""pilot_rho"": 0.9996504541416023, ""pilot_paths"": 256, ""total_paths_simulated"": 1280, ""plain_std_error"": 0.4121428259595608, ""observed_vrf"": 1271.4838389651181, ""theoretical_vrf"": 1271.4970265135262}"
b7edad061714,2026-09-25T10:47:11,tamzeed,master,paper_asian_geo,call,exact,rqmc,{},4096,252,2,1780227415,LAPTOP-G689CP2J_AMD64,3.0030103239410586,nan,nan,nan,3.000200360178781,0.002809963762277601,0.07424200000241399,"{""construction"": ""bridge"", ""sobol_dim"": 252, ""naive_iid_se"": 0.09161328987237718, ""se_valid"": false}"
a2286628fa56,2026-09-25T10:47:11,tamzeed,master,paper_barrier,call,exact,control_variate,{},4096,252,2,159440528,LAPTOP-G689CP2J_AMD64,7.085692585157799,0.005488602004234334,7.074935122904026,7.096450047411573,7.1055282627933245,0.019835677635525073,0.031181299942545593,"{""control"": ""european_terminal"", ""control_mean"": 7.1280646692617395, ""b_hat"": 1.0016049239744178, ""rho"": 0.9996324183162328, ""pilot_rho"": 0.9989000417115523, ""pilot_paths"": 410, ""total_paths_simulated"": 4506, ""plain_std_error"": 0.2024124504401527, ""observed_vrf"": 1360.0377572032776, ""theoretical_vrf"": 1360.49192437558}"
f6c6d5ba6774,2026-09-25T10:47:11,tamzeed,master,paper_barrier,call,exact,importance,{},4096,252,2,3872358184,LAPTOP-G689CP2J_AMD64,7.041133151232448,0.09173000752517667,6.861345640181514,7.220920662283382,7.1055282627933245,0.0643951115608763,0.09505070000886917,"{""theta"": 0.6858575284033614, ""theta0"": 0.45723835226890763, ""ESS"": 2653.9490074976, ""ESS_frac"": 0.6479367694085938, ""max_weight"": 6.381923158439129, ""max_weight_share"": 0.0015516929733094085, ""mean_weight"": 1.0041204899447718, ""hit_rate_proposal"": 0.668701171875, ""pilot_paths"": 10000, ""total_paths_simulated"": 14096, ""theta_grid"": [[0.0, 204.97178550679845], [0.11430958806722691, 168.56471950576596], [0.22861917613445382, 141.22152603126978], [0.3429287642016807, 120.51072434352679], [0.45723835226890763, 104.72949010585361], [0.5715479403361345, 92.67401299031826], [0.6858575284033614, 83.48711225797132]]}"
9458d3ab8334,2026-09-25T10:47:11,tamzeed,master,deep_barrier,call,exact,control_variate,{},4096,252,2,1571054909,LAPTOP-G689CP2J_AMD64,3.415087074561563,0.09807528569020416,3.222863046835286,3.6073111022878397,3.545320563728301,0.13023348916673827,0.0316037000156939,"{""control"": ""european_terminal"", ""control_mean"": 7.1280646692617395, ""b_hat"": 0.7454112565841057, ""rho"": 0.8139395580064245, ""pilot_rho"": 0.8197581231414336, ""pilot_paths"": 410, ""total_paths_simulated"": 4506, ""plain_std_error"": 0.16877507645092443, ""observed_vrf"": 2.9614026657870207, ""theoretical_vrf"": 2.962941929039909}"
f2db866e31ed,2026-09-25T10:47:11,tamzeed,master,asian_arith,call,exact,control_variate,{},4096,252,2,2797773012,LAPTOP-G689CP2J_AMD64,3.1640224933894547,0.002924780493527656,3.1582900289594553,3.169754957819454,,,0.03902430005837232,"{""control"": ""geometric_asian"", ""control_mean"": 3.000200360178781, ""b_hat"": 1.0494834046503845, ""rho"": 0.999525776647977, ""pilot_rho"": 0.999370722565883, ""pilot_paths"": 410, ""total_paths_simulated"": 4506, ""plain_std_error"": 0.09453411706216305, ""observed_vrf"": 1044.6975817650844, ""theoretical_vrf"": 1054.6055604858439}"
38cd05f2e8bc,2026-09-25T10:47:11,tamzeed,master,deep_barrier,call,exact,plain,{},4096,252,2,396676986,LAPTOP-G689CP2J_AMD64,3.395224912807045,0.18153255871963359,3.0394276356951604,3.7510221899189293,3.545320563728301,0.15009565092125632,0.029977899976074696,
616c56fb0cd3,2026-09-25T10:47:11,tamzeed,master,deep_barrier,call,exact,importance,{},4096,252,2,1370523122,LAPTOP-G689CP2J_AMD64,3.4035908147553697,0.057917248313041444,3.290075093978145,3.5171065355325943,3.545320563728301,0.14172974897293145,0.09525999997276813,"{""theta"": 1.6323611831060643, ""theta0"": 1.6323611831060643, ""ESS"": 84.92161353714576, ""ESS_frac"": 0.020732815804967226, ""max_weight"": 440.460740483845, ""max_weight_share"": 0.09630607494808907, ""mean_weight"": 1.1165895871849405, ""hit_rate_proposal"": 0.593505859375, ""pilot_paths"": 10000, ""total_paths_simulated"": 14096, ""theta_grid"": [[0.0, 144.49996860577104], [0.40809029577651607, 68.00443479081434], [0.8161805915530321, 39.587686992483555], [1.2242708873295483, 28.339732046531257], [1.6323611831060643, 24.84129632981036], [2.0404514788825803, 26.58207435074083], [2.4485417746590965, 34.65632657039457]]}"
fc1a72612fdc,2026-09-25T10:47:11,tamzeed,master,paper_barrier,call,exact,antithetic,{},4096,252,2,2115329390,LAPTOP-G689CP2J_AMD64,6.955698862547397,0.15961502007420947,6.642859171810309,7.268538553284485,7.1055282627933245,0.1498294002459275,0.023984699975699186,"{""pairs"": 2048, ""rho_pair"": -0.31681123652259874}"
081e8474e835,2026-09-25T10:47:11,tamzeed,master,deep_barrier,call,exact,antithetic,{},4096,252,2,3427648214,LAPTOP-G689CP2J_AMD64,3.6068782913030435,0.17704069576649425,3.259884903802802,3.953871678803285,3.545320563728301,0.061557727574742316,0.024536200100556016,"{""pairs"": 2048, ""rho_pair"": -0.0920344039235494}"
32980f2c7d5d,2026-09-25T10:47:11,tamzeed,master,paper_barrier,call,exact,rqmc,{},4096,252,2,4082820315,LAPTOP-G689CP2J_AMD64,7.085595332997877,nan,nan,nan,7.1055282627933245,0.019932929795447585,0.06484080001246184,"{""construction"": ""bridge"", ""sobol_dim"": 252, ""naive_iid_se"": 0.19602060005201297, ""se_valid"": false}"
6bbb02dc83f7,2026-09-25T10:47:11,tamzeed,master,asian_arith,call,exact,antithetic,{},4096,252,2,4143063173,LAPTOP-G689CP2J_AMD64,3.1752817506437534,0.08181733600245777,3.0149227187679237,3.335640782519583,,,0.023894999991171062,"{""pairs"": 2048, ""rho_pair"": -0.26906655523111833}"
35045cc6a6fa,2026-09-25T10:47:11,tamzeed,master,paper_asian_geo,call,exact,plain,{},4096,252,2,3403538357,LAPTOP-G689CP2J_AMD64,2.990700527222115,0.09336239064295898,2.807713604051356,3.1736874503928743,3.000200360178781,0.009499832956665788,0.03865650005172938,
7b07b82b3b46,2026-09-25T10:47:11,tamzeed,master,paper_barrier,call,exact,plain,{},4096,252,2,3457078768,LAPTOP-G689CP2J_AMD64,6.973624998640744,0.191496006666772,6.598299722390629,7.34895027489086,7.1055282627933245,0.13190326415258014,0.034636199939996004,
8a734c2aa17c,2026-09-25T10:47:11,tamzeed,master,asian_arith,call,exact,rqmc,{},4096,252,2,1493400987,LAPTOP-G689CP2J_AMD64,3.167322503675278,nan,nan,nan,,,0.06892689992673695,"{""construction"": ""bridge"", ""sobol_dim"": 252, ""naive_iid_se"": 0.09583756195876932, ""se_valid"": false}"
5e32522c9db6,2026-09-25T10:47:11,tamzeed,master,asian_arith,call,exact,plain,{},4096,252,2,292237854,LAPTOP-G689CP2J_AMD64,3.3470329628551228,0.09798933706372415,3.1549773913412675,3.539088534368978,,,0.02623370010405779,
05b492c0015e,2026-09-25T10:47:11,tamzeed,master,paper_asian_geo,call,exact,antithetic,{},4096,252,2,4051590547,LAPTOP-G689CP2J_AMD64,2.9648407272828283,0.07952192803617426,2.808980612350741,3.120700842214916,3.000200360178781,0.035359632895952675,0.035811200039461255,"{""pairs"": 2048, ""rho_pair"": -0.25349397583921973}"
53de1f57976c,2026-09-25T10:47:11,tamzeed,master,deep_barrier,call,exact,rqmc,{},4096,252,2,4055492904,LAPTOP-G689CP2J_AMD64,3.363295788103986,nan,nan,nan,3.545320563728301,0.18202477562431518,0.06765139999333769,"{""construction"": ""bridge"", ""sobol_dim"": 252, ""naive_iid_se"": 0.17928611685425588, ""se_valid"": false}"
5e732268af99,2026-09-25T10:47:12,tamzeed,master,paper_barrier,call,exact,rqmc,{},16384,252,2,989594375,LAPTOP-G689CP2J_AMD64,7.092624197940865,nan,nan,nan,7.1055282627933245,0.012904064852459207,0.25757070002146065,"{""construction"": ""bridge"", ""sobol_dim"": 252, ""naive_iid_se"": 0.09799192116626435, ""se_valid"": false}"
3e2ab22bca5a,2026-09-25T10:47:12,tamzeed,master,deep_barrier,call,exact,control_variate,{},16384,252,2,4038194655,LAPTOP-G689CP2J_AMD64,3.350118895551529,0.050096708189477396,3.2519311517561404,3.4483066393469177,3.545320563728301,0.1952016681767721,0.12038440001197159,"{""control"": ""european_terminal"", ""control_mean"": 7.1280646692617395, ""b_hat"": 0.7456918360910242, ""rho"": 0.8293876445687524, ""pilot_rho"": 0.819845080278344, ""pilot_paths"": 1639, ""total_paths_simulated"": 18023, ""plain_std_error"": 0.08963527329389598, ""observed_vrf"": 3.2013968592341184, ""theoretical_vrf"": 3.2039356116031152}"
0e0a4b0b43c1,2026-09-25T10:47:12,tamzeed,master,asian_arith,call,exact,rqmc,{},16384,252,2,3139806529,LAPTOP-G689CP2J_AMD64,3.1630603697547777,nan,nan,nan,,,0.388464399962686,"{""construction"": ""bridge"", ""sobol_dim"": 252, ""naive_iid_se"": 0.0479644498943513, ""se_valid"": false}"
32005aac820d,2026-09-25T10:47:12,tamzeed,master,paper_barrier,call,exact,antithetic,{},16384,252,2,3477769134,LAPTOP-G689CP2J_AMD64,7.041286071957071,0.08073302138041706,6.883052257688352,7.19951988622579,7.1055282627933245,0.0642421908362536,0.15337199997156858,"{""pairs"": 8192, ""rho_pair"": -0.31724162110502346}"
ff81837ab7da,2026-09-25T10:47:13,tamzeed,master,deep_barrier,call,exact,rqmc,{},16384,252,2,544081706,LAPTOP-G689CP2J_AMD64,3.3594360446534623,nan,nan,nan,3.545320563728301,0.18588451907483883,0.39828169997781515,"{""construction"": ""bridge"", ""sobol_dim"": 252, ""naive_iid_se"": 0.08973693271511789, ""se_valid"": false}"
dd7be3d73d97,2026-09-25T10:47:13,tamzeed,master,paper_barrier,call,exact,importance,{},16384,252,2,2911544124,LAPTOP-G689CP2J_AMD64,7.064526671441696,0.045587693588311266,6.975176433870359,7.153876909013033,7.1055282627933245,0.04100159135162862,0.1685610000276938,"{""theta"": 0.6858575284033614, ""theta0"": 0.45723835226890763, ""ESS"": 10365.326874971868, ""ESS_frac"": 0.6326493453962322, ""max_weight"": 12.49611120882394, ""max_weight_share"": 0.0007602291034943254, ""mean_weight"": 1.0032529623533923, ""hit_rate_proposal"": 0.670654296875, ""pilot_paths"": 10000, ""total_paths_simulated"": 26384, ""theta_grid"": [[0.0, 206.69715143862413], [0.11430958806722691, 169.687116861687], [0.22861917613445382, 141.98424121245324], [0.3429287642016807, 121.05823193236806], [0.45723835226890763, 105.14803375391716], [0.5715479403361345, 93.01531166386995], [0.6858575284033614, 83.78230366467689]]}"
7a0d6069067c,2026-09-25T10:47:13,tamzeed,master,deep_barrier,call,exact,importance,{},16384,252,2,2283297883,LAPTOP-G689CP2J_AMD64,3.36879093841301,0.028552789618958352,3.3128284991017027,3.4247533777243175,3.545320563728301,0.17652962531529104,0.18680149991996586,"{""theta"": 1.6323611831060643, ""theta0"": 1.6323611831060643, ""ESS"": 1474.418646392778, ""ESS_frac"": 0.08999137246049671, ""max_weight"": 85.30170068536343, ""max_weight_share"": 0.005179112352143188, ""mean_weight"": 1.0052692963046859, ""hit_rate_proposal"": 0.59539794921875, ""pilot_paths"": 10000, ""total_paths_simulated"": 26384, ""theta_grid"": [[0.0, 143.92187269718045], [0.40809029577651607, 67.95575050833966], [0.8161805915530321, 39.6986433563359], [1.2242708873295483, 28.53050938815373], [1.6323611831060643, 25.12037695244868], [2.0404514788825803, 27.01945202669134], [2.4485417746590965, 35.436127702650516]]}"
3abbc9e48fe5,2026-09-25T10:47:13,tamzeed,master,deep_barrier,call,exact,antithetic,{},16384,252,2,227574611,LAPTOP-G689CP2J_AMD64,3.3981362832763766,0.08644781401744728,3.228701681259963,3.56757088529279,3.545320563728301,0.14718428045192455,0.09156319999601692,"{""pairs"": 8192, ""rho_pair"": -0.08610872105360674}"
8cc7f93b3df4,2026-09-25T10:47:13,tamzeed,master,paper_asian_geo,call,exact,plain,{},16384,252,2,1505302676,LAPTOP-G689CP2J_AMD64,2.9343098228023794,0.04481807661222796,2.8464680067860555,3.0221516388187033,3.000200360178781,0.0658905373764016,0.13444260007236153,
33a9272465f5,2026-09-25T10:47:13,tamzeed,master,deep_barrier,call,exact,plain,{},16384,252,2,1730856683,LAPTOP-G689CP2J_AMD64,3.285989157164941,0.0892001534267828,3.1111600690329997,3.460818245296882,3.545320563728301,0.2593314065633603,0.10819790000095963,
abd111582685,2026-09-25T10:47:14,tamzeed,master,asian_arith,call,exact,plain,{},16384,252,2,810417324,LAPTOP-G689CP2J_AMD64,3.2069843911199607,0.047989204148890914,3.1129272793413945,3.301041502898527,,,0.11287559999618679,
73c470dd2fdd,2026-09-25T10:47:14,tamzeed,master,asian_arith,call,exact,antithetic,{},16384,252,2,2312432680,LAPTOP-G689CP2J_AMD64,3.1353732409848423,0.04111022319106621,3.0547986841339494,3.215947797835735,,,0.11033029993996024,"{""pairs"": 8192, ""rho_pair"": -0.2620005825359819}"
257c05f188d6,2026-09-25T10:47:14,tamzeed,master,paper_barrier,call,exact,control_variate,{},16384,252,2,3754507855,LAPTOP-G689CP2J_AMD64,7.093558363703593,0.0025452676290420068,7.088569730819655,7.098546996587531,7.1055282627933245,0.011969899089731229,0.1313363000517711,"{""control"": ""european_terminal"", ""control_mean"": 7.1280646692617395, ""b_hat"": 1.0007914351288323, ""rho"": 0.9996600872897184, ""pilot_rho"": 0.9996957301471372, ""pilot_paths"": 1639, ""total_paths_simulated"": 18023, ""plain_std_error"": 0.09762667410319537, ""observed_vrf"": 1471.1944578208825, ""theoretical_vrf"": 1471.215925430898}"
34a309af5200,2026-09-25T10:47:14,tamzeed,master,asian_arith,call,exact,control_variate,{},16384,252,2,2639233090,LAPTOP-G689CP2J_AMD64,3.1633695884552537,0.0015368878895785601,3.160357343543404,3.1663818333671037,,,0.16288499999791384,"{""control"": ""geometric_asian"", ""control_mean"": 3.000200360178781, ""b_hat"": 1.0441332315651115, ""rho"": 0.9994941292436399, ""pilot_rho"": 0.9996111317852768, ""pilot_paths"": 1639, ""total_paths_simulated"": 18023, ""plain_std_error"": 0.04822710706873063, ""observed_vrf"": 984.6866403488074, ""theoretical_vrf"": 988.6448137146551}"
16de42d2c514,2026-09-25T10:47:14,tamzeed,master,paper_asian_geo,call,exact,rqmc,{},16384,252,2,1719275630,LAPTOP-G689CP2J_AMD64,3.000795574024848,nan,nan,nan,3.000200360178781,0.0005952138460671996,0.26848820003215224,"{""construction"": ""bridge"", ""sobol_dim"": 252, ""naive_iid_se"": 0.04593577722170036, ""se_valid"": false}"
e9abe3514740,2026-09-25T10:47:14,tamzeed,master,paper_asian_geo,call,exact,antithetic,{},16384,252,2,3154025976,LAPTOP-G689CP2J_AMD64,2.990628291872153,0.03909711523108715,2.91399935411981,3.0672572296244964,3.000200360178781,0.009572068306627823,0.1294192000059411,"{""pairs"": 8192, ""rho_pair"": -0.26320600617855056}"
158831a58a80,2026-09-25T10:47:14,tamzeed,master,paper_barrier,call,exact,plain,{},16384,252,2,3301602850,LAPTOP-G689CP2J_AMD64,7.1261246068628346,0.097512225138181,6.935004157539638,7.317245056186031,7.1055282627933245,0.020596344069510053,0.10712299996521324,
df8fc8048c7b,2026-09-25T10:47:15,tamzeed,master,paper_asian_geo,call,exact,antithetic,{},65536,252,2,1290984451,LAPTOP-G689CP2J_AMD64,2.98440749210397,0.019700534425573207,2.945795154153655,3.023019830054285,3.000200360178781,0.01579286807481095,0.7526950999163091,"{""pairs"": 32768, ""rho_pair"": -0.25935976000288913}"
baa57aaa8c15,2026-09-25T10:47:16,tamzeed,master,paper_asian_geo,call,exact,plain,{},65536,252,2,957272430,LAPTOP-G689CP2J_AMD64,2.9845658719359953,0.022891435092655663,2.939699483599954,3.0294322602720367,3.000200360178781,0.015634488242785682,0.5600607999367639,
67368309844e,2026-09-25T10:47:16,tamzeed,master,asian_arith,call,exact,control_variate,{},65536,252,2,2111826100,LAPTOP-G689CP2J_AMD64,3.162201621176257,0.0007712679318796244,3.1606899638073425,3.163713278545172,,,0.628753500059247,"{""control"": ""geometric_asian"", ""control_mean"": 3.000200360178781, ""b_hat"": 1.0443995822846113, ""rho"": 0.9994914846068347, ""pilot_rho"": 0.9995114530919449, ""pilot_paths"": 6554, ""total_paths_simulated"": 72090, ""plain_std_error"": 0.02417896381760945, ""observed_vrf"": 982.7992623043424, ""theoretical_vrf"": 983.504467911766}"
9122f081b7f7,2026-09-25T10:47:17,tamzeed,master,asian_arith,call,exact,antithetic,{},65536,252,2,3172151610,LAPTOP-G689CP2J_AMD64,3.149288715496855,0.020659807002075124,3.1087962378452394,3.1897811931484705,,,0.4212326999986544,"{""pairs"": 32768, ""rho_pair"": -0.261781717995964}"
d48610d328df,2026-09-25T10:47:17,tamzeed,master,deep_barrier,call,exact,plain,{},65536,252,2,254594971,LAPTOP-G689CP2J_AMD64,3.3152547674176374,0.04440607343457341,3.2282204627910325,3.4022890720442422,3.545320563728301,0.23006579631066382,0.5024655000306666,
f792b5bc5475,2026-09-25T10:47:18,tamzeed,master,paper_barrier,call,exact,importance,{},65536,252,2,508316150,LAPTOP-G689CP2J_AMD64,7.06465748194189,0.022880920293824488,7.019811702232863,7.109503261650918,7.1055282627933245,0.04087078085143414,0.5039562000893056,"{""theta"": 0.6858575284033614, ""theta0"": 0.45723835226890763, ""ESS"": 41006.08860400952, ""ESS_frac"": 0.6257032562867664, ""max_weight"": 17.555756511886646, ""max_weight_share"": 0.0002680512070193085, ""mean_weight"": 0.9993597433351343, ""hit_rate_proposal"": 0.670074462890625, ""pilot_paths"": 10000, ""total_paths_simulated"": 75536, ""theta_grid"": [[0.0, 207.15681065492132], [0.11430958806722691, 170.459372960907], [0.22861917613445382, 142.91395048508778], [0.3429287642016807, 122.05662782936929], [0.45723835226890763, 106.16630919067454], [0.5715479403361345, 94.02871073149524], [0.6858575284033614, 84.78055360151913]]}"
779b1f8bc989,2026-09-25T10:47:19,tamzeed,master,paper_asian_geo,call,exact,rqmc,{},65536,252,2,2659107542,LAPTOP-G689CP2J_AMD64,3.0000683109057094,nan,nan,nan,3.000200360178781,0.00013204927307164382,1.1154361999360844,"{""construction"": ""bridge"", ""sobol_dim"": 252, ""naive_iid_se"": 0.022928419481071046, ""se_valid"": false}"
4674c6b91265,2026-09-25T10:47:20,tamzeed,master,paper_barrier,call,exact,antithetic,{},65536,252,2,1307146852,LAPTOP-G689CP2J_AMD64,7.095701290881162,0.04013132812650064,7.0170453331014615,7.174357248660862,7.1055282627933245,0.009826971912162641,0.5314200000138953,"{""pairs"": 32768, ""rho_pair"": -0.32296500868540684}"
956124036a59,2026-09-25T10:47:20,tamzeed,master,paper_barrier,call,exact,control_variate,{},65536,252,2,3612445485,LAPTOP-G689CP2J_AMD64,7.093248523395561,0.0012720362802809465,7.090755378099182,7.0957416686919395,7.1055282627933245,0.012279739397763834,0.4933459999738261,"{""control"": ""european_terminal"", ""control_mean"": 7.1280646692617395, ""b_hat"": 1.0011224720941874, ""rho"": 0.9996671761449799, ""pilot_rho"": 0.9995414912405473, ""pilot_paths"": 6554, ""total_paths_simulated"": 72090, ""plain_std_error"": 0.049305642808982274, ""observed_vrf"": 1502.430024643753, ""theoretical_vrf"": 1502.5462035536193}"
d5664d32c7b8,2026-09-25T10:47:20,tamzeed,master,deep_barrier,call,exact,control_variate,{},65536,252,2,3983868113,LAPTOP-G689CP2J_AMD64,3.3742127560354565,0.02505547860404137,3.3251049203561216,3.4233205917147913,3.545320563728301,0.17110780769284473,0.46886370005086064,"{""control"": ""european_terminal"", ""control_mean"": 7.1280646692617395, ""b_hat"": 0.7700289915874223, ""rho"": 0.830715509640279, ""pilot_rho"": 0.8361465504075348, ""pilot_paths"": 6554, ""total_paths_simulated"": 72090, ""plain_std_error"": 0.04500282499473927, ""observed_vrf"": 3.226072684166966, ""theoretical_vrf"": 3.22672511021204}"
f9699b995abf,2026-09-25T10:47:21,tamzeed,master,deep_barrier,call,exact,importance,{},65536,252,2,3124660955,LAPTOP-G689CP2J_AMD64,3.380130552712971,0.014361846046250761,3.35198185171081,3.4082792537151314,3.545320563728301,0.16519001101533037,0.5097035999642685,"{""theta"": 1.6323611831060643, ""theta0"": 1.6323611831060643, ""ESS"": 5249.379966276574, ""ESS_frac"": 0.08009918161432761, ""max_weight"": 203.86117157558232, ""max_weight_share"": 0.0030967888655887895, ""mean_weight"": 1.0044839187041257, ""hit_rate_proposal"": 0.5946197509765625, ""pilot_paths"": 10000, ""total_paths_simulated"": 75536, ""theta_grid"": [[0.0, 143.7419082182913], [0.40809029577651607, 67.8953663218104], [0.8161805915530321, 39.65099310185804], [1.2242708873295483, 28.472741283730393], [1.6323611831060643, 25.040414170302093], [2.0404514788825803, 26.89702221226745], [2.4485417746590965, 35.22458344809105]]}"
e4707b96df35,2026-09-25T10:47:22,tamzeed,master,deep_barrier,call,exact,rqmc,{},65536,252,2,2771463489,LAPTOP-G689CP2J_AMD64,3.3776817532847296,nan,nan,nan,3.545320563728301,0.16763881044357154,1.2311551000457257,"{""construction"": ""bridge"", ""sobol_dim"": 252, ""naive_iid_se"": 0.04496899393221002, ""se_valid"": false}"
f6d89210eeed,2026-09-25T10:47:23,tamzeed,master,deep_barrier,call,exact,antithetic,{},65536,252,2,1954227437,LAPTOP-G689CP2J_AMD64,3.3938697070826294,0.04290682439519669,3.3097738765770592,3.4779655375881995,3.545320563728301,0.15145085664567182,0.40398740000091493,"{""pairs"": 32768, ""rho_pair"": -0.08714942395438192}"
2a3fa0388c2f,2026-09-25T10:47:24,tamzeed,master,paper_barrier,call,exact,rqmc,{},65536,252,2,2334643762,LAPTOP-G689CP2J_AMD64,7.0940290589811354,nan,nan,nan,7.1055282627933245,0.011499203812189052,1.0293393000029027,"{""construction"": ""bridge"", ""sobol_dim"": 252, ""naive_iid_se"": 0.049013335786756006, ""se_valid"": false}"
000bc1198193,2026-09-25T10:47:24,tamzeed,master,paper_barrier,call,exact,plain,{},65536,252,2,2615085678,LAPTOP-G689CP2J_AMD64,7.010408190819484,0.04873158993223062,6.914896029642937,7.105920351996031,7.1055282627933245,0.09512007197384076,0.4735056000063196,
77d2973b32fc,2026-09-25T10:47:27,tamzeed,master,asian_arith,call,exact,rqmc,{},65536,252,2,461190439,LAPTOP-G689CP2J_AMD64,3.162625985598362,nan,nan,nan,,,2.3907867000671104,"{""construction"": ""bridge"", ""sobol_dim"": 252, ""naive_iid_se"": 0.023985934118018443, ""se_valid"": false}"
85b401d972e8,2026-09-25T10:47:28,tamzeed,master,asian_arith,call,exact,plain,{},65536,252,2,860200976,LAPTOP-G689CP2J_AMD64,3.1695258949821747,0.02393037121158647,3.122623229270791,3.2164285606935583,,,1.0129960000049323,
659ff9c8a247,2026-09-25T10:47:28,tamzeed,master,paper_barrier,call,exact,plain,{},256,252,3,1624059933,LAPTOP-G689CP2J_AMD64,7.0334535147860775,0.7810792248886331,5.502566364931895,8.564340664640259,7.1055282627933245,0.072074748007247,0.0036066999891772866,
8d521c2e2b2c,2026-09-25T10:47:28,tamzeed,master,paper_barrier,call,exact,antithetic,{},256,252,3,774670634,LAPTOP-G689CP2J_AMD64,7.198994225236683,0.638700633724543,5.9471639862336705,8.450824464239696,7.1055282627933245,0.09346596244335892,0.00436619995161891,"{""pairs"": 128, ""rho_pair"": -0.3337444173143719}"
62a16aa7adae,2026-09-25T10:47:28,tamzeed,master,deep_barrier,call,exact,rqmc,{},256,252,3,1558084115,LAPTOP-G689CP2J_AMD64,3.5518728303225644,nan,nan,nan,3.545320563728301,0.006552266594263223,0.03282530000433326,"{""construction"": ""bridge"", ""sobol_dim"": 252, ""naive_iid_se"": 0.7350058887156715, ""se_valid"": false}"
6b56e105a8c2,2026-09-25T10:47:28,tamzeed,master,asian_arith,call,exact,antithetic,{},256,252,3,1969155285,LAPTOP-G689CP2J_AMD64,3.1213794903888297,0.3605925753443206,2.4146310296214155,3.828127951156244,,,0.004407999920658767,"{""pairs"": 128, ""rho_pair"": -0.2347629775483883}"
cb73edebb74b,2026-09-25T10:47:28,tamzeed,master,deep_barrier,call,exact,importance,{},256,252,3,3443235311,LAPTOP-G689CP2J_AMD64,3.401180528642714,0.2334097996850305,2.943705727621346,3.8586553296640824,3.545320563728301,0.14414003508558704,0.16793910006526858,"{""theta"": 1.6323611831060643, ""theta0"": 1.6323611831060643, ""ESS"": 9.120429289161244, ""ESS_frac"": 0.03562667691078611, ""max_weight"": 116.70934492499639, ""max_weight_share"": 0.3158838874677774, ""mean_weight"": 1.443238787099491, ""hit_rate_proposal"": 0.5703125, ""pilot_paths"": 10000, ""total_paths_simulated"": 10256, ""theta_grid"": [[0.0, 143.97289889449348], [0.40809029577651607, 68.14943835612273], [0.8161805915530321, 39.890883099014346], [1.2242708873295483, 28.69798472077599], [1.6323611831060643, 25.260803210318514], [2.0404514788825803, 27.1190403681567], [2.4485417746590965, 35.42977196524855]]}"
9da3d303d8ea,2026-09-25T10:47:28,tamzeed,master,paper_asian_geo,call,exact,plain,{},256,252,3,1423869593,LAPTOP-G689CP2J_AMD64,3.780264324583273,0.41467478157358706,2.9675166874020285,4.5930119617645175,3.000200360178781,0.780063964404492,0.004948300076648593,
5175ceef7d3f,2026-09-25T10:47:28,tamzeed,master,asian_arith,call,exact,rqmc,{},256,252,3,2285558264,LAPTOP-G689CP2J_AMD64,3.1424607814094374,nan,nan,nan,,,0.031041899928823113,"{""construction"": ""bridge"", ""sobol_dim"": 252, ""naive_iid_se"": 0.39675782245269825, ""se_valid"": false}"
61c319486e38,2026-09-25T10:47:28,tamzeed,master,paper_barrier,call,exact,importance,{},256,252,3,2974964091,LAPTOP-G689CP2J_AMD64,6.997014278283769,0.3619062390974523,6.287691083872422,7.706337472695117,7.1055282627933245,0.10851398450955507,0.15653779997956008,"{""theta"": 0.6858575284033614, ""theta0"": 0.45723835226890763, ""ESS"": 155.01489785369756, ""ESS_frac"": 0.6055269447410061, ""max_weight"": 5.980064104857465, ""max_weight_share"": 0.02288544699967825, ""mean_weight"": 1.0207196481645253, ""hit_rate_proposal"": 0.67578125, ""pilot_paths"": 10000, ""total_paths_simulated"": 10256, ""theta_grid"": [[0.0, 205.8800285767826], [0.11430958806722691, 169.2696440627452], [0.22861917613445382, 141.80854068467593], [0.3429287642016807, 121.02799491364229], [0.45723835226890763, 105.204842137965], [0.5715479403361345, 93.12411123237231], [0.6858575284033614, 83.92249198019223]]}"
3e08f2be8aba,2026-09-25T10:47:28,tamzeed,master,asian_arith,call,exact,control_variate,{},256,252,3,2144784412,LAPTOP-G689CP2J_AMD64,3.154086884242436,0.013542926775242357,3.127543235517698,3.1806305329671742,,,0.007788299932144582,"{""control"": ""geometric_asian"", ""control_mean"": 3.000200360178781, ""b_hat"": 1.053260484594787, ""rho"": 0.999460127348964, ""pilot_rho"": 0.999234681843547, ""pilot_paths"": 256, ""total_paths_simulated"": 512, ""plain_std_error"": 0.3796694541977599, ""observed_vrf"": 785.9343226376469, ""theoretical_vrf"": 926.3944073581566}"
d6af875914e9,2026-09-25T10:47:28,tamzeed,master,paper_asian_geo,call,exact,rqmc,{},256,252,3,3072010596,LAPTOP-G689CP2J_AMD64,2.9654072356427816,nan,nan,nan,3.000200360178781,0.034793124535999365,0.030182299902662635,"{""construction"": ""bridge"", ""sobol_dim"": 252, ""naive_iid_se"": 0.3553729951646728, ""se_valid"": false}"
ab9b441d92b8,2026-09-25T10:47:28,tamzeed,master,deep_barrier,call,exact,plain,{},256,252,3,3958997047,LAPTOP-G689CP2J_AMD64,3.863373851296937,0.8234470271869623,2.249447334833916,5.477300367759958,3.545320563728301,0.31805328756863593,0.0037217000499367714,
13422a8b69a5,2026-09-25T10:47:28,tamzeed,master,paper_barrier,call,exact,control_variate,{},256,252,3,1560763192,LAPTOP-G689CP2J_AMD64,7.074869892364247,0.026726339525209163,7.022487229456248,7.127252555272246,7.1055282627933245,0.030658370429077486,0.006909299991093576,"{""control"": ""european_terminal"", ""control_mean"": 7.1280646692617395, ""b_hat"": 1.000932142353485, ""rho"": 0.9994132566195743, ""pilot_rho"": 0.999810355700023, ""pilot_paths"": 256, ""total_paths_simulated"": 512, ""plain_std_error"": 0.7802669313149159, ""observed_vrf"": 852.3293431536293, ""theoretical_vrf"": 852.4113702455517}"
fae938b4f4b1,2026-09-25T10:47:28,tamzeed,master,asian_arith,call,exact,plain,{},256,252,3,827619572,LAPTOP-G689CP2J_AMD64,3.235999085407351,0.3770677655146768,2.4969598452675905,3.9750383255471116,,,0.0019799000583589077,
9f3bb93a4580,2026-09-25T10:47:28,tamzeed,master,deep_barrier,call,exact,control_variate,{},256,252,3,2353120974,LAPTOP-G689CP2J_AMD64,3.1777734173863523,0.4065308538699851,2.380987585196866,3.974559249575839,3.545320563728301,0.36754714634194885,0.008232200052589178,"{""control"": ""european_terminal"", ""control_mean"": 7.1280646692617395, ""b_hat"": 0.8041139743551533, ""rho"": 0.8031006438727797, ""pilot_rho"": 0.8538124609424493, ""pilot_paths"": 256, ""total_paths_simulated"": 512, ""plain_std_error"": 0.6753018391973394, ""observed_vrf"": 2.7593630260584066, ""theoretical_vrf"": 2.8166684913007405}"
d9709f67a609,2026-09-25T10:47:28,tamzeed,master,deep_barrier,call,exact,antithetic,{},256,252,3,1230862781,LAPTOP-G689CP2J_AMD64,3.3020055828329635,0.7046732005893668,1.9208714888072353,4.6831396768586915,3.545320563728301,0.24331498089533765,0.0031244000419974327,"{""pairs"": 128, ""rho_pair"": -0.0740194863543471}"
4fd377d7e65f,2026-09-25T10:47:28,tamzeed,master,paper_barrier,call,exact,rqmc,{},256,252,3,106923167,LAPTOP-G689CP2J_AMD64,7.16083145598696,nan,nan,nan,7.1055282627933245,0.055303193193635636,0.03868050000164658,"{""construction"": ""bridge"", ""sobol_dim"": 252, ""naive_iid_se"": 0.8087882990179142, ""se_valid"": false}"
2cfc1b505840,2026-09-25T10:47:28,tamzeed,master,paper_asian_geo,call,exact,antithetic,{},256,252,3,2762301405,LAPTOP-G689CP2J_AMD64,2.8699122733764733,0.29405922260646106,2.293566787745963,3.4462577590069836,3.000200360178781,0.13028808680230775,0.006292399950325489,"{""pairs"": 128, ""rho_pair"": -0.2744097106491869}"
10739f66d909,2026-09-25T10:47:28,tamzeed,master,paper_asian_geo,call,exact,antithetic,{},1024,252,3,1524612054,LAPTOP-G689CP2J_AMD64,3.261112462328419,0.1616859697275992,2.944213784856891,3.578011139799947,3.000200360178781,0.2609121021496379,0.02302269998472184,"{""pairs"": 512, ""rho_pair"": -0.2852377639453822}"
b9700e93c34f,2026-09-25T10:47:28,tamzeed,master,paper_asian_geo,call,exact,rqmc,{},1024,252,3,1566496031,LAPTOP-G689CP2J_AMD64,2.9875574228081936,nan,nan,nan,3.000200360178781,0.012642937370587415,0.06918340001720935,"{""construction"": ""bridge"", ""sobol_dim"": 252, ""naive_iid_se"": 0.18285387347781054, ""se_valid"": false}"
4fa123dbd92b,2026-09-25T10:47:28,tamzeed,master,deep_barrier,call,exact,plain,{},1024,252,3,3443821371,LAPTOP-G689CP2J_AMD64,3.359016672831512,0.32800994088251856,2.716129002130663,4.0019043435323605,3.545320563728301,0.18630389089678934,0.01657600002363324,
c019915915a5,2026-09-25T10:47:28,tamzeed,master,deep_barrier,call,exact,importance,{},1024,252,3,206397537,LAPTOP-G689CP2J_AMD64,3.557902077215747,0.11837969297274928,3.325882142488249,3.789922011943245,3.545320563728301,0.01258151348744585,0.17175620002672076,"{""theta"": 1.6323611831060643, ""theta0"": 1.6323611831060643, ""ESS"": 106.58523028750125, ""ESS_frac"": 0.10408713895263794, ""max_weight"": 55.23944886113407, ""max_weight_share"": 0.0537266856456737, ""mean_weight"": 1.0040592236456913, ""hit_rate_proposal"": 0.6005859375, ""pilot_paths"": 10000, ""total_paths_simulated"": 11024, ""theta_grid"": [[0.0, 144.0833549343501], [0.40809029577651607, 68.1340925655777], [0.8161805915530321, 39.812807854218526], [1.2242708873295483, 28.587793043937847], [1.6323611831060643, 25.124644074906918], [2.0404514788825803, 26.95076234080428], [2.4485417746590965, 35.219820641686496]]}"
0ae23b3f95de,2026-09-25T10:47:28,tamzeed,master,paper_asian_geo,call,exact,plain,{},1024,252,3,2633079012,LAPTOP-G689CP2J_AMD64,2.7467539769470926,0.17497254158264972,2.403814097161662,3.089693856732523,3.000200360178781,0.25344638323168844,0.043964600074104965,
4da1b9724b97,2026-09-25T10:47:29,tamzeed,master,deep_barrier,call,exact,control_variate,{},1024,252,3,22171411,LAPTOP-G689CP2J_AMD64,3.517183112960666,0.19149708444710123,3.1418557242999223,3.8925105016214094,3.545320563728301,0.028137450767635297,0.08154869999270886,"{""control"": ""european_terminal"", ""control_mean"": 7.1280646692617395, ""b_hat"": 0.7256808142540853, ""rho"": 0.8402504009685458, ""pilot_rho"": 0.8106751179200818, ""pilot_paths"": 256, ""total_paths_simulated"": 1280, ""plain_std_error"": 0.3518228392919806, ""observed_vrf"": 3.37538818503947, ""theoretical_vrf"": 3.4016004649737854}"
5bd895d5a03c,2026-09-25T10:47:29,tamzeed,master,paper_barrier,call,exact,control_variate,{},1024,252,3,3954930319,LAPTOP-G689CP2J_AMD64,7.098070889324386,0.009436246737871436,7.079576185568924,7.116565593079847,7.1055282627933245,0.007457373468938933,0.047539800056256354,"{""control"": ""european_terminal"", ""control_mean"": 7.1280646692617395, ""b_hat"": 1.002165152969771, ""rho"": 0.9996966273417787, ""pilot_rho"": 0.9990332836376997, ""pilot_paths"": 256, ""total_paths_simulated"": 1280, ""plain_std_error"": 0.38254550512302926, ""observed_vrf"": 1643.4921359055934, ""theoretical_vrf"": 1648.388017570873}"
a921ca764bac,2026-09-25T10:47:29,tamzeed,master,asian_arith,call,exact,control_variate,{},1024,252,3,311741,LAPTOP-G689CP2J_AMD64,3.155423796280759,0.005649070426736773,3.1443518216982245,3.1664957708632935,,,0.05028970004059374,"{""control"": ""geometric_asian"", ""control_mean"": 3.000200360178781, ""b_hat"": 1.0497252356266071, ""rho"": 0.9996032298517106, ""pilot_rho"": 0.9994527686381878, ""pilot_paths"": 256, ""total_paths_simulated"": 1280, ""plain_std_error"": 0.19442668002218852, ""observed_vrf"": 1184.5618522754341, ""theoretical_vrf"": 1260.4254991847179}"
6fef5841bbc7,2026-09-25T10:47:29,tamzeed,master,asian_arith,call,exact,plain,{},1024,252,3,235282852,LAPTOP-G689CP2J_AMD64,3.642113453524913,0.21436240858380515,3.221970853061395,4.062256053988431,,,0.020247899927198887,
5532636bdae4,2026-09-25T10:47:29,tamzeed,master,asian_arith,call,exact,rqmc,{},1024,252,3,204782784,LAPTOP-G689CP2J_AMD64,3.1519410645836294,nan,nan,nan,,,0.06802570004947484,"{""construction"": ""bridge"", ""sobol_dim"": 252, ""naive_iid_se"": 0.19076581570588205, ""se_valid"": false}"
923702ca0844,2026-09-25T10:47:29,tamzeed,master,deep_barrier,call,exact,rqmc,{},1024,252,3,2614842832,LAPTOP-G689CP2J_AMD64,3.34584964661052,nan,nan,nan,3.545320563728301,0.1994709171177811,0.06787350005470216,"{""construction"": ""bridge"", ""sobol_dim"": 252, ""naive_iid_se"": 0.35604828386958737, ""se_valid"": false}"
90267f374520,2026-09-25T10:47:29,tamzeed,master,paper_barrier,call,exact,importance,{},1024,252,3,2302922293,LAPTOP-G689CP2J_AMD64,7.084936584956072,0.1814245413904409,6.729351017919112,7.440522151993032,7.1055282627933245,0.020591677837252576,0.22782600007485598,"{""theta"": 0.6858575284033614, ""theta0"": 0.45723835226890763, ""ESS"": 631.5479548880088, ""ESS_frac"": 0.6167460496953211, ""max_weight"": 9.968166470887198, ""max_weight_share"": 0.009723251964033917, ""mean_weight"": 1.001160682170287, ""hit_rate_proposal"": 0.6806640625, ""pilot_paths"": 10000, ""total_paths_simulated"": 11024, ""theta_grid"": [[0.0, 206.77617645137656], [0.11430958806722691, 170.0983766736705], [0.22861917613445382, 142.54749581531428], [0.3429287642016807, 121.67511852493296], [0.45723835226890763, 105.76692752938808], [0.5715479403361345, 93.61113031752788], [0.6858575284033614, 84.34489487282696]]}"
57d4efa47117,2026-09-25T10:47:29,tamzeed,master,deep_barrier,call,exact,antithetic,{},1024,252,3,1788314601,LAPTOP-G689CP2J_AMD64,3.382696944305466,0.323642719640394,2.7483688699516997,4.017025018659232,3.545320563728301,0.1626236194228352,0.014849400031380355,"{""pairs"": 512, ""rho_pair"": -0.09659936381094548}"
aaf68ec95c32,2026-09-25T10:47:29,tamzeed,master,paper_barrier,call,exact,plain,{},1024,252,3,956074765,LAPTOP-G689CP2J_AMD64,7.125472298108056,0.38175282329568755,6.377250513452025,7.873694082764087,7.1055282627933245,0.019944035314731323,0.01635089993942529,
d3c63a3a2a23,2026-09-25T10:47:29,tamzeed,master,paper_barrier,call,exact,antithetic,{},1024,252,3,3688402435,LAPTOP-G689CP2J_AMD64,7.1285792182183085,0.3316402887191868,6.478576196506237,7.77858223993038,7.1055282627933245,0.023050955424984032,0.014403400011360645,"{""pairs"": 512, ""rho_pair"": -0.31149738318298104}"
517a1389de77,2026-09-25T10:47:29,tamzeed,master,paper_barrier,call,exact,rqmc,{},1024,252,3,3202690737,LAPTOP-G689CP2J_AMD64,7.0805986884961545,nan,nan,nan,7.1055282627933245,0.02492957429717002,0.06343420001212507,"{""construction"": ""bridge"", ""sobol_dim"": 252, ""naive_iid_se"": 0.39071498758201056, ""se_valid"": false}"
df0666fd82b2,2026-09-25T10:47:29,tamzeed,master,asian_arith,call,exact,antithetic,{},1024,252,3,1281140409,LAPTOP-G689CP2J_AMD64,3.3113828459720853,0.16312300363244325,2.9916676338025,3.6310980581416707,,,0.015374999959021807,"{""pairs"": 512, ""rho_pair"": -0.2890179691680423}"
a8c990aa81f0,2026-09-25T10:47:29,tamzeed,master,deep_barrier,call,exact,rqmc,{},4096,252,3,2289643,LAPTOP-G689CP2J_AMD64,3.3731402039169773,nan,nan,nan,3.545320563728301,0.17218035981132385,0.16267979994881898,"{""construction"": ""bridge"", ""sobol_dim"": 252, ""naive_iid_se"": 0.1793639854501968, ""se_valid"": false}"
418d45daac7e,2026-09-25T10:47:30,tamzeed,master,paper_asian_geo,call,exact,rqmc,{},4096,252,3,3187146036,LAPTOP-G689CP2J_AMD64,3.002227448334896,nan,nan,nan,3.000200360178781,0.0020270881561148535,0.18673109996598214,"{""construction"": ""bridge"", ""sobol_dim"": 252, ""naive_iid_se"": 0.09173512538749581, ""se_valid"": false}"
aeceb8183515,2026-09-25T10:47:30,tamzeed,master,deep_barrier,call,exact,importance,{},4096,252,3,1589375539,LAPTOP-G689CP2J_AMD64,3.4097445455254416,0.057739001812452194,3.2965781814697426,3.5229109095811406,3.545320563728301,0.13557601820285958,0.22299400006886572,"{""theta"": 1.6323611831060643, ""theta0"": 1.6323611831060643, ""ESS"": 425.2762489955547, ""ESS_frac"": 0.10382720922743034, ""max_weight"": 74.71845405121572, ""max_weight_share"": 0.019165085914580996, ""mean_weight"": 0.9518251132502896, ""hit_rate_proposal"": 0.599609375, ""pilot_paths"": 10000, ""total_paths_simulated"": 14096, ""theta_grid"": [[0.0, 143.57743661557043], [0.40809029577651607, 67.55228145372456], [0.8161805915530321, 39.26558410219081], [1.2242708873295483, 28.04534219416837], [1.6323611831060643, 24.51882056206718], [2.0404514788825803, 26.169147486876014], [2.4485417746590965, 34.04317233057214]]}"
cee4525cfc37,2026-09-25T10:47:30,tamzeed,master,paper_asian_geo,call,exact,antithetic,{},4096,252,3,2558777990,LAPTOP-G689CP2J_AMD64,2.947657770220963,0.07741389998989102,2.795929314337991,3.099386226103935,3.000200360178781,0.05254258995781802,0.06717000005301088,"{""pairs"": 2048, ""rho_pair"": -0.261873782333213}"
5938fafd7168,2026-09-25T10:47:30,tamzeed,master,deep_barrier,call,exact,antithetic,{},4096,252,3,3389710989,LAPTOP-G689CP2J_AMD64,3.583145221877969,0.17485861166294758,3.240428640631916,3.9258618031240218,3.545320563728301,0.037824658149667734,0.051718899980187416,"{""pairs"": 2048, ""rho_pair"": -0.09291409248269195}"
7d1bdaa95732,2026-09-25T10:47:30,tamzeed,master,deep_barrier,call,exact,plain,{},4096,252,3,2912845302,LAPTOP-G689CP2J_AMD64,3.5960688392581104,0.18684892731435293,3.229851671172036,3.9622860073441846,3.545320563728301,0.050748275529809206,0.06224949995521456,
5ba823b3b411,2026-09-25T10:47:30,tamzeed,master,deep_barrier,call,exact,control_variate,{},4096,252,3,2160121465,LAPTOP-G689CP2J_AMD64,3.5089190213015637,0.09916103440167535,3.3145669652045426,3.703271077398585,3.545320563728301,0.03640154242673743,0.07004589994903654,"{""control"": ""european_terminal"", ""control_mean"": 7.1280646692617395, ""b_hat"": 0.8451028913691825, ""rho"": 0.8491311282131818, ""pilot_rho"": 0.8739201264834974, ""pilot_paths"": 410, ""total_paths_simulated"": 4506, ""plain_std_error"": 0.18680534638782512, ""observed_vrf"": 3.5489224248020435, ""theoretical_vrf"": 3.584533535147106}"
f382e9e7d9cf,2026-09-25T10:47:30,tamzeed,master,asian_arith,call,exact,antithetic,{},4096,252,3,3999241477,LAPTOP-G689CP2J_AMD64,3.1073088250512804,0.08114020323809308,2.948276949006358,3.266340701096203,,,0.04499179997947067,"{""pairs"": 2048, ""rho_pair"": -0.26364978714063625}"
d02dfe184cec,2026-09-25T10:47:30,tamzeed,master,asian_arith,call,exact,rqmc,{},4096,252,3,1190057472,LAPTOP-G689CP2J_AMD64,3.1607415103449954,nan,nan,nan,,,0.17037370009347796,"{""construction"": ""bridge"", ""sobol_dim"": 252, ""naive_iid_se"": 0.09603735441120763, ""se_valid"": false}"
f0741dc6d026,2026-09-25T10:47:30,tamzeed,master,paper_asian_geo,call,exact,plain,{},4096,252,3,3781624005,LAPTOP-G689CP2J_AMD64,2.99213265508716,0.09298338088386585,2.8098885773940125,3.174376732780307,3.000200360178781,0.008067705091621136,0.07335800002329051,
bc3db34686b4,2026-09-25T10:47:30,tamzeed,master,paper_barrier,call,exact,plain,{},4096,252,3,739089705,LAPTOP-G689CP2J_AMD64,7.119878422328065,0.19651184442300837,6.73472228472343,7.5050345599326995,7.1055282627933245,0.014350159534740392,0.08957210008520633,
a07482d5771f,2026-09-25T10:47:31,tamzeed,master,asian_arith,call,exact,plain,{},4096,252,3,2374219070,LAPTOP-G689CP2J_AMD64,3.1246359206389984,0.09526219535809483,2.937925448648914,3.311346392629083,,,0.05996470001991838,
88535a906350,2026-09-25T10:47:31,tamzeed,master,paper_barrier,call,exact,importance,{},4096,252,3,3646580937,LAPTOP-G689CP2J_AMD64,7.272688728143808,0.09046117897001472,7.095388075363547,7.449989380924069,7.1055282627933245,0.16716046535048346,0.22900189994834363,"{""theta"": 0.6858575284033614, ""theta0"": 0.45723835226890763, ""ESS"": 2468.850316562287, ""ESS_frac"": 0.6027466593169646, ""max_weight"": 10.63031458901793, ""max_weight_share"": 0.0026050372674342594, ""mean_weight"": 0.996258932704482, ""hit_rate_proposal"": 0.68701171875, ""pilot_paths"": 10000, ""total_paths_simulated"": 14096, ""theta_grid"": [[0.0, 206.49075646067726], [0.11430958806722691, 169.8635018789098], [0.22861917613445382, 142.37404549787388], [0.3429287642016807, 121.56338556466038], [0.45723835226890763, 105.71280738977822], [0.5715479403361345, 93.60926257645058], [0.6858575284033614, 84.39019778200809]]}"
c47116449773,2026-09-25T10:47:31,tamzeed,master,asian_arith,call,exact,control_variate,{},4096,252,3,3307156103,LAPTOP-G689CP2J_AMD64,3.1613387968067657,0.002891868992191686,3.155670837734062,3.1670067558794694,,,0.09249440010171384,"{""control"": ""geometric_asian"", ""control_mean"": 3.000200360178781, ""b_hat"": 1.0479503456637749, ""rho"": 0.9995410943514187, ""pilot_rho"": 0.9994684322638479, ""pilot_paths"": 410, ""total_paths_simulated"": 4506, ""plain_std_error"": 0.09510132466528655, ""observed_vrf"": 1081.4735527647433, ""theoretical_vrf"": 1089.7986422449796}"
003bb0eb6532,2026-09-25T10:47:31,tamzeed,master,paper_barrier,call,exact,control_variate,{},4096,252,3,1220969263,LAPTOP-G689CP2J_AMD64,7.0923922266082595,0.005276929661652489,7.08204963452247,7.102734818694049,7.1055282627933245,0.013136036185064981,0.06143350002821535,"{""control"": ""european_terminal"", ""control_mean"": 7.1280646692617395, ""b_hat"": 1.0010805804280467, ""rho"": 0.9996412133058734, ""pilot_rho"": 0.9997587159715413, ""pilot_paths"": 410, ""total_paths_simulated"": 4506, ""plain_std_error"": 0.19700258062500284, ""observed_vrf"": 1393.738252305632, ""theoretical_vrf"": 1393.8357273388012}"
d1d7ce82bb92,2026-09-25T10:47:31,tamzeed,master,paper_barrier,call,exact,antithetic,{},4096,252,3,2702398924,LAPTOP-G689CP2J_AMD64,6.947114854687271,0.1615750550008137,6.630433566085598,7.263796143288944,7.1055282627933245,0.1584134081060533,0.056257399963214993,"{""pairs"": 2048, ""rho_pair"": -0.3114952998138538}"
af79334abaa5,2026-09-25T10:47:31,tamzeed,master,paper_barrier,call,exact,rqmc,{},4096,252,3,1009954560,LAPTOP-G689CP2J_AMD64,7.096416603735496,nan,nan,nan,7.1055282627933245,0.009111659057828625,0.16091750003397465,"{""construction"": ""bridge"", ""sobol_dim"": 252, ""naive_iid_se"": 0.19586423814643705, ""se_valid"": false}"
e7af21546359,2026-09-25T10:47:32,tamzeed,master,deep_barrier,call,exact,rqmc,{},16384,252,3,1076015000,LAPTOP-G689CP2J_AMD64,3.403297426124167,nan,nan,nan,3.545320563728301,0.14202313760413432,0.5951944999396801,"{""construction"": ""bridge"", ""sobol_dim"": 252, ""naive_iid_se"": 0.09017682835020491, ""se_valid"": false}"
d8810dd7ce10,2026-09-25T10:47:32,tamzeed,master,deep_barrier,call,exact,antithetic,{},16384,252,3,634344848,LAPTOP-G689CP2J_AMD64,3.5786732302922744,0.08837217449774026,3.4054669510412143,3.7518795095433344,3.545320563728301,0.03335266656397318,0.21917860000394285,"{""pairs"": 8192, ""rho_pair"": -0.09099133678407212}"
52cb65351578,2026-09-25T10:47:32,tamzeed,master,paper_asian_geo,call,exact,plain,{},16384,252,3,945604160,LAPTOP-G689CP2J_AMD64,2.989446186968464,0.045701990608498125,2.8998719313540198,3.079020442582908,3.000200360178781,0.01075417321031713,0.3032785999821499,
d4e21e238bda,2026-09-25T10:47:33,tamzeed,master,paper_barrier,call,exact,control_variate,{},16384,252,3,1845474628,LAPTOP-G689CP2J_AMD64,7.096995253788537,0.0023283500191787735,7.092431771607543,7.1015587359695305,7.1055282627933245,0.008533009004787928,0.2691447999095544,"{""control"": ""european_terminal"", ""control_mean"": 7.1280646692617395, ""b_hat"": 1.0008422156345913, ""rho"": 0.9997145330030871, ""pilot_rho"": 0.9996519872297688, ""pilot_paths"": 1639, ""total_paths_simulated"": 18023, ""plain_std_error"": 0.09745100280281532, ""observed_vrf"": 1751.765983954797, ""theoretical_vrf"": 1751.7659916731425}"
56706bda37e4,2026-09-25T10:47:33,tamzeed,master,paper_asian_geo,call,exact,rqmc,{},16384,252,3,4145281961,LAPTOP-G689CP2J_AMD64,2.998877502178434,nan,nan,nan,3.000200360178781,0.001322858000346816,0.6747311999788508,"{""construction"": ""bridge"", ""sobol_dim"": 252, ""naive_iid_se"": 0.04586597223377647, ""se_valid"": false}"
30e815618088,2026-09-25T10:47:34,tamzeed,master,paper_asian_geo,call,exact,antithetic,{},16384,252,3,3051499226,LAPTOP-G689CP2J_AMD64,3.0004872026499383,0.040093537155118084,2.921905313813088,3.0790690914867884,3.000200360178781,0.0002868424711572892,0.29281360004097223,"{""pairs"": 8192, ""rho_pair"": -0.2547793350162203}"
1dd065f99c4a,2026-09-25T10:47:34,tamzeed,master,deep_barrier,call,exact,control_variate,{},16384,252,3,2986537922,LAPTOP-G689CP2J_AMD64,3.3437748601710893,0.05008864726958306,3.245602915488376,3.4419468048538024,3.545320563728301,0.2015457035572119,0.29158749990165234,"{""control"": ""european_terminal"", ""control_mean"": 7.1280646692617395, ""b_hat"": 0.7462268768597011, ""rho"": 0.8225793941323044, ""pilot_rho"": 0.8197271759691217, ""pilot_paths"": 1639, ""total_paths_simulated"": 18023, ""plain_std_error"": 0.08808263249327318, ""observed_vrf"": 3.0924448664368756, ""theoretical_vrf"": 3.092498418097163}"
de4321a9b4a6,2026-09-25T10:47:34,tamzeed,master,paper_barrier,call,exact,plain,{},16384,252,3,1284449774,LAPTOP-G689CP2J_AMD64,7.12034190024899,0.09794566625532476,6.928371921946773,7.312311878551206,7.1055282627933245,0.01481363745566533,0.2477171999635175,
e59b887eb493,2026-09-25T10:47:34,tamzeed,master,deep_barrier,call,exact,importance,{},16384,252,3,869862902,LAPTOP-G689CP2J_AMD64,3.3583131047296857,0.02873698062115886,3.301989657687789,3.4146365517715824,3.545320563728301,0.18700745899861548,0.42302969994489104,"{""theta"": 1.6323611831060643, ""theta0"": 1.6323611831060643, ""ESS"": 1378.719819511335, ""ESS_frac"": 0.08415037960884612, ""max_weight"": 135.33498572603594, ""max_weight_share"": 0.007999344938607779, ""mean_weight"": 1.0326085527345372, ""hit_rate_proposal"": 0.589111328125, ""pilot_paths"": 10000, ""total_paths_simulated"": 26384, ""theta_grid"": [[0.0, 145.87589793904607], [0.40809029577651607, 68.88743595388557], [0.8161805915530321, 40.189213752581686], [1.2242708873295483, 28.811892714700452], [1.6323611831060643, 25.287042666912264], [2.0404514788825803, 27.10187448800069], [2.4485417746590965, 35.41513446967042]]}"
948c3468b11a,2026-09-25T10:47:35,tamzeed,master,asian_arith,call,exact,antithetic,{},16384,252,3,2180013362,LAPTOP-G689CP2J_AMD64,3.13037344243844,0.04092871966332835,3.0501546259649803,3.2105922589119,,,0.22337709995917976,"{""pairs"": 8192, ""rho_pair"": -0.2633968555027479}"
008d174f0ee6,2026-09-25T10:47:35,tamzeed,master,paper_barrier,call,exact,rqmc,{},16384,252,3,518167332,LAPTOP-G689CP2J_AMD64,7.092811606337424,nan,nan,nan,7.1055282627933245,0.012716656455900477,0.6571835000067949,"{""construction"": ""bridge"", ""sobol_dim"": 252, ""naive_iid_se"": 0.09804061650809547, ""se_valid"": false}"
531855526c51,2026-09-25T10:47:36,tamzeed,master,deep_barrier,call,exact,plain,{},16384,252,3,3633966080,LAPTOP-G689CP2J_AMD64,3.4586899945166367,0.09164169964837038,3.279075563723794,3.6383044253094794,3.545320563728301,0.08663056921166445,0.24618160002864897,
06dcc8b7d808,2026-09-25T10:47:36,tamzeed,master,paper_barrier,call,exact,importance,{},16384,252,3,3159442153,LAPTOP-G689CP2J_AMD64,7.081598476114214,0.04561908627249329,6.992186710012502,7.171010242215926,7.1055282627933245,0.023929786679110165,0.4023492999840528,"{""theta"": 0.6858575284033614, ""theta0"": 0.45723835226890763, ""ESS"": 10231.603348946013, ""ESS_frac"": 0.6244875090909432, ""max_weight"": 11.486173591314008, ""max_weight_share"": 0.0007002801770194965, ""mean_weight"": 1.0011141581135403, ""hit_rate_proposal"": 0.67462158203125, ""pilot_paths"": 10000, ""total_paths_simulated"": 26384, ""theta_grid"": [[0.0, 206.9208223910659], [0.11430958806722691, 170.2735783365456], [0.22861917613445382, 142.76294751483962], [0.3429287642016807, 121.93210709334018], [0.45723835226890763, 106.06356412852269], [0.5715479403361345, 93.94489574080177], [0.6858575284033614, 84.71382967994066]]}"
65c78cc53de0,2026-09-25T10:47:36,tamzeed,master,asian_arith,call,exact,control_variate,{},16384,252,3,1321555152,LAPTOP-G689CP2J_AMD64,3.1658953875476508,0.001573484791241793,3.1628114140265953,3.1689793610687063,,,0.373432100052014,"{""control"": ""geometric_asian"", ""control_mean"": 3.000200360178781, ""b_hat"": 1.045612705089651, ""rho"": 0.9994517682147886, ""pilot_rho"": 0.9995866446947178, ""pilot_paths"": 1639, ""total_paths_simulated"": 18023, ""plain_std_error"": 0.04751191046502574, ""observed_vrf"": 911.7586424840873, ""theoretical_vrf"": 912.2730732103593}"
e78d174d42a5,2026-09-25T10:47:37,tamzeed,master,paper_barrier,call,exact,antithetic,{},16384,252,3,2108951434,LAPTOP-G689CP2J_AMD64,7.043865969968724,0.08112982478774745,6.884854435312694,7.202877504624754,7.1055282627933245,0.06166229282460023,0.244721700088121,"{""pairs"": 8192, ""rho_pair"": -0.31531373477989416}"
c2dfbc24ecaf,2026-09-25T10:47:37,tamzeed,master,asian_arith,call,exact,rqmc,{},16384,252,3,885868659,LAPTOP-G689CP2J_AMD64,3.16463881669259,nan,nan,nan,,,0.6121280000079423,"{""construction"": ""bridge"", ""sobol_dim"": 252, ""naive_iid_se"": 0.04797365077560772, ""se_valid"": false}"
3126eee307b2,2026-09-25T10:47:38,tamzeed,master,asian_arith,call,exact,plain,{},16384,252,3,3245452872,LAPTOP-G689CP2J_AMD64,3.1983348753910414,0.04836388568888221,3.10354340128842,3.293126349493663,,,0.2516731000505388,
9ecfe9bcfda1,2026-09-25T10:47:40,tamzeed,master,paper_asian_geo,call,exact,rqmc,{},65536,252,3,1380982238,LAPTOP-G689CP2J_AMD64,3.0001973393819816,nan,nan,nan,3.000200360178781,3.020796799368952e-06,2.699977400014177,"{""construction"": ""bridge"", ""sobol_dim"": 252, ""naive_iid_se"": 0.02292396960456126, ""se_valid"": false}"
520c0de1feb3,2026-09-25T10:47:41,tamzeed,master,asian_arith,call,exact,plain,{},65536,252,3,4043773114,LAPTOP-G689CP2J_AMD64,3.1873397738559257,0.024052830974962455,3.14019709141877,3.2344824562930814,,,0.9715832999208942,
5efe79d4753b,2026-09-25T10:47:44,tamzeed,master,asian_arith,call,exact,rqmc,{},65536,252,3,2894314599,LAPTOP-G689CP2J_AMD64,3.1632253686190945,nan,nan,nan,,,2.3210553999524564,"{""construction"": ""bridge"", ""sobol_dim"": 252, ""naive_iid_se"": 0.023988284990719838, ""se_valid"": false}"
dcb4ae820f4b,2026-09-25T10:47:45,tamzeed,master,paper_barrier,call,exact,control_variate,{},65536,252,3,1932762721,LAPTOP-G689CP2J_AMD64,7.092333710212458,0.0012864922600166005,7.089812231716436,7.09485518870848,7.1055282627933245,0.01319455258086677,1.1268614999717101,"{""control"": ""european_terminal"", ""control_mean"": 7.1280646692617395, ""b_hat"": 1.0008517736155036, ""rho"": 0.9996600436052793, ""pilot_rho"": 0.9997114531708259, ""pilot_paths"": 6554, ""total_paths_simulated"": 72090, ""plain_std_error"": 0.049341960570869536, ""observed_vrf"": 1471.0195630521116, ""theoretical_vrf"": 1471.0269061366726}"
a20d23965130,2026-09-25T10:47:46,tamzeed,master,paper_barrier,call,exact,importance,{},65536,252,3,1403552008,LAPTOP-G689CP2J_AMD64,7.069743603083222,0.022892780623602595,7.024874577554985,7.11461262861146,7.1055282627933245,0.03578465971010214,1.150127200060524,"{""theta"": 0.6858575284033614, ""theta0"": 0.45723835226890763, ""ESS"": 40929.08523636258, ""ESS_frac"": 0.6245282781427396, ""max_weight"": 20.867422183408674, ""max_weight_share"": 0.0003166921369090139, ""mean_weight"": 1.0054294258219814, ""hit_rate_proposal"": 0.6693267822265625, ""pilot_paths"": 10000, ""total_paths_simulated"": 75536, ""theta_grid"": [[0.0, 207.04232770266273], [0.11430958806722691, 169.9878209169218], [0.22861917613445382, 142.24150340354115], [0.3429287642016807, 121.27426619125357], [0.45723835226890763, 105.32636995460024], [0.5715479403361345, 93.16030660016281], [0.6858575284033614, 83.89863489529428]]}"
d0762d86866a,2026-09-25T10:47:47,tamzeed,master,deep_barrier,call,exact,plain,{},65536,252,3,2051695417,LAPTOP-G689CP2J_AMD64,3.3980735316992843,0.04528915865929367,3.3093084118369482,3.4868386515616203,3.545320563728301,0.1472470320290169,0.9875911999261007,
e89057420bd2,2026-09-25T10:47:48,tamzeed,master,paper_barrier,call,exact,antithetic,{},65536,252,3,1859166917,LAPTOP-G689CP2J_AMD64,7.032551051283264,0.04027222349445772,6.953618943656779,7.111483158909748,7.1055282627933245,0.07297721151006087,0.9035452000098303,"{""pairs"": 32768, ""rho_pair"": -0.31756713512536844}"
dfc9c2600b7f,2026-09-25T10:47:49,tamzeed,master,asian_arith,call,exact,control_variate,{},65536,252,3,4041612005,LAPTOP-G689CP2J_AMD64,3.1630641796979555,0.0007688602097334783,3.1615572413777318,3.1645711180181793,,,1.4152362999739125,"{""control"": ""geometric_asian"", ""control_mean"": 3.000200360178781, ""b_hat"": 1.044087476888842, ""rho"": 0.9994842460633067, ""pilot_rho"": 0.9994816740584632, ""pilot_paths"": 6554, ""total_paths_simulated"": 72090, ""plain_std_error"": 0.02392162238286432, ""observed_vrf"": 968.0248128617354, ""theoretical_vrf"": 969.704613307459}"
13bf7b6fc244,2026-09-25T10:47:50,tamzeed,master,asian_arith,call,exact,antithetic,{},65536,252,3,1261404582,LAPTOP-G689CP2J_AMD64,3.1499403100725636,0.020517289777957498,3.109727161047395,3.1901534590977323,,,1.0633823000825942,"{""pairs"": 32768, ""rho_pair"": -0.2645204450644566}"
1a380e6d7bfa,2026-09-25T10:47:51,tamzeed,master,deep_barrier,call,exact,control_variate,{},65536,252,3,250074989,LAPTOP-G689CP2J_AMD64,3.3573035264989173,0.02506067865440511,3.3081854989081516,3.406421554089683,3.545320563728301,0.1880170372293839,0.6498299000086263,"{""control"": ""european_terminal"", ""control_mean"": 7.1280646692617395, ""b_hat"": 0.7510773166717297, ""rho"": 0.8274364536055883, ""pilot_rho"": 0.8233356442898203, ""pilot_paths"": 6554, ""total_paths_simulated"": 72090, ""plain_std_error"": 0.04462347063814217, ""observed_vrf"": 3.170596928338449, ""theoretical_vrf"": 3.171090660718869}"
3329bc518808,2026-09-25T10:47:51,tamzeed,master,deep_barrier,call,exact,importance,{},65536,252,3,391575120,LAPTOP-G689CP2J_AMD64,3.3936567843390537,0.014367511077877669,3.3654969800789334,3.421816588599174,3.545320563728301,0.15166377938924747,0.562257600016892,"{""theta"": 1.6323611831060643, ""theta0"": 1.6323611831060643, ""ESS"": 4619.55331166706, ""ESS_frac"": 0.070488789545701, ""max_weight"": 367.4234057179803, ""max_weight_share"": 0.005556609520872237, ""mean_weight"": 1.0089671090647303, ""hit_rate_proposal"": 0.596282958984375, ""pilot_paths"": 10000, ""total_paths_simulated"": 75536, ""theta_grid"": [[0.0, 143.45912647292408], [0.40809029577651607, 67.75414491987951], [0.8161805915530321, 39.551105389053056], [1.2242708873295483, 28.369776498032326], [1.6323611831060643, 24.899174560220164], [2.0404514788825803, 26.66059653862826], [2.4485417746590965, 34.75972193696914]]}"
7fd259e90368,2026-09-25T10:47:52,tamzeed,master,deep_barrier,call,exact,antithetic,{},65536,252,3,4091846407,LAPTOP-G689CP2J_AMD64,3.3947211030402755,0.04308204856674251,3.310281839469255,3.4791603666112962,3.545320563728301,0.15059946068802565,0.4197167999809608,"{""pairs"": 32768, ""rho_pair"": -0.08653179420504264}"
1f77512f3196,2026-09-25T10:47:52,tamzeed,master,paper_barrier,call,exact,plain,{},65536,252,3,1590708393,LAPTOP-G689CP2J_AMD64,6.9983970497307615,0.04847301116429013,6.903391693626545,7.093402405834978,7.1055282627933245,0.10713121306256301,0.5060182999586686,
8463baf47c98,2026-09-25T10:47:54,tamzeed,master,paper_barrier,call,exact,rqmc,{},65536,252,3,1532683607,LAPTOP-G689CP2J_AMD64,7.093986822879171,nan,nan,nan,7.1055282627933245,0.01154143991415335,1.1390083000296727,"{""construction"": ""bridge"", ""sobol_dim"": 252, ""naive_iid_se"": 0.04900261827114825, ""se_valid"": false}"
a181266a67af,2026-09-25T10:47:55,tamzeed,master,deep_barrier,call,exact,rqmc,{},65536,252,3,3970116681,LAPTOP-G689CP2J_AMD64,3.3938228542719764,nan,nan,nan,3.545320563728301,0.1514977094563248,1.0763533000135794,"{""construction"": ""bridge"", ""sobol_dim"": 252, ""naive_iid_se"": 0.045003152983190874, ""se_valid"": false}"
c340459e0fa7,2026-09-25T10:47:55,tamzeed,master,paper_asian_geo,call,exact,plain,{},65536,252,3,3016181160,LAPTOP-G689CP2J_AMD64,3.0057661003201788,0.023091227119429566,2.9605081268072624,3.051024073833095,3.000200360178781,0.005565740141397768,0.5979393000015989,
3121e9e6ed52,2026-09-25T10:47:56,tamzeed,master,paper_asian_geo,call,exact,antithetic,{},65536,252,3,1822858239,LAPTOP-G689CP2J_AMD64,3.014216859717953,0.01959517343948145,2.9758110255057537,3.0526226939301524,3.000200360178781,0.014016499539172056,0.7894180000294,"{""pairs"": 32768, ""rho_pair"": -0.265283645593927}"
9852c238ee65,2026-09-25T10:47:56,tamzeed,master,deep_barrier,call,exact,antithetic,{},256,252,4,2552038280,LAPTOP-G689CP2J_AMD64,2.2324081229670987,0.5071492189929949,1.2384139189532117,3.2264023269809856,3.545320563728301,1.3129124407612025,0.001583700068295002,"{""pairs"": 128, ""rho_pair"": -0.07160746725672382}"
073c2c68f307,2026-09-25T10:47:56,tamzeed,master,asian_arith,call,exact,antithetic,{},256,252,4,2009787956,LAPTOP-G689CP2J_AMD64,2.6537505178671856,0.3261740385732831,2.0144611495715723,3.293039886162799,,,0.0017444000113755465,"{""pairs"": 128, ""rho_pair"": -0.21032529524665844}"
99c3939b2bc1,2026-09-25T10:47:56,tamzeed,master,paper_barrier,call,exact,antithetic,{},256,252,4,2604284841,LAPTOP-G689CP2J_AMD64,6.498372989446151,0.642967036822832,5.238180754026962,7.75856522486534,7.1055282627933245,0.6071552733471739,0.0015604000072926283,"{""pairs"": 128, ""rho_pair"": -0.28678498455207535}"
221009a03e4d,2026-09-25T10:47:56,tamzeed,master,deep_barrier,call,exact,plain,{},256,252,4,1482761874,LAPTOP-G689CP2J_AMD64,3.360972480177562,0.7148803688481155,1.959832703980546,4.762112256374578,3.545320563728301,0.18434808355073917,0.0019865999929606915,
39b0247337d5,2026-09-25T10:47:56,tamzeed,master,asian_arith,call,exact,rqmc,{},256,252,4,2292049098,LAPTOP-G689CP2J_AMD64,3.0948425299005113,nan,nan,nan,,,0.012270299950614572,"{""construction"": ""bridge"", ""sobol_dim"": 252, ""naive_iid_se"": 0.3843845757802079, ""se_valid"": false}"
b6b56bf5ad79,2026-09-25T10:47:56,tamzeed,master,paper_barrier,call,exact,importance,{},256,252,4,3235219521,LAPTOP-G689CP2J_AMD64,7.165308722236352,0.3696892517789846,6.440731103277982,7.889886341194722,7.1055282627933245,0.05978045944302757,0.08490579994395375,"{""theta"": 0.6858575284033614, ""theta0"": 0.45723835226890763, ""ESS"": 169.71005653283387, ""ESS_frac"": 0.6629299083313823, ""max_weight"": 4.495563857980081, ""max_weight_share"": 0.018384097483968426, ""mean_weight"": 0.9552166667712854, ""hit_rate_proposal"": 0.66796875, ""pilot_paths"": 10000, ""total_paths_simulated"": 10256, ""theta_grid"": [[0.0, 208.33413545966997], [0.11430958806722691, 171.24466782829688], [0.22861917613445382, 143.42463294448464], [0.3429287642016807, 122.37267579017224], [0.45723835226890763, 106.34228406885744], [0.5715479403361345, 94.10183235524619], [0.6858575284033614, 84.77611254949575]]}"
160bd7b91969,2026-09-25T10:47:56,tamzeed,master,paper_asian_geo,call,exact,antithetic,{},256,252,4,2002236466,LAPTOP-G689CP2J_AMD64,2.9559655815624017,0.27581019387644506,2.41538753499556,3.4965436281292437,3.000200360178781,0.044234778616379256,0.0023128000320866704,"{""pairs"": 128, ""rho_pair"": -0.30793728795298714}"
64a2141696f4,2026-09-25T10:47:56,tamzeed,master,asian_arith,call,exact,control_variate,{},256,252,4,4282848518,LAPTOP-G689CP2J_AMD64,3.1599777826079776,0.011484484771196625,3.1374686060754335,3.1824869591405216,,,0.004033499979414046,"{""control"": ""geometric_asian"", ""control_mean"": 3.000200360178781, ""b_hat"": 1.0530580055016747, ""rho"": 0.9995721433343774, ""pilot_rho"": 0.9991822925732973, ""pilot_paths"": 256, ""total_paths_simulated"": 512, ""plain_std_error"": 0.3601563271725584, ""observed_vrf"": 983.4653544820035, ""theoretical_vrf"": 1168.865714236831}"
78deba9a8790,2026-09-25T10:47:56,tamzeed,master,deep_barrier,call,exact,rqmc,{},256,252,4,4055997218,LAPTOP-G689CP2J_AMD64,3.5625291300186834,nan,nan,nan,3.545320563728301,0.017208566290382254,0.018292399938218296,"{""construction"": ""bridge"", ""sobol_dim"": 252, ""naive_iid_se"": 0.7563355191060521, ""se_valid"": false}"
6566e0cc653a,2026-09-25T10:47:56,tamzeed,master,deep_barrier,call,exact,importance,{},256,252,4,1764457456,LAPTOP-G689CP2J_AMD64,3.214138847478098,0.22059771236302136,2.78177527617465,3.6465024187815462,3.545320563728301,0.3311817162502031,0.06949759996496141,"{""theta"": 1.6323611831060643, ""theta0"": 1.6323611831060643, ""ESS"": 49.612145242510515, ""ESS_frac"": 0.1937974423535567, ""max_weight"": 17.194581582678623, ""max_weight_share"": 0.0793648217961327, ""mean_weight"": 0.8462985588233407, ""hit_rate_proposal"": 0.578125, ""pilot_paths"": 10000, ""total_paths_simulated"": 10256, ""theta_grid"": [[0.0, 143.42185906496806], [0.40809029577651607, 67.80232879076097], [0.8161805915530321, 39.63615010654388], [1.2242708873295483, 28.482092689492866], [1.6323611831060643, 25.048132221146233], [2.0404514788825803, 26.875721736539592], [2.4485417746590965, 35.111409207319]]}"
0ef5805f38f7,2026-09-25T10:47:56,tamzeed,master,paper_barrier,call,exact,rqmc,{},256,252,4,694828773,LAPTOP-G689CP2J_AMD64,7.079169224849529,nan,nan,nan,7.1055282627933245,0.026359037943795904,0.01606049994006753,"{""construction"": ""bridge"", ""sobol_dim"": 252, ""naive_iid_se"": 0.7769310932409238, ""se_valid"": false}"
4635ad74f2cd,2026-09-25T10:47:56,tamzeed,master,paper_barrier,call,exact,plain,{},256,252,4,388618812,LAPTOP-G689CP2J_AMD64,6.7480606759802155,0.8358719697600165,5.10978171956403,8.386339632396401,7.1055282627933245,0.357467586813109,0.0021428000181913376,
06e93fdadfb8,2026-09-25T10:47:56,tamzeed,master,deep_barrier,call,exact,control_variate,{},256,252,4,3640709874,LAPTOP-G689CP2J_AMD64,3.6584198509475057,0.40168790336937465,2.871126027318126,4.4457136745768855,3.545320563728301,0.11309928721920448,0.00371740001719445,"{""control"": ""european_terminal"", ""control_mean"": 7.1280646692617395, ""b_hat"": 0.7498791257977238, ""rho"": 0.8528125905627565, ""pilot_rho"": 0.8288134775015482, ""pilot_paths"": 256, ""total_paths_simulated"": 512, ""plain_std_error"": 0.7673533556488629, ""observed_vrf"": 3.649331253753671, ""theoretical_vrf"": 3.666889687931498}"
5b72cbe48691,2026-09-25T10:47:56,tamzeed,master,paper_asian_geo,call,exact,rqmc,{},256,252,4,336845435,LAPTOP-G689CP2J_AMD64,2.987763661435273,nan,nan,nan,3.000200360178781,0.012436698743508057,0.012230299995280802,"{""construction"": ""bridge"", ""sobol_dim"": 252, ""naive_iid_se"": 0.36263218580121265, ""se_valid"": false}"
f42a1eef5426,2026-09-25T10:47:56,tamzeed,master,paper_asian_geo,call,exact,plain,{},256,252,4,1703003273,LAPTOP-G689CP2J_AMD64,2.4307611601396646,0.31394919263873383,1.8154320495923189,3.04609027068701,3.000200360178781,0.5694392000391164,0.0016780000878497958,
beb217d11d94,2026-09-25T10:47:56,tamzeed,master,paper_barrier,call,exact,control_variate,{},256,252,4,1489780622,LAPTOP-G689CP2J_AMD64,7.099074747748322,0.017976001621265326,7.063842431984608,7.134307063512035,7.1055282627933245,0.006453515045002689,0.003035999950952828,"{""control"": ""european_terminal"", ""control_mean"": 7.1280646692617395, ""b_hat"": 1.0009081844257357, ""rho"": 0.9997649938733353, ""pilot_rho"": 0.9995899812800175, ""pilot_paths"": 256, ""total_paths_simulated"": 512, ""plain_std_error"": 0.829198475352086, ""observed_vrf"": 2127.799941476102, ""theoretical_vrf"": 2127.854135264449}"
c3eab8da042d,2026-09-25T10:47:56,tamzeed,master,asian_arith,call,exact,plain,{},256,252,4,2894228799,LAPTOP-G689CP2J_AMD64,4.35559813430856,0.5090312809764292,3.35791515659047,5.35328111202665,,,0.0012524999910965562,
5c8fcb0465c3,2026-09-25T10:47:56,tamzeed,master,paper_asian_geo,call,exact,antithetic,{},1024,252,4,1507833932,LAPTOP-G689CP2J_AMD64,3.1033238941776093,0.16639813925934735,2.7771895341348083,3.4294582542204104,3.000200360178781,0.10312353399882834,0.006797799956984818,"{""pairs"": 512, ""rho_pair"": -0.2538172940564811}"
32fcbdccbac0,2026-09-25T10:47:56,tamzeed,master,asian_arith,call,exact,rqmc,{},1024,252,4,2673585810,LAPTOP-G689CP2J_AMD64,3.1652517386135974,nan,nan,nan,,,0.022339300019666553,"{""construction"": ""bridge"", ""sobol_dim"": 252, ""naive_iid_se"": 0.19219071952330422, ""se_valid"": false}"
f44266df867c,2026-09-25T10:47:56,tamzeed,master,asian_arith,call,exact,plain,{},1024,252,4,2083160684,LAPTOP-G689CP2J_AMD64,3.5134647502103253,0.20253946711152737,3.116494689223797,3.9104348111968537,,,0.006742700003087521,
21086878d1ce,2026-09-25T10:47:56,tamzeed,master,asian_arith,call,exact,control_variate,{},1024,252,4,101473498,LAPTOP-G689CP2J_AMD64,3.158105499306547,0.006416780764983697,3.1455288401104897,3.1706821585026046,,,0.009899300057440996,"{""control"": ""geometric_asian"", ""control_mean"": 3.000200360178781, ""b_hat"": 1.0487241131736524, ""rho"": 0.9994718006778748, ""pilot_rho"": 0.9994517969020109, ""pilot_paths"": 256, ""total_paths_simulated"": 1280, ""plain_std_error"": 0.1948813343135802, ""observed_vrf"": 922.3719472989568, ""theoretical_vrf"": 946.862413040938}"
69d31c056aa3,2026-09-25T10:47:56,tamzeed,master,deep_barrier,call,exact,importance,{},1024,252,4,3838464755,LAPTOP-G689CP2J_AMD64,3.3221369099586537,0.10939249010456381,3.1077315691745544,3.536542250742753,3.545320563728301,0.22318365376964744,0.08187909994740039,"{""theta"": 1.6323611831060643, ""theta0"": 1.6323611831060643, ""ESS"": 104.15699869959047, ""ESS_frac"": 0.10171581904256882, ""max_weight"": 52.24381663470545, ""max_weight_share"": 0.054240242898129586, ""mean_weight"": 0.9406180624624174, ""hit_rate_proposal"": 0.6025390625, ""pilot_paths"": 10000, ""total_paths_simulated"": 11024, ""theta_grid"": [[0.0, 147.9455253116005], [0.40809029577651607, 70.1895539275112], [0.8161805915530321, 41.13325681443379], [1.2242708873295483, 29.60669746262355], [1.6323611831060643, 26.06560064894542], [2.0404514788825803, 27.988728100383362], [2.4485417746590965, 36.586914770346354]]}"
0a736e9d7955,2026-09-25T10:47:56,tamzeed,master,paper_asian_geo,call,exact,rqmc,{},1024,252,4,3025465408,LAPTOP-G689CP2J_AMD64,2.99461929503663,nan,nan,nan,3.000200360178781,0.005581065142151065,0.034422699944116175,"{""construction"": ""bridge"", ""sobol_dim"": 252, ""naive_iid_se"": 0.18349487384484064, ""se_valid"": false}"
2c45d8f75214,2026-09-25T10:47:56,tamzeed,master,deep_barrier,call,exact,plain,{},1024,252,4,3624531219,LAPTOP-G689CP2J_AMD64,3.3380661754453294,0.3451463572920583,2.6615917457577014,4.014540605132957,3.545320563728301,0.20725438828297182,0.0055605999659746885,
f243e6f7149d,2026-09-25T10:47:56,tamzeed,master,asian_arith,call,exact,antithetic,{},1024,252,4,1145549727,LAPTOP-G689CP2J_AMD64,3.177030542611769,0.15989298810726912,2.8636460445410306,3.4904150406825076,,,0.007522600004449487,"{""pairs"": 512, ""rho_pair"": -0.2790267810733573}"
5a7946a7f988,2026-09-25T10:47:56,tamzeed,master,paper_barrier,call,exact,control_variate,{},1024,252,4,977116429,LAPTOP-G689CP2J_AMD64,7.096411548952284,0.01028482856347632,7.076253655380702,7.116569442523867,7.1055282627933245,0.00911671384104018,0.010253200074657798,"{""control"": ""european_terminal"", ""control_mean"": 7.1280646692617395, ""b_hat"": 1.000963439885449, ""rho"": 0.9996237711557018, ""pilot_rho"": 0.9998088939484878, ""pilot_paths"": 256, ""total_paths_simulated"": 1280, ""plain_std_error"": 0.3749611357454177, ""observed_vrf"": 1329.1634740287877, ""theoretical_vrf"": 1329.2284270249663}"
dd808f21ff7a,2026-09-25T10:47:56,tamzeed,master,paper_barrier,call,exact,antithetic,{},1024,252,4,970842779,LAPTOP-G689CP2J_AMD64,7.275386935884084,0.34224902414223757,6.604591174821319,7.946182696946849,7.1055282627933245,0.16985867309075964,0.008330599986948073,"{""pairs"": 512, ""rho_pair"": -0.30640895675698687}"
4648c124bf1a,2026-09-25T10:47:57,tamzeed,master,deep_barrier,call,exact,rqmc,{},1024,252,4,4212320556,LAPTOP-G689CP2J_AMD64,3.330881431867652,nan,nan,nan,3.545320563728301,0.2144391318606491,0.02637539990246296,"{""construction"": ""bridge"", ""sobol_dim"": 252, ""naive_iid_se"": 0.35717351821553533, ""se_valid"": false}"
8920855270ec,2026-09-25T10:47:57,tamzeed,master,paper_asian_geo,call,exact,plain,{},1024,252,4,2674651125,LAPTOP-G689CP2J_AMD64,2.9646970392682013,0.18749138192860643,2.597220683276489,3.3321733952599137,3.000200360178781,0.03550332091057973,0.008219599956646562,
00851425bba7,2026-09-25T10:47:57,tamzeed,master,paper_barrier,call,exact,plain,{},1024,252,4,1032900892,LAPTOP-G689CP2J_AMD64,6.894593911121743,0.38806268016567214,6.134005034252939,7.6551827879905465,7.1055282627933245,0.2109343516715816,0.005384700023569167,
8c03c765973c,2026-09-25T10:47:57,tamzeed,master,deep_barrier,call,exact,control_variate,{},1024,252,4,3540318552,LAPTOP-G689CP2J_AMD64,3.3542707005330015,0.20339814558061264,2.955617660672766,3.752923740393237,3.545320563728301,0.1910498631952997,0.0074124999810010195,"{""control"": ""european_terminal"", ""control_mean"": 7.1280646692617395, ""b_hat"": 0.8820469489920073, ""rho"": 0.8505781528547783, ""pilot_rho"": 0.903245274145813, ""pilot_paths"": 256, ""total_paths_simulated"": 1280, ""plain_std_error"": 0.3809134654107843, ""observed_vrf"": 3.5071849807381144, ""theoretical_vrf"": 3.6164167193936017}"
07106fe32e54,2026-09-25T10:47:57,tamzeed,master,paper_barrier,call,exact,rqmc,{},1024,252,4,3472691444,LAPTOP-G689CP2J_AMD64,7.102357076177136,nan,nan,nan,7.1055282627933245,0.003171186616188315,0.02172950003296137,"{""construction"": ""bridge"", ""sobol_dim"": 252, ""naive_iid_se"": 0.39339544500409857, ""se_valid"": false}"
9780d38e5980,2026-09-25T10:47:57,tamzeed,master,paper_barrier,call,exact,importance,{},1024,252,4,227933807,LAPTOP-G689CP2J_AMD64,7.395290813415757,0.18402759247886114,7.034603359995575,7.755978266835939,7.1055282627933245,0.2897625506224326,0.0781331000616774,"{""theta"": 0.6858575284033614, ""theta0"": 0.45723835226890763, ""ESS"": 635.3473908964785, ""ESS_frac"": 0.6204564364223423, ""max_weight"": 6.867357364536151, ""max_weight_share"": 0.006837948673763898, ""mean_weight"": 0.9807625058720052, ""hit_rate_proposal"": 0.6845703125, ""pilot_paths"": 10000, ""total_paths_simulated"": 11024, ""theta_grid"": [[0.0, 205.5904079183377], [0.11430958806722691, 169.07531494443788], [0.22861917613445382, 141.71661252568447], [0.3429287642016807, 121.03440357387132], [0.45723835226890763, 105.30095247731828], [0.5715479403361345, 93.3003184205692], [0.6858575284033614, 84.17007401079785]]}"
ad603732e9d3,2026-09-25T10:47:57,tamzeed,master,deep_barrier,call,exact,antithetic,{},1024,252,4,1861066479,LAPTOP-G689CP2J_AMD64,3.2502166316053387,0.346852828867597,2.570397579089014,3.9300356841216635,3.545320563728301,0.2951039321229625,0.005302500096149743,"{""pairs"": 512, ""rho_pair"": -0.07965823260049977}"
17f038ab8f86,2026-09-25T10:47:57,tamzeed,master,deep_barrier,call,exact,importance,{},4096,252,4,396195458,LAPTOP-G689CP2J_AMD64,3.399254140741028,0.05670663531668882,3.288111177835871,3.510397103646185,3.545320563728301,0.14606642298727301,0.0926683999132365,"{""theta"": 1.6323611831060643, ""theta0"": 1.6323611831060643, ""ESS"": 438.772481164591, ""ESS_frac"": 0.10712218778432397, ""max_weight"": 75.72695967861333, ""max_weight_share"": 0.02034736755394484, ""mean_weight"": 0.908620106078641, ""hit_rate_proposal"": 0.60400390625, ""pilot_paths"": 10000, ""total_paths_simulated"": 14096, ""theta_grid"": [[0.0, 144.3156174507033], [0.40809029577651607, 68.16352095810439], [0.8161805915530321, 39.79024780297201], [1.2242708873295483, 28.54175664080272], [1.6323611831060643, 25.052317360874323], [2.0404514788825803, 26.83042800305878], [2.4485417746590965, 34.99606261977844]]}"
67793a7567e5,2026-09-25T10:47:57,tamzeed,master,paper_barrier,call,exact,plain,{},4096,252,4,749331010,LAPTOP-G689CP2J_AMD64,7.111484679213503,0.2024913364654403,6.714608952559858,7.5083604058671485,7.1055282627933245,0.005956416420178634,0.030652299989014864,
cde9c3818b32,2026-09-25T10:47:57,tamzeed,master,deep_barrier,call,exact,plain,{},4096,252,4,447362761,LAPTOP-G689CP2J_AMD64,3.513640460378421,0.18104522795038092,3.15879833402283,3.868482586734012,3.545320563728301,0.03168010334988036,0.03251029993407428,
11c1429964cc,2026-09-25T10:47:57,tamzeed,master,asian_arith,call,exact,antithetic,{},4096,252,4,1668987307,LAPTOP-G689CP2J_AMD64,3.227541658955348,0.08104223205684558,3.068701802897193,3.386381515013503,,,0.03693230007775128,"{""pairs"": 2048, ""rho_pair"": -0.2796080326883982}"
f832d2db5256,2026-09-25T10:47:57,tamzeed,master,asian_arith,call,exact,rqmc,{},4096,252,4,1059715795,LAPTOP-G689CP2J_AMD64,3.16021346757035,nan,nan,nan,,,0.07925289997365326,"{""construction"": ""bridge"", ""sobol_dim"": 252, ""naive_iid_se"": 0.09595020300751943, ""se_valid"": false}"
2e8e22cbbe10,2026-09-25T10:47:57,tamzeed,master,deep_barrier,call,exact,control_variate,{},4096,252,4,1879179849,LAPTOP-G689CP2J_AMD64,3.4914113730033263,0.09830913114433504,3.2987290166090046,3.684093729397648,3.545320563728301,0.05390919072497491,0.030819399980828166,"{""control"": ""european_terminal"", ""control_mean"": 7.1280646692617395, ""b_hat"": 0.7377266805663308, ""rho"": 0.8337900699387694, ""pilot_rho"": 0.8110910349435934, ""pilot_paths"": 410, ""total_paths_simulated"": 4506, ""plain_std_error"": 0.1777422528787846, ""observed_vrf"": 3.2688398626294624, ""theoretical_vrf"": 3.280903195869169}"
21ad326a0aaf,2026-09-25T10:47:57,tamzeed,master,paper_asian_geo,call,exact,plain,{},4096,252,4,3950569895,LAPTOP-G689CP2J_AMD64,2.9923877371938525,0.09247149150467301,2.8111469442479917,3.1736285301397134,3.000200360178781,0.007812622984928463,0.03792759997304529,
5299b54297dc,2026-09-25T10:47:57,tamzeed,master,asian_arith,call,exact,plain,{},4096,252,4,2186272633,LAPTOP-G689CP2J_AMD64,3.2209560270475603,0.09894218692109998,3.0270329041305746,3.414879149964546,,,0.027769900043495,
c8f4971952f9,2026-09-25T10:47:57,tamzeed,master,paper_asian_geo,call,exact,antithetic,{},4096,252,4,469775434,LAPTOP-G689CP2J_AMD64,3.049928188213884,0.07858851490007326,2.895897529411251,3.203958847016517,3.000200360178781,0.049727828035103006,0.03287950006779283,"{""pairs"": 2048, ""rho_pair"": -0.2690237389877083}"
29166a6d6125,2026-09-25T10:47:57,tamzeed,master,paper_barrier,call,exact,rqmc,{},4096,252,4,3550018647,LAPTOP-G689CP2J_AMD64,7.092056619867894,nan,nan,nan,7.1055282627933245,0.013471642925430238,0.07949699996970594,"{""construction"": ""bridge"", ""sobol_dim"": 252, ""naive_iid_se"": 0.1958515293498014, ""se_valid"": false}"
bec10ed30607,2026-09-25T10:47:57,tamzeed,master,paper_barrier,call,exact,control_variate,{},4096,252,4,524036830,LAPTOP-G689CP2J_AMD64,7.098713842231467,0.004885228182841423,7.089138970936838,7.108288713526096,7.1055282627933245,0.006814420561857659,0.036861500004306436,"{""control"": ""european_terminal"", ""control_mean"": 7.1280646692617395, ""b_hat"": 1.0008565402618745, ""rho"": 0.9996894687964556, ""pilot_rho"": 0.9997207635634826, ""pilot_paths"": 410, ""total_paths_simulated"": 4506, ""plain_std_error"": 0.19603889334921779, ""observed_vrf"": 1610.32960294765, ""theoretical_vrf"": 1610.3941863123098}"
06cf02d02ec8,2026-09-25T10:47:57,tamzeed,master,deep_barrier,call,exact,antithetic,{},4096,252,4,2114758565,LAPTOP-G689CP2J_AMD64,3.312732181488351,0.16793740016230532,2.9835809255129417,3.6418834374637603,3.545320563728301,0.23258838223995015,0.026346900034695864,"{""pairs"": 2048, ""rho_pair"": -0.08671820006844926}"
f41aed47a9bf,2026-09-25T10:47:57,tamzeed,master,deep_barrier,call,exact,rqmc,{},4096,252,4,3222093459,LAPTOP-G689CP2J_AMD64,3.4685172857484057,nan,nan,nan,3.545320563728301,0.0768032779798955,0.08944859995972365,"{""construction"": ""bridge"", ""sobol_dim"": 252, ""naive_iid_se"": 0.18090300528551592, ""se_valid"": false}"
c35fa6a4c0cc,2026-09-25T10:47:57,tamzeed,master,paper_barrier,call,exact,importance,{},4096,252,4,3211220458,LAPTOP-G689CP2J_AMD64,7.066667632833598,0.09086502381561953,6.888575458700609,7.244759806966586,7.1055282627933245,0.03886062995972672,0.10490409994963557,"{""theta"": 0.6858575284033614, ""theta0"": 0.45723835226890763, ""ESS"": 2639.05633691793, ""ESS_frac"": 0.644300863505354, ""max_weight"": 6.797243059550067, ""max_weight_share"": 0.0016766538331067788, ""mean_weight"": 0.9897589687672759, ""hit_rate_proposal"": 0.67724609375, ""pilot_paths"": 10000, ""total_paths_simulated"": 14096, ""theta_grid"": [[0.0, 207.08070129754915], [0.11430958806722691, 169.90596239242862], [0.22861917613445382, 142.0823626069883], [0.3429287642016807, 121.069240570413], [0.45723835226890763, 105.09697898718882], [0.5715479403361345, 92.9205631329017], [0.6858575284033614, 83.65719215988554]]}"
f0dbb8b92ad8,2026-09-25T10:47:57,tamzeed,master,paper_asian_geo,call,exact,rqmc,{},4096,252,4,28607778,LAPTOP-G689CP2J_AMD64,3.0001246187798314,nan,nan,nan,3.000200360178781,7.574139894961363e-05,0.07344350009225309,"{""construction"": ""bridge"", ""sobol_dim"": 252, ""naive_iid_se"": 0.09186254723485167, ""se_valid"": false}"
7605aa8943f8,2026-09-25T10:47:58,tamzeed,master,asian_arith,call,exact,control_variate,{},4096,252,4,1592365932,LAPTOP-G689CP2J_AMD64,3.1596860828832303,0.0031458673940151813,3.1535202960908215,3.165851869675639,,,0.03623710002284497,"{""control"": ""geometric_asian"", ""control_mean"": 3.000200360178781, ""b_hat"": 1.0561308934297835, ""rho"": 0.9995423926459985, ""pilot_rho"": 0.9992175317781207, ""pilot_paths"": 410, ""total_paths_simulated"": 4506, ""plain_std_error"": 0.09703691806889417, ""observed_vrf"": 951.4657623906252, ""theoretical_vrf"": 1092.8898402678167}"
9e968faad85f,2026-09-25T10:47:58,tamzeed,master,paper_barrier,call,exact,antithetic,{},4096,252,4,1797792444,LAPTOP-G689CP2J_AMD64,7.055050336958702,0.16625832278051472,6.729190012178858,7.380910661738547,7.1055282627933245,0.050477925834622184,0.022266399930231273,"{""pairs"": 2048, ""rho_pair"": -0.30553840496203993}"
307e0454ba46,2026-09-25T10:47:58,tamzeed,master,paper_asian_geo,call,exact,antithetic,{},16384,252,4,2043638503,LAPTOP-G689CP2J_AMD64,2.9750601681387128,0.0388338861240745,2.898947149955797,3.0511731863216287,3.000200360178781,0.025140192040068232,0.13647889997810125,"{""pairs"": 8192, ""rho_pair"": -0.26377831850144007}"
f057bfd5d571,2026-09-25T10:47:58,tamzeed,master,paper_barrier,call,exact,antithetic,{},16384,252,4,3788697219,LAPTOP-G689CP2J_AMD64,7.0695247879213845,0.08126572245232216,6.910246898737205,7.228802677105564,7.1055282627933245,0.03600347487194,0.09861240000464022,"{""pairs"": 8192, ""rho_pair"": -0.3156337936232983}"
fb5d43edb989,2026-09-25T10:47:58,tamzeed,master,deep_barrier,call,exact,plain,{},16384,252,4,2070710627,LAPTOP-G689CP2J_AMD64,3.2730088637376467,0.0886454634750029,3.09926694793378,3.4467507795415133,3.545320563728301,0.2723116999906545,0.10331949999090284,
67218c7df86a,2026-09-25T10:47:58,tamzeed,master,paper_barrier,call,exact,rqmc,{},16384,252,4,433594709,LAPTOP-G689CP2J_AMD64,7.094219426901606,nan,nan,nan,7.1055282627933245,0.01130883589171816,0.2753723000641912,"{""construction"": ""bridge"", ""sobol_dim"": 252, ""naive_iid_se"": 0.0980007366408068, ""se_valid"": false}"
52ab78000101,2026-09-25T10:47:58,tamzeed,master,asian_arith,call,exact,antithetic,{},16384,252,4,1372812501,LAPTOP-G689CP2J_AMD64,3.208629897787734,0.04236806878952057,3.125590008865758,3.29166978670971,,,0.10193780006375164,"{""pairs"": 8192, ""rho_pair"": -0.25930967891288803}"
03dcf6e50014,2026-09-25T10:47:58,tamzeed,master,paper_asian_geo,call,exact,plain,{},16384,252,4,2040841811,LAPTOP-G689CP2J_AMD64,2.9901891936131784,0.045359449223211404,2.9012863067771106,3.079092080449246,3.000200360178781,0.010011166565602636,0.1378145000198856,
40c810010158,2026-09-25T10:47:59,tamzeed,master,paper_barrier,call,exact,importance,{},16384,252,4,4037011628,LAPTOP-G689CP2J_AMD64,7.035941171307513,0.0456733190097424,6.94642311099401,7.125459231621017,7.1055282627933245,0.06958709148581121,0.17169620003551245,"{""theta"": 0.6858575284033614, ""theta0"": 0.45723835226890763, ""ESS"": 10447.952104303988, ""ESS_frac"": 0.6376923891787102, ""max_weight"": 11.844132849546167, ""max_weight_share"": 0.0007228466036343156, ""mean_weight"": 1.0000856274113779, ""hit_rate_proposal"": 0.6685791015625, ""pilot_paths"": 10000, ""total_paths_simulated"": 26384, ""theta_grid"": [[0.0, 212.43025585926807], [0.11430958806722691, 174.34407796559927], [0.22861917613445382, 145.81737515176366], [0.3429287642016807, 124.25823387938576], [0.45723835226890763, 107.85940412682383], [0.5715479403361345, 95.34815099281641], [0.6858575284033614, 85.8211750042991]]}"
1f9a351bcdb2,2026-09-25T10:47:59,tamzeed,master,paper_asian_geo,call,exact,rqmc,{},16384,252,4,3962644992,LAPTOP-G689CP2J_AMD64,2.998673599582279,nan,nan,nan,3.000200360178781,0.0015267605965019193,0.28748619998805225,"{""construction"": ""bridge"", ""sobol_dim"": 252, ""naive_iid_se"": 0.04584358902334431, ""se_valid"": false}"
d20feada6bcc,2026-09-25T10:47:59,tamzeed,master,deep_barrier,call,exact,antithetic,{},16384,252,4,2611969435,LAPTOP-G689CP2J_AMD64,3.511413090339669,0.08714751709515672,3.340607095491073,3.6822190851882652,3.545320563728301,0.03390747338863198,0.10746799991466105,"{""pairs"": 8192, ""rho_pair"": -0.09017368922264973}"
6850efe765a1,2026-09-25T10:47:59,tamzeed,master,asian_arith,call,exact,control_variate,{},16384,252,4,382378461,LAPTOP-G689CP2J_AMD64,3.1634859420212154,0.0015542801486361885,3.160439608908003,3.166532275134428,,,0.14340029994491488,"{""control"": ""geometric_asian"", ""control_mean"": 3.000200360178781, ""b_hat"": 1.0419715917859345, ""rho"": 0.9994852066133295, ""pilot_rho"": 0.9994935792742281, ""pilot_paths"": 1639, ""total_paths_simulated"": 18023, ""plain_std_error"": 0.04812209589497887, ""observed_vrf"": 958.5846449989352, ""theoretical_vrf"": 971.5135128607261}"
aeb5500828b9,2026-09-25T10:47:59,tamzeed,master,paper_barrier,call,exact,control_variate,{},16384,252,4,3333558366,LAPTOP-G689CP2J_AMD64,7.097266544301381,0.0023800325018622473,7.092601766315696,7.101931322287066,7.1055282627933245,0.008261718491943348,0.12859099998604506,"{""control"": ""european_terminal"", ""control_mean"": 7.1280646692617395, ""b_hat"": 1.001025482981589, ""rho"": 0.9997093147518915, ""pilot_rho"": 0.9997359766755272, ""pilot_paths"": 1639, ""total_paths_simulated"": 18023, ""plain_std_error"": 0.09871153888715688, ""observed_vrf"": 1720.1648511586448, ""theoretical_vrf"": 1720.323563475576}"
3c7a16afc83c,2026-09-25T10:47:59,tamzeed,master,deep_barrier,call,exact,control_variate,{},16384,252,4,3179644312,LAPTOP-G689CP2J_AMD64,3.298134304381823,0.050052512185207676,3.2000331831630637,3.3962354256005822,3.545320563728301,0.2471862593464782,0.1154474999057129,"{""control"": ""european_terminal"", ""control_mean"": 7.1280646692617395, ""b_hat"": 0.724221485800435, ""rho"": 0.8166192599784756, ""pilot_rho"": 0.8053183830740533, ""pilot_paths"": 1639, ""total_paths_simulated"": 18023, ""plain_std_error"": 0.0866822900667855, ""observed_vrf"": 2.9992246227538923, ""theoretical_vrf"": 3.001804226335512}"
e228df86651c,2026-09-25T10:47:59,tamzeed,master,asian_arith,call,exact,plain,{},16384,252,4,3797673613,LAPTOP-G689CP2J_AMD64,3.168901637214217,0.04866665848684449,3.0735167393320912,3.2642865350963426,,,0.12455000006593764,
4d6ca2e13a3a,2026-09-25T10:48:00,tamzeed,master,deep_barrier,call,exact,rqmc,{},16384,252,4,2047596858,LAPTOP-G689CP2J_AMD64,3.389757729529352,nan,nan,nan,3.545320563728301,0.15556283419894923,0.3140185000374913,"{""construction"": ""bridge"", ""sobol_dim"": 252, ""naive_iid_se"": 0.0899797879430639, ""se_valid"": false}"
13617e19e290,2026-09-25T10:48:00,tamzeed,master,deep_barrier,call,exact,importance,{},16384,252,4,1753401222,LAPTOP-G689CP2J_AMD64,3.3884446434926034,0.028601532186630217,3.332386670504145,3.4445026164810617,3.545320563728301,0.15687592023569774,0.19222500000614673,"{""theta"": 1.6323611831060643, ""theta0"": 1.6323611831060643, ""ESS"": 1287.1703617610922, ""ESS_frac"": 0.07856264415045729, ""max_weight"": 159.40493095484447, ""max_weight_share"": 0.009772161032249123, ""mean_weight"": 0.9956144639595786, ""hit_rate_proposal"": 0.5963134765625, ""pilot_paths"": 10000, ""total_paths_simulated"": 26384, ""theta_grid"": [[0.0, 146.80798265502517], [0.40809029577651607, 69.35390468161813], [0.8161805915530321, 40.443707785234636], [1.2242708873295483, 28.955540107714878], [1.6323611831060643, 25.350658769407975], [2.0404514788825803, 27.065629753788315], [2.4485417746590965, 35.17405674719899]]}"
04e8fc189b56,2026-09-25T10:48:00,tamzeed,master,paper_barrier,call,exact,plain,{},16384,252,4,49864690,LAPTOP-G689CP2J_AMD64,7.166063034050551,0.09904187768273119,6.971944520831177,7.360181547269925,7.1055282627933245,0.060534771257226616,0.1107651999918744,
ad5acd285ebd,2026-09-25T10:48:00,tamzeed,master,asian_arith,call,exact,rqmc,{},16384,252,4,2147665075,LAPTOP-G689CP2J_AMD64,3.165331727373437,nan,nan,nan,,,0.24284860002808273,"{""construction"": ""bridge"", ""sobol_dim"": 252, ""naive_iid_se"": 0.04798310416280992, ""se_valid"": false}"
d54437b9860c,2026-09-25T10:48:01,tamzeed,master,asian_arith,call,exact,antithetic,{},65536,252,4,2833179324,LAPTOP-G689CP2J_AMD64,3.1531944323079224,0.020476793887561955,3.113060653769451,3.193328210846394,,,0.4887724000727758,"{""pairs"": 32768, ""rho_pair"": -0.26569389339432187}"
938f23ae4b5e,2026-09-25T10:48:01,tamzeed,master,paper_barrier,call,exact,control_variate,{},65536,252,4,4157253596,LAPTOP-G689CP2J_AMD64,7.093100598667819,0.0012708535700880468,7.090609771440822,7.095591425894816,7.1055282627933245,0.012427664125505444,0.47591859998647124,"{""control"": ""european_terminal"", ""control_mean"": 7.1280646692617395, ""b_hat"": 1.0007107990153339, ""rho"": 0.9996620866493942, ""pilot_rho"": 0.9997316512366898, ""pilot_paths"": 6554, ""total_paths_simulated"": 72090, ""plain_std_error"": 0.048888037006191924, ""observed_vrf"": 1479.837990395239, ""theoretical_vrf"": 1479.9193098368773}"
53eee888adb0,2026-09-25T10:48:02,tamzeed,master,asian_arith,call,exact,plain,{},65536,252,4,2203605875,LAPTOP-G689CP2J_AMD64,3.167033387230156,0.02401434224879511,3.119966141310099,3.214100633150213,,,0.46618740004487336,
d3ca227cc033,2026-09-25T10:48:02,tamzeed,master,deep_barrier,call,exact,importance,{},65536,252,4,4087429730,LAPTOP-G689CP2J_AMD64,3.38735887201743,0.01430957740196395,3.3593126156755924,3.415405128359268,3.545320563728301,0.15796169171087104,0.5103494001086801,"{""theta"": 1.6323611831060643, ""theta0"": 1.6323611831060643, ""ESS"": 4408.45851045641, ""ESS_frac"": 0.06726773850183732, ""max_weight"": 298.18789747430327, ""max_weight_share"": 0.00454076831537018, ""mean_weight"": 1.0020300338049373, ""hit_rate_proposal"": 0.596710205078125, ""pilot_paths"": 10000, ""total_paths_simulated"": 75536, ""theta_grid"": [[0.0, 144.9758050445463], [0.40809029577651607, 68.52950432800195], [0.8161805915530321, 40.02330085180098], [1.2242708873295483, 28.714060003698307], [1.6323611831060643, 25.200516777466298], [2.0404514788825803, 26.975980765309533], [2.4485417746590965, 35.1495963582305]]}"
1522f9f6c0c5,2026-09-25T10:48:03,tamzeed,master,asian_arith,call,exact,rqmc,{},65536,252,4,1683643989,LAPTOP-G689CP2J_AMD64,3.162570649145585,nan,nan,nan,,,1.009711700025946,"{""construction"": ""bridge"", ""sobol_dim"": 252, ""naive_iid_se"": 0.02398630912328099, ""se_valid"": false}"
706501b9ecb3,2026-09-25T10:48:04,tamzeed,master,paper_asian_geo,call,exact,plain,{},65536,252,4,2537106987,LAPTOP-G689CP2J_AMD64,3.0245927145065994,0.02293830482510431,2.9796344631829936,3.069550965830205,3.000200360178781,0.02439235432781839,0.5253826000262052,
2a76da3ae736,2026-09-25T10:48:04,tamzeed,master,paper_barrier,call,exact,antithetic,{},65536,252,4,2744875667,LAPTOP-G689CP2J_AMD64,7.033274323779853,0.040160997198708824,6.95456021568717,7.111988431872536,7.1055282627933245,0.07225393901347132,0.41323099995497614,"{""pairs"": 32768, ""rho_pair"": -0.3188082444984034}"
c56677e201e6,2026-09-25T10:48:05,tamzeed,master,deep_barrier,call,exact,plain,{},65536,252,4,852639338,LAPTOP-G689CP2J_AMD64,3.266418530041117,0.04409586286550127,3.179992226957517,3.352844833124717,3.545320563728301,0.27890203368718414,0.4809441000688821,
3edbddca2eaf,2026-09-25T10:48:05,tamzeed,master,paper_asian_geo,call,exact,antithetic,{},65536,252,4,883810131,LAPTOP-G689CP2J_AMD64,2.983164205054403,0.019526847202602168,2.9448922878056862,3.02143612230312,3.000200360178781,0.01703615512437784,0.556485699955374,"{""pairs"": 32768, ""rho_pair"": -0.262606225211521}"
601d3c99d2d2,2026-09-25T10:48:06,tamzeed,master,deep_barrier,call,exact,antithetic,{},65536,252,4,2162338190,LAPTOP-G689CP2J_AMD64,3.3455894284245744,0.042591885801111715,3.2621108662207527,3.429067990628396,3.545320563728301,0.19973113530372677,0.3731367998989299,"{""pairs"": 32768, ""rho_pair"": -0.08605176055374718}"
b2bcd5559950,2026-09-25T10:48:06,tamzeed,master,asian_arith,call,exact,control_variate,{},65536,252,4,4136977387,LAPTOP-G689CP2J_AMD64,3.1628828110161797,0.0007680166197211596,3.1613775261019983,3.164388095930361,,,0.6308228999841958,"{""control"": ""geometric_asian"", ""control_mean"": 3.000200360178781, ""b_hat"": 1.0458978608962444, ""rho"": 0.99948811166855, ""pilot_rho"": 0.9995192778720278, ""pilot_paths"": 6554, ""total_paths_simulated"": 72090, ""plain_std_error"": 0.024006195013258038, ""observed_vrf"": 977.024429950068, ""theoretical_vrf"": 977.0256013225867}"
af5ab05a4e6b,2026-09-25T10:48:07,tamzeed,master,paper_barrier,call,exact,plain,{},65536,252,4,2428782752,LAPTOP-G689CP2J_AMD64,7.1263111675067385,0.04892873988032172,7.030412599532379,7.222209735481098,7.1055282627933245,0.02078290471341404,0.45202720002271235,
74035468f653,2026-09-25T10:48:07,tamzeed,master,deep_barrier,call,exact,control_variate,{},65536,252,4,4260783511,LAPTOP-G689CP2J_AMD64,3.3899133958672456,0.0249990094278522,3.340916237739478,3.4389105539950133,3.545320563728301,0.15540716786105557,0.4910678999731317,"{""control"": ""european_terminal"", ""control_mean"": 7.1280646692617395, ""b_hat"": 0.7532090126213405, ""rho"": 0.829668126160324, ""pilot_rho"": 0.8262075930154438, ""pilot_paths"": 6554, ""total_paths_simulated"": 72090, ""plain_std_error"": 0.044774542483655956, ""observed_vrf"": 3.207869652463391, ""theoretical_vrf"": 3.2087194982610217}"
d923d60edf4b,2026-09-25T10:48:08,tamzeed,master,deep_barrier,call,exact,rqmc,{},65536,252,4,2558370776,LAPTOP-G689CP2J_AMD64,3.3809463253768035,nan,nan,nan,3.545320563728301,0.16437423835149767,0.9667515000328422,"{""construction"": ""bridge"", ""sobol_dim"": 252, ""naive_iid_se"": 0.044947374678873976, ""se_valid"": false}"
3156404d1dfe,2026-09-25T10:48:09,tamzeed,master,paper_barrier,call,exact,importance,{},65536,252,4,2990760523,LAPTOP-G689CP2J_AMD64,7.084490036718046,0.022853077425118003,7.03969882802891,7.129281245407182,7.1055282627933245,0.021038226075278388,0.5272172000259161,"{""theta"": 0.6858575284033614, ""theta0"": 0.45723835226890763, ""ESS"": 41168.147599958196, ""ESS_frac"": 0.6281760803216278, ""max_weight"": 10.203055342318441, ""max_weight_share"": 0.0001559423796951625, ""mean_weight"": 0.9983576598342778, ""hit_rate_proposal"": 0.672760009765625, ""pilot_paths"": 10000, ""total_paths_simulated"": 75536, ""theta_grid"": [[0.0, 212.8113266926457], [0.11430958806722691, 174.30306563037945], [0.22861917613445382, 145.52401498378111], [0.3429287642016807, 123.81123812693612], [0.45723835226890763, 107.31651397507349], [0.5715479403361345, 94.74303901241636], [0.6858575284033614, 85.1730793473615]]}"
08acb3358398,2026-09-25T10:48:10,tamzeed,master,paper_barrier,call,exact,rqmc,{},65536,252,4,282342140,LAPTOP-G689CP2J_AMD64,7.095327298968682,nan,nan,nan,7.1055282627933245,0.010200963824642528,0.9654857999412343,"{""construction"": ""bridge"", ""sobol_dim"": 252, ""naive_iid_se"": 0.04902455219115829, ""se_valid"": false}"
7482a3256209,2026-09-25T10:48:11,tamzeed,master,paper_asian_geo,call,exact,rqmc,{},65536,252,4,2003030544,LAPTOP-G689CP2J_AMD64,2.9996135745814505,nan,nan,nan,3.000200360178781,0.000586785597330497,1.0901009999215603,"{""construction"": ""bridge"", ""sobol_dim"": 252, ""naive_iid_se"": 0.022928545990987616, ""se_valid"": false}"
358c799df73a,2026-09-25T10:48:11,tamzeed,master,asian_arith,call,exact,control_variate,{},256,252,5,931047347,LAPTOP-G689CP2J_AMD64,3.1605096128422625,0.011034041298087298,3.1388832892940837,3.1821359363904413,,,0.014348599943332374,"{""control"": ""geometric_asian"", ""control_mean"": 3.000200360178781, ""b_hat"": 1.0461945474249192, ""rho"": 0.9993911117179383, ""pilot_rho"": 0.9994435311187769, ""pilot_paths"": 256, ""total_paths_simulated"": 512, ""plain_std_error"": 0.31573420620594983, ""observed_vrf"": 818.7928854878627, ""theoretical_vrf"": 821.4187777340975}"
786e33845059,2026-09-25T10:48:11,tamzeed,master,deep_barrier,call,exact,rqmc,{},256,252,5,925752873,LAPTOP-G689CP2J_AMD64,3.409639571421516,nan,nan,nan,3.545320563728301,0.135680992306785,0.026136099942959845,"{""construction"": ""bridge"", ""sobol_dim"": 252, ""naive_iid_se"": 0.7171085902643921, ""se_valid"": false}"
19263da0da5f,2026-09-25T10:48:11,tamzeed,master,paper_barrier,call,exact,antithetic,{},256,252,5,1416812249,LAPTOP-G689CP2J_AMD64,7.433277215936662,0.7346595531853618,5.9933709507950645,8.873183481078259,7.1055282627933245,0.3277489531433373,0.002047999994829297,"{""pairs"": 128, ""rho_pair"": -0.28705199814211313}"
264490d799c9,2026-09-25T10:48:11,tamzeed,master,deep_barrier,call,exact,importance,{},256,252,5,3045544173,LAPTOP-G689CP2J_AMD64,3.2590989853498513,0.22963076495834667,2.8090309562891096,3.709167014410593,3.545320563728301,0.28622157837844986,0.11155379994306713,"{""theta"": 1.6323611831060643, ""theta0"": 1.6323611831060643, ""ESS"": 41.7076138002184, ""ESS_frac"": 0.1629203664071031, ""max_weight"": 15.74773594828875, ""max_weight_share"": 0.0659702297146854, ""mean_weight"": 0.9324598961387183, ""hit_rate_proposal"": 0.578125, ""pilot_paths"": 10000, ""total_paths_simulated"": 10256, ""theta_grid"": [[0.0, 143.74460133251452], [0.40809029577651607, 67.93636285022278], [0.8161805915530321, 39.7051266224972], [1.2242708873295483, 28.52539496705394], [1.6323611831060643, 25.08181426989406], [2.0404514788825803, 26.90739542256429], [2.4485417746590965, 35.141580007675124]]}"
d7aeeb74371d,2026-09-25T10:48:11,tamzeed,master,deep_barrier,call,exact,plain,{},256,252,5,3226377845,LAPTOP-G689CP2J_AMD64,3.1656868489384715,0.7047811646256973,1.7843411492899102,4.547032548587033,3.545320563728301,0.37963371478982966,0.0017712999833747745,
0404b19f94bb,2026-09-25T10:48:11,tamzeed,master,deep_barrier,call,exact,control_variate,{},256,252,5,3942243379,LAPTOP-G689CP2J_AMD64,3.2755772416316207,0.3859053932518241,2.519216569418279,4.0319379138449625,3.545320563728301,0.2697433220966805,0.004942400031723082,"{""control"": ""european_terminal"", ""control_mean"": 7.1280646692617395, ""b_hat"": 0.860910980176937, ""rho"": 0.8145097086886282, ""pilot_rho"": 0.897419482031735, ""pilot_paths"": 256, ""total_paths_simulated"": 512, ""plain_std_error"": 0.6473085450075751, ""observed_vrf"": 2.8135911155339226, ""theoretical_vrf"": 2.9711154003303073}"
2b7ed576db2e,2026-09-25T10:48:11,tamzeed,master,asian_arith,call,exact,plain,{},256,252,5,3348954805,LAPTOP-G689CP2J_AMD64,3.5675569075524947,0.4188526170916997,2.746620863222417,4.388492951882572,,,0.00491010001860559,
2ce2187663f9,2026-09-25T10:48:11,tamzeed,master,paper_barrier,call,exact,plain,{},256,252,5,362328993,LAPTOP-G689CP2J_AMD64,7.479294632845136,0.8597604091459171,5.794195195585717,9.164394070104555,7.1055282627933245,0.37376637005181124,0.0023132000351324677,
810f694cada5,2026-09-25T10:48:11,tamzeed,master,asian_arith,call,exact,antithetic,{},256,252,5,418177586,LAPTOP-G689CP2J_AMD64,2.5713903729380085,0.28825051488297165,2.006429745242257,3.13635100063376,,,0.0023661000886932015,"{""pairs"": 128, ""rho_pair"": -0.23366483725011342}"
fe3e88867d34,2026-09-25T10:48:11,tamzeed,master,paper_asian_geo,call,exact,plain,{},256,252,5,2706343491,LAPTOP-G689CP2J_AMD64,3.4116574350673012,0.3651546784039926,2.69596741660917,4.127347453525433,3.000200360178781,0.41145707488852024,0.002786700031720102,
e59a8f69c458,2026-09-25T10:48:11,tamzeed,master,deep_barrier,call,exact,antithetic,{},256,252,5,941223795,LAPTOP-G689CP2J_AMD64,2.668999536970728,0.6376082833155188,1.4193102654279,3.9186888085135556,3.545320563728301,0.8763210267575734,0.004014899954199791,"{""pairs"": 128, ""rho_pair"": -0.06206817527380296}"
a22e0939621b,2026-09-25T10:48:11,tamzeed,master,asian_arith,call,exact,rqmc,{},256,252,5,2258209006,LAPTOP-G689CP2J_AMD64,3.212087411561618,nan,nan,nan,,,0.01525470009073615,"{""construction"": ""bridge"", ""sobol_dim"": 252, ""naive_iid_se"": 0.3805144522964048, ""se_valid"": false}"
084141cac443,2026-09-25T10:48:11,tamzeed,master,paper_barrier,call,exact,control_variate,{},256,252,5,3493315821,LAPTOP-G689CP2J_AMD64,7.092918034759631,0.020793799831965793,7.052162935987242,7.133673133532019,7.1055282627933245,0.012610228033693716,0.003223799983970821,"{""control"": ""european_terminal"", ""control_mean"": 7.1280646692617395, ""b_hat"": 1.0003341267134913, ""rho"": 0.9995989741121988, ""pilot_rho"": 0.9998893070021114, ""pilot_paths"": 256, ""total_paths_simulated"": 512, ""plain_std_error"": 0.7341602157536197, ""observed_vrf"": 1246.5622608335177, ""theoretical_vrf"": 1247.0523519583583}"
f712045f8173,2026-09-25T10:48:11,tamzeed,master,paper_barrier,call,exact,rqmc,{},256,252,5,398984150,LAPTOP-G689CP2J_AMD64,7.1764870991374785,nan,nan,nan,7.1055282627933245,0.07095883634415401,0.01356099999975413,"{""construction"": ""bridge"", ""sobol_dim"": 252, ""naive_iid_se"": 0.8197608399798233, ""se_valid"": false}"
88c9b2b644ac,2026-09-25T10:48:11,tamzeed,master,paper_asian_geo,call,exact,antithetic,{},256,252,5,482942720,LAPTOP-G689CP2J_AMD64,2.8858450033397904,0.32506637818993267,2.248726609502646,3.5229633971769347,3.000200360178781,0.11435535683899056,0.0018382000271230936,"{""pairs"": 128, ""rho_pair"": -0.2324406138022771}"
0e495f686255,2026-09-25T10:48:11,tamzeed,master,paper_asian_geo,call,exact,rqmc,{},256,252,5,1584194120,LAPTOP-G689CP2J_AMD64,3.052850338137679,nan,nan,nan,3.000200360178781,0.05264997795889803,0.02139279991388321,"{""construction"": ""bridge"", ""sobol_dim"": 252, ""naive_iid_se"": 0.3777931151090556, ""se_valid"": false}"
39f29c0f98d7,2026-09-25T10:48:11,tamzeed,master,paper_barrier,call,exact,importance,{},256,252,5,873674643,LAPTOP-G689CP2J_AMD64,7.4349671892458735,0.36786411344361,6.713966775691642,8.155967602800105,7.1055282627933245,0.329438926452549,0.09932130004744977,"{""theta"": 0.6858575284033614, ""theta0"": 0.45723835226890763, ""ESS"": 150.49998385778457, ""ESS_frac"": 0.587890561944471, ""max_weight"": 4.437176587063626, ""max_weight_share"": 0.016941193550833643, ""mean_weight"": 1.0231109745136215, ""hit_rate_proposal"": 0.69140625, ""pilot_paths"": 10000, ""total_paths_simulated"": 10256, ""theta_grid"": [[0.0, 207.71618396499682], [0.11430958806722691, 170.65859639661744], [0.22861917613445382, 142.86823064988693], [0.3429287642016807, 121.84235421970561], [0.45723835226890763, 105.83370910229648], [0.5715479403361345, 93.61031428169008], [0.6858575284033614, 84.29681492613474]]}"
35e7d4d643e0,2026-09-25T10:48:11,tamzeed,master,deep_barrier,call,exact,importance,{},1024,252,5,3303156535,LAPTOP-G689CP2J_AMD64,3.478907387977042,0.11690434591465494,3.249779080348106,3.708035695605978,3.545320563728301,0.06641317575125916,0.16859409993048757,"{""theta"": 1.6323611831060643, ""theta0"": 1.6323611831060643, ""ESS"": 36.6649849845572, ""ESS_frac"": 0.03580564939898164, ""max_weight"": 157.34302434005826, ""max_weight_share"": 0.12449190148161356, ""mean_weight"": 1.2342593805572308, ""hit_rate_proposal"": 0.599609375, ""pilot_paths"": 10000, ""total_paths_simulated"": 11024, ""theta_grid"": [[0.0, 144.44170373046742], [0.40809029577651607, 68.34732840052881], [0.8161805915530321, 39.98965482947626], [1.2242708873295483, 28.75141681738416], [1.6323611831060643, 25.285562101783096], [2.0404514788825803, 27.11419749228877], [2.4485417746590965, 35.375522237275106]]}"
2acb3010f0e8,2026-09-25T10:48:11,tamzeed,master,paper_barrier,call,exact,rqmc,{},1024,252,5,645782560,LAPTOP-G689CP2J_AMD64,7.106669201079367,nan,nan,nan,7.1055282627933245,0.0011409382860421147,0.030972400098107755,"{""construction"": ""bridge"", ""sobol_dim"": 252, ""naive_iid_se"": 0.39302312387446053, ""se_valid"": false}"
2a9a0550ecd4,2026-09-25T10:48:11,tamzeed,master,deep_barrier,call,exact,rqmc,{},1024,252,5,3654435557,LAPTOP-G689CP2J_AMD64,3.371887368400801,nan,nan,nan,3.545320563728301,0.17343319532750012,0.0285208000568673,"{""construction"": ""bridge"", ""sobol_dim"": 252, ""naive_iid_se"": 0.3591023271650812, ""se_valid"": false}"
10d280b83673,2026-09-25T10:48:11,tamzeed,master,deep_barrier,call,exact,plain,{},1024,252,5,1777463418,LAPTOP-G689CP2J_AMD64,3.2942941867801414,0.35367367707248004,2.601106517438231,3.9874818561220517,3.545320563728301,0.25102637694815977,0.010871800011955202,
14bb847694dc,2026-09-25T10:48:11,tamzeed,master,asian_arith,call,exact,antithetic,{},1024,252,5,1719475489,LAPTOP-G689CP2J_AMD64,3.0790177045698712,0.16138844584840992,2.762702163186095,3.3953332459536476,,,0.0069896000204607844,"{""pairs"": 512, ""rho_pair"": -0.2635635936330332}"
3377861ee7e7,2026-09-25T10:48:11,tamzeed,master,deep_barrier,call,exact,antithetic,{},1024,252,5,2863560813,LAPTOP-G689CP2J_AMD64,3.495544161350111,0.3630419822853828,2.783994951194732,4.20709337150549,3.545320563728301,0.049776402378190365,0.011384999961592257,"{""pairs"": 512, ""rho_pair"": -0.08282540338760629}"
6d3c76deefe6,2026-09-25T10:48:11,tamzeed,master,paper_asian_geo,call,exact,plain,{},1024,252,5,510471187,LAPTOP-G689CP2J_AMD64,3.0954489208358678,0.19161706649940294,2.7198863716738213,3.471011469997914,3.000200360178781,0.09524856065708676,0.009824000066146255,
dfb9247d859c,2026-09-25T10:48:11,tamzeed,master,paper_barrier,call,exact,antithetic,{},1024,252,5,1648727467,LAPTOP-G689CP2J_AMD64,7.6750079579555655,0.32195165950066595,7.043994300571358,8.306021615339773,7.1055282627933245,0.569479695162241,0.007736200001090765,"{""pairs"": 512, ""rho_pair"": -0.3571041373122056}"
1a8a357c4622,2026-09-25T10:48:11,tamzeed,master,paper_barrier,call,exact,plain,{},1024,252,5,2545061938,LAPTOP-G689CP2J_AMD64,7.110808338295655,0.38994264611262286,6.346534795878666,7.875081880712644,7.1055282627933245,0.005280075502330561,0.009231599979102612,
43ee9f67fc78,2026-09-25T10:48:12,tamzeed,master,paper_barrier,call,exact,importance,{},1024,252,5,1643168171,LAPTOP-G689CP2J_AMD64,7.251546682669768,0.18105039639534215,6.896694426348197,7.606398938991339,7.1055282627933245,0.1460184198764436,0.08218649995978922,"{""theta"": 0.6858575284033614, ""theta0"": 0.45723835226890763, ""ESS"": 594.2105122999093, ""ESS_frac"": 0.5802837034178802, ""max_weight"": 9.097782851217167, ""max_weight_share"": 0.008904712196873932, ""mean_weight"": 0.9977361838556394, ""hit_rate_proposal"": 0.6875, ""pilot_paths"": 10000, ""total_paths_simulated"": 11024, ""theta_grid"": [[0.0, 208.78607787272352], [0.11430958806722691, 171.5679877633777], [0.22861917613445382, 143.64909800788394], [0.3429287642016807, 122.52520066454892], [0.45723835226890763, 106.44510282345051], [0.5715479403361345, 94.17252188216051], [0.6858575284033614, 84.828304658652]]}"
51d5fd4b4ce2,2026-09-25T10:48:12,tamzeed,master,paper_barrier,call,exact,control_variate,{},1024,252,5,3971307912,LAPTOP-G689CP2J_AMD64,7.1001082575300325,0.009396454121393002,7.081691545869719,7.118524969190346,7.1055282627933245,0.005420005263292005,0.008263799943961203,"{""control"": ""european_terminal"", ""control_mean"": 7.1280646692617395, ""b_hat"": 1.001808017115991, ""rho"": 0.9997391741687621, ""pilot_rho"": 0.9994221994255611, ""pilot_paths"": 256, ""total_paths_simulated"": 1280, ""plain_std_error"": 0.4108856756233802, ""observed_vrf"": 1912.1149931049983, ""theoretical_vrf"": 1917.2380764180764}"
220050160f71,2026-09-25T10:48:12,tamzeed,master,paper_asian_geo,call,exact,antithetic,{},1024,252,5,1592869137,LAPTOP-G689CP2J_AMD64,2.885487381183986,0.15573511205415969,2.5802521704295236,3.1907225919384485,3.000200360178781,0.11471297899479493,0.00813390000257641,"{""pairs"": 512, ""rho_pair"": -0.25142496372798984}"
f741a9cfc59f,2026-09-25T10:48:12,tamzeed,master,asian_arith,call,exact,rqmc,{},1024,252,5,972733687,LAPTOP-G689CP2J_AMD64,3.177268083622837,nan,nan,nan,,,0.028442699927836657,"{""construction"": ""bridge"", ""sobol_dim"": 252, ""naive_iid_se"": 0.1916916230524551, ""se_valid"": false}"
c47e834f9ef6,2026-09-25T10:48:12,tamzeed,master,asian_arith,call,exact,control_variate,{},1024,252,5,3098637088,LAPTOP-G689CP2J_AMD64,3.157526679118175,0.005961877705038935,3.1458416135360663,3.1692117447002834,,,0.014210800058208406,"{""control"": ""geometric_asian"", ""control_mean"": 3.000200360178781, ""b_hat"": 1.0449531096184028, ""rho"": 0.9995468046190054, ""pilot_rho"": 0.9994705909126436, ""pilot_paths"": 256, ""total_paths_simulated"": 1280, ""plain_std_error"": 0.19797560408267986, ""observed_vrf"": 1102.6996259141845, ""theoretical_vrf"": 1103.5269676110279}"
4b9db21d5b30,2026-09-25T10:48:12,tamzeed,master,asian_arith,call,exact,plain,{},1024,252,5,558691003,LAPTOP-G689CP2J_AMD64,3.366808968175378,0.20240771108292416,2.970097144259658,3.763520792091098,,,0.008506400045007467,
8ec084c1276e,2026-09-25T10:48:12,tamzeed,master,deep_barrier,call,exact,control_variate,{},1024,252,5,3700041723,LAPTOP-G689CP2J_AMD64,3.4188557124488073,0.20813319757079646,3.0109221412228866,3.826789283674728,3.545320563728301,0.12646485127949392,0.009367900085635483,"{""control"": ""european_terminal"", ""control_mean"": 7.1280646692617395, ""b_hat"": 0.8023708334837676, ""rho"": 0.8467358478679886, ""pilot_rho"": 0.8574770122932861, ""pilot_paths"": 256, ""total_paths_simulated"": 1280, ""plain_std_error"": 0.3911255035124591, ""observed_vrf"": 3.531421507721355, ""theoretical_vrf"": 3.5330894539267788}"
1718e3274694,2026-09-25T10:48:12,tamzeed,master,paper_asian_geo,call,exact,rqmc,{},1024,252,5,857107982,LAPTOP-G689CP2J_AMD64,2.9907758624954983,nan,nan,nan,3.000200360178781,0.009424497683282684,0.027819500071927905,"{""construction"": ""bridge"", ""sobol_dim"": 252, ""naive_iid_se"": 0.18280816750772746, ""se_valid"": false}"
29c704381997,2026-09-25T10:48:12,tamzeed,master,paper_asian_geo,call,exact,plain,{},4096,252,5,2968287515,LAPTOP-G689CP2J_AMD64,3.0170383208161224,0.09215604585194721,2.836415789988684,3.197660851643561,3.000200360178781,0.016837960637341443,0.03294960001949221,
abd6acf932e6,2026-09-25T10:48:12,tamzeed,master,deep_barrier,call,exact,plain,{},4096,252,5,467762842,LAPTOP-G689CP2J_AMD64,3.2247349889348773,0.17652996291525816,2.87874261942878,3.5707273584409744,3.545320563728301,0.32058557479342387,0.02664939989335835,
ab9ad7a978cf,2026-09-25T10:48:12,tamzeed,master,asian_arith,call,exact,control_variate,{},4096,252,5,4101764738,LAPTOP-G689CP2J_AMD64,3.1602972633559068,0.003263239827063732,3.153901430821945,3.1666930958898685,,,0.038709099986590445,"{""control"": ""geometric_asian"", ""control_mean"": 3.000200360178781, ""b_hat"": 1.0580148218974246, ""rho"": 0.9995400480923379, ""pilot_rho"": 0.9992223715400468, ""pilot_paths"": 410, ""total_paths_simulated"": 4506, ""plain_std_error"": 0.09974892500809832, ""observed_vrf"": 934.3690886093727, ""theoretical_vrf"": 1087.320230868229}"
baf939856c37,2026-09-25T10:48:12,tamzeed,master,paper_barrier,call,exact,antithetic,{},4096,252,5,2048470641,LAPTOP-G689CP2J_AMD64,7.123770352283705,0.15910720333517459,6.811925964065871,7.4356147405015385,7.1055282627933245,0.01824208949038031,0.025060300016775727,"{""pairs"": 2048, ""rho_pair"": -0.32892308070917864}"
8aec4400c8ee,2026-09-25T10:48:12,tamzeed,master,paper_barrier,call,exact,plain,{},4096,252,5,1766075159,LAPTOP-G689CP2J_AMD64,6.961645832217965,0.19561049761059923,6.578256301903232,7.345035362532697,7.1055282627933245,0.14388243057535988,0.03388250002171844,
02c92cc39c7d,2026-09-25T10:48:12,tamzeed,master,deep_barrier,call,exact,antithetic,{},4096,252,5,333817417,LAPTOP-G689CP2J_AMD64,3.1823309593176505,0.16845109339409373,2.852172883108834,3.512489035526467,3.545320563728301,0.36298960441065065,0.026121099945157766,"{""pairs"": 2048, ""rho_pair"": -0.08024622404670184}"
fbaaa204c8f0,2026-09-25T10:48:12,tamzeed,master,asian_arith,call,exact,rqmc,{},4096,252,5,1123403404,LAPTOP-G689CP2J_AMD64,3.165581951769667,nan,nan,nan,,,0.07494419999420643,"{""construction"": ""bridge"", ""sobol_dim"": 252, ""naive_iid_se"": 0.095942087461338, ""se_valid"": false}"
9a12c53e5abf,2026-09-25T10:48:12,tamzeed,master,paper_asian_geo,call,exact,rqmc,{},4096,252,5,645923838,LAPTOP-G689CP2J_AMD64,3.001212105392463,nan,nan,nan,3.000200360178781,0.0010117452136819693,0.08396440010983497,"{""construction"": ""bridge"", ""sobol_dim"": 252, ""naive_iid_se"": 0.09190322036986268, ""se_valid"": false}"
7ac094286e29,2026-09-25T10:48:12,tamzeed,master,asian_arith,call,exact,plain,{},4096,252,5,3873264155,LAPTOP-G689CP2J_AMD64,3.177662116657281,0.09529998540548867,2.9908775775353305,3.3644466557792314,,,0.028858899953775108,
e36d4503010c,2026-09-25T10:48:12,tamzeed,master,deep_barrier,call,exact,control_variate,{},4096,252,5,1910282390,LAPTOP-G689CP2J_AMD64,3.5509303962990177,0.10419043092528972,3.346720904151742,3.7551398884462937,3.545320563728301,0.005609832570716566,0.03221620002295822,"{""control"": ""european_terminal"", ""control_mean"": 7.1280646692617395, ""b_hat"": 0.6275345313530352, ""rho"": 0.8430429460031148, ""pilot_rho"": 0.74942288883859, ""pilot_paths"": 410, ""total_paths_simulated"": 4506, ""plain_std_error"": 0.1849067643941822, ""observed_vrf"": 3.149560315897157, ""theoretical_vrf"": 3.4568752422056033}"
ed4fc714d13a,2026-09-25T10:48:12,tamzeed,master,paper_asian_geo,call,exact,antithetic,{},4096,252,5,934414480,LAPTOP-G689CP2J_AMD64,3.001753146755335,0.08006321678885478,2.844832125362757,3.158674168147913,3.000200360178781,0.0015527865765538884,0.029955899924971163,"{""pairs"": 2048, ""rho_pair"": -0.25611522226347516}"
5052d91da500,2026-09-25T10:48:12,tamzeed,master,deep_barrier,call,exact,importance,{},4096,252,5,2125747738,LAPTOP-G689CP2J_AMD64,3.3329628892921948,0.0575419831427052,3.220182674733482,3.4457431038509077,3.545320563728301,0.21235767443610643,0.1004327000118792,"{""theta"": 1.6323611831060643, ""theta0"": 1.6323611831060643, ""ESS"": 367.9860994732972, ""ESS_frac"": 0.08984035631672295, ""max_weight"": 118.02817097755818, ""max_weight_share"": 0.02885688870134017, ""mean_weight"": 0.998564735384299, ""hit_rate_proposal"": 0.583984375, ""pilot_paths"": 10000, ""total_paths_simulated"": 14096, ""theta_grid"": [[0.0, 142.9068561401838], [0.40809029577651607, 67.34275993700321], [0.8161805915530321, 39.24627500847549], [1.2242708873295483, 28.12597100690654], [1.6323611831060643, 24.68542504395147], [2.0404514788825803, 26.45934978779485], [2.4485417746590965, 34.57302463287113]]}"
817c1bbdc5c8,2026-09-25T10:48:12,tamzeed,master,deep_barrier,call,exact,rqmc,{},4096,252,5,3596097518,LAPTOP-G689CP2J_AMD64,3.379522313014106,nan,nan,nan,3.545320563728301,0.1657982507141953,0.07922079996205866,"{""construction"": ""bridge"", ""sobol_dim"": 252, ""naive_iid_se"": 0.17952241507884287, ""se_valid"": false}"
cde6bd7272d6,2026-09-25T10:48:12,tamzeed,master,paper_barrier,call,exact,rqmc,{},4096,252,5,4103604432,LAPTOP-G689CP2J_AMD64,7.092390095190741,nan,nan,nan,7.1055282627933245,0.013138167602583906,0.06618249998427927,"{""construction"": ""bridge"", ""sobol_dim"": 252, ""naive_iid_se"": 0.19577167924294345, ""se_valid"": false}"
14a9a6a58dc3,2026-09-25T10:48:12,tamzeed,master,asian_arith,call,exact,antithetic,{},4096,252,5,2903731415,LAPTOP-G689CP2J_AMD64,3.08411583636049,0.07933990430253555,2.9286124813906658,3.239619191330314,,,0.023988400003872812,"{""pairs"": 2048, ""rho_pair"": -0.26978754766363683}"
0e491a012c58,2026-09-25T10:48:13,tamzeed,master,paper_barrier,call,exact,importance,{},4096,252,5,545527540,LAPTOP-G689CP2J_AMD64,7.147501302260073,0.09099934647776697,6.969145860546968,7.325856743973178,7.1055282627933245,0.041973039466748574,0.10848890000488609,"{""theta"": 0.6858575284033614, ""theta0"": 0.45723835226890763, ""ESS"": 2502.8289146411134, ""ESS_frac"": 0.6110422154885531, ""max_weight"": 13.524975271672137, ""max_weight_share"": 0.0032828990050787336, ""mean_weight"": 1.00581708752761, ""hit_rate_proposal"": 0.676025390625, ""pilot_paths"": 10000, ""total_paths_simulated"": 14096, ""theta_grid"": [[0.0, 206.18492077200582], [0.11430958806722691, 169.70594587524818], [0.22861917613445382, 142.31797576343172], [0.3429287642016807, 121.57705663645375], [0.45723835226890763, 105.77474513516403], [0.5715479403361345, 93.70498978221771], [0.6858575284033614, 84.51001269803206]]}"
ea8e9961e9a5,2026-09-25T10:48:13,tamzeed,master,paper_barrier,call,exact,control_variate,{},4096,252,5,4126984157,LAPTOP-G689CP2J_AMD64,7.091366839644829,0.005155163111366393,7.081262905612122,7.101470773677536,7.1055282627933245,0.014161423148495444,0.042432700050994754,"{""control"": ""european_terminal"", ""control_mean"": 7.1280646692617395, ""b_hat"": 1.000317724888993, ""rho"": 0.9996263754830906, ""pilot_rho"": 0.9999199337944611, ""pilot_paths"": 410, ""total_paths_simulated"": 4506, ""plain_std_error"": 0.18854593715266407, ""observed_vrf"": 1337.671686840415, ""theoretical_vrf"": 1338.4919911538714}"
62b783d4663e,2026-09-25T10:48:13,tamzeed,master,asian_arith,call,exact,plain,{},16384,252,5,2096223631,LAPTOP-G689CP2J_AMD64,3.201573859407163,0.047819447575982325,3.1078494643976367,3.2952982544166893,,,0.1163884000852704,
60a17195f282,2026-09-25T10:48:13,tamzeed,master,deep_barrier,call,exact,plain,{},16384,252,5,2008961014,LAPTOP-G689CP2J_AMD64,3.6134139754372887,0.09302057949209949,3.4310969898117287,3.7957309610628487,3.545320563728301,0.06809341170898753,0.1224435999756679,
1b99adfa42dc,2026-09-25T10:48:13,tamzeed,master,deep_barrier,call,exact,control_variate,{},16384,252,5,2513794660,LAPTOP-G689CP2J_AMD64,3.421779497041398,0.050043860402380146,3.323695333005383,3.519863661077413,3.545320563728301,0.12354106668690301,0.12237580004148185,"{""control"": ""european_terminal"", ""control_mean"": 7.1280646692617395, ""b_hat"": 0.7736687907480588, ""rho"": 0.8367175608233914, ""pilot_rho"": 0.8389767264263444, ""pilot_paths"": 1639, ""total_paths_simulated"": 18023, ""plain_std_error"": 0.09138056331902264, ""observed_vrf"": 3.3343106070734283, ""theoretical_vrf"": 3.3344034166381924}"
3c95ec1de7bb,2026-09-25T10:48:13,tamzeed,master,paper_asian_geo,call,exact,antithetic,{},16384,252,5,1651339062,LAPTOP-G689CP2J_AMD64,3.081499396669396,0.04025565489769747,3.0025997628958354,3.1603990304429566,3.000200360178781,0.08129903649061498,0.1344027000013739,"{""pairs"": 8192, ""rho_pair"": -0.26345778422776}"
77abc158ea8a,2026-09-25T10:48:13,tamzeed,master,deep_barrier,call,exact,importance,{},16384,252,5,1001524354,LAPTOP-G689CP2J_AMD64,3.3298983117832117,0.028758218710234013,3.273533238851627,3.3862633847147965,3.545320563728301,0.21542225194508946,0.20854399993550032,"{""theta"": 1.6323611831060643, ""theta0"": 1.6323611831060643, ""ESS"": 1388.7381232777318, ""ESS_frac"": 0.08476184834458812, ""max_weight"": 122.4555349685119, ""max_weight_share"": 0.007329610674242591, ""mean_weight"": 1.0197121024102418, ""hit_rate_proposal"": 0.587890625, ""pilot_paths"": 10000, ""total_paths_simulated"": 26384, ""theta_grid"": [[0.0, 145.06000929031467], [0.40809029577651607, 68.46714221810353], [0.8161805915530321, 39.94978272479355], [1.2242708873295483, 28.66277471336925], [1.6323611831060643, 25.194778798002382], [2.0404514788825803, 27.071972023811384], [2.4485417746590965, 35.518495374494314]]}"
d5eda1bb35fb,2026-09-25T10:48:14,tamzeed,master,paper_asian_geo,call,exact,rqmc,{},16384,252,5,756241126,LAPTOP-G689CP2J_AMD64,3.0007084449583146,nan,nan,nan,3.000200360178781,0.0005080847795335686,0.2799576000543311,"{""construction"": ""bridge"", ""sobol_dim"": 252, ""naive_iid_se"": 0.045856853702231984, ""se_valid"": false}"
bb024bee4957,2026-09-25T10:48:14,tamzeed,master,deep_barrier,call,exact,rqmc,{},16384,252,5,3831744342,LAPTOP-G689CP2J_AMD64,3.3670818416267263,nan,nan,nan,3.545320563728301,0.17823872210157488,0.2754169999388978,"{""construction"": ""bridge"", ""sobol_dim"": 252, ""naive_iid_se"": 0.08977410268922364, ""se_valid"": false}"
8a90b33d2c3b,2026-09-25T10:48:14,tamzeed,master,paper_barrier,call,exact,control_variate,{},16384,252,5,1252510292,LAPTOP-G689CP2J_AMD64,7.093218922282761,0.0025250754394045517,7.088269865363281,7.09816797920224,7.1055282627933245,0.012309340510563871,0.11434750002808869,"{""control"": ""european_terminal"", ""control_mean"": 7.1280646692617395, ""b_hat"": 1.0009859564343349, ""rho"": 0.999663822504273, ""pilot_rho"": 0.9995145501225292, ""pilot_paths"": 1639, ""total_paths_simulated"": 18023, ""plain_std_error"": 0.09738885347303936, ""observed_vrf"": 1487.5438979278968, ""theoretical_vrf"": 1487.559592356941}"
6ae1675b5693,2026-09-25T10:48:14,tamzeed,master,asian_arith,call,exact,control_variate,{},16384,252,5,1334232938,LAPTOP-G689CP2J_AMD64,3.1639837690513,0.0015232732977175608,3.160998208249162,3.166969329853438,,,0.13898240006528795,"{""control"": ""geometric_asian"", ""control_mean"": 3.000200360178781, ""b_hat"": 1.04396516994027, ""rho"": 0.9994883343648157, ""pilot_rho"": 0.9995939122315546, ""pilot_paths"": 1639, ""total_paths_simulated"": 18023, ""plain_std_error"": 0.047583388335891125, ""observed_vrf"": 975.7870947877083, ""theoretical_vrf"": 977.4507310075253}"
6ac4a75abad6,2026-09-25T10:48:14,tamzeed,master,deep_barrier,call,exact,antithetic,{},16384,252,5,209204824,LAPTOP-G689CP2J_AMD64,3.4486860998423934,0.08729275668303776,3.277595440632421,3.6197767590523657,3.545320563728301,0.0966344638859078,0.09007270005531609,"{""pairs"": 8192, ""rho_pair"": -0.08696683407484833}"
c99f1d60928f,2026-09-25T10:48:14,tamzeed,master,paper_asian_geo,call,exact,plain,{},16384,252,5,3505803368,LAPTOP-G689CP2J_AMD64,3.0539670135208805,0.0458231730761841,2.964155244634214,3.143778782407547,3.000200360178781,0.05376665334209951,0.15879229991696775,
4c5edd5d449e,2026-09-25T10:48:15,tamzeed,master,paper_barrier,call,exact,rqmc,{},16384,252,5,1225823080,LAPTOP-G689CP2J_AMD64,7.092957525955293,nan,nan,nan,7.1055282627933245,0.01257073683803167,0.2751740999519825,"{""construction"": ""bridge"", ""sobol_dim"": 252, ""naive_iid_se"": 0.09801538553772425, ""se_valid"": false}"
a61eaf331637,2026-09-25T10:48:15,tamzeed,master,paper_barrier,call,exact,antithetic,{},16384,252,5,2626387358,LAPTOP-G689CP2J_AMD64,7.069215589490964,0.07921500438614623,6.913957033858935,7.2244741451229935,7.1055282627933245,0.03631267330236021,0.10820749995764345,"{""pairs"": 8192, ""rho_pair"": -0.32711667777680054}"
cb3550368fed,2026-09-25T10:48:15,tamzeed,master,paper_barrier,call,exact,importance,{},16384,252,5,419099057,LAPTOP-G689CP2J_AMD64,7.071111830723505,0.04569363401220846,6.981553953736822,7.160669707710189,7.1055282627933245,0.03441643206981926,0.17658900003880262,"{""theta"": 0.6858575284033614, ""theta0"": 0.45723835226890763, ""ESS"": 10093.516627477251, ""ESS_frac"": 0.616059364470047, ""max_weight"": 16.63185111302614, ""max_weight_share"": 0.0010063452975993604, ""mean_weight"": 1.0087269586610845, ""hit_rate_proposal"": 0.66998291015625, ""pilot_paths"": 10000, ""total_paths_simulated"": 26384, ""theta_grid"": [[0.0, 209.52784161439396], [0.11430958806722691, 172.08668064668316], [0.22861917613445382, 144.05100195751254], [0.3429287642016807, 122.8671490809069], [0.45723835226890763, 106.75718124706317], [0.5715479403361345, 94.47047465931111], [0.6858575284033614, 85.12030959075199]]}"
4b7867dace41,2026-09-25T10:48:15,tamzeed,master,asian_arith,call,exact,rqmc,{},16384,252,5,747148948,LAPTOP-G689CP2J_AMD64,3.1625492635167265,nan,nan,nan,,,0.26524740003515035,"{""construction"": ""bridge"", ""sobol_dim"": 252, ""naive_iid_se"": 0.0479590473192708, ""se_valid"": false}"
d2614fe3065e,2026-09-25T10:48:15,tamzeed,master,asian_arith,call,exact,antithetic,{},16384,252,5,3198774534,LAPTOP-G689CP2J_AMD64,3.1870069303101105,0.04124422743667006,3.1061697299640585,3.2678441306561625,,,0.09128759999293834,"{""pairs"": 8192, ""rho_pair"": -0.2672979910267067}"
62fb416d9d81,2026-09-25T10:48:15,tamzeed,master,paper_barrier,call,exact,plain,{},16384,252,5,3780034183,LAPTOP-G689CP2J_AMD64,6.904262862591789,0.09639455011376837,6.7153330160628615,7.093192709120717,7.1055282627933245,0.20126540020153527,0.10743140010163188,
d35e9f16ba67,2026-09-25T10:48:16,tamzeed,master,asian_arith,call,exact,antithetic,{},65536,252,5,3655292654,LAPTOP-G689CP2J_AMD64,3.139131438063834,0.020392281906492466,3.099163299964521,3.179099576163147,,,0.4093806999735534,"{""pairs"": 32768, ""rho_pair"": -0.26556342742699063}"
cf8458482652,2026-09-25T10:48:16,tamzeed,master,paper_barrier,call,exact,importance,{},65536,252,5,2823891014,LAPTOP-G689CP2J_AMD64,7.054184431535111,0.022818597865843983,7.009460801540354,7.098908061529868,7.1055282627933245,0.05134383125821351,0.4892105999169871,"{""theta"": 0.6858575284033614, ""theta0"": 0.45723835226890763, ""ESS"": 41354.275786888684, ""ESS_frac"": 0.6310161710645856, ""max_weight"": 12.030141022121976, ""max_weight_share"": 0.00018335444866913087, ""mean_weight"": 1.001150425206956, ""hit_rate_proposal"": 0.6710968017578125, ""pilot_paths"": 10000, ""total_paths_simulated"": 75536, ""theta_grid"": [[0.0, 204.37955524592485], [0.11430958806722691, 168.02838250735016], [0.22861917613445382, 140.7667853662336], [0.3429287642016807, 120.14501224249716], [0.45723835226890763, 104.451405484036], [0.5715479403361345, 92.47848897343538], [0.6858575284033614, 83.36819947532723]]}"
5bbe2624db13,2026-09-25T10:48:17,tamzeed,master,paper_asian_geo,call,exact,antithetic,{},65536,252,5,2056420980,LAPTOP-G689CP2J_AMD64,3.0363233249362995,0.019864047971366146,2.997390506325246,3.075256143547353,3.000200360178781,0.03612296475751853,0.5006279000081122,"{""pairs"": 32768, ""rho_pair"": -0.2628357551937191}"
1ecd1fc613a7,2026-09-25T10:48:17,tamzeed,master,paper_barrier,call,exact,control_variate,{},65536,252,5,2486107939,LAPTOP-G689CP2J_AMD64,7.093455218849013,0.0012596079418951067,7.090986432648259,7.095924005049768,7.1055282627933245,0.012073043944311301,0.503832699963823,"{""control"": ""european_terminal"", ""control_mean"": 7.1280646692617395, ""b_hat"": 1.0008545356005114, ""rho"": 0.9996771691323049, ""pilot_rho"": 0.9996941400989653, ""pilot_paths"": 6554, ""total_paths_simulated"": 72090, ""plain_std_error"": 0.049575542625412874, ""observed_vrf"": 1549.0454928310785, ""theoretical_vrf"": 1549.0486529892764}"
d007f8337ecf,2026-09-25T10:48:18,tamzeed,master,paper_barrier,call,exact,rqmc,{},65536,252,5,2629297107,LAPTOP-G689CP2J_AMD64,7.093513569562266,nan,nan,nan,7.1055282627933245,0.012014693231058082,0.9650303999660537,"{""construction"": ""bridge"", ""sobol_dim"": 252, ""naive_iid_se"": 0.04901013654688589, ""se_valid"": false}"
c0f8b62c5183,2026-09-25T10:48:19,tamzeed,master,paper_asian_geo,call,exact,rqmc,{},65536,252,5,361456256,LAPTOP-G689CP2J_AMD64,3.0003743077043374,nan,nan,nan,3.000200360178781,0.00017394752555643933,1.1694316000211984,"{""construction"": ""bridge"", ""sobol_dim"": 252, ""naive_iid_se"": 0.02292962446190454, ""se_valid"": false}"
48cbf44f5a00,2026-09-25T10:48:20,tamzeed,master,paper_barrier,call,exact,plain,{},65536,252,5,1567661096,LAPTOP-G689CP2J_AMD64,7.116599740656014,0.04921853058639941,7.020133193334688,7.213066287977339,7.1055282627933245,0.01107147786268925,0.54149990004953,
1c9f7083edd8,2026-09-25T10:48:21,tamzeed,master,asian_arith,call,exact,control_variate,{},65536,252,5,2445383327,LAPTOP-G689CP2J_AMD64,3.1624491702511137,0.0007716711426282468,3.1609367226036533,3.163961617898574,,,0.5832577999681234,"{""control"": ""geometric_asian"", ""control_mean"": 3.000200360178781, ""b_hat"": 1.0461647072713889, ""rho"": 0.9994843049503678, ""pilot_rho"": 0.9994843886505228, ""pilot_paths"": 6554, ""total_paths_simulated"": 72090, ""plain_std_error"": 0.024029038371331662, ""observed_vrf"": 969.6349531892648, ""theoretical_vrf"": 969.815315020658}"
de18d518ffa4,2026-09-25T10:48:21,tamzeed,master,deep_barrier,call,exact,antithetic,{},65536,252,5,667300717,LAPTOP-G689CP2J_AMD64,3.4162217300812685,0.04325764191801047,3.3314383098658378,3.5010051502966992,3.545320563728301,0.12909883364703267,0.3953606999712065,"{""pairs"": 32768, ""rho_pair"": -0.08687167268521293}"
c7bbe9626516,2026-09-25T10:48:21,tamzeed,master,paper_asian_geo,call,exact,plain,{},65536,252,5,2015623728,LAPTOP-G689CP2J_AMD64,3.0266326483103723,0.023105919030937245,2.9813458791800365,3.071919417440708,3.000200360178781,0.026432288131591264,0.4938100000144914,
4e27cf707eff,2026-09-25T10:48:23,tamzeed,master,asian_arith,call,exact,rqmc,{},65536,252,5,2477387151,LAPTOP-G689CP2J_AMD64,3.162522735930113,nan,nan,nan,,,1.1217708999756724,"{""construction"": ""bridge"", ""sobol_dim"": 252, ""naive_iid_se"": 0.023985562161440585, ""se_valid"": false}"
1af153b7e8c7,2026-09-25T10:48:23,tamzeed,master,asian_arith,call,exact,plain,{},65536,252,5,1965857544,LAPTOP-G689CP2J_AMD64,3.1890404260458096,0.024202261892842195,3.1416048643914327,3.2364759877001865,,,0.43914420006331056,
7440aec40828,2026-09-25T10:48:23,tamzeed,master,paper_barrier,call,exact,antithetic,{},65536,252,5,1070434241,LAPTOP-G689CP2J_AMD64,7.0817443517513405,0.0405203405600388,7.002325943612367,7.161162759890314,7.1055282627933245,0.023783911041983963,0.3718629999784753,"{""pairs"": 32768, ""rho_pair"": -0.31792235656162465}"
745b04094a5d,2026-09-25T10:48:24,tamzeed,master,deep_barrier,call,exact,plain,{},65536,252,5,3253820341,LAPTOP-G689CP2J_AMD64,3.385915691363191,0.0447715537781834,3.2981650584260533,3.4736663243003285,3.545320563728301,0.15940487236511025,0.411421199911274,
107cad381fda,2026-09-25T10:48:24,tamzeed,master,deep_barrier,call,exact,importance,{},65536,252,5,1589888231,LAPTOP-G689CP2J_AMD64,3.3817481537598515,0.014335701243404907,3.3536506956296517,3.4098456118900513,3.545320563728301,0.16357240996844968,0.5005826000124216,"{""theta"": 1.6323611831060643, ""theta0"": 1.6323611831060643, ""ESS"": 4925.097672932205, ""ESS_frac"": 0.07515102650348213, ""max_weight"": 191.22168782360404, ""max_weight_share"": 0.002885291111634404, ""mean_weight"": 1.0112710592390706, ""hit_rate_proposal"": 0.5951080322265625, ""pilot_paths"": 10000, ""total_paths_simulated"": 75536, ""theta_grid"": [[0.0, 144.0462744497293], [0.40809029577651607, 68.41135075229967], [0.8161805915530321, 40.163845625406175], [1.2242708873295483, 28.96929689341579], [1.6323611831060643, 25.551756440916556], [2.0404514788825803, 27.46741608774386], [2.4485417746590965, 35.90026992070729]]}"
583cd92e0010,2026-09-25T10:48:25,tamzeed,master,deep_barrier,call,exact,control_variate,{},65536,252,5,749846036,LAPTOP-G689CP2J_AMD64,3.409365936370154,0.025045408423134068,3.360277837882715,3.458454034857593,3.545320563728301,0.13595462735814712,0.616626999923028,"{""control"": ""european_terminal"", ""control_mean"": 7.1280646692617395, ""b_hat"": 0.766219326739512, ""rho"": 0.8340639369982171, ""pilot_rho"": 0.8328211856896688, ""pilot_paths"": 6554, ""total_paths_simulated"": 72090, ""plain_std_error"": 0.04539890177216142, ""observed_vrf"": 3.2857495549510025, ""theoretical_vrf"": 3.2858273993941305}"
f9f8e4a7899e,2026-09-25T10:48:26,tamzeed,master,deep_barrier,call,exact,rqmc,{},65536,252,5,4222458717,LAPTOP-G689CP2J_AMD64,3.3880944158581703,nan,nan,nan,3.545320563728301,0.1572261478701309,1.0833738000364974,"{""construction"": ""bridge"", ""sobol_dim"": 252, ""naive_iid_se"": 0.04497662860980275, ""se_valid"": false}"
f7a0f6f03be5,2026-09-25T10:48:26,tamzeed,master,deep_barrier,call,exact,control_variate,{},256,252,6,1473685447,LAPTOP-G689CP2J_AMD64,3.0189802892985464,0.43964872419708634,2.1572846240232737,3.880675954573819,3.545320563728301,0.5263402744297547,0.0063937000231817365,"{""control"": ""european_terminal"", ""control_mean"": 7.1280646692617395, ""b_hat"": 0.8108848626717299, ""rho"": 0.8204624521344084, ""pilot_rho"": 0.8537840417139769, ""pilot_paths"": 256, ""total_paths_simulated"": 512, ""plain_std_error"": 0.7656479425104065, ""observed_vrf"": 3.0328197887302433, ""theoretical_vrf"": 3.0595882534905408}"
79f78773b5f9,2026-09-25T10:48:26,tamzeed,master,paper_barrier,call,exact,importance,{},256,252,6,1711267332,LAPTOP-G689CP2J_AMD64,6.9670497389619275,0.3695015540123627,6.242840000866115,7.69125947705774,7.1055282627933245,0.13847852383139703,0.07103650004137307,"{""theta"": 0.6858575284033614, ""theta0"": 0.45723835226890763, ""ESS"": 166.94147946844808, ""ESS_frac"": 0.6521151541736253, ""max_weight"": 5.648542696367165, ""max_weight_share"": 0.022626687954636116, ""mean_weight"": 0.9751590666703513, ""hit_rate_proposal"": 0.65625, ""pilot_paths"": 10000, ""total_paths_simulated"": 10256, ""theta_grid"": [[0.0, 209.97043461967087], [0.11430958806722691, 172.3259625388623], [0.22861917613445382, 144.1416817758634], [0.3429287642016807, 122.85113295631746], [0.45723835226890763, 106.6657696957635], [0.5715479403361345, 94.32666835529788], [0.6858575284033614, 84.94083339039423]]}"
2013f1b118df,2026-09-25T10:48:26,tamzeed,master,paper_barrier,call,exact,antithetic,{},256,252,6,1729256455,LAPTOP-G689CP2J_AMD64,8.171056722841787,0.6772844446245485,6.843603604088459,9.498509841595114,7.1055282627933245,1.065528460048462,0.0021823999704793096,"{""pairs"": 128, ""rho_pair"": -0.36151315826008384}"
18e976693157,2026-09-25T10:48:26,tamzeed,master,deep_barrier,call,exact,rqmc,{},256,252,6,3306020399,LAPTOP-G689CP2J_AMD64,3.424482341061375,nan,nan,nan,3.545320563728301,0.12083822266692623,0.01926530001219362,"{""construction"": ""bridge"", ""sobol_dim"": 252, ""naive_iid_se"": 0.7097142926592875, ""se_valid"": false}"
9104778080d0,2026-09-25T10:48:26,tamzeed,master,paper_asian_geo,call,exact,antithetic,{},256,252,6,1932272748,LAPTOP-G689CP2J_AMD64,3.216486281385883,0.3373022058296084,2.5553861060539345,3.877586456717832,3.000200360178781,0.21628592120710222,0.0019854999845847487,"{""pairs"": 128, ""rho_pair"": -0.2814212291247398}"
db124ff4695c,2026-09-25T10:48:26,tamzeed,master,asian_arith,call,exact,control_variate,{},256,252,6,3957601258,LAPTOP-G689CP2J_AMD64,3.1827132628273604,0.015765632617767568,3.151813190703046,3.213613334951675,,,0.006456000031903386,"{""control"": ""geometric_asian"", ""control_mean"": 3.000200360178781, ""b_hat"": 1.0420260835096, ""rho"": 0.9994665938287747, ""pilot_rho"": 0.9995762625618274, ""pilot_paths"": 256, ""total_paths_simulated"": 512, ""plain_std_error"": 0.47213927388422394, ""observed_vrf"": 896.8451241434536, ""theoretical_vrf"": 937.6220488200855}"
70b10cd4782f,2026-09-25T10:48:26,tamzeed,master,paper_asian_geo,call,exact,plain,{},256,252,6,269023210,LAPTOP-G689CP2J_AMD64,3.239157467592244,0.44223519461982985,2.3723924134413164,4.105922521743172,3.000200360178781,0.2389571074134631,0.0026377999456599355,
d791ac7d381c,2026-09-25T10:48:26,tamzeed,master,deep_barrier,call,exact,antithetic,{},256,252,6,2860200851,LAPTOP-G689CP2J_AMD64,3.9523654618957145,0.7377966068410376,2.5063106845714227,5.398420239220006,3.545320563728301,0.4070448981674133,0.0022734999656677246,"{""pairs"": 128, ""rho_pair"": -0.10007004065514619}"
b84632d78d51,2026-09-25T10:48:26,tamzeed,master,asian_arith,call,exact,plain,{},256,252,6,1210239625,LAPTOP-G689CP2J_AMD64,3.983649513957842,0.45093518148816214,3.099832798879011,4.867466229036673,,,0.0022374000400304794,
15c8c4cc3158,2026-09-25T10:48:26,tamzeed,master,paper_barrier,call,exact,rqmc,{},256,252,6,3366692559,LAPTOP-G689CP2J_AMD64,7.059961269141166,nan,nan,nan,7.1055282627933245,0.04556699365215877,0.02100770000834018,"{""construction"": ""bridge"", ""sobol_dim"": 252, ""naive_iid_se"": 0.7710532588223747, ""se_valid"": false}"
62a594e48db3,2026-09-25T10:48:26,tamzeed,master,asian_arith,call,exact,rqmc,{},256,252,6,620483954,LAPTOP-G689CP2J_AMD64,3.1579250445069706,nan,nan,nan,,,0.01535080000758171,"{""construction"": ""bridge"", ""sobol_dim"": 252, ""naive_iid_se"": 0.3736353516527987, ""se_valid"": false}"
824b2c3908b1,2026-09-25T10:48:26,tamzeed,master,paper_asian_geo,call,exact,rqmc,{},256,252,6,2765759928,LAPTOP-G689CP2J_AMD64,3.0571245190574947,nan,nan,nan,3.000200360178781,0.056924158878713715,0.012066500028595328,"{""construction"": ""bridge"", ""sobol_dim"": 252, ""naive_iid_se"": 0.37997636220256814, ""se_valid"": false}"
adaad61f755d,2026-09-25T10:48:26,tamzeed,master,deep_barrier,call,exact,importance,{},256,252,6,2786848003,LAPTOP-G689CP2J_AMD64,3.6950639402190872,0.2339081545674732,3.2366123815766117,4.153515498861563,3.545320563728301,0.14974337649078606,0.06262870004866272,"{""theta"": 1.6323611831060643, ""theta0"": 1.6323611831060643, ""ESS"": 34.02594146798045, ""ESS_frac"": 0.13291383385929864, ""max_weight"": 27.01170124916406, ""max_weight_share"": 0.11903326157605179, ""mean_weight"": 0.8864283529451358, ""hit_rate_proposal"": 0.6328125, ""pilot_paths"": 10000, ""total_paths_simulated"": 10256, ""theta_grid"": [[0.0, 144.35794870168957], [0.40809029577651607, 67.95422700108408], [0.8161805915530321, 39.496100438705255], [1.2242708873295483, 28.183181660344964], [1.6323611831060643, 24.584141657476746], [2.0404514788825803, 26.132779780431765], [2.4485417746590965, 33.777581063264996]]}"
70458088a618,2026-09-25T10:48:26,tamzeed,master,asian_arith,call,exact,antithetic,{},256,252,6,1967364186,LAPTOP-G689CP2J_AMD64,2.798326756872049,0.32651163732501676,2.158375707181812,3.4382778065622857,,,0.001922599971294403,"{""pairs"": 128, ""rho_pair"": -0.22341233975413446}"
68f5bfa7ff21,2026-09-25T10:48:26,tamzeed,master,deep_barrier,call,exact,plain,{},256,252,6,2894682171,LAPTOP-G689CP2J_AMD64,3.7771224793835403,0.7375657117467364,2.331520248128286,5.222724710638794,3.545320563728301,0.2318019156552391,0.0031718999380245805,
991fa1b55a71,2026-09-25T10:48:26,tamzeed,master,paper_barrier,call,exact,control_variate,{},256,252,6,3609354243,LAPTOP-G689CP2J_AMD64,7.106486568142751,0.012061468686685008,7.08284652391619,7.1301266123693114,7.1055282627933245,0.0009583053494264249,0.004238200024701655,"{""control"": ""european_terminal"", ""control_mean"": 7.1280646692617395, ""b_hat"": 1.0014343057581427, ""rho"": 0.9998969759136234, ""pilot_rho"": 0.9993731124984939, ""pilot_paths"": 256, ""total_paths_simulated"": 512, ""plain_std_error"": 0.8391946273182912, ""observed_vrf"": 4840.887635998272, ""theoretical_vrf"": 4853.484024312719}"
45bd3e188d32,2026-09-25T10:48:26,tamzeed,master,paper_barrier,call,exact,plain,{},256,252,6,3401132898,LAPTOP-G689CP2J_AMD64,7.922276994352852,0.8250124608607294,6.305282284269061,9.539271704436642,7.1055282627933245,0.8167487315595272,0.0015087000792846084,
33a500455ebd,2026-09-25T10:48:26,tamzeed,master,paper_barrier,call,exact,plain,{},1024,252,6,214755627,LAPTOP-G689CP2J_AMD64,6.330972329270216,0.3630493547568573,5.61940866933627,7.042535989204161,7.1055282627933245,0.7745559335231089,0.008580400026403368,
35e42b71b106,2026-09-25T10:48:26,tamzeed,master,deep_barrier,call,exact,rqmc,{},1024,252,6,4220093968,LAPTOP-G689CP2J_AMD64,3.3080027411749184,nan,nan,nan,3.545320563728301,0.23731782255338274,0.02444509998895228,"{""construction"": ""bridge"", ""sobol_dim"": 252, ""naive_iid_se"": 0.3571222248433068, ""se_valid"": false}"
1a6d66b3ee72,2026-09-25T10:48:26,tamzeed,master,asian_arith,call,exact,plain,{},1024,252,6,2626991129,LAPTOP-G689CP2J_AMD64,2.9278981849991244,0.18133623940790836,2.572485686667691,3.2833106833305576,,,0.006897600018419325,
0898805feb52,2026-09-25T10:48:26,tamzeed,master,paper_asian_geo,call,exact,plain,{},1024,252,6,18250121,LAPTOP-G689CP2J_AMD64,2.861742285630908,0.1732166447168009,2.5222439004631076,3.201240670798708,3.000200360178781,0.13845807454787318,0.0075264000333845615,
9ac007d99b0e,2026-09-25T10:48:26,tamzeed,master,asian_arith,call,exact,antithetic,{},1024,252,6,3839470834,LAPTOP-G689CP2J_AMD64,3.1814736169242854,0.17454713568730926,2.8393675173725335,3.5235797164760374,,,0.005099600064568222,"{""pairs"": 512, ""rho_pair"": -0.24645481980094178}"
74c46b9f27b4,2026-09-25T10:48:26,tamzeed,master,deep_barrier,call,exact,plain,{},1024,252,6,1621485264,LAPTOP-G689CP2J_AMD64,2.481023409950157,0.2989150581997257,1.8951606614420005,3.0668861584583134,3.545320563728301,1.0642971537781443,0.006011999910697341,
7c95b2391632,2026-09-25T10:48:26,tamzeed,master,paper_asian_geo,call,exact,antithetic,{},1024,252,6,3748219627,LAPTOP-G689CP2J_AMD64,3.183256404749925,0.17132866856458648,2.847458384844136,3.5190544246557143,3.000200360178781,0.18305604457114422,0.007992300088517368,"{""pairs"": 512, ""rho_pair"": -0.25287228144407203}"
24e7bfc394ce,2026-09-25T10:48:26,tamzeed,master,asian_arith,call,exact,control_variate,{},1024,252,6,2471572574,LAPTOP-G689CP2J_AMD64,3.160348777018469,0.006181160076282483,3.1482339258862786,3.1724636281506595,,,0.010176100069656968,"{""control"": ""geometric_asian"", ""control_mean"": 3.000200360178781, ""b_hat"": 1.0476430800917367, ""rho"": 0.9995229140199462, ""pilot_rho"": 0.9996308999203659, ""pilot_paths"": 256, ""total_paths_simulated"": 1280, ""plain_std_error"": 0.19748051173632658, ""observed_vrf"": 1020.7244226887995, ""theoretical_vrf"": 1048.2791799850725}"
5f1e14a2c9de,2026-09-25T10:48:26,tamzeed,master,paper_asian_geo,call,exact,rqmc,{},1024,252,6,2960794576,LAPTOP-G689CP2J_AMD64,2.9835666312116156,nan,nan,nan,3.000200360178781,0.016633728967165418,0.02562259999103844,"{""construction"": ""bridge"", ""sobol_dim"": 252, ""naive_iid_se"": 0.1858859878383664, ""se_valid"": false}"
03bb8c6de93f,2026-09-25T10:48:26,tamzeed,master,deep_barrier,call,exact,importance,{},1024,252,6,1140328556,LAPTOP-G689CP2J_AMD64,3.353336801403449,0.11277966851322757,3.132292712929157,3.574380889877741,3.545320563728301,0.19198376232485215,0.07206220005173236,"{""theta"": 1.6323611831060643, ""theta0"": 1.6323611831060643, ""ESS"": 89.27757878631755, ""ESS_frac"": 0.08718513553351323, ""max_weight"": 62.29546482730457, ""max_weight_share"": 0.057023247840321326, ""mean_weight"": 1.0668528569394762, ""hit_rate_proposal"": 0.5908203125, ""pilot_paths"": 10000, ""total_paths_simulated"": 11024, ""theta_grid"": [[0.0, 142.3606767142156], [0.40809029577651607, 67.15161079976595], [0.8161805915530321, 39.18089655854056], [1.2242708873295483, 28.11615406209106], [1.6323611831060643, 24.70959840355913], [2.0404514788825803, 26.51612327751199], [2.4485417746590965, 34.675412515763576]]}"
34b9162f2d44,2026-09-25T10:48:26,tamzeed,master,deep_barrier,call,exact,antithetic,{},1024,252,6,3492322213,LAPTOP-G689CP2J_AMD64,3.6130930965922046,0.35323214333394515,2.920770817475782,4.305415375708627,3.545320563728301,0.06777253286390339,0.0059850000543519855,"{""pairs"": 512, ""rho_pair"": -0.09237948524567645}"
51ff00eaa2fa,2026-09-25T10:48:26,tamzeed,master,paper_barrier,call,exact,control_variate,{},1024,252,6,442334074,LAPTOP-G689CP2J_AMD64,7.099137429230357,0.008937208563567011,7.081620822323442,7.116654036137271,7.1055282627933245,0.006390833562967657,0.007984700030647218,"{""control"": ""european_terminal"", ""control_mean"": 7.1280646692617395, ""b_hat"": 1.000950829894722, ""rho"": 0.9997332471979211, ""pilot_rho"": 0.9997869546001267, ""pilot_paths"": 256, ""total_paths_simulated"": 1280, ""plain_std_error"": 0.38694794690446715, ""observed_vrf"": 1874.5684675737355, ""theoretical_vrf"": 1874.644589294722}"
3d8174cd4d2f,2026-09-25T10:48:27,tamzeed,master,asian_arith,call,exact,rqmc,{},1024,252,6,1840618473,LAPTOP-G689CP2J_AMD64,3.1584594338712373,nan,nan,nan,,,0.022728400072082877,"{""construction"": ""bridge"", ""sobol_dim"": 252, ""naive_iid_se"": 0.190826138646528, ""se_valid"": false}"
6a3a66883daa,2026-09-25T10:48:27,tamzeed,master,paper_barrier,call,exact,importance,{},1024,252,6,3230906154,LAPTOP-G689CP2J_AMD64,7.292811930319997,0.18250870154201784,6.935101448432473,7.650522412207522,7.1055282627933245,0.18728366752667291,0.06921679992228746,"{""theta"": 0.6858575284033614, ""theta0"": 0.45723835226890763, ""ESS"": 656.8452538207515, ""ESS_frac"": 0.6414504431843276, ""max_weight"": 5.634104151722266, ""max_weight_share"": 0.005704464044561879, ""mean_weight"": 0.964517401229207, ""hit_rate_proposal"": 0.6875, ""pilot_paths"": 10000, ""total_paths_simulated"": 11024, ""theta_grid"": [[0.0, 207.64284495584812], [0.11430958806722691, 170.64337127353625], [0.22861917613445382, 142.914735284088], [0.3429287642016807, 121.9493958098183], [0.45723835226890763, 105.9983196253564], [0.5715479403361345, 93.82934898676615], [0.6858575284033614, 84.56778174130288]]}"
e4d847f050fb,2026-09-25T10:48:27,tamzeed,master,paper_barrier,call,exact,antithetic,{},1024,252,6,4217566671,LAPTOP-G689CP2J_AMD64,7.387445105558816,0.3209819476163157,6.758332048543315,8.016558162574317,7.1055282627933245,0.2819168427654919,0.006842400063760579,"{""pairs"": 512, ""rho_pair"": -0.34233139601543533}"
d63215055904,2026-09-25T10:48:27,tamzeed,master,deep_barrier,call,exact,control_variate,{},1024,252,6,464117146,LAPTOP-G689CP2J_AMD64,3.1182545542368345,0.20160734168408276,2.7231114255171716,3.5133976829564975,3.545320563728301,0.42706600949146667,0.0074643000261858106,"{""control"": ""european_terminal"", ""control_mean"": 7.1280646692617395, ""b_hat"": 0.7763229023020936, ""rho"": 0.8000640231875062, ""pilot_rho"": 0.8386581964655984, ""pilot_paths"": 256, ""total_paths_simulated"": 1280, ""plain_std_error"": 0.3337486981729168, ""observed_vrf"": 2.7404789734928543, ""theoretical_vrf"": 2.778568444119054}"
0149d02a0f57,2026-09-25T10:48:27,tamzeed,master,paper_barrier,call,exact,rqmc,{},1024,252,6,1491591312,LAPTOP-G689CP2J_AMD64,7.083777856254206,nan,nan,nan,7.1055282627933245,0.02175040653911875,0.02321710006799549,"{""construction"": ""bridge"", ""sobol_dim"": 252, ""naive_iid_se"": 0.39172705296505916, ""se_valid"": false}"
ee16c6d49c97,2026-09-25T10:48:27,tamzeed,master,deep_barrier,call,exact,rqmc,{},4096,252,6,1171224904,LAPTOP-G689CP2J_AMD64,3.3762745733816084,nan,nan,nan,3.545320563728301,0.16904599034669276,0.06846189999487251,"{""construction"": ""bridge"", ""sobol_dim"": 252, ""naive_iid_se"": 0.1796397198285287, ""se_valid"": false}"
a638e49c7eb8,2026-09-25T10:48:27,tamzeed,master,deep_barrier,call,exact,plain,{},4096,252,6,2456740962,LAPTOP-G689CP2J_AMD64,3.3676364990867977,0.17924063886334188,3.0163313023486973,3.718941695824898,3.545320563728301,0.17768406464150344,0.022177599952556193,
72e1bb44dbc8,2026-09-25T10:48:27,tamzeed,master,deep_barrier,call,exact,antithetic,{},4096,252,6,1435375268,LAPTOP-G689CP2J_AMD64,3.5316096301959883,0.18039319618039423,3.178045462626347,3.8851737977656295,3.545320563728301,0.013710933532312897,0.023371300077997148,"{""pairs"": 2048, ""rho_pair"": -0.08553460474175542}"
b70dd67078fe,2026-09-25T10:48:27,tamzeed,master,asian_arith,call,exact,control_variate,{},4096,252,6,1045129467,LAPTOP-G689CP2J_AMD64,3.1592168008568344,0.003028452374957763,3.1532811432730226,3.1651524584406463,,,0.03741310001350939,"{""control"": ""geometric_asian"", ""control_mean"": 3.000200360178781, ""b_hat"": 1.0411961847412363, ""rho"": 0.9994937804559271, ""pilot_rho"": 0.9996331386695435, ""pilot_paths"": 410, ""total_paths_simulated"": 4506, ""plain_std_error"": 0.09482617469740628, ""observed_vrf"": 980.4263300400339, ""theoretical_vrf"": 987.9638049974828}"
2a30c7bb786b,2026-09-25T10:48:27,tamzeed,master,deep_barrier,call,exact,importance,{},4096,252,6,3543502353,LAPTOP-G689CP2J_AMD64,3.3667324213577343,0.0564800737659242,3.2560335109323573,3.4774313317831114,3.545320563728301,0.17858814237056686,0.08872639993205667,"{""theta"": 1.6323611831060643, ""theta0"": 1.6323611831060643, ""ESS"": 390.0573157231588, ""ESS_frac"": 0.09522883684647432, ""max_weight"": 57.42789770886958, ""max_weight_share"": 0.014144513309293914, ""mean_weight"": 0.991231195623187, ""hit_rate_proposal"": 0.60400390625, ""pilot_paths"": 10000, ""total_paths_simulated"": 14096, ""theta_grid"": [[0.0, 142.14638497168477], [0.40809029577651607, 67.05294647888142], [0.8161805915530321, 39.14012275296045], [1.2242708873295483, 28.10602873017499], [1.6323611831060643, 24.719424263466603], [2.0404514788825803, 26.54347122421264], [2.4485417746590965, 34.72143306657692]]}"
8f3ba90bf31e,2026-09-25T10:48:27,tamzeed,master,asian_arith,call,exact,rqmc,{},4096,252,6,746079235,LAPTOP-G689CP2J_AMD64,3.167223056030556,nan,nan,nan,,,0.06585659994743764,"{""construction"": ""bridge"", ""sobol_dim"": 252, ""naive_iid_se"": 0.09628306184629053, ""se_valid"": false}"
8993c0f20e2a,2026-09-25T10:48:27,tamzeed,master,paper_asian_geo,call,exact,rqmc,{},4096,252,6,1147854247,LAPTOP-G689CP2J_AMD64,2.998994245287145,nan,nan,nan,3.000200360178781,0.0012061148916360231,0.07410520000848919,"{""construction"": ""bridge"", ""sobol_dim"": 252, ""naive_iid_se"": 0.09174297917499344, ""se_valid"": false}"
fddcc627afb9,2026-09-25T10:48:27,tamzeed,master,deep_barrier,call,exact,control_variate,{},4096,252,6,452701943,LAPTOP-G689CP2J_AMD64,3.4499471685923355,0.10088945648144923,3.2522074674688737,3.6476868697157974,3.545320563728301,0.09537339513596566,0.02981259999796748,"{""control"": ""european_terminal"", ""control_mean"": 7.1280646692617395, ""b_hat"": 0.7682744816762249, ""rho"": 0.8342437057258127, ""pilot_rho"": 0.8346891635606499, ""pilot_paths"": 410, ""total_paths_simulated"": 4506, ""plain_std_error"": 0.18297098745286097, ""observed_vrf"": 3.289068352667137, ""theoretical_vrf"": 3.289068615320577}"
872f80d37ebf,2026-09-25T10:48:27,tamzeed,master,asian_arith,call,exact,plain,{},4096,252,6,1191756815,LAPTOP-G689CP2J_AMD64,3.1667536164256926,0.09915586423017046,2.972411693678615,3.36109553917277,,,0.024614599999040365,
93de828e029a,2026-09-25T10:48:27,tamzeed,master,paper_barrier,call,exact,importance,{},4096,252,6,2456750905,LAPTOP-G689CP2J_AMD64,7.132324646733201,0.09214813118222906,6.95171762837336,7.312931665093042,7.1055282627933245,0.026796383939876378,0.08450890006497502,"{""theta"": 0.6858575284033614, ""theta0"": 0.45723835226890763, ""ESS"": 2506.873759747848, ""ESS_frac"": 0.6120297265009395, ""max_weight"": 7.8872843601689855, ""max_weight_share"": 0.0019236721996817203, ""mean_weight"": 1.0010055421931974, ""hit_rate_proposal"": 0.670166015625, ""pilot_paths"": 10000, ""total_paths_simulated"": 14096, ""theta_grid"": [[0.0, 211.02590685300865], [0.11430958806722691, 173.5766611789368], [0.22861917613445382, 145.4707816201122], [0.3429287642016807, 124.19238007279215], [0.45723835226890763, 107.98309440218974], [0.5715479403361345, 95.60196318602208], [0.6858575284033614, 86.1665774383401]]}"
ff223147321f,2026-09-25T10:48:27,tamzeed,master,paper_barrier,call,exact,antithetic,{},4096,252,6,2239198358,LAPTOP-G689CP2J_AMD64,7.087007292502741,0.16791687284689907,6.757896269326227,7.416118315679255,7.1055282627933245,0.018520970290583527,0.02761730004567653,"{""pairs"": 2048, ""rho_pair"": -0.30342699233641096}"
2b172e4f645f,2026-09-25T10:48:27,tamzeed,master,paper_barrier,call,exact,control_variate,{},4096,252,6,4005025780,LAPTOP-G689CP2J_AMD64,7.092511490087517,0.005091724381478175,7.082531893680615,7.102491086494419,7.1055282627933245,0.013016772705807256,0.035837900009937584,"{""control"": ""european_terminal"", ""control_mean"": 7.1280646692617395, ""b_hat"": 1.0002791117563399, ""rho"": 0.9996798966469242, ""pilot_rho"": 0.9999348391923633, ""pilot_paths"": 410, ""total_paths_simulated"": 4506, ""plain_std_error"": 0.20118518114648543, ""observed_vrf"": 1561.2131579425043, ""theoretical_vrf"": 1562.245549268778}"
bc3645d13605,2026-09-25T10:48:27,tamzeed,master,paper_barrier,call,exact,rqmc,{},4096,252,6,3833814933,LAPTOP-G689CP2J_AMD64,7.094384338529677,nan,nan,nan,7.1055282627933245,0.01114392426364752,0.06540400010999292,"{""construction"": ""bridge"", ""sobol_dim"": 252, ""naive_iid_se"": 0.1958355676772524, ""se_valid"": false}"
b151a3b0d3ab,2026-09-25T10:48:27,tamzeed,master,paper_barrier,call,exact,plain,{},4096,252,6,2615909155,LAPTOP-G689CP2J_AMD64,6.9647916897581945,0.19495256299392735,6.582691687596321,7.346891691920068,7.1055282627933245,0.14073657303512999,0.031868499936535954,
a30bc761ca2d,2026-09-25T10:48:27,tamzeed,master,asian_arith,call,exact,antithetic,{},4096,252,6,3122996827,LAPTOP-G689CP2J_AMD64,3.29402672892502,0.08385987232427437,3.129664399421315,3.458389058428725,,,0.026568499975837767,"{""pairs"": 2048, ""rho_pair"": -0.2736524611979176}"
d647c61a757d,2026-09-25T10:48:27,tamzeed,master,paper_asian_geo,call,exact,plain,{},4096,252,6,4211542561,LAPTOP-G689CP2J_AMD64,2.9417716996631254,0.09156662136040622,2.762304419610713,3.1212389797155375,3.000200360178781,0.05842866051565565,0.03192280000075698,
80db0c15c31d,2026-09-25T10:48:27,tamzeed,master,paper_asian_geo,call,exact,antithetic,{},4096,252,6,812058412,LAPTOP-G689CP2J_AMD64,2.9625517311571925,0.07837128497619976,2.808946835181716,3.116156627132669,3.000200360178781,0.0376486290215885,0.03163639991544187,"{""pairs"": 2048, ""rho_pair"": -0.25838072375849913}"
5a1ba7b27cf6,2026-09-25T10:48:28,tamzeed,master,paper_barrier,call,exact,importance,{},16384,252,6,2675560973,LAPTOP-G689CP2J_AMD64,7.128429589427791,0.04575209477131735,7.038757131458746,7.218102047396836,7.1055282627933245,0.0229013266344662,0.17921109998133034,"{""theta"": 0.6858575284033614, ""theta0"": 0.45723835226890763, ""ESS"": 10206.440163347432, ""ESS_frac"": 0.622951670126186, ""max_weight"": 11.538133182544447, ""max_weight_share"": 0.0007080078521629826, ""mean_weight"": 0.9946665979458611, ""hit_rate_proposal"": 0.6737060546875, ""pilot_paths"": 10000, ""total_paths_simulated"": 26384, ""theta_grid"": [[0.0, 207.81811497199274], [0.11430958806722691, 170.3748865393899], [0.22861917613445382, 142.36602961335555], [0.3429287642016807, 121.22154978477708], [0.45723835226890763, 105.15329314704012], [0.5715479403361345, 92.90427910635522], [0.6858575284033614, 83.58379758871295]]}"
a6bb2d1b12b8,2026-09-25T10:48:28,tamzeed,master,asian_arith,call,exact,antithetic,{},16384,252,6,3524015365,LAPTOP-G689CP2J_AMD64,3.1860625342762003,0.041002473916813956,3.105699162122202,3.266425906430199,,,0.09158159990329295,"{""pairs"": 8192, ""rho_pair"": -0.2693502553638891}"
3c2243ed28a4,2026-09-25T10:48:28,tamzeed,master,paper_barrier,call,exact,antithetic,{},16384,252,6,2060753462,LAPTOP-G689CP2J_AMD64,7.160155363177391,0.08031024266000829,7.002750179974102,7.31756054638068,7.1055282627933245,0.054627100384066374,0.08875820005778223,"{""pairs"": 8192, ""rho_pair"": -0.3266937570681961}"
a8b38a7b9fff,2026-09-25T10:48:28,tamzeed,master,paper_barrier,call,exact,plain,{},16384,252,6,2363160657,LAPTOP-G689CP2J_AMD64,6.9921683392369225,0.09703316847709761,6.801986823716004,7.182349854757841,7.1055282627933245,0.11335992355640201,0.10847029997967184,
3b8ced5c3fc0,2026-09-25T10:48:28,tamzeed,master,deep_barrier,call,exact,rqmc,{},16384,252,6,3637256554,LAPTOP-G689CP2J_AMD64,3.384805554994432,nan,nan,nan,3.545320563728301,0.16051500873386937,0.27229380002245307,"{""construction"": ""bridge"", ""sobol_dim"": 252, ""naive_iid_se"": 0.08998580553197823, ""se_valid"": false}"
0636a3a9e616,2026-09-25T10:48:28,tamzeed,master,asian_arith,call,exact,plain,{},16384,252,6,2107702191,LAPTOP-G689CP2J_AMD64,3.1822983812416283,0.0483158153281709,3.087601123314725,3.2769956391685318,,,0.1187635000096634,
df7a2f6fdc50,2026-09-25T10:48:28,tamzeed,master,deep_barrier,call,exact,plain,{},16384,252,6,848842702,LAPTOP-G689CP2J_AMD64,3.274180783944472,0.08821944005856988,3.101273858693385,3.447087709195559,3.545320563728301,0.2711397797838293,0.12620320008136332,
24343eb02ac3,2026-09-25T10:48:29,tamzeed,master,paper_asian_geo,call,exact,rqmc,{},16384,252,6,1596454024,LAPTOP-G689CP2J_AMD64,3.0011379397667497,nan,nan,nan,3.000200360178781,0.0009375795879686954,0.27727459999732673,"{""construction"": ""bridge"", ""sobol_dim"": 252, ""naive_iid_se"": 0.045845819313137436, ""se_valid"": false}"
fc8c20f9d810,2026-09-25T10:48:29,tamzeed,master,asian_arith,call,exact,rqmc,{},16384,252,6,1486812124,LAPTOP-G689CP2J_AMD64,3.1623105198155654,nan,nan,nan,,,0.2409285999601707,"{""construction"": ""bridge"", ""sobol_dim"": 252, ""naive_iid_se"": 0.047984411007551145, ""se_valid"": false}"
9ae8d1eef06b,2026-09-25T10:48:29,tamzeed,master,asian_arith,call,exact,control_variate,{},16384,252,6,431156980,LAPTOP-G689CP2J_AMD64,3.1632465817982522,0.0015604309834032376,3.1601881932704217,3.166304970326083,,,0.1787433000281453,"{""control"": ""geometric_asian"", ""control_mean"": 3.000200360178781, ""b_hat"": 1.0481229829128051, ""rho"": 0.9994817053806173, ""pilot_rho"": 0.9995511858859242, ""pilot_paths"": 1639, ""total_paths_simulated"": 18023, ""plain_std_error"": 0.04830855660636951, ""observed_vrf"": 958.4268972625155, ""theoretical_vrf"": 964.9523428159108}"
0b452662859d,2026-09-25T10:48:29,tamzeed,master,paper_asian_geo,call,exact,plain,{},16384,252,6,1596312253,LAPTOP-G689CP2J_AMD64,3.0590788989178246,0.04676186934877374,2.9674273191444605,3.1507304786911887,3.000200360178781,0.058878538739043584,0.22028670005965978,
aa20d22d1208,2026-09-25T10:48:30,tamzeed,master,deep_barrier,call,exact,antithetic,{},16384,252,6,3190958320,LAPTOP-G689CP2J_AMD64,3.436797454745769,0.08538590639441625,3.269444153425405,3.604150756066133,3.545320563728301,0.10852310898253226,0.35672090004663914,"{""pairs"": 8192, ""rho_pair"": -0.08993169559236967}"
6471c297ff88,2026-09-25T10:48:30,tamzeed,master,deep_barrier,call,exact,control_variate,{},16384,252,6,4234739846,LAPTOP-G689CP2J_AMD64,3.3807403054715546,0.05020883925722194,3.2823327888218388,3.4791478221212704,3.545320563728301,0.1645802582567466,0.31161179998889565,"{""control"": ""european_terminal"", ""control_mean"": 7.1280646692617395, ""b_hat"": 0.7385392420075533, ""rho"": 0.8337784545285952, ""pilot_rho"": 0.813356414510626, ""pilot_paths"": 1639, ""total_paths_simulated"": 18023, ""plain_std_error"": 0.09080072054901878, ""observed_vrf"": 3.270530676842875, ""theoretical_vrf"": 3.280694709591898}"
1f89eca413ed,2026-09-25T10:48:30,tamzeed,master,paper_asian_geo,call,exact,antithetic,{},16384,252,6,3605513114,LAPTOP-G689CP2J_AMD64,3.0336967278950135,0.0391874684674554,2.956890701053502,3.110502754736525,3.000200360178781,0.033496367716232545,0.44489629997406155,"{""pairs"": 8192, ""rho_pair"": -0.26783862169516365}"
fd45b92e2a5e,2026-09-25T10:48:31,tamzeed,master,paper_barrier,call,exact,control_variate,{},16384,252,6,4107212734,LAPTOP-G689CP2J_AMD64,7.0943560557860526,0.002426784726931534,7.089599645123035,7.09911246644907,7.1055282627933245,0.01117220700727195,0.36976979998871684,"{""control"": ""european_terminal"", ""control_mean"": 7.1280646692617395, ""b_hat"": 1.000524931675303, ""rho"": 0.9997026440094329, ""pilot_rho"": 0.9997287856190605, ""pilot_paths"": 1639, ""total_paths_simulated"": 18023, ""plain_std_error"": 0.099507616810416, ""observed_vrf"": 1681.319090212636, ""theoretical_vrf"": 1681.736255247649}"
0ee5dbd32543,2026-09-25T10:48:31,tamzeed,master,deep_barrier,call,exact,importance,{},16384,252,6,1288541588,LAPTOP-G689CP2J_AMD64,3.424245465166276,0.028807719090937187,3.3677833732712923,3.48070755706126,3.545320563728301,0.12107509856202503,0.5291983999777585,"{""theta"": 1.6323611831060643, ""theta0"": 1.6323611831060643, ""ESS"": 1258.701114935295, ""ESS_frac"": 0.07682501922212494, ""max_weight"": 174.94958273396284, ""max_weight_share"": 0.010773955752634838, ""mean_weight"": 0.9911007027691138, ""hit_rate_proposal"": 0.5965576171875, ""pilot_paths"": 10000, ""total_paths_simulated"": 26384, ""theta_grid"": [[0.0, 144.19597510192975], [0.40809029577651607, 68.21272081023369], [0.8161805915530321, 39.84684997764127], [1.2242708873295483, 28.585113923113198], [1.6323611831060643, 25.08169092422165], [2.0404514788825803, 26.84235248130345], [2.4485417746590965, 34.97145425227662]]}"
0ee103b1862f,2026-09-25T10:48:32,tamzeed,master,paper_barrier,call,exact,rqmc,{},16384,252,6,3809440581,LAPTOP-G689CP2J_AMD64,7.093567089921051,nan,nan,nan,7.1055282627933245,0.011961172872273274,0.8141885000513867,"{""construction"": ""bridge"", ""sobol_dim"": 252, ""naive_iid_se"": 0.09799186541304636, ""se_valid"": false}"
dda49cfa9c43,2026-09-25T10:48:34,tamzeed,master,deep_barrier,call,exact,importance,{},65536,252,6,38569166,LAPTOP-G689CP2J_AMD64,3.3824283816133716,0.014371441571070244,3.354260873728152,3.410595889498591,3.545320563728301,0.16289218211492962,1.5214279000647366,"{""theta"": 1.6323611831060643, ""theta0"": 1.6323611831060643, ""ESS"": 4644.560591522033, ""ESS_frac"": 0.07087037035403493, ""max_weight"": 415.0177575876872, ""max_weight_share"": 0.006287015550756683, ""mean_weight"": 1.0072614532439164, ""hit_rate_proposal"": 0.594268798828125, ""pilot_paths"": 10000, ""total_paths_simulated"": 75536, ""theta_grid"": [[0.0, 145.18284470165636], [0.40809029577651607, 68.58231492029408], [0.8161805915530321, 40.070691179007675], [1.2242708873295483, 28.78219542153091], [1.6323611831060643, 25.3045136232903], [2.0404514788825803, 27.146392797290797], [2.4485417746590965, 35.461677121450776]]}"
1871aae0273d,2026-09-25T10:48:35,tamzeed,master,paper_barrier,call,exact,importance,{},65536,252,6,458008593,LAPTOP-G689CP2J_AMD64,7.1123836471012165,0.022855915857063383,7.067586875187694,7.157180419014739,7.1055282627933245,0.00685538430789201,1.562020399956964,"{""theta"": 0.6858575284033614, ""theta0"": 0.45723835226890763, ""ESS"": 41115.81650611445, ""ESS_frac"": 0.6273775711992561, ""max_weight"": 12.139330607394758, ""max_weight_share"": 0.00018589868948249607, ""mean_weight"": 0.9964109247560227, ""hit_rate_proposal"": 0.6745758056640625, ""pilot_paths"": 10000, ""total_paths_simulated"": 75536, ""theta_grid"": [[0.0, 207.85340125411972], [0.11430958806722691, 170.8137525077392], [0.22861917613445382, 143.0316381079948], [0.3429287642016807, 122.01278954317719], [0.45723835226890763, 106.01336467076354], [0.5715479403361345, 93.8025311233307], [0.6858575284033614, 84.50517236229446]]}"
91639fc891ed,2026-09-25T10:48:37,tamzeed,master,deep_barrier,call,exact,plain,{},65536,252,6,2837696070,LAPTOP-G689CP2J_AMD64,3.350014853595752,0.04477099521686168,3.2622653154186882,3.437764391772816,3.545320563728301,0.19530571013254905,1.3533152000745758,
448e71d4f250,2026-09-25T10:48:37,tamzeed,master,asian_arith,call,exact,antithetic,{},65536,252,6,2242526873,LAPTOP-G689CP2J_AMD64,3.205242368837083,0.02071923971164131,3.1646334052152136,3.245851332458952,,,0.522518299985677,"{""pairs"": 32768, ""rho_pair"": -0.2674852163181369}"
fea2c1f6d6a0,2026-09-25T10:48:38,tamzeed,master,asian_arith,call,exact,plain,{},65536,252,6,2536973661,LAPTOP-G689CP2J_AMD64,3.133643003238262,0.0238592249726682,3.0868797815927933,3.1804062248837304,,,0.5337554999860004,
7be869f899a5,2026-09-25T10:48:39,tamzeed,master,paper_barrier,call,exact,rqmc,{},65536,252,6,4177232821,LAPTOP-G689CP2J_AMD64,7.094418439885822,nan,nan,nan,7.1055282627933245,0.011109822907502398,1.0932039000326768,"{""construction"": ""bridge"", ""sobol_dim"": 252, ""naive_iid_se"": 0.049006064132337455, ""se_valid"": false}"
515bb0f2c5c4,2026-09-25T10:48:39,tamzeed,master,paper_barrier,call,exact,control_variate,{},65536,252,6,3713512624,LAPTOP-G689CP2J_AMD64,7.094094817000572,0.0012497061883115922,7.091645437880224,7.09654419612092,7.1055282627933245,0.011433445792752295,0.5043121000053361,"{""control"": ""european_terminal"", ""control_mean"": 7.1280646692617395, ""b_hat"": 1.0009634719973375, ""rho"": 0.9996705084630539, ""pilot_rho"": 0.9996273928629776, ""pilot_paths"": 6554, ""total_paths_simulated"": 72090, ""plain_std_error"": 0.04868608119660285, ""observed_vrf"": 1517.7274793260945, ""theoretical_vrf"": 1517.7397000607198}"
6ad93f55fde9,2026-09-25T10:48:40,tamzeed,master,deep_barrier,call,exact,control_variate,{},65536,252,6,1085408244,LAPTOP-G689CP2J_AMD64,3.373221528045837,0.02501095493992795,3.324200957144624,3.42224209894705,3.545320563728301,0.17209903568246432,0.46840799995698035,"{""control"": ""european_terminal"", ""control_mean"": 7.1280646692617395, ""b_hat"": 0.7585318037685621, ""rho"": 0.8290436189944677, ""pilot_rho"": 0.8278193254567991, ""pilot_paths"": 6554, ""total_paths_simulated"": 72090, ""plain_std_error"": 0.0447273687328767, ""observed_vrf"": 3.1980566464692144, ""theoretical_vrf"": 3.1980895605186213}"
1a51e7206d02,2026-09-25T10:48:40,tamzeed,master,deep_barrier,call,exact,antithetic,{},65536,252,6,723639784,LAPTOP-G689CP2J_AMD64,3.361203541424219,0.04292675034482939,3.277068656775011,3.4453384260734268,3.545320563728301,0.18411702230408222,0.4349653000244871,"{""pairs"": 32768, ""rho_pair"": -0.08553770332997071}"
627014648cbb,2026-09-25T10:48:42,tamzeed,master,deep_barrier,call,exact,rqmc,{},65536,252,6,2148622143,LAPTOP-G689CP2J_AMD64,3.3692272890449293,nan,nan,nan,3.545320563728301,0.17609327468337188,1.3130623999750242,"{""construction"": ""bridge"", ""sobol_dim"": 252, ""naive_iid_se"": 0.04490970725153794, ""se_valid"": false}"
1615d22cb5d8,2026-09-25T10:48:43,tamzeed,master,asian_arith,call,exact,rqmc,{},65536,252,6,3933508596,LAPTOP-G689CP2J_AMD64,3.163356468847975,nan,nan,nan,,,1.0995799000374973,"{""construction"": ""bridge"", ""sobol_dim"": 252, ""naive_iid_se"": 0.024004227338618803, ""se_valid"": false}"
15846a1d2b8d,2026-09-25T10:48:43,tamzeed,master,paper_barrier,call,exact,antithetic,{},65536,252,6,1203872170,LAPTOP-G689CP2J_AMD64,7.1308667202947,0.04046276862808155,7.051561151068882,7.210172289520517,7.1055282627933245,0.02533845750137509,0.46608010004274547,"{""pairs"": 32768, ""rho_pair"": -0.32155341692346157}"
9cd1b7bee9c1,2026-09-25T10:48:44,tamzeed,master,paper_barrier,call,exact,plain,{},65536,252,6,2402964597,LAPTOP-G689CP2J_AMD64,7.049811244362316,0.04873564712053203,6.954291131242821,7.145331357481812,7.1055282627933245,0.05571701843100829,0.45068779995199293,
e691691b2c82,2026-09-25T10:48:44,tamzeed,master,paper_asian_geo,call,exact,antithetic,{},65536,252,6,430092421,LAPTOP-G689CP2J_AMD64,2.98859725590793,0.019655249653120994,2.9500736744806693,3.0271208373351906,3.000200360178781,0.011603104270851095,0.5058619000483304,"{""pairs"": 32768, ""rho_pair"": -0.2607750564129524}"
7e79c6fd5d66,2026-09-25T10:48:45,tamzeed,master,paper_asian_geo,call,exact,rqmc,{},65536,252,6,3145170037,LAPTOP-G689CP2J_AMD64,2.9999672999016944,nan,nan,nan,3.000200360178781,0.00023306027708658306,1.1770513000665233,"{""construction"": ""bridge"", ""sobol_dim"": 252, ""naive_iid_se"": 0.022927550177470096, ""se_valid"": false}"
3911fafcefce,2026-09-25T10:48:46,tamzeed,master,paper_asian_geo,call,exact,plain,{},65536,252,6,2496792711,LAPTOP-G689CP2J_AMD64,3.003728572607361,0.02301491384101217,2.9586201703716846,3.048836974843037,3.000200360178781,0.0035282124285798133,0.5870221999939531,
47903c1f7a87,2026-09-25T10:48:47,tamzeed,master,asian_arith,call,exact,control_variate,{},65536,252,6,1438869915,LAPTOP-G689CP2J_AMD64,3.163298204935879,0.0007789760150234445,3.161771440001613,3.1648249698701454,,,0.6351089000236243,"{""control"": ""geometric_asian"", ""control_mean"": 3.000200360178781, ""b_hat"": 1.045771736285794, ""rho"": 0.9994700236011322, ""pilot_rho"": 0.9995082763857615, ""pilot_paths"": 6554, ""total_paths_simulated"": 72090, ""plain_std_error"": 0.023927179941416864, ""observed_vrf"": 943.4846955004838, ""theoretical_vrf"": 943.6883043978751}"
76f91a66212c,2026-09-25T10:48:47,tamzeed,master,paper_barrier,call,exact,antithetic,{},256,252,7,2100215391,LAPTOP-G689CP2J_AMD64,7.9189864272786075,0.6967550112490324,6.553371699182704,9.284601155374512,7.1055282627933245,0.813458164485283,0.001729200012050569,"{""pairs"": 128, ""rho_pair"": -0.3410007887534835}"
be3e03402615,2026-09-25T10:48:47,tamzeed,master,asian_arith,call,exact,rqmc,{},256,252,7,3298540462,LAPTOP-G689CP2J_AMD64,3.1966176673593845,nan,nan,nan,,,0.013077200041152537,"{""construction"": ""bridge"", ""sobol_dim"": 252, ""naive_iid_se"": 0.37697867441678173, ""se_valid"": false}"
ad54f26bf8d9,2026-09-25T10:48:47,tamzeed,master,paper_barrier,call,exact,control_variate,{},256,252,7,1215672903,LAPTOP-G689CP2J_AMD64,7.115135299086271,0.012274187194390766,7.091078334245762,7.1391922639267795,7.1055282627933245,0.009607036292946347,0.002964799990877509,"{""control"": ""european_terminal"", ""control_mean"": 7.1280646692617395, ""b_hat"": 1.0009862290635407, ""rho"": 0.9998976021837939, ""pilot_rho"": 0.9994842384300473, ""pilot_paths"": 256, ""total_paths_simulated"": 512, ""plain_std_error"": 0.8567489655135264, ""observed_vrf"": 4872.161689352787, ""theoretical_vrf"": 4883.1666464264135}"
fed78a240f71,2026-09-25T10:48:47,tamzeed,master,paper_asian_geo,call,exact,rqmc,{},256,252,7,2280108959,LAPTOP-G689CP2J_AMD64,2.9917024286798215,nan,nan,nan,3.000200360178781,0.008497931498959499,0.012650700053200126,"{""construction"": ""bridge"", ""sobol_dim"": 252, ""naive_iid_se"": 0.36678523624514153, ""se_valid"": false}"
f860456497cd,2026-09-25T10:48:47,tamzeed,master,deep_barrier,call,exact,antithetic,{},256,252,7,2563762484,LAPTOP-G689CP2J_AMD64,3.7250304438443846,0.752451033492345,2.2502535180694467,5.1998073696193226,3.545320563728301,0.17970988011608346,0.001451199990697205,"{""pairs"": 128, ""rho_pair"": -0.08463391908922875}"
a9ae30a0f300,2026-09-25T10:48:47,tamzeed,master,asian_arith,call,exact,antithetic,{},256,252,7,1156602206,LAPTOP-G689CP2J_AMD64,2.8998027770196853,0.2895858766715825,2.332224888311926,3.4673806657274446,,,0.001415099948644638,"{""pairs"": 128, ""rho_pair"": -0.2846011447696885}"
1dbd632553bd,2026-09-25T10:48:47,tamzeed,master,asian_arith,call,exact,plain,{},256,252,7,4182996140,LAPTOP-G689CP2J_AMD64,2.7655499277204725,0.3483270078005423,2.082841537588807,3.448258317852138,,,0.0016629999736323953,
86828aca5b5b,2026-09-25T10:48:47,tamzeed,master,asian_arith,call,exact,control_variate,{},256,252,7,3709702066,LAPTOP-G689CP2J_AMD64,3.1583666745251313,0.011795495231644566,3.135247928691294,3.1814854203589684,,,0.009585199994035065,"{""control"": ""geometric_asian"", ""control_mean"": 3.000200360178781, ""b_hat"": 1.0407144964874675, ""rho"": 0.9994880760847095, ""pilot_rho"": 0.9995491462563978, ""pilot_paths"": 256, ""total_paths_simulated"": 512, ""plain_std_error"": 0.3675568617923048, ""observed_vrf"": 970.9943681217, ""theoretical_vrf"": 976.9577056419237}"
32694d01d484,2026-09-25T10:48:47,tamzeed,master,paper_barrier,call,exact,rqmc,{},256,252,7,2160685080,LAPTOP-G689CP2J_AMD64,7.123794517273745,nan,nan,nan,7.1055282627933245,0.018266254480420407,0.015431600040756166,"{""construction"": ""bridge"", ""sobol_dim"": 252, ""naive_iid_se"": 0.7831346147858766, ""se_valid"": false}"
2207043b9b27,2026-09-25T10:48:47,tamzeed,master,paper_barrier,call,exact,importance,{},256,252,7,1769785492,LAPTOP-G689CP2J_AMD64,6.886971603425292,0.368775458082276,6.164184987201771,7.609758219648813,7.1055282627933245,0.2185566593680326,0.07573879999108613,"{""theta"": 0.6858575284033614, ""theta0"": 0.45723835226890763, ""ESS"": 172.5994823469989, ""ESS_frac"": 0.6742167279179645, ""max_weight"": 4.483840725777083, ""max_weight_share"": 0.01767859044852656, ""mean_weight"": 0.9907465691941822, ""hit_rate_proposal"": 0.66796875, ""pilot_paths"": 10000, ""total_paths_simulated"": 10256, ""theta_grid"": [[0.0, 207.57607375185756], [0.11430958806722691, 170.83906688383283], [0.22861917613445382, 143.22590632959012], [0.3429287642016807, 122.29277220183553], [0.45723835226890763, 106.32799420079212], [0.5715479403361345, 94.12111254562753], [0.6858575284033614, 84.80979590540858]]}"
c271ea4b19ff,2026-09-25T10:48:47,tamzeed,master,deep_barrier,call,exact,rqmc,{},256,252,7,2185891566,LAPTOP-G689CP2J_AMD64,3.2785724475208236,nan,nan,nan,3.545320563728301,0.2667481162074776,0.011990300030447543,"{""construction"": ""bridge"", ""sobol_dim"": 252, ""naive_iid_se"": 0.7578893530081362, ""se_valid"": false}"
787c48f8b67b,2026-09-25T10:48:47,tamzeed,master,paper_barrier,call,exact,plain,{},256,252,7,23558480,LAPTOP-G689CP2J_AMD64,6.323626707685371,0.7183429625947712,4.915700372451816,7.731553042918925,7.1055282627933245,0.7819015551079538,0.0013025000225752592,
e2f60e45d6d3,2026-09-25T10:48:47,tamzeed,master,paper_asian_geo,call,exact,plain,{},256,252,7,2132800999,LAPTOP-G689CP2J_AMD64,3.251949323274123,0.4114008225355352,2.4456185278943194,4.058280118653926,3.000200360178781,0.2517489630953418,0.0014166999608278275,
1280436bf691,2026-09-25T10:48:47,tamzeed,master,deep_barrier,call,exact,importance,{},256,252,7,941298761,LAPTOP-G689CP2J_AMD64,3.506429008241753,0.2345857772488281,3.0466493335487144,3.9662086829347913,3.545320563728301,0.038891555486548324,0.06842270004563034,"{""theta"": 1.6323611831060643, ""theta0"": 1.6323611831060643, ""ESS"": 24.18889795362754, ""ESS_frac"": 0.09448788263135757, ""max_weight"": 43.251975686299744, ""max_weight_share"": 0.14351091182313516, ""mean_weight"": 1.1772835102102093, ""hit_rate_proposal"": 0.59765625, ""pilot_paths"": 10000, ""total_paths_simulated"": 10256, ""theta_grid"": [[0.0, 143.57594942867067], [0.40809029577651607, 67.66198809928528], [0.8161805915530321, 39.418444977064865], [1.2242708873295483, 28.23189256586145], [1.6323611831060643, 24.7543672520658], [2.0404514788825803, 26.4924971409283], [2.4485417746590965, 34.533653291972705]]}"
adf0358e881b,2026-09-25T10:48:47,tamzeed,master,deep_barrier,call,exact,plain,{},256,252,7,2144485319,LAPTOP-G689CP2J_AMD64,3.520546503830391,0.7251793902267899,2.0992210166551653,4.941871991005617,3.545320563728301,0.02477405989791004,0.0011622000019997358,
f10e3e27b951,2026-09-25T10:48:47,tamzeed,master,paper_asian_geo,call,exact,antithetic,{},256,252,7,2015956490,LAPTOP-G689CP2J_AMD64,3.2365310487772674,0.28411247954136726,2.6796808213178145,3.7933812762367203,3.000200360178781,0.23633068859848638,0.0018807000014930964,"{""pairs"": 128, ""rho_pair"": -0.34383120612812257}"
4a8b46e868b0,2026-09-25T10:48:47,tamzeed,master,deep_barrier,call,exact,control_variate,{},256,252,7,3261815049,LAPTOP-G689CP2J_AMD64,3.336285605142523,0.3648174123839009,2.6212566159369803,4.0513145943480655,3.545320563728301,0.20903495858577825,0.003912599990144372,"{""control"": ""european_terminal"", ""control_mean"": 7.1280646692617395, ""b_hat"": 0.7777679301686202, ""rho"": 0.7713308215837981, ""pilot_rho"": 0.8442921149167207, ""pilot_paths"": 256, ""total_paths_simulated"": 512, ""plain_std_error"": 0.559571107566504, ""observed_vrf"": 2.352661510940576, ""theoretical_vrf"": 2.4688385440986322}"
23565bc65463,2026-09-25T10:48:47,tamzeed,master,asian_arith,call,exact,rqmc,{},1024,252,7,1269854207,LAPTOP-G689CP2J_AMD64,3.156506166521104,nan,nan,nan,,,0.024121499969623983,"{""construction"": ""bridge"", ""sobol_dim"": 252, ""naive_iid_se"": 0.19163683133497916, ""se_valid"": false}"
3b3f7338f479,2026-09-25T10:48:47,tamzeed,master,paper_barrier,call,exact,importance,{},1024,252,7,1181860956,LAPTOP-G689CP2J_AMD64,7.2216443940987745,0.1852977419112469,6.858467493536132,7.584821294661417,7.1055282627933245,0.11611613130544995,0.08091939997393638,"{""theta"": 0.6858575284033614, ""theta0"": 0.45723835226890763, ""ESS"": 614.2934959779998, ""ESS_frac"": 0.5998959921660154, ""max_weight"": 6.908448960571406, ""max_weight_share"": 0.006640494667707065, ""mean_weight"": 1.0159683164669362, ""hit_rate_proposal"": 0.671875, ""pilot_paths"": 10000, ""total_paths_simulated"": 11024, ""theta_grid"": [[0.0, 208.95547285393476], [0.11430958806722691, 171.94449663351452], [0.22861917613445382, 144.17541132320332], [0.3429287642016807, 123.15242917922714], [0.45723835226890763, 107.13589751383819], [0.5715479403361345, 94.90025946185312], [0.6858575284033614, 85.57508430205223]]}"
079c6a00e35d,2026-09-25T10:48:47,tamzeed,master,paper_asian_geo,call,exact,rqmc,{},1024,252,7,4106610789,LAPTOP-G689CP2J_AMD64,2.9997313778690646,nan,nan,nan,3.000200360178781,0.00046898230971637034,0.023036399972625077,"{""construction"": ""bridge"", ""sobol_dim"": 252, ""naive_iid_se"": 0.18453738810233286, ""se_valid"": false}"
ba3d6d235d78,2026-09-25T10:48:47,tamzeed,master,deep_barrier,call,exact,antithetic,{},1024,252,7,1096275246,LAPTOP-G689CP2J_AMD64,3.3739219421225113,0.34999208062282855,2.6879500692275284,4.059893815017494,3.545320563728301,0.1713986216057899,0.00999940000474453,"{""pairs"": 512, ""rho_pair"": -0.08305222633950073}"
c7d153ce8a3d,2026-09-25T10:48:47,tamzeed,master,paper_barrier,call,exact,plain,{},1024,252,7,862304605,LAPTOP-G689CP2J_AMD64,7.443361733807515,0.3937815626322375,6.671564053272426,8.215159414342605,7.1055282627933245,0.33783347101419015,0.008353600045666099,
d9e4b0db431f,2026-09-25T10:48:47,tamzeed,master,paper_asian_geo,call,exact,antithetic,{},1024,252,7,1690628892,LAPTOP-G689CP2J_AMD64,2.9512148616829004,0.15903131417208138,2.6395192134915466,3.262910509874254,3.000200360178781,0.04898549849588063,0.006262299953959882,"{""pairs"": 512, ""rho_pair"": -0.2519726324665815}"
f9bfc503e067,2026-09-25T10:48:47,tamzeed,master,deep_barrier,call,exact,control_variate,{},1024,252,7,464975521,LAPTOP-G689CP2J_AMD64,3.619636232171694,0.20128929554230135,3.2251164624353446,4.014156001908043,3.545320563728301,0.07431566844339299,0.00987790001090616,"{""control"": ""european_terminal"", ""control_mean"": 7.1280646692617395, ""b_hat"": 0.8789151927753702, ""rho"": 0.8760180740371601, ""pilot_rho"": 0.9008060948576048, ""pilot_paths"": 256, ""total_paths_simulated"": 1280, ""plain_std_error"": 0.41563476354762735, ""observed_vrf"": 4.263658078035191, ""theoretical_vrf"": 4.299367838026034}"
6b7defc5a3b6,2026-09-25T10:48:47,tamzeed,master,deep_barrier,call,exact,rqmc,{},1024,252,7,437136192,LAPTOP-G689CP2J_AMD64,3.2799786963454847,nan,nan,nan,3.545320563728301,0.2653418673828165,0.02206560003105551,"{""construction"": ""bridge"", ""sobol_dim"": 252, ""naive_iid_se"": 0.357611445261323, ""se_valid"": false}"
de896d6beb9d,2026-09-25T10:48:47,tamzeed,master,asian_arith,call,exact,plain,{},1024,252,7,1039764160,LAPTOP-G689CP2J_AMD64,3.1975754812644097,0.18817244082701093,2.828764274360474,3.5663866881683455,,,0.0071474999422207475,
c936cce009ee,2026-09-25T10:48:47,tamzeed,master,asian_arith,call,exact,antithetic,{},1024,252,7,4179853359,LAPTOP-G689CP2J_AMD64,3.0975005258652017,0.15443896481618372,2.794805717015833,3.4001953347145704,,,0.01134159998036921,"{""pairs"": 512, ""rho_pair"": -0.2826001908966047}"
8608baea6a4f,2026-09-25T10:48:47,tamzeed,master,paper_barrier,call,exact,control_variate,{},1024,252,7,2007080010,LAPTOP-G689CP2J_AMD64,7.094526589837891,0.010990999908603555,7.0729846258629445,7.116068553812837,7.1055282627933245,0.011001672955433861,0.00773089996073395,"{""control"": ""european_terminal"", ""control_mean"": 7.1280646692617395, ""b_hat"": 1.0015074656213474, ""rho"": 0.9996391803516095, ""pilot_rho"": 0.9992101044214409, ""pilot_paths"": 256, ""total_paths_simulated"": 1280, ""plain_std_error"": 0.40900447449549693, ""observed_vrf"": 1384.7829570044632, ""theoretical_vrf"": 1385.9838936699016}"
39d25655a5b5,2026-09-25T10:48:47,tamzeed,master,asian_arith,call,exact,control_variate,{},1024,252,7,176812911,LAPTOP-G689CP2J_AMD64,3.1620620062376563,0.006678328446262732,3.148972723006052,3.1751512894692606,,,0.009248799993656576,"{""control"": ""geometric_asian"", ""control_mean"": 3.000200360178781, ""b_hat"": 1.0375560199739573, ""rho"": 0.9994631353527893, ""pilot_rho"": 0.9996969544411488, ""pilot_paths"": 256, ""total_paths_simulated"": 1280, ""plain_std_error"": 0.19874179356973437, ""observed_vrf"": 885.6107125123543, ""theoretical_vrf"": 931.5835095454382}"
571522208fd2,2026-09-25T10:48:47,tamzeed,master,paper_barrier,call,exact,rqmc,{},1024,252,7,3755097305,LAPTOP-G689CP2J_AMD64,7.104674284813171,nan,nan,nan,7.1055282627933245,0.0008539779801530756,0.020694399951025844,"{""construction"": ""bridge"", ""sobol_dim"": 252, ""naive_iid_se"": 0.393327121828098, ""se_valid"": false}"
f717b419631d,2026-09-25T10:48:47,tamzeed,master,paper_barrier,call,exact,antithetic,{},1024,252,7,3464337283,LAPTOP-G689CP2J_AMD64,7.923863213370778,0.3624542012984412,7.213466032780602,8.634260393960954,7.1055282627933245,0.8183349505774533,0.00840669998433441,"{""pairs"": 512, ""rho_pair"": -0.31868330091933184}"
ca27657f52a5,2026-09-25T10:48:47,tamzeed,master,deep_barrier,call,exact,plain,{},1024,252,7,3405750229,LAPTOP-G689CP2J_AMD64,3.7028793034692207,0.3758819926482905,2.966164135441422,4.43959447149702,3.545320563728301,0.1575587397409195,0.005335499998182058,
825611a13a38,2026-09-25T10:48:47,tamzeed,master,deep_barrier,call,exact,importance,{},1024,252,7,4294191843,LAPTOP-G689CP2J_AMD64,3.4767043008158343,0.11805119626578152,3.245328207803033,3.7080803938286353,3.545320563728301,0.06861626291246692,0.09678709995932877,"{""theta"": 1.6323611831060643, ""theta0"": 1.6323611831060643, ""ESS"": 131.83872548741326, ""ESS_frac"": 0.128748755358802, ""max_weight"": 31.80871231146214, ""max_weight_share"": 0.03234407405260739, ""mean_weight"": 0.9603983581702847, ""hit_rate_proposal"": 0.59765625, ""pilot_paths"": 10000, ""total_paths_simulated"": 11024, ""theta_grid"": [[0.0, 146.00373418720034], [0.40809029577651607, 68.78754823467555], [0.8161805915530321, 40.031267588558435], [1.2242708873295483, 28.608798818546184], [1.6323611831060643, 25.00143982567743], [2.0404514788825803, 26.638741942296992], [2.4485417746590965, 34.53867433297102]]}"
20002fa30f41,2026-09-25T10:48:47,tamzeed,master,paper_asian_geo,call,exact,plain,{},1024,252,7,3948661909,LAPTOP-G689CP2J_AMD64,2.7241628380020364,0.17482333922632087,2.381515389461419,3.066810286542654,3.000200360178781,0.2760375221767446,0.00870590005069971,
afca047b38b0,2026-09-25T10:48:47,tamzeed,master,paper_barrier,call,exact,control_variate,{},4096,252,7,169160135,LAPTOP-G689CP2J_AMD64,7.100345696344465,0.004418017254010875,7.091686541643527,7.109004851045403,7.1055282627933245,0.005182566448859838,0.027887200005352497,"{""control"": ""european_terminal"", ""control_mean"": 7.1280646692617395, ""b_hat"": 1.0008107494224912, ""rho"": 0.999761046592798, ""pilot_rho"": 0.999686282085484, ""pilot_paths"": 410, ""total_paths_simulated"": 4506, ""plain_std_error"": 0.20210583738168728, ""observed_vrf"": 2092.6803647887723, ""theoretical_vrf"": 2092.7081615841334}"
7faaa3b852db,2026-09-25T10:48:47,tamzeed,master,deep_barrier,call,exact,control_variate,{},4096,252,7,1758344460,LAPTOP-G689CP2J_AMD64,3.503834699714233,0.10168878367512402,3.3045283460793056,3.7031410533491607,3.545320563728301,0.04148586401406806,0.024941499927081168,"{""control"": ""european_terminal"", ""control_mean"": 7.1280646692617395, ""b_hat"": 0.811095055619701, ""rho"": 0.8532178835695668, ""pilot_rho"": 0.8608036712248498, ""pilot_paths"": 410, ""total_paths_simulated"": 4506, ""plain_std_error"": 0.19494173208140114, ""observed_vrf"": 3.6750523993642457, ""theoretical_vrf"": 3.676210507734488}"
5f07353eb728,2026-09-25T10:48:47,tamzeed,master,paper_barrier,call,exact,plain,{},4096,252,7,1289605360,LAPTOP-G689CP2J_AMD64,6.9524874457912365,0.19277274657644494,6.574659805300537,7.330315086281936,7.1055282627933245,0.15304081700208805,0.03275539993774146,
272c95dd7221,2026-09-25T10:48:47,tamzeed,master,deep_barrier,call,exact,importance,{},4096,252,7,3729836105,LAPTOP-G689CP2J_AMD64,3.4257094890596274,0.0572943324494107,3.3134146609405177,3.538004317178737,3.545320563728301,0.11961107466867382,0.10031650005839765,"{""theta"": 1.6323611831060643, ""theta0"": 1.6323611831060643, ""ESS"": 254.17771354185726, ""ESS_frac"": 0.062055105845179995, ""max_weight"": 162.28318037017627, ""max_weight_share"": 0.04033553645589114, ""mean_weight"": 0.9822583400096552, ""hit_rate_proposal"": 0.603271484375, ""pilot_paths"": 10000, ""total_paths_simulated"": 14096, ""theta_grid"": [[0.0, 143.8040664093578], [0.40809029577651607, 67.56789168058944], [0.8161805915530321, 39.26340581508476], [1.2242708873295483, 28.064317295252305], [1.6323611831060643, 24.576144038228364], [2.0404514788825803, 26.294095437449123], [2.4485417746590965, 34.307596531786224]]}"
f877d2b9faf3,2026-09-25T10:48:47,tamzeed,master,paper_asian_geo,call,exact,antithetic,{},4096,252,7,2837227814,LAPTOP-G689CP2J_AMD64,2.975609551621192,0.07833205759036806,2.8220815399091532,3.1291375633332303,3.000200360178781,0.024590808557589217,0.026947900070808828,"{""pairs"": 2048, ""rho_pair"": -0.2614334562880874}"
0ea9b9ff4b51,2026-09-25T10:48:47,tamzeed,master,paper_barrier,call,exact,rqmc,{},4096,252,7,1968871219,LAPTOP-G689CP2J_AMD64,7.088605937042464,nan,nan,nan,7.1055282627933245,0.016922325750860168,0.07165000005625188,"{""construction"": ""bridge"", ""sobol_dim"": 252, ""naive_iid_se"": 0.19590694192768832, ""se_valid"": false}"
44f064708e82,2026-09-25T10:48:47,tamzeed,master,paper_barrier,call,exact,antithetic,{},4096,252,7,2966855410,LAPTOP-G689CP2J_AMD64,7.080012387938082,0.16269183135863668,6.76114225789629,7.398882517979874,7.1055282627933245,0.02551587485524287,0.029343699919991195,"{""pairs"": 2048, ""rho_pair"": -0.3168535233497586}"
3c76fcd6187f,2026-09-25T10:48:48,tamzeed,master,asian_arith,call,exact,rqmc,{},4096,252,7,3625941724,LAPTOP-G689CP2J_AMD64,3.1628287261345798,nan,nan,nan,,,0.0808612999971956,"{""construction"": ""bridge"", ""sobol_dim"": 252, ""naive_iid_se"": 0.09582458422092939, ""se_valid"": false}"
c5c0977bff00,2026-09-25T10:48:48,tamzeed,master,paper_asian_geo,call,exact,plain,{},4096,252,7,353195060,LAPTOP-G689CP2J_AMD64,3.0037882220216985,0.09377645047788294,2.819989756487044,3.1875866875563528,3.000200360178781,0.0035878618429174836,0.03566340007819235,
7e62d99c174c,2026-09-25T10:48:48,tamzeed,master,paper_barrier,call,exact,importance,{},4096,252,7,3280348002,LAPTOP-G689CP2J_AMD64,7.148547544943074,0.09144793920245073,6.969312877645862,7.327782212240287,7.1055282627933245,0.04301928214974993,0.0965178000042215,"{""theta"": 0.6858575284033614, ""theta0"": 0.45723835226890763, ""ESS"": 2594.342645987502, ""ESS_frac"": 0.6333844350555424, ""max_weight"": 9.955392051528506, ""max_weight_share"": 0.00247954129121289, ""mean_weight"": 0.980227934172168, ""hit_rate_proposal"": 0.674072265625, ""pilot_paths"": 10000, ""total_paths_simulated"": 14096, ""theta_grid"": [[0.0, 209.9205785654813], [0.11430958806722691, 172.4405989690345], [0.22861917613445382, 144.33771137191377], [0.3429287642016807, 123.07666169401426], [0.45723835226890763, 106.88900553065115], [0.5715479403361345, 94.52848396428803], [0.6858575284033614, 85.10985889238448]]}"
d39e161b52cc,2026-09-25T10:48:48,tamzeed,master,asian_arith,call,exact,control_variate,{},4096,252,7,4002876244,LAPTOP-G689CP2J_AMD64,3.171789704230909,0.003155197793727578,3.1656056301911026,3.1779737782707156,,,0.043578799930401146,"{""control"": ""geometric_asian"", ""control_mean"": 3.000200360178781, ""b_hat"": 1.055954623856694, ""rho"": 0.9994540620590813, ""pilot_rho"": 0.9993949606474284, ""pilot_paths"": 410, ""total_paths_simulated"": 4506, ""plain_std_error"": 0.09314785836030141, ""observed_vrf"": 871.5505255019909, ""theoretical_vrf"": 916.105081302411}"
4b56dfc6d95c,2026-09-25T10:48:48,tamzeed,master,asian_arith,call,exact,antithetic,{},4096,252,7,1174755405,LAPTOP-G689CP2J_AMD64,3.1294368694791093,0.08185486333439367,2.9690042853842495,3.289869453573969,,,0.020982300047762692,"{""pairs"": 2048, ""rho_pair"": -0.26268393749169855}"
e2aa794a1fa1,2026-09-25T10:48:48,tamzeed,master,deep_barrier,call,exact,plain,{},4096,252,7,1496027754,LAPTOP-G689CP2J_AMD64,3.438071534354746,0.18242598967186552,3.0805231647538136,3.7956199039556786,3.545320563728301,0.10724902937355507,0.025022299960255623,
0d72ec126fbc,2026-09-25T10:48:48,tamzeed,master,paper_asian_geo,call,exact,rqmc,{},4096,252,7,1049254372,LAPTOP-G689CP2J_AMD64,2.9967216053025476,nan,nan,nan,3.000200360178781,0.003478754876233392,0.06889370002318174,"{""construction"": ""bridge"", ""sobol_dim"": 252, ""naive_iid_se"": 0.09154906840321213, ""se_valid"": false}"
f666553ced9b,2026-09-25T10:48:48,tamzeed,master,asian_arith,call,exact,plain,{},4096,252,7,82950679,LAPTOP-G689CP2J_AMD64,3.201870139213403,0.0969780675950512,3.0117966194368115,3.3919436589899945,,,0.02238119998946786,
6fb8352ee0ba,2026-09-25T10:48:48,tamzeed,master,deep_barrier,call,exact,rqmc,{},4096,252,7,3877782924,LAPTOP-G689CP2J_AMD64,3.421703293777377,nan,nan,nan,3.545320563728301,0.12361726995092415,0.06488320010248572,"{""construction"": ""bridge"", ""sobol_dim"": 252, ""naive_iid_se"": 0.1802237152673288, ""se_valid"": false}"
7b973821bab9,2026-09-25T10:48:48,tamzeed,master,deep_barrier,call,exact,antithetic,{},4096,252,7,1849814881,LAPTOP-G689CP2J_AMD64,3.5456872920970697,0.17519196661418002,3.2023173471525332,3.889057237041606,3.545320563728301,0.00036672836876849857,0.024436700041405857,"{""pairs"": 2048, ""rho_pair"": -0.09100072442030725}"
5b7dce7ffc21,2026-09-25T10:48:48,tamzeed,master,paper_asian_geo,call,exact,plain,{},16384,252,7,1797722185,LAPTOP-G689CP2J_AMD64,3.0204982990235654,0.04602307929945691,2.930294721138999,3.1107018769081316,3.000200360178781,0.02029793884478437,0.12682310002855957,
2dc1bde73e80,2026-09-25T10:48:48,tamzeed,master,paper_barrier,call,exact,antithetic,{},16384,252,7,3378966133,LAPTOP-G689CP2J_AMD64,7.099641898165902,0.081196161714024,6.940500345523525,7.258783450808279,7.1055282627933245,0.005886364627422758,0.10500149999279529,"{""pairs"": 8192, ""rho_pair"": -0.31823351882473266}"
eb5c790111b1,2026-09-25T10:48:48,tamzeed,master,asian_arith,call,exact,antithetic,{},16384,252,7,3745795353,LAPTOP-G689CP2J_AMD64,3.1752829946475494,0.041076093987067304,3.094775329807315,3.2557906594877837,,,0.10242619994096458,"{""pairs"": 8192, ""rho_pair"": -0.26732221105836934}"
cc99a77bcf4b,2026-09-25T10:48:48,tamzeed,master,deep_barrier,call,exact,antithetic,{},16384,252,7,629843374,LAPTOP-G689CP2J_AMD64,3.185838353309788,0.08276703754313605,3.0236179406181667,3.3480587660014094,3.545320563728301,0.35948221041851314,0.14397899992763996,"{""pairs"": 8192, ""rho_pair"": -0.08302025975823787}"
918a30fa988c,2026-09-25T10:48:49,tamzeed,master,asian_arith,call,exact,control_variate,{},16384,252,7,1351027419,LAPTOP-G689CP2J_AMD64,3.163205948939572,0.0015165708773000872,3.1602335246400615,3.1661783732390822,,,0.23231950006447732,"{""control"": ""geometric_asian"", ""control_mean"": 3.000200360178781, ""b_hat"": 1.0445012265529219, ""rho"": 0.9995003249197284, ""pilot_rho"": 0.9993879354871081, ""pilot_paths"": 1639, ""total_paths_simulated"": 18023, ""plain_std_error"": 0.04796481708810513, ""observed_vrf"": 1000.2767199806439, ""theoretical_vrf"": 1000.9003244977284}"
bb472c4fcbcf,2026-09-25T10:48:49,tamzeed,master,asian_arith,call,exact,rqmc,{},16384,252,7,1568128676,LAPTOP-G689CP2J_AMD64,3.1629949589232336,nan,nan,nan,,,0.31102739996276796,"{""construction"": ""bridge"", ""sobol_dim"": 252, ""naive_iid_se"": 0.047994300094048356, ""se_valid"": false}"
38a1fa8a659e,2026-09-25T10:48:49,tamzeed,master,paper_barrier,call,exact,plain,{},16384,252,7,371588063,LAPTOP-G689CP2J_AMD64,7.2850791172712945,0.09946850264432576,7.090124434492289,7.4800338000503,7.1055282627933245,0.17955085447797003,0.1150340000167489,
50adcc9c3c73,2026-09-25T10:48:49,tamzeed,master,paper_barrier,call,exact,rqmc,{},16384,252,7,4072876839,LAPTOP-G689CP2J_AMD64,7.093487604356186,nan,nan,nan,7.1055282627933245,0.012040658437138418,0.29480919998604804,"{""construction"": ""bridge"", ""sobol_dim"": 252, ""naive_iid_se"": 0.0979890903830119, ""se_valid"": false}"
639b6cdfb13c,2026-09-25T10:48:50,tamzeed,master,asian_arith,call,exact,plain,{},16384,252,7,621153024,LAPTOP-G689CP2J_AMD64,3.2411165490544644,0.0483850111286015,3.1462836698508356,3.3359494282580933,,,0.12850320001598448,
efd0b2ea4db9,2026-09-25T10:48:50,tamzeed,master,paper_asian_geo,call,exact,antithetic,{},16384,252,7,2597978731,LAPTOP-G689CP2J_AMD64,2.962113111420159,0.03898173732920943,2.885710310200108,3.03851591264021,3.000200360178781,0.03808724875862213,0.11379699991084635,"{""pairs"": 8192, ""rho_pair"": -0.2606749909513098}"
811bebc68576,2026-09-25T10:48:50,tamzeed,master,deep_barrier,call,exact,control_variate,{},16384,252,7,1399997065,LAPTOP-G689CP2J_AMD64,3.3879639220217417,0.05009453071609546,3.289780445995759,3.4861473980477244,3.545320563728301,0.1573566417065595,0.1365533999633044,"{""control"": ""european_terminal"", ""control_mean"": 7.1280646692617395, ""b_hat"": 0.766063139379732, ""rho"": 0.8274477839827934, ""pilot_rho"": 0.8341965230437708, ""pilot_paths"": 1639, ""total_paths_simulated"": 18023, ""plain_std_error"": 0.08919911244893214, ""observed_vrf"": 3.1705925960911197, ""theoretical_vrf"": 3.1712792231325264}"
85c8c9b8c898,2026-09-25T10:48:50,tamzeed,master,deep_barrier,call,exact,rqmc,{},16384,252,7,4053352526,LAPTOP-G689CP2J_AMD64,3.353882507413247,nan,nan,nan,3.545320563728301,0.19143805631505417,0.2719348999671638,"{""construction"": ""bridge"", ""sobol_dim"": 252, ""naive_iid_se"": 0.08965853144356208, ""se_valid"": false}"
9af993b5486d,2026-09-25T10:48:50,tamzeed,master,deep_barrier,call,exact,importance,{},16384,252,7,2591942537,LAPTOP-G689CP2J_AMD64,3.379573599260805,0.028606531188542644,3.32350582840864,3.4356413701129704,3.545320563728301,0.16574696446749604,0.20045969996135682,"{""theta"": 1.6323611831060643, ""theta0"": 1.6323611831060643, ""ESS"": 1486.5749290821445, ""ESS_frac"": 0.09073333307386136, ""max_weight"": 110.6204922788521, ""max_weight_share"": 0.006833403778197342, ""mean_weight"": 0.9880491845416416, ""hit_rate_proposal"": 0.59649658203125, ""pilot_paths"": 10000, ""total_paths_simulated"": 26384, ""theta_grid"": [[0.0, 146.7727999253546], [0.40809029577651607, 69.23186456212082], [0.8161805915530321, 40.29635810149848], [1.2242708873295483, 28.78371884524093], [1.6323611831060643, 25.13131539425359], [2.0404514788825803, 26.745707833698056], [2.4485417746590965, 34.629943125614105]]}"
b1722ec01b4f,2026-09-25T10:48:50,tamzeed,master,paper_barrier,call,exact,control_variate,{},16384,252,7,41396363,LAPTOP-G689CP2J_AMD64,7.093641696008403,0.0024950780162954194,7.088751432957846,7.09853195905896,7.1055282627933245,0.011886566784921726,0.13495580002199858,"{""control"": ""european_terminal"", ""control_mean"": 7.1280646692617395, ""b_hat"": 1.0008977166314552, ""rho"": 0.9996724112670043, ""pilot_rho"": 0.9997540930421999, ""pilot_paths"": 1639, ""total_paths_simulated"": 18023, ""plain_std_error"": 0.09748554164845423, ""observed_vrf"": 1526.5539546813707, ""theoretical_vrf"": 1526.5540607171706}"
3577f7b017ee,2026-09-25T10:48:51,tamzeed,master,deep_barrier,call,exact,plain,{},16384,252,7,970616618,LAPTOP-G689CP2J_AMD64,3.503167192248224,0.09120110403598168,3.324416312987409,3.6819180715090387,3.545320563728301,0.04215337148007725,0.10974549991078675,
e0200e077962,2026-09-25T10:48:51,tamzeed,master,paper_barrier,call,exact,importance,{},16384,252,7,121662321,LAPTOP-G689CP2J_AMD64,7.106944257588967,0.045622157117357946,7.017526472741918,7.196362042436017,7.1055282627933245,0.0014159947956429164,0.1958123000804335,"{""theta"": 0.6858575284033614, ""theta0"": 0.45723835226890763, ""ESS"": 10168.16507598966, ""ESS_frac"": 0.620615544188822, ""max_weight"": 12.864880047982728, ""max_weight_share"": 0.0007857626241381008, ""mean_weight"": 0.9992966574700933, ""hit_rate_proposal"": 0.674560546875, ""pilot_paths"": 10000, ""total_paths_simulated"": 26384, ""theta_grid"": [[0.0, 209.35668291358664], [0.11430958806722691, 171.98970119932963], [0.22861917613445382, 143.94911653795108], [0.3429287642016807, 122.72601700941692], [0.45723835226890763, 106.56475414432718], [0.5715479403361345, 94.22514518661023], [0.6858575284033614, 84.82475049222516]]}"
556fe353192a,2026-09-25T10:48:51,tamzeed,master,paper_asian_geo,call,exact,rqmc,{},16384,252,7,572906898,LAPTOP-G689CP2J_AMD64,3.0009770675363066,nan,nan,nan,3.000200360178781,0.0007767073575255523,0.3072130000218749,"{""construction"": ""bridge"", ""sobol_dim"": 252, ""naive_iid_se"": 0.04585375781211938, ""se_valid"": false}"
1dfd3f41baf8,2026-09-25T10:48:52,tamzeed,master,deep_barrier,call,exact,importance,{},65536,252,7,3703983682,LAPTOP-G689CP2J_AMD64,3.365965294012041,0.014335139431271295,3.3378689370133894,3.3940616510106927,3.545320563728301,0.17935526971626015,0.5677341999253258,"{""theta"": 1.6323611831060643, ""theta0"": 1.6323611831060643, ""ESS"": 5254.721965043642, ""ESS_frac"": 0.08018069404668643, ""max_weight"": 207.01641030563226, ""max_weight_share"": 0.003145038851553728, ""mean_weight"": 1.0043817855442574, ""hit_rate_proposal"": 0.5928802490234375, ""pilot_paths"": 10000, ""total_paths_simulated"": 75536, ""theta_grid"": [[0.0, 144.59403612852637], [0.40809029577651607, 68.29632409121322], [0.8161805915530321, 39.88383003235055], [1.2242708873295483, 28.63128524180262], [1.6323611831060643, 25.15961350081896], [2.0404514788825803, 26.984398793557148], [2.4485417746590965, 35.25510386659202]]}"
955099ca01c6,2026-09-25T10:48:52,tamzeed,master,paper_barrier,call,exact,importance,{},65536,252,7,436376243,LAPTOP-G689CP2J_AMD64,7.091365515751637,0.022841776700127932,7.04659645607648,7.1361345754267935,7.1055282627933245,0.014162747041687851,0.874630399979651,"{""theta"": 0.6858575284033614, ""theta0"": 0.45723835226890763, ""ESS"": 41052.691052667986, ""ESS_frac"": 0.6264143532206419, ""max_weight"": 18.510856595795147, ""max_weight_share"": 0.00028246249423767713, ""mean_weight"": 0.9999672945030204, ""hit_rate_proposal"": 0.673248291015625, ""pilot_paths"": 10000, ""total_paths_simulated"": 75536, ""theta_grid"": [[0.0, 202.67442536430448], [0.11430958806722691, 167.0569840464283], [0.22861917613445382, 140.33317945624196], [0.3429287642016807, 120.1031756767268], [0.45723835226890763, 104.69461108685489], [0.5715479403361345, 92.9298801556065], [0.6858575284033614, 83.97319382161622]]}"
30118ae8b9c4,2026-09-25T10:48:53,tamzeed,master,deep_barrier,call,exact,antithetic,{},65536,252,7,2328416020,LAPTOP-G689CP2J_AMD64,3.388323008308494,0.043120237945140145,3.303808894931222,3.472837121685766,3.545320563728301,0.1569975554198071,0.49354749999474734,"{""pairs"": 32768, ""rho_pair"": -0.08610715455402755}"
3e5d47c989b9,2026-09-25T10:48:53,tamzeed,master,paper_barrier,call,exact,plain,{},65536,252,7,1385367459,LAPTOP-G689CP2J_AMD64,7.116439707771829,0.049217926673344285,7.019974344098341,7.212905071445317,7.1055282627933245,0.010911444978504825,0.4364224999444559,
7fd502fe1d8b,2026-09-25T10:48:54,tamzeed,master,deep_barrier,call,exact,plain,{},65536,252,7,464910141,LAPTOP-G689CP2J_AMD64,3.4177689430042695,0.045202503799292595,3.329173663546621,3.506364222461918,3.545320563728301,0.1275516207240317,0.4761820000130683,
652cac2ed924,2026-09-25T10:48:54,tamzeed,master,paper_barrier,call,exact,control_variate,{},65536,252,7,553249894,LAPTOP-G689CP2J_AMD64,7.093895907160586,0.0012644649467147627,7.091417601405311,7.09637421291586,7.1055282627933245,0.0116323556327389,0.5471332999877632,"{""control"": ""european_terminal"", ""control_mean"": 7.1280646692617395, ""b_hat"": 1.0007956181555528, ""rho"": 0.9996659180404714, ""pilot_rho"": 0.9997305266673302, ""pilot_paths"": 6554, ""total_paths_simulated"": 72090, ""plain_std_error"": 0.04892145439704251, ""observed_vrf"": 1496.873606436537, ""theoretical_vrf"": 1496.8887728904201}"
2baa7a965b72,2026-09-25T10:48:56,tamzeed,master,paper_barrier,call,exact,rqmc,{},65536,252,7,2694260291,LAPTOP-G689CP2J_AMD64,7.0951460077108175,nan,nan,nan,7.1055282627933245,0.010382255082507008,1.1260192999616265,"{""construction"": ""bridge"", ""sobol_dim"": 252, ""naive_iid_se"": 0.04900040829210834, ""se_valid"": false}"
6fbd3a607afe,2026-09-25T10:48:57,tamzeed,master,paper_asian_geo,call,exact,rqmc,{},65536,252,7,2568425958,LAPTOP-G689CP2J_AMD64,2.999641778439532,nan,nan,nan,3.000200360178781,0.0005585817392490533,1.3067657001083717,"{""construction"": ""bridge"", ""sobol_dim"": 252, ""naive_iid_se"": 0.022925158389272064, ""se_valid"": false}"
4c3f1b155388,2026-09-25T10:48:57,tamzeed,master,paper_barrier,call,exact,antithetic,{},65536,252,7,1220091749,LAPTOP-G689CP2J_AMD64,7.114599105080562,0.04043455970163245,7.035348824334628,7.193849385826496,7.1055282627933245,0.009070842287237646,0.41659199993591756,"{""pairs"": 32768, ""rho_pair"": -0.32085293390214953}"
e147113c02a6,2026-09-25T10:48:58,tamzeed,master,asian_arith,call,exact,control_variate,{},65536,252,7,3409632148,LAPTOP-G689CP2J_AMD64,3.163450548181222,0.0007737740610012888,3.161933978889488,3.1649671174729557,,,0.7066422000061721,"{""control"": ""geometric_asian"", ""control_mean"": 3.000200360178781, ""b_hat"": 1.0447623136907298, ""rho"": 0.9994827054716295, ""pilot_rho"": 0.9994551149207975, ""pilot_paths"": 6554, ""total_paths_simulated"": 72090, ""plain_std_error"": 0.024053452557028444, ""observed_vrf"": 966.3323330708813, ""theoretical_vrf"": 966.8174118628202}"
46595e50dfc2,2026-09-25T10:48:59,tamzeed,master,deep_barrier,call,exact,rqmc,{},65536,252,7,629351812,LAPTOP-G689CP2J_AMD64,3.3772143692035104,nan,nan,nan,3.545320563728301,0.1681061945247908,1.099254500004463,"{""construction"": ""bridge"", ""sobol_dim"": 252, ""naive_iid_se"": 0.04493937636945867, ""se_valid"": false}"
5b65d3266685,2026-09-25T10:49:00,tamzeed,master,asian_arith,call,exact,antithetic,{},65536,252,7,2718828892,LAPTOP-G689CP2J_AMD64,3.143903042295256,0.020507867526167237,3.1037083605442497,3.1840977240462625,,,0.4136742000700906,"{""pairs"": 32768, ""rho_pair"": -0.26395734777938135}"
9851e32985c9,2026-09-25T10:49:00,tamzeed,master,paper_asian_geo,call,exact,plain,{},65536,252,7,308193335,LAPTOP-G689CP2J_AMD64,3.009614164987524,0.02293657011257805,2.9646593136379935,3.0545690163370547,3.000200360178781,0.009413804808743098,0.6396249999525025,
d736969774b0,2026-09-25T10:49:01,tamzeed,master,asian_arith,call,exact,plain,{},65536,252,7,3485197935,LAPTOP-G689CP2J_AMD64,3.2057134406264653,0.024088643949293994,3.1585005660494403,3.2529263152034904,,,0.44078869989607483,
c78c7b309ba5,2026-09-25T10:49:01,tamzeed,master,paper_asian_geo,call,exact,antithetic,{},65536,252,7,1731089696,LAPTOP-G689CP2J_AMD64,3.0149734877849266,0.01967734384869333,2.976406602530077,3.0535403730397763,3.000200360178781,0.014773127606145575,0.5888970999512821,"{""pairs"": 32768, ""rho_pair"": -0.2637543327623961}"
c632886acb58,2026-09-25T10:49:02,tamzeed,master,asian_arith,call,exact,rqmc,{},65536,252,7,2852004147,LAPTOP-G689CP2J_AMD64,3.163302062240883,nan,nan,nan,,,1.1655954000307247,"{""construction"": ""bridge"", ""sobol_dim"": 252, ""naive_iid_se"": 0.023983416408777467, ""se_valid"": false}"
fc1ca7e89634,2026-09-25T10:49:03,tamzeed,master,deep_barrier,call,exact,control_variate,{},65536,252,7,1141992502,LAPTOP-G689CP2J_AMD64,3.405612722370588,0.024975021039074678,3.3566625806208714,3.4545628641203043,3.545320563728301,0.1397078413577133,0.4934267000062391,"{""control"": ""european_terminal"", ""control_mean"": 7.1280646692617395, ""b_hat"": 0.7430283655120081, ""rho"": 0.8326157725893704, ""pilot_rho"": 0.8182639058935841, ""pilot_paths"": 6554, ""total_paths_simulated"": 72090, ""plain_std_error"": 0.04504696509246989, ""observed_vrf"": 3.253264307638182, ""theoretical_vrf"": 3.2599733358062943}"
9f0d2828baf3,2026-09-25T10:49:03,tamzeed,master,paper_asian_geo,call,exact,rqmc,{},256,252,8,440206222,LAPTOP-G689CP2J_AMD64,3.0038878109263467,nan,nan,nan,3.000200360178781,0.0036874507475657126,0.017780199996195734,"{""construction"": ""bridge"", ""sobol_dim"": 252, ""naive_iid_se"": 0.36357891610022613, ""se_valid"": false}"
8f96a037adee,2026-09-25T10:49:03,tamzeed,master,paper_barrier,call,exact,importance,{},256,252,8,2105212519,LAPTOP-G689CP2J_AMD64,7.242936287737599,0.3686568648055396,6.52038211006529,7.965490465409909,7.1055282627933245,0.13740802494427484,0.07401779992505908,"{""theta"": 0.6858575284033614, ""theta0"": 0.45723835226890763, ""ESS"": 125.47687525485547, ""ESS_frac"": 0.4901440439642792, ""max_weight"": 9.121484763697557, ""max_weight_share"": 0.032475384107901586, ""mean_weight"": 1.0971633080553542, ""hit_rate_proposal"": 0.671875, ""pilot_paths"": 10000, ""total_paths_simulated"": 10256, ""theta_grid"": [[0.0, 209.642965000616], [0.11430958806722691, 171.8439606860574], [0.22861917613445382, 143.59283533160635], [0.3429287642016807, 122.28190988727678], [0.45723835226890763, 106.09912359336796], [0.5715479403361345, 93.77219131435868], [0.6858575284033614, 84.4005555912752]]}"
2ac3f75a791a,2026-09-25T10:49:03,tamzeed,master,deep_barrier,call,exact,rqmc,{},256,252,8,70412643,LAPTOP-G689CP2J_AMD64,3.3212015761591744,nan,nan,nan,3.545320563728301,0.22411898756912674,0.019580199965275824,"{""construction"": ""bridge"", ""sobol_dim"": 252, ""naive_iid_se"": 0.7022493374254709, ""se_valid"": false}"
10af40863424,2026-09-25T10:49:03,tamzeed,master,asian_arith,call,exact,plain,{},256,252,8,1488979380,LAPTOP-G689CP2J_AMD64,3.19636262624927,0.39795221066239844,2.4163906257828724,3.9763346267156674,,,0.0019090999849140644,
0633d035a78a,2026-09-25T10:49:03,tamzeed,master,paper_asian_geo,call,exact,plain,{},256,252,8,4240482707,LAPTOP-G689CP2J_AMD64,2.7104911088953587,0.3266982691939862,2.0701742674635746,3.350807950327143,3.000200360178781,0.2897092512834223,0.0018366998992860317,
624bd6458a7e,2026-09-25T10:49:03,tamzeed,master,paper_barrier,call,exact,rqmc,{},256,252,8,2607123889,LAPTOP-G689CP2J_AMD64,7.094258297350999,nan,nan,nan,7.1055282627933245,0.011269965442325613,0.014979499974288046,"{""construction"": ""bridge"", ""sobol_dim"": 252, ""naive_iid_se"": 0.7839567832216902, ""se_valid"": false}"
031e969ae44d,2026-09-25T10:49:03,tamzeed,master,paper_barrier,call,exact,antithetic,{},256,252,8,516206462,LAPTOP-G689CP2J_AMD64,7.402315154852214,0.7265680608434911,5.978267923281865,8.826362386422563,7.1055282627933245,0.29678689205888986,0.0015725999837741256,"{""pairs"": 128, ""rho_pair"": -0.29049485852677936}"
ecd885b13fcd,2026-09-25T10:49:03,tamzeed,master,deep_barrier,call,exact,control_variate,{},256,252,8,3183984220,LAPTOP-G689CP2J_AMD64,3.583611990479606,0.3849460596765391,2.829131577522983,4.338092403436229,3.545320563728301,0.038291426751305035,0.002880200045183301,"{""control"": ""european_terminal"", ""control_mean"": 7.1280646692617395, ""b_hat"": 0.7784069573067244, ""rho"": 0.8537201761517297, ""pilot_rho"": 0.8368651669118745, ""pilot_paths"": 256, ""total_paths_simulated"": 512, ""plain_std_error"": 0.7390450215716694, ""observed_vrf"": 3.685887151312904, ""theoretical_vrf"": 3.687834258600065}"
7f14221321d0,2026-09-25T10:49:03,tamzeed,master,paper_barrier,call,exact,plain,{},256,252,8,1797940534,LAPTOP-G689CP2J_AMD64,6.671312653247167,0.7347126681761953,5.231302284636497,8.111323021857837,7.1055282627933245,0.43421560954615757,0.0011774000013247132,
c3af8dc097b3,2026-09-25T10:49:03,tamzeed,master,paper_barrier,call,exact,control_variate,{},256,252,8,2455095710,LAPTOP-G689CP2J_AMD64,7.0963817126665765,0.01821414573537764,7.060682643016072,7.132080782317081,7.1055282627933245,0.009146550126748032,0.002748000086285174,"{""control"": ""european_terminal"", ""control_mean"": 7.1280646692617395, ""b_hat"": 1.000622172093363, ""rho"": 0.999658876249875, ""pilot_rho"": 0.9998966874897678, ""pilot_paths"": 256, ""total_paths_simulated"": 512, ""plain_std_error"": 0.6973379706407875, ""observed_vrf"": 1465.7807465798776, ""theoretical_vrf"": 1465.9937788045227}"
b03a9edfdf87,2026-09-25T10:49:03,tamzeed,master,asian_arith,call,exact,antithetic,{},256,252,8,246389336,LAPTOP-G689CP2J_AMD64,2.495589796339406,0.28875952676743155,1.9296315236824104,3.061548068996401,,,0.0028530999552458525,"{""pairs"": 128, ""rho_pair"": -0.2221204831968897}"
87f0f86ac818,2026-09-25T10:49:03,tamzeed,master,deep_barrier,call,exact,importance,{},256,252,8,3031895054,LAPTOP-G689CP2J_AMD64,3.584940986080699,0.23433927413076067,3.1256444486211494,4.044237523540248,3.545320563728301,0.03962042235239771,0.08347329997923225,"{""theta"": 1.6323611831060643, ""theta0"": 1.6323611831060643, ""ESS"": 38.906412101208986, ""ESS_frac"": 0.1519781722703476, ""max_weight"": 19.25387972003387, ""max_weight_share"": 0.1098110410729269, ""mean_weight"": 0.6849080649953412, ""hit_rate_proposal"": 0.6171875, ""pilot_paths"": 10000, ""total_paths_simulated"": 10256, ""theta_grid"": [[0.0, 145.11165743602137], [0.40809029577651607, 68.28383758737557], [0.8161805915530321, 39.67476025074686], [1.2242708873295483, 28.308788820299604], [1.6323611831060643, 24.704137768734963], [2.0404514788825803, 26.289461123366607], [2.4485417746590965, 34.046198467527795]]}"
c47e044e0cb5,2026-09-25T10:49:03,tamzeed,master,deep_barrier,call,exact,antithetic,{},256,252,8,3096087254,LAPTOP-G689CP2J_AMD64,4.066626437306956,0.7395562951353487,2.617122734301798,5.516130140312114,3.545320563728301,0.5213058735786551,0.001640099915675819,"{""pairs"": 128, ""rho_pair"": -0.10623886989955461}"
5060f23f96c7,2026-09-25T10:49:03,tamzeed,master,paper_asian_geo,call,exact,antithetic,{},256,252,8,2859848729,LAPTOP-G689CP2J_AMD64,3.3503827350888202,0.3442475830953118,2.6756698704570496,4.025095599720591,3.000200360178781,0.35018237491003923,0.0022258999524638057,"{""pairs"": 128, ""rho_pair"": -0.27322352638774794}"
05c2c9048971,2026-09-25T10:49:03,tamzeed,master,deep_barrier,call,exact,plain,{},256,252,8,2408899694,LAPTOP-G689CP2J_AMD64,3.8867156875049225,0.7376443754597252,2.4409592782053195,5.332472096804525,3.545320563728301,0.3413951237766213,0.0013163000112399459,
19ab9275c0ff,2026-09-25T10:49:03,tamzeed,master,asian_arith,call,exact,control_variate,{},256,252,8,3546977012,LAPTOP-G689CP2J_AMD64,3.1551799583155837,0.012065221228274853,3.131532559242657,3.1788273573885104,,,0.003882499993778765,"{""control"": ""geometric_asian"", ""control_mean"": 3.000200360178781, ""b_hat"": 1.0444276914570232, ""rho"": 0.9995953663080464, ""pilot_rho"": 0.9994166878883013, ""pilot_paths"": 256, ""total_paths_simulated"": 512, ""plain_std_error"": 0.4241422175783089, ""observed_vrf"": 1235.8120521204205, ""theoretical_vrf"": 1235.9355852910458}"
a0ad5cffc755,2026-09-25T10:49:03,tamzeed,master,asian_arith,call,exact,rqmc,{},256,252,8,687593797,LAPTOP-G689CP2J_AMD64,3.1950719568540404,nan,nan,nan,,,0.015063800034113228,"{""construction"": ""bridge"", ""sobol_dim"": 252, ""naive_iid_se"": 0.38469325466291393, ""se_valid"": false}"
fb35dedba24d,2026-09-25T10:49:03,tamzeed,master,paper_barrier,call,exact,plain,{},1024,252,8,3843842617,LAPTOP-G689CP2J_AMD64,7.8032493288535845,0.41068699154582,6.998317616504671,8.608181041202497,7.1055282627933245,0.69772106606026,0.007294200011529028,
244a7b2cf881,2026-09-25T10:49:03,tamzeed,master,asian_arith,call,exact,rqmc,{},1024,252,8,1261210124,LAPTOP-G689CP2J_AMD64,3.183018478510165,nan,nan,nan,,,0.030415300047025084,"{""construction"": ""bridge"", ""sobol_dim"": 252, ""naive_iid_se"": 0.19289342496013565, ""se_valid"": false}"
49990ba30aa6,2026-09-25T10:49:03,tamzeed,master,deep_barrier,call,exact,antithetic,{},1024,252,8,3264612996,LAPTOP-G689CP2J_AMD64,3.6679610146467962,0.366692571799553,2.9492567805213046,4.386665248772288,3.545320563728301,0.12264045091849507,0.007378400070592761,"{""pairs"": 512, ""rho_pair"": -0.08925303205181746}"
f8377d7b4db7,2026-09-25T10:49:03,tamzeed,master,deep_barrier,call,exact,control_variate,{},1024,252,8,2048506021,LAPTOP-G689CP2J_AMD64,3.8647825480444036,0.20778199166940506,3.457537327736368,4.272027768352439,3.545320563728301,0.3194619843161024,0.009642399963922799,"{""control"": ""european_terminal"", ""control_mean"": 7.1280646692617395, ""b_hat"": 0.6716915261931227, ""rho"": 0.8705579634159136, ""pilot_rho"": 0.7734002757109376, ""pilot_paths"": 256, ""total_paths_simulated"": 1280, ""plain_std_error"": 0.39988030673325337, ""observed_vrf"": 3.703771823600164, ""theoretical_vrf"": 4.130032720036143}"
0a4df05b30e4,2026-09-25T10:49:03,tamzeed,master,asian_arith,call,exact,control_variate,{},1024,252,8,427376511,LAPTOP-G689CP2J_AMD64,3.1628519466493623,0.005928997958195061,3.1512313241868886,3.174472569111836,,,0.012295299908146262,"{""control"": ""geometric_asian"", ""control_mean"": 3.000200360178781, ""b_hat"": 1.038794467694879, ""rho"": 0.9995112104021932, ""pilot_rho"": 0.9996696993410289, ""pilot_paths"": 256, ""total_paths_simulated"": 1280, ""plain_std_error"": 0.1866446358412178, ""observed_vrf"": 990.9880650674056, ""theoretical_vrf"": 1023.185087234156}"
ce8bfa4b2bd4,2026-09-25T10:49:03,tamzeed,master,asian_arith,call,exact,plain,{},1024,252,8,3725258556,LAPTOP-G689CP2J_AMD64,3.2022854524599413,0.1923270065121306,2.8253314464417647,3.579239458478118,,,0.010166199994273484,
536f0933eba9,2026-09-25T10:49:03,tamzeed,master,deep_barrier,call,exact,plain,{},1024,252,8,1292513680,LAPTOP-G689CP2J_AMD64,2.6478595866883303,0.3123920166973759,2.0355824849036384,3.2601366884730223,3.545320563728301,0.8974609770399709,0.010714699979871511,
c8497516bb6b,2026-09-25T10:49:03,tamzeed,master,paper_barrier,call,exact,rqmc,{},1024,252,8,36402731,LAPTOP-G689CP2J_AMD64,7.113366493105589,nan,nan,nan,7.1055282627933245,0.007838230312264827,0.033090800046920776,"{""construction"": ""bridge"", ""sobol_dim"": 252, ""naive_iid_se"": 0.3960987906805433, ""se_valid"": false}"
efa3fae18850,2026-09-25T10:49:03,tamzeed,master,paper_barrier,call,exact,control_variate,{},1024,252,8,1265764946,LAPTOP-G689CP2J_AMD64,7.09405439602675,0.010070256010976537,7.074317056930138,7.113791735123362,7.1055282627933245,0.01147386676657458,0.014902900089509785,"{""control"": ""european_terminal"", ""control_mean"": 7.1280646692617395, ""b_hat"": 1.0006929846716324, ""rho"": 0.9996676119690218, ""pilot_rho"": 0.9998198246933133, ""pilot_paths"": 256, ""total_paths_simulated"": 1280, ""plain_std_error"": 0.39059824188587533, ""observed_vrf"": 1504.4561889785266, ""theoretical_vrf"": 1504.51600001511}"
de978972de7a,2026-09-25T10:49:03,tamzeed,master,asian_arith,call,exact,antithetic,{},1024,252,8,772226902,LAPTOP-G689CP2J_AMD64,3.198281180380158,0.1642424971863324,2.8763718011640256,3.5201905595962906,,,0.009551699971780181,"{""pairs"": 512, ""rho_pair"": -0.2716046439581354}"
eb203e6dc791,2026-09-25T10:49:03,tamzeed,master,paper_asian_geo,call,exact,plain,{},1024,252,8,2336862784,LAPTOP-G689CP2J_AMD64,2.9517510555239035,0.1806923016918387,2.5976006519242536,3.3059014591235534,3.000200360178781,0.04844930465487751,0.00921699998434633,
90490626b3e1,2026-09-25T10:49:03,tamzeed,master,paper_asian_geo,call,exact,antithetic,{},1024,252,8,1015254534,LAPTOP-G689CP2J_AMD64,2.7997900768829505,0.14457901510776433,2.51642041435146,3.083159739414441,3.000200360178781,0.20041028329583055,0.00644639995880425,"{""pairs"": 512, ""rho_pair"": -0.26877850737387277}"
babfef50a12e,2026-09-25T10:49:03,tamzeed,master,paper_barrier,call,exact,importance,{},1024,252,8,1874258732,LAPTOP-G689CP2J_AMD64,6.937900021850696,0.18069959734730134,6.583735319029096,7.292064724672296,7.1055282627933245,0.16762824094262818,0.08048919995781034,"{""theta"": 0.6858575284033614, ""theta0"": 0.45723835226890763, ""ESS"": 649.2384850840767, ""ESS_frac"": 0.6340219580899187, ""max_weight"": 6.609326508991964, ""max_weight_share"": 0.006388068484553165, ""mean_weight"": 1.01038685395198, ""hit_rate_proposal"": 0.669921875, ""pilot_paths"": 10000, ""total_paths_simulated"": 11024, ""theta_grid"": [[0.0, 210.03233147114037], [0.11430958806722691, 172.4854771389266], [0.22861917613445382, 144.33374533898635], [0.3429287642016807, 123.04027071294657], [0.45723835226890763, 106.83314369290296], [0.5715479403361345, 94.46262678353018], [0.6858575284033614, 85.04059842541069]]}"
2b083407e290,2026-09-25T10:49:03,tamzeed,master,paper_asian_geo,call,exact,rqmc,{},1024,252,8,3375964580,LAPTOP-G689CP2J_AMD64,2.9906800003788083,nan,nan,nan,3.000200360178781,0.009520359799972677,0.025818799971602857,"{""construction"": ""bridge"", ""sobol_dim"": 252, ""naive_iid_se"": 0.18308188216300234, ""se_valid"": false}"
c53e4845f066,2026-09-25T10:49:04,tamzeed,master,deep_barrier,call,exact,importance,{},1024,252,8,1866716883,LAPTOP-G689CP2J_AMD64,3.197887809896872,0.114366947740076,2.9737327113045486,3.4220429084891952,3.545320563728301,0.34743275383142924,0.07893860002513975,"{""theta"": 1.6323611831060643, ""theta0"": 1.6323611831060643, ""ESS"": 116.84291226618757, ""ESS_frac"": 0.1141044065099488, ""max_weight"": 43.757678169203665, ""max_weight_share"": 0.04378480272143558, ""mean_weight"": 0.9759575224988449, ""hit_rate_proposal"": 0.57421875, ""pilot_paths"": 10000, ""total_paths_simulated"": 11024, ""theta_grid"": [[0.0, 143.6777536605316], [0.40809029577651607, 67.75111783776228], [0.8161805915530321, 39.489129770596556], [1.2242708873295483, 28.285971241518837], [1.6323611831060643, 24.792619556919963], [2.0404514788825803, 26.508447922688053], [2.4485417746590965, 34.50087499765287]]}"
36a1487bf182,2026-09-25T10:49:04,tamzeed,master,deep_barrier,call,exact,rqmc,{},1024,252,8,34887562,LAPTOP-G689CP2J_AMD64,3.4860624237819238,nan,nan,nan,3.545320563728301,0.05925813994637741,0.028588800108991563,"{""construction"": ""bridge"", ""sobol_dim"": 252, ""naive_iid_se"": 0.3635789177288138, ""se_valid"": false}"
b1b3b18a68a8,2026-09-25T10:49:04,tamzeed,master,paper_barrier,call,exact,antithetic,{},1024,252,8,2777809757,LAPTOP-G689CP2J_AMD64,6.665319572546823,0.30287952516990435,6.071686611559217,7.258952533534428,7.1055282627933245,0.4402086902465019,0.005859700031578541,"{""pairs"": 512, ""rho_pair"": -0.32384174590430637}"
01242bab888a,2026-09-25T10:49:04,tamzeed,master,paper_barrier,call,exact,plain,{},4096,252,8,936798182,LAPTOP-G689CP2J_AMD64,7.19113299055663,0.1963191989023657,6.806354431234238,7.575911549879022,7.1055282627933245,0.08560472776330563,0.023476800066418946,
c0cac98a485d,2026-09-25T10:49:04,tamzeed,master,deep_barrier,call,exact,antithetic,{},4096,252,8,374251429,LAPTOP-G689CP2J_AMD64,3.480341585482531,0.17401354252018839,3.1392813093207326,3.8214018616443295,3.545320563728301,0.06497897824577015,0.025412100018002093,"{""pairs"": 2048, ""rho_pair"": -0.08894330501818017}"
b8613905224d,2026-09-25T10:49:04,tamzeed,master,paper_asian_geo,call,exact,rqmc,{},4096,252,8,2764244796,LAPTOP-G689CP2J_AMD64,2.998865522779208,nan,nan,nan,3.000200360178781,0.0013348373995731855,0.08202570001594722,"{""construction"": ""bridge"", ""sobol_dim"": 252, ""naive_iid_se"": 0.09148789581232987, ""se_valid"": false}"
7e54ba7c7d0e,2026-09-25T10:49:04,tamzeed,master,paper_asian_geo,call,exact,antithetic,{},4096,252,8,3737070574,LAPTOP-G689CP2J_AMD64,2.9552276079669113,0.07619849790918898,2.80588129638885,3.1045739195449724,3.000200360178781,0.04497275221186969,0.037291099899448454,"{""pairs"": 2048, ""rho_pair"": -0.2688603564219344}"
a820f90dda26,2026-09-25T10:49:04,tamzeed,master,paper_barrier,call,exact,control_variate,{},4096,252,8,669852479,LAPTOP-G689CP2J_AMD64,7.0967119265095135,0.004629894017818688,7.087637500982352,7.1057863520366755,7.1055282627933245,0.008816336283810955,0.030380900017917156,"{""control"": ""european_terminal"", ""control_mean"": 7.1280646692617395, ""b_hat"": 1.0011709274189935, ""rho"": 0.9996976341877439, ""pilot_rho"": 0.9997039095080058, ""pilot_paths"": 410, ""total_paths_simulated"": 4506, ""plain_std_error"": 0.18827579132475558, ""observed_vrf"": 1653.6624454301925, ""theoretical_vrf"": 1653.8761414580842}"
e2ee3e182391,2026-09-25T10:49:04,tamzeed,master,paper_barrier,call,exact,rqmc,{},4096,252,8,1481405889,LAPTOP-G689CP2J_AMD64,7.09948769316078,nan,nan,nan,7.1055282627933245,0.00604056963254429,0.07195489993318915,"{""construction"": ""bridge"", ""sobol_dim"": 252, ""naive_iid_se"": 0.1960684584795878, ""se_valid"": false}"
e128b45f0b5a,2026-09-25T10:49:04,tamzeed,master,asian_arith,call,exact,control_variate,{},4096,252,8,481004487,LAPTOP-G689CP2J_AMD64,3.1636675610307226,0.0030683376899470274,3.1576537296660194,3.1696813923954257,,,0.03506959998048842,"{""control"": ""geometric_asian"", ""control_mean"": 3.000200360178781, ""b_hat"": 1.0406328694944842, ""rho"": 0.9995255912967129, ""pilot_rho"": 0.9996544361592181, ""pilot_paths"": 410, ""total_paths_simulated"": 4506, ""plain_std_error"": 0.09822272831029535, ""observed_vrf"": 1024.7494101482293, ""theoretical_vrf"": 1054.193624295311}"
c310c27a6f5b,2026-09-25T10:49:04,tamzeed,master,deep_barrier,call,exact,control_variate,{},4096,252,8,3038543881,LAPTOP-G689CP2J_AMD64,3.4977284256893775,0.09800335385300622,3.3056453817733504,3.6898114696054045,3.545320563728301,0.047592138038923704,0.038541299989447,"{""control"": ""european_terminal"", ""control_mean"": 7.1280646692617395, ""b_hat"": 0.8218711932061108, ""rho"": 0.827570049343481, ""pilot_rho"": 0.8640472745215413, ""pilot_paths"": 410, ""total_paths_simulated"": 4506, ""plain_std_error"": 0.17317682225183229, ""observed_vrf"": 3.1224655519769304, ""theoretical_vrf"": 3.173315579849035}"
9b9d96bf851c,2026-09-25T10:49:04,tamzeed,master,paper_barrier,call,exact,antithetic,{},4096,252,8,3041975707,LAPTOP-G689CP2J_AMD64,6.7062508388197966,0.15784136665322,6.396887444908904,7.015614232730689,7.1055282627933245,0.39927742397352795,0.03319399990141392,"{""pairs"": 2048, ""rho_pair"": -0.3062959105551221}"
fe879dbb1c79,2026-09-25T10:49:04,tamzeed,master,deep_barrier,call,exact,plain,{},4096,252,8,194759687,LAPTOP-G689CP2J_AMD64,3.4282939204854284,0.17896252762488743,3.0775338117583946,3.779054029212462,3.545320563728301,0.11702664324287282,0.028037399984896183,
6fdf786a4411,2026-09-25T10:49:04,tamzeed,master,deep_barrier,call,exact,importance,{},4096,252,8,2473121356,LAPTOP-G689CP2J_AMD64,3.454640722261264,0.05785827874150996,3.341240579720425,3.568040864802103,3.545320563728301,0.09067984146703711,0.12327630002982914,"{""theta"": 1.6323611831060643, ""theta0"": 1.6323611831060643, ""ESS"": 528.7013502568692, ""ESS_frac"": 0.12907747809005596, ""max_weight"": 48.131067205600324, ""max_weight_share"": 0.01335036219195616, ""mean_weight"": 0.8801820250668787, ""hit_rate_proposal"": 0.60302734375, ""pilot_paths"": 10000, ""total_paths_simulated"": 14096, ""theta_grid"": [[0.0, 144.08559998039883], [0.40809029577651607, 67.94243344032527], [0.8161805915530321, 39.61973318351913], [1.2242708873295483, 28.40149382856817], [1.6323611831060643, 24.91623449220386], [2.0404514788825803, 26.662913386277825], [2.4485417746590965, 34.72100220118579]]}"
a6ed7e1831ff,2026-09-25T10:49:04,tamzeed,master,paper_asian_geo,call,exact,plain,{},4096,252,8,3432924072,LAPTOP-G689CP2J_AMD64,2.8844816650477423,0.09065350066030982,2.706804068681057,3.0621592614144277,3.000200360178781,0.11571869513103872,0.03850399993825704,
1cc8e1b4cbf8,2026-09-25T10:49:04,tamzeed,master,asian_arith,call,exact,plain,{},4096,252,8,1048565790,LAPTOP-G689CP2J_AMD64,3.2638139112455242,0.10113656438492723,3.0655898875309506,3.462037934960098,,,0.023114999989047647,
9cbb9d2c9fc1,2026-09-25T10:49:04,tamzeed,master,asian_arith,call,exact,antithetic,{},4096,252,8,1047895474,LAPTOP-G689CP2J_AMD64,3.252755349526443,0.08368741334926251,3.088731033402572,3.416779665650314,,,0.026530800038017333,"{""pairs"": 2048, ""rho_pair"": -0.2695231871145644}"
57b38f0e6736,2026-09-25T10:49:04,tamzeed,master,paper_barrier,call,exact,importance,{},4096,252,8,3177282190,LAPTOP-G689CP2J_AMD64,6.92608043060553,0.0910034246234576,6.7477169958737475,7.104443865337312,7.1055282627933245,0.1794478321877948,0.1207989000249654,"{""theta"": 0.6858575284033614, ""theta0"": 0.45723835226890763, ""ESS"": 2571.222657950779, ""ESS_frac"": 0.6277399067262645, ""max_weight"": 8.986880967051693, ""max_weight_share"": 0.0021405031780937253, ""mean_weight"": 1.0250219474332096, ""hit_rate_proposal"": 0.666015625, ""pilot_paths"": 10000, ""total_paths_simulated"": 14096, ""theta_grid"": [[0.0, 211.40035980728567], [0.11430958806722691, 173.6455435876115], [0.22861917613445382, 145.3667195491937], [0.3429287642016807, 123.99319300568764], [0.45723835226890763, 107.73418911635731], [0.5715479403361345, 95.32944910537023], [0.6858575284033614, 85.88501002297077]]}"
80efc5f359b8,2026-09-25T10:49:04,tamzeed,master,deep_barrier,call,exact,rqmc,{},4096,252,8,3738707869,LAPTOP-G689CP2J_AMD64,3.3803700801075935,nan,nan,nan,3.545320563728301,0.16495048362070763,0.06867830001283437,"{""construction"": ""bridge"", ""sobol_dim"": 252, ""naive_iid_se"": 0.17966618878812576, ""se_valid"": false}"
e94649677c70,2026-09-25T10:49:04,tamzeed,master,asian_arith,call,exact,rqmc,{},4096,252,8,1717945375,LAPTOP-G689CP2J_AMD64,3.166588370408207,nan,nan,nan,,,0.07636319997254759,"{""construction"": ""bridge"", ""sobol_dim"": 252, ""naive_iid_se"": 0.09593230460113236, ""se_valid"": false}"
627208cecb08,2026-09-25T10:49:05,tamzeed,master,deep_barrier,call,exact,importance,{},16384,252,8,2251804516,LAPTOP-G689CP2J_AMD64,3.359629072726227,0.02865660338744552,3.303463162167585,3.4157949832848686,3.545320563728301,0.18569149100207438,0.19100880005862564,"{""theta"": 1.6323611831060643, ""theta0"": 1.6323611831060643, ""ESS"": 1646.6173718814175, ""ESS_frac"": 0.10050154857674667, ""max_weight"": 83.22221721263084, ""max_weight_share"": 0.004982444050863905, ""mean_weight"": 1.0194757791938742, ""hit_rate_proposal"": 0.5933837890625, ""pilot_paths"": 10000, ""total_paths_simulated"": 26384, ""theta_grid"": [[0.0, 143.22902032831016], [0.40809029577651607, 67.50146781080228], [0.8161805915530321, 39.31246131630157], [1.2242708873295483, 28.13879227161081], [1.6323611831060643, 24.656471291173258], [2.0404514788825803, 26.377166461337985], [2.4485417746590965, 34.38919426361888]]}"
aa6ef0b7277d,2026-09-25T10:49:05,tamzeed,master,paper_barrier,call,exact,rqmc,{},16384,252,8,2978936069,LAPTOP-G689CP2J_AMD64,7.094759710894408,nan,nan,nan,7.1055282627933245,0.010768551898916456,0.28809050004929304,"{""construction"": ""bridge"", ""sobol_dim"": 252, ""naive_iid_se"": 0.09800609840158744, ""se_valid"": false}"
70473dfcc0f2,2026-09-25T10:49:05,tamzeed,master,paper_barrier,call,exact,control_variate,{},16384,252,8,3015611582,LAPTOP-G689CP2J_AMD64,7.0939753150309235,0.002425132291835902,7.08922214308118,7.098728486980667,7.1055282627933245,0.011552947762401011,0.18690919992513955,"{""control"": ""european_terminal"", ""control_mean"": 7.1280646692617395, ""b_hat"": 1.001016086199619, ""rho"": 0.9996936942497665, ""pilot_rho"": 0.9995588699254463, ""pilot_paths"": 1639, ""total_paths_simulated"": 18023, ""plain_std_error"": 0.0979879759316979, ""observed_vrf"": 1632.5808752608693, ""theoretical_vrf"": 1632.6059428726633}"
2f1118a8b72b,2026-09-25T10:49:05,tamzeed,master,deep_barrier,call,exact,antithetic,{},16384,252,8,4037710265,LAPTOP-G689CP2J_AMD64,3.3772448193518896,0.0858976640107485,3.2088884915347,3.545601147169079,3.545320563728301,0.1680757443764116,0.1234666999662295,"{""pairs"": 8192, ""rho_pair"": -0.08621968429632637}"
f65495fce924,2026-09-25T10:49:05,tamzeed,master,deep_barrier,call,exact,plain,{},16384,252,8,2801377684,LAPTOP-G689CP2J_AMD64,3.487402308089325,0.09062457698834535,3.309781401077991,3.665023215100659,3.545320563728301,0.057918255638976124,0.1252827999414876,
9dd4b918067a,2026-09-25T10:49:06,tamzeed,master,asian_arith,call,exact,antithetic,{},16384,252,8,1979843700,LAPTOP-G689CP2J_AMD64,3.1542022464097785,0.041390281868248134,3.073078784638051,3.235325708181506,,,0.0973612000234425,"{""pairs"": 8192, ""rho_pair"": -0.2617124694364469}"
76cf9f935beb,2026-09-25T10:49:06,tamzeed,master,paper_asian_geo,call,exact,antithetic,{},16384,252,8,681285375,LAPTOP-G689CP2J_AMD64,3.0338897394527935,0.04014441893415713,2.9552081241615578,3.1125713547440292,3.000200360178781,0.0336893792740125,0.18045900005381554,"{""pairs"": 8192, ""rho_pair"": -0.25856408723749136}"
72041b369a37,2026-09-25T10:49:06,tamzeed,master,asian_arith,call,exact,control_variate,{},16384,252,8,69085479,LAPTOP-G689CP2J_AMD64,3.164363845451625,0.0015781452964590602,3.161270737508194,3.167456953395056,,,0.20550380006898195,"{""control"": ""geometric_asian"", ""control_mean"": 3.000200360178781, ""b_hat"": 1.042750730995129, ""rho"": 0.9994516491926806, ""pilot_rho"": 0.9995363597564932, ""pilot_paths"": 1639, ""total_paths_simulated"": 18023, ""plain_std_error"": 0.047358534939363595, ""observed_vrf"": 900.539044203939, ""theoretical_vrf"": 912.07511436542}"
9178c40582ae,2026-09-25T10:49:06,tamzeed,master,asian_arith,call,exact,rqmc,{},16384,252,8,1115532503,LAPTOP-G689CP2J_AMD64,3.1621873738240245,nan,nan,nan,,,0.27027079998515546,"{""construction"": ""bridge"", ""sobol_dim"": 252, ""naive_iid_se"": 0.04797917271456352, ""se_valid"": false}"
c6d2dc6f710c,2026-09-25T10:49:06,tamzeed,master,paper_barrier,call,exact,importance,{},16384,252,8,2633300736,LAPTOP-G689CP2J_AMD64,7.163343775870217,0.04564630750850836,7.073878657126301,7.252808894614134,7.1055282627933245,0.0578155130768927,0.21417779999319464,"{""theta"": 0.6858575284033614, ""theta0"": 0.45723835226890763, ""ESS"": 10062.126357144045, ""ESS_frac"": 0.6141434544155301, ""max_weight"": 11.225934620699281, ""max_weight_share"": 0.0006856204321368096, ""mean_weight"": 0.999352763585587, ""hit_rate_proposal"": 0.6776123046875, ""pilot_paths"": 10000, ""total_paths_simulated"": 26384, ""theta_grid"": [[0.0, 210.44450829077755], [0.11430958806722691, 172.872259133431], [0.22861917613445382, 144.6926155019387], [0.3429287642016807, 123.37160915394858], [0.45723835226890763, 107.13867239670473], [0.5715479403361345, 94.7445983299461], [0.6858575284033614, 85.30137616096481]]}"
dcf22619ed14,2026-09-25T10:49:07,tamzeed,master,deep_barrier,call,exact,rqmc,{},16384,252,8,3003260932,LAPTOP-G689CP2J_AMD64,3.3915815466996833,nan,nan,nan,3.545320563728301,0.15373901702861792,0.2914248000597581,"{""construction"": ""bridge"", ""sobol_dim"": 252, ""naive_iid_se"": 0.09009452694064686, ""se_valid"": false}"
d95b48515653,2026-09-25T10:49:07,tamzeed,master,paper_asian_geo,call,exact,rqmc,{},16384,252,8,346419251,LAPTOP-G689CP2J_AMD64,3.000738974269961,nan,nan,nan,3.000200360178781,0.0005386140911798343,0.29126899992115796,"{""construction"": ""bridge"", ""sobol_dim"": 252, ""naive_iid_se"": 0.0458954883901478, ""se_valid"": false}"
bb9c4c281a31,2026-09-25T10:49:07,tamzeed,master,paper_barrier,call,exact,antithetic,{},16384,252,8,2776830153,LAPTOP-G689CP2J_AMD64,7.2122690308630695,0.08324347337357926,7.049114821102835,7.375423240623304,7.1055282627933245,0.10674076806974497,0.11512169998604804,"{""pairs"": 8192, ""rho_pair"": -0.31420827199187407}"
3435722ac4a8,2026-09-25T10:49:07,tamzeed,master,deep_barrier,call,exact,control_variate,{},16384,252,8,2002545128,LAPTOP-G689CP2J_AMD64,3.3910711356658036,0.05030070317895482,3.292483569038013,3.4896587022935943,3.545320563728301,0.15424942806249753,0.1274189999094233,"{""control"": ""european_terminal"", ""control_mean"": 7.1280646692617395, ""b_hat"": 0.7836608690472533, ""rho"": 0.8329552967604703, ""pilot_rho"": 0.8410403684963718, ""pilot_paths"": 1639, ""total_paths_simulated"": 18023, ""plain_std_error"": 0.09085171272242819, ""observed_vrf"": 3.262256651578864, ""theoretical_vrf"": 3.2659942623885514}"
b5e181b88f02,2026-09-25T10:49:07,tamzeed,master,asian_arith,call,exact,plain,{},16384,252,8,3248651215,LAPTOP-G689CP2J_AMD64,3.1465734730828494,0.04806509434866005,3.052367619245956,3.2407793269197427,,,0.12704469996970147,
95fcac59d6ed,2026-09-25T10:49:08,tamzeed,master,paper_asian_geo,call,exact,plain,{},16384,252,8,845524572,LAPTOP-G689CP2J_AMD64,3.074025610579354,0.04665358799115508,2.9825862583671197,3.1654649627915883,3.000200360178781,0.07382525040057297,0.17190439999103546,
8bc4847f5ad0,2026-09-25T10:49:08,tamzeed,master,paper_barrier,call,exact,plain,{},16384,252,8,2428418324,LAPTOP-G689CP2J_AMD64,6.966095049482602,0.09556575363135868,6.778789614209711,7.153400484755493,7.1055282627933245,0.13943321331072234,0.1289669000543654,
c7de537afe19,2026-09-25T10:49:08,tamzeed,master,asian_arith,call,exact,antithetic,{},65536,252,8,2304864500,LAPTOP-G689CP2J_AMD64,3.172683905479839,0.020717586593412586,3.13207818191016,3.2132896290495174,,,0.624066699994728,"{""pairs"": 32768, ""rho_pair"": -0.26356019715640416}"
a50bcd8386ee,2026-09-25T10:49:09,tamzeed,master,paper_barrier,call,exact,plain,{},65536,252,8,944626240,LAPTOP-G689CP2J_AMD64,7.124164851028828,0.04873271697620591,7.0286504808866805,7.219679221170976,7.1055282627933245,0.018636588235503737,0.5167256999993697,
88e68c404399,2026-09-25T10:49:09,tamzeed,master,deep_barrier,call,exact,importance,{},65536,252,8,1422726268,LAPTOP-G689CP2J_AMD64,3.380785440977339,0.014327536125211161,3.3527039861847285,3.4088668957699495,3.545320563728301,0.16453512275096216,0.565975199919194,"{""theta"": 1.6323611831060643, ""theta0"": 1.6323611831060643, ""ESS"": 4562.745469282225, ""ESS_frac"": 0.06962197066165504, ""max_weight"": 318.7806048436947, ""max_weight_share"": 0.0048715602605139225, ""mean_weight"": 0.9984903699031644, ""hit_rate_proposal"": 0.59613037109375, ""pilot_paths"": 10000, ""total_paths_simulated"": 75536, ""theta_grid"": [[0.0, 143.33133827495024], [0.40809029577651607, 67.85942529636796], [0.8161805915530321, 39.705993314104276], [1.2242708873295483, 28.563569410203055], [1.6323611831060643, 25.169028058499016], [2.0404514788825803, 27.096907030023694], [2.4485417746590965, 35.58431759668667]]}"
dd1aed36ceda,2026-09-25T10:49:10,tamzeed,master,deep_barrier,call,exact,antithetic,{},65536,252,8,3415795984,LAPTOP-G689CP2J_AMD64,3.2778486557611766,0.04199940563748542,3.1955313333396167,3.3601659781827364,3.545320563728301,0.2674719079671246,0.5238069000188261,"{""pairs"": 32768, ""rho_pair"": -0.08500879113128401}"
6325d5ec2c42,2026-09-25T10:49:11,tamzeed,master,deep_barrier,call,exact,control_variate,{},65536,252,8,4182058627,LAPTOP-G689CP2J_AMD64,3.3714202028026183,0.025119883778356524,3.3221861353012074,3.4206542703040292,3.545320563728301,0.17390036092568284,0.6204435999970883,"{""control"": ""european_terminal"", ""control_mean"": 7.1280646692617395, ""b_hat"": 0.7457294941688352, ""rho"": 0.8311920300020105, ""pilot_rho"": 0.8203932537206212, ""pilot_paths"": 6554, ""total_paths_simulated"": 72090, ""plain_std_error"": 0.045152810549915406, ""observed_vrf"": 3.2309804120602497, ""theoretical_vrf"": 3.2349916441467013}"
2384b779fab6,2026-09-25T10:49:11,tamzeed,master,asian_arith,call,exact,control_variate,{},65536,252,8,4093718934,LAPTOP-G689CP2J_AMD64,3.1630926283126066,0.00077379675989139,3.1615760145318657,3.1646092420933476,,,0.8687327000079677,"{""control"": ""geometric_asian"", ""control_mean"": 3.000200360178781, ""b_hat"": 1.0458221739887537, ""rho"": 0.9994808689722138, ""pilot_rho"": 0.9995025440553102, ""pilot_paths"": 6554, ""total_paths_simulated"": 72090, ""plain_std_error"": 0.02401677269484456, ""observed_vrf"": 963.330879373357, ""theoretical_vrf"": 963.3980434295713}"
1156b7a43f60,2026-09-25T10:49:12,tamzeed,master,paper_barrier,call,exact,importance,{},65536,252,8,2772131663,LAPTOP-G689CP2J_AMD64,7.08121996230573,0.022863340243296688,7.036408638862583,7.126031285748877,7.1055282627933245,0.02430830048759436,0.928406500024721,"{""theta"": 0.6858575284033614, ""theta0"": 0.45723835226890763, ""ESS"": 41055.92531451497, ""ESS_frac"": 0.6264637041399379, ""max_weight"": 11.94891222975011, ""max_weight_share"": 0.00018267054365113958, ""mean_weight"": 0.9981134757461814, ""hit_rate_proposal"": 0.673095703125, ""pilot_paths"": 10000, ""total_paths_simulated"": 75536, ""theta_grid"": [[0.0, 208.86132111743126], [0.11430958806722691, 171.75442480514684], [0.22861917613445382, 143.90929932381658], [0.3429287642016807, 122.83218019036394], [0.45723835226890763, 106.78005470432252], [0.5715479403361345, 94.52273634383957], [0.6858575284033614, 85.1854722387469]]}"
c8f6c801faaf,2026-09-25T10:49:13,tamzeed,master,paper_barrier,call,exact,antithetic,{},65536,252,8,2061738850,LAPTOP-G689CP2J_AMD64,7.020950278058331,0.039840114236977184,6.942865089013894,7.099035467102768,7.1055282627933245,0.08457798473499345,0.7372743999585509,"{""pairs"": 32768, ""rho_pair"": -0.32156246127393623}"
53ac04a8d28e,2026-09-25T10:49:15,tamzeed,master,asian_arith,call,exact,rqmc,{},65536,252,8,2889803622,LAPTOP-G689CP2J_AMD64,3.163342253678638,nan,nan,nan,,,1.6555247999494895,"{""construction"": ""bridge"", ""sobol_dim"": 252, ""naive_iid_se"": 0.023981286260766614, ""se_valid"": false}"
00dde6623548,2026-09-25T10:49:16,tamzeed,master,paper_barrier,call,exact,rqmc,{},65536,252,8,4006722320,LAPTOP-G689CP2J_AMD64,7.094728866501512,nan,nan,nan,7.1055282627933245,0.010799396291812258,1.6717201999854296,"{""construction"": ""bridge"", ""sobol_dim"": 252, ""naive_iid_se"": 0.04902090853725844, ""se_valid"": false}"
f81728b6c584,2026-09-25T10:49:18,tamzeed,master,deep_barrier,call,exact,rqmc,{},65536,252,8,22084814,LAPTOP-G689CP2J_AMD64,3.379644190981061,nan,nan,nan,3.545320563728301,0.16567637274724012,1.6185996999265626,"{""construction"": ""bridge"", ""sobol_dim"": 252, ""naive_iid_se"": 0.044954876836647076, ""se_valid"": false}"
6188d62cb7ee,2026-09-25T10:49:20,tamzeed,master,paper_asian_geo,call,exact,rqmc,{},65536,252,8,2332004005,LAPTOP-G689CP2J_AMD64,3.0003004191606877,nan,nan,nan,3.000200360178781,0.00010005898190668105,1.9201049000257626,"{""construction"": ""bridge"", ""sobol_dim"": 252, ""naive_iid_se"": 0.022928002836577394, ""se_valid"": false}"
6f6a163707f4,2026-09-25T10:49:21,tamzeed,master,asian_arith,call,exact,plain,{},65536,252,8,3260409276,LAPTOP-G689CP2J_AMD64,3.1806521406142547,0.023922464797358118,3.1337649711900055,3.227539310038504,,,0.7782200999790803,
a328a1146f8b,2026-09-25T10:49:22,tamzeed,master,paper_barrier,call,exact,control_variate,{},65536,252,8,1852978124,LAPTOP-G689CP2J_AMD64,7.093489130822469,0.0012553574776366253,7.0910286753785785,7.09594958626636,7.1055282627933245,0.012039131970855266,0.7522316999966279,"{""control"": ""european_terminal"", ""control_mean"": 7.1280646692617395, ""b_hat"": 1.0009991779488843, ""rho"": 0.9996762581601275, ""pilot_rho"": 0.9996460339069299, ""pilot_paths"": 6554, ""total_paths_simulated"": 72090, ""plain_std_error"": 0.04933841630391973, ""observed_vrf"": 1544.6695399093792, ""theoretical_vrf"": 1544.6905125396831}"
c76e097d9669,2026-09-25T10:49:22,tamzeed,master,paper_asian_geo,call,exact,antithetic,{},65536,252,8,2062577525,LAPTOP-G689CP2J_AMD64,2.9544192583076354,0.01938238783439404,2.916430476217836,2.992408040397435,3.000200360178781,0.04578110187114559,0.7748758000088856,"{""pairs"": 32768, ""rho_pair"": -0.2617582690312307}"
e3678c695efc,2026-09-25T10:49:23,tamzeed,master,paper_asian_geo,call,exact,plain,{},65536,252,8,102412088,LAPTOP-G689CP2J_AMD64,3.051054572397043,0.023221033562670773,3.0055421829304123,3.0965669618636733,3.000200360178781,0.05085421221826181,0.837148700025864,
e4c1484a9364,2026-09-25T10:49:24,tamzeed,master,deep_barrier,call,exact,plain,{},65536,252,8,2595093546,LAPTOP-G689CP2J_AMD64,3.3625562036553784,0.04499566919368227,3.274366312575483,3.450746094735274,3.545320563728301,0.18276436007292274,0.705255699926056,
e1feefdc7fd3,2026-09-25T10:49:24,tamzeed,master,asian_arith,call,exact,rqmc,{},256,252,9,178854098,LAPTOP-G689CP2J_AMD64,3.140790445909294,nan,nan,nan,,,0.03358639997895807,"{""construction"": ""bridge"", ""sobol_dim"": 252, ""naive_iid_se"": 0.38491017954938384, ""se_valid"": false}"
c3fba60d93ad,2026-09-25T10:49:24,tamzeed,master,paper_asian_geo,call,exact,antithetic,{},256,252,9,4192435915,LAPTOP-G689CP2J_AMD64,2.7636147208131527,0.30661614992252223,2.1626581098866753,3.36457133173963,3.000200360178781,0.23658563936562826,0.0023744000354781747,"{""pairs"": 128, ""rho_pair"": -0.24378122904141206}"
5f9d23cac8eb,2026-09-25T10:49:24,tamzeed,master,paper_barrier,call,exact,control_variate,{},256,252,9,2517879852,LAPTOP-G689CP2J_AMD64,7.117074984873257,0.008662170275961457,7.10009744310442,7.134052526642095,7.1055282627933245,0.011546722079932792,0.004294299986213446,"{""control"": ""european_terminal"", ""control_mean"": 7.1280646692617395, ""b_hat"": 1.0009912112483181, ""rho"": 0.9999058671321914, ""pilot_rho"": 0.9997510975178202, ""pilot_paths"": 256, ""total_paths_simulated"": 512, ""plain_std_error"": 0.6308901895502739, ""observed_vrf"": 5304.618004874132, ""theoretical_vrf"": 5311.891010709847}"
388e45943708,2026-09-25T10:49:24,tamzeed,master,paper_barrier,call,exact,importance,{},256,252,9,3440562459,LAPTOP-G689CP2J_AMD64,6.837071472569763,0.3680676155830218,6.115672202151506,7.558470742988019,7.1055282627933245,0.2684567902235617,0.1000598999671638,"{""theta"": 0.6858575284033614, ""theta0"": 0.45723835226890763, ""ESS"": 149.13249588814915, ""ESS_frac"": 0.5825488120630826, ""max_weight"": 7.946684280325976, ""max_weight_share"": 0.030285774798051984, ""mean_weight"": 1.0249609157108301, ""hit_rate_proposal"": 0.66796875, ""pilot_paths"": 10000, ""total_paths_simulated"": 10256, ""theta_grid"": [[0.0, 211.8527859663304], [0.11430958806722691, 174.15960807678556], [0.22861917613445382, 145.86644657986187], [0.3429287642016807, 124.44352029637399], [0.45723835226890763, 108.12183462831447], [0.5715479403361345, 95.65232051378932], [0.6858575284033614, 86.14638631785796]]}"
6b9f58dab3ed,2026-09-25T10:49:24,tamzeed,master,asian_arith,call,exact,plain,{},256,252,9,391947141,LAPTOP-G689CP2J_AMD64,3.461231676613393,0.4106116625918703,2.6564476063012146,4.2660157469255715,,,0.0016274999361485243,
dbe0f75acaf7,2026-09-25T10:49:24,tamzeed,master,deep_barrier,call,exact,plain,{},256,252,9,1715217858,LAPTOP-G689CP2J_AMD64,2.964674218648082,0.6732276985322162,1.6451721761301492,4.284176261166015,3.545320563728301,0.5806463450802193,0.0014942999696359038,
c903b8b977e4,2026-09-25T10:49:24,tamzeed,master,deep_barrier,call,exact,antithetic,{},256,252,9,3781587622,LAPTOP-G689CP2J_AMD64,3.975249187053147,0.7948094829077079,2.417451225983136,5.533047148123158,3.545320563728301,0.4299286233248458,0.0016962999943643808,"{""pairs"": 128, ""rho_pair"": -0.09148291087418094}"
330308cec7a9,2026-09-25T10:49:24,tamzeed,master,paper_barrier,call,exact,plain,{},256,252,9,2803284863,LAPTOP-G689CP2J_AMD64,8.065163736051062,0.9166858252741239,6.268492533375403,9.861834938726721,7.1055282627933245,0.9596354732577375,0.0034000000450760126,
ad197f33a618,2026-09-25T10:49:24,tamzeed,master,paper_barrier,call,exact,rqmc,{},256,252,9,350292417,LAPTOP-G689CP2J_AMD64,7.074779533450896,nan,nan,nan,7.1055282627933245,0.030748729342428227,0.041644099983386695,"{""construction"": ""bridge"", ""sobol_dim"": 252, ""naive_iid_se"": 0.7798463681621162, ""se_valid"": false}"
8b9121d912b1,2026-09-25T10:49:24,tamzeed,master,paper_asian_geo,call,exact,plain,{},256,252,9,1610357730,LAPTOP-G689CP2J_AMD64,3.283137346161952,0.3764135656440535,2.5453803142073035,4.0208943781166,3.000200360178781,0.28293698598317096,0.006176199996843934,
bba1f6359a7b,2026-09-25T10:49:24,tamzeed,master,asian_arith,call,exact,control_variate,{},256,252,9,4290985433,LAPTOP-G689CP2J_AMD64,3.158412732827999,0.00990131434538334,3.139006513311438,3.17781895234456,,,0.011692299973219633,"{""control"": ""geometric_asian"", ""control_mean"": 3.000200360178781, ""b_hat"": 1.0515115908490245, ""rho"": 0.9996650627227728, ""pilot_rho"": 0.9992513808315735, ""pilot_paths"": 256, ""total_paths_simulated"": 512, ""plain_std_error"": 0.3685002069162041, ""observed_vrf"": 1385.1275736255875, ""theoretical_vrf"": 1493.0668586204501}"
41de559c5602,2026-09-25T10:49:24,tamzeed,master,paper_asian_geo,call,exact,rqmc,{},256,252,9,879332854,LAPTOP-G689CP2J_AMD64,3.031352978780619,nan,nan,nan,3.000200360178781,0.031152618601837823,0.04157650005072355,"{""construction"": ""bridge"", ""sobol_dim"": 252, ""naive_iid_se"": 0.36424892265602726, ""se_valid"": false}"
286d3a6b9cac,2026-09-25T10:49:24,tamzeed,master,deep_barrier,call,exact,rqmc,{},256,252,9,72675890,LAPTOP-G689CP2J_AMD64,3.049647765104027,nan,nan,nan,3.545320563728301,0.49567279862427416,0.02979519998189062,"{""construction"": ""bridge"", ""sobol_dim"": 252, ""naive_iid_se"": 0.7082731937410055, ""se_valid"": false}"
17cd737a2a46,2026-09-25T10:49:24,tamzeed,master,asian_arith,call,exact,antithetic,{},256,252,9,24175579,LAPTOP-G689CP2J_AMD64,2.784144857153422,0.2842338668295437,2.2270567149809626,3.3412329993258814,,,0.00457380001898855,"{""pairs"": 128, ""rho_pair"": -0.2766193239652526}"
3a535a4807f7,2026-09-25T10:49:24,tamzeed,master,deep_barrier,call,exact,control_variate,{},256,252,9,1036095406,LAPTOP-G689CP2J_AMD64,3.7950358679284593,0.37993942738259945,3.050368273951793,4.539703461905125,3.545320563728301,0.24971530420015808,0.007925199926830828,"{""control"": ""european_terminal"", ""control_mean"": 7.1280646692617395, ""b_hat"": 0.8470381619189186, ""rho"": 0.845561001704272, ""pilot_rho"": 0.8815156176263934, ""pilot_paths"": 256, ""total_paths_simulated"": 512, ""plain_std_error"": 0.7071084605725655, ""observed_vrf"": 3.4637244841883916, ""theoretical_vrf"": 3.5084445685952343}"
3e8767c0f8e7,2026-09-25T10:49:24,tamzeed,master,deep_barrier,call,exact,importance,{},256,252,9,2146505349,LAPTOP-G689CP2J_AMD64,2.7479121098208568,0.20295511644127848,2.3501273911178178,3.1456968285238958,3.545320563728301,0.7974084539074444,0.1305473999818787,"{""theta"": 1.6323611831060643, ""theta0"": 1.6323611831060643, ""ESS"": 28.87539379377236, ""ESS_frac"": 0.11279450700692328, ""max_weight"": 35.16420056771288, ""max_weight_share"": 0.11027739644078004, ""mean_weight"": 1.2455876081676638, ""hit_rate_proposal"": 0.56640625, ""pilot_paths"": 10000, ""total_paths_simulated"": 10256, ""theta_grid"": [[0.0, 143.57345888261642], [0.40809029577651607, 67.5665858160909], [0.8161805915530321, 39.337885466579976], [1.2242708873295483, 28.176749658499915], [1.6323611831060643, 24.730223766776245], [2.0404514788825803, 26.52165855854125], [2.4485417746590965, 34.688017688621116]]}"
a9a689da456c,2026-09-25T10:49:24,tamzeed,master,paper_barrier,call,exact,antithetic,{},256,252,9,4250008183,LAPTOP-G689CP2J_AMD64,6.731626834409171,0.5642077683747229,5.625799928596997,7.8374537402213456,7.1055282627933245,0.3739014283841531,0.0038228000048547983,"{""pairs"": 128, ""rho_pair"": -0.35910461858614384}"
f0b77d79219d,2026-09-25T10:49:24,tamzeed,master,paper_barrier,call,exact,antithetic,{},1024,252,9,1020391402,LAPTOP-G689CP2J_AMD64,6.900641497644646,0.3490663007636112,6.216484119931342,7.58479887535795,7.1055282627933245,0.20488676514867876,0.00760799995623529,"{""pairs"": 512, ""rho_pair"": -0.2777528506244204}"
374097664360,2026-09-25T10:49:24,tamzeed,master,deep_barrier,call,exact,antithetic,{},1024,252,9,3629643536,LAPTOP-G689CP2J_AMD64,3.155651405051893,0.3291011377077634,2.51062502787352,3.800677782230266,3.545320563728301,0.38966915867640806,0.01405150000937283,"{""pairs"": 512, ""rho_pair"": -0.08231273456793876}"
f104a2bf69e3,2026-09-25T10:49:24,tamzeed,master,asian_arith,call,exact,control_variate,{},1024,252,9,1635977946,LAPTOP-G689CP2J_AMD64,3.160180336797201,0.005459052139428048,3.1494807912141956,3.170879882380206,,,0.01703540002927184,"{""control"": ""geometric_asian"", ""control_mean"": 3.000200360178781, ""b_hat"": 1.046325187870995, ""rho"": 0.9995820058433044, ""pilot_rho"": 0.9996091127469656, ""pilot_paths"": 256, ""total_paths_simulated"": 1280, ""plain_std_error"": 0.18792708500021357, ""observed_vrf"": 1185.070725804495, ""theoretical_vrf"": 1196.4390228253942}"
6ebb50e2cc5f,2026-09-25T10:49:24,tamzeed,master,asian_arith,call,exact,plain,{},1024,252,9,2874271594,LAPTOP-G689CP2J_AMD64,2.815741066596182,0.17762244905360447,2.4676074636053165,3.1638746695870474,,,0.014719400089234114,
02fc4f98d5ad,2026-09-25T10:49:24,tamzeed,master,asian_arith,call,exact,antithetic,{},1024,252,9,107263537,LAPTOP-G689CP2J_AMD64,3.0319005297290507,0.1525830999876527,2.7328431491037772,3.330957910354324,,,0.011481800000183284,"{""pairs"": 512, ""rho_pair"": -0.2833006349893072}"
31fc758ba906,2026-09-25T10:49:24,tamzeed,master,deep_barrier,call,exact,plain,{},1024,252,9,4070879547,LAPTOP-G689CP2J_AMD64,3.2824759706135502,0.34524008822334284,2.6058178316763674,3.959134109550733,3.545320563728301,0.26284459311475095,0.01204840000718832,
0fffdcc50f24,2026-09-25T10:49:24,tamzeed,master,paper_asian_geo,call,exact,rqmc,{},1024,252,9,1668806822,LAPTOP-G689CP2J_AMD64,3.008753676653357,nan,nan,nan,3.000200360178781,0.008553316474575912,0.03799879993312061,"{""construction"": ""bridge"", ""sobol_dim"": 252, ""naive_iid_se"": 0.18410132788368241, ""se_valid"": false}"
d8c0048f635b,2026-09-25T10:49:24,tamzeed,master,asian_arith,call,exact,rqmc,{},1024,252,9,3318486296,LAPTOP-G689CP2J_AMD64,3.1735755143501025,nan,nan,nan,,,0.0460501000052318,"{""construction"": ""bridge"", ""sobol_dim"": 252, ""naive_iid_se"": 0.19573544645509294, ""se_valid"": false}"
b07994492d30,2026-09-25T10:49:25,tamzeed,master,paper_barrier,call,exact,control_variate,{},1024,252,9,4156950571,LAPTOP-G689CP2J_AMD64,7.101931959128909,0.009510204541332286,7.083292300742289,7.120571617515529,7.1055282627933245,0.0035963036644153235,0.02042710001114756,"{""control"": ""european_terminal"", ""control_mean"": 7.1280646692617395, ""b_hat"": 1.0006741422710226, ""rho"": 0.9996975814823466, ""pilot_rho"": 0.999547298583525, ""pilot_paths"": 256, ""total_paths_simulated"": 1280, ""plain_std_error"": 0.38672573067577076, ""observed_vrf"": 1653.5846115982727, ""theoretical_vrf"": 1653.5879480643725}"
5150334a9be7,2026-09-25T10:49:25,tamzeed,master,deep_barrier,call,exact,importance,{},1024,252,9,2121947110,LAPTOP-G689CP2J_AMD64,3.2739397297605226,0.11332880912250431,3.0518193454695997,3.4960601140514456,3.545320563728301,0.27138083396777857,0.1138552000047639,"{""theta"": 1.6323611831060643, ""theta0"": 1.6323611831060643, ""ESS"": 156.9756218148223, ""ESS_frac"": 0.1532965056785374, ""max_weight"": 28.98951536983459, ""max_weight_share"": 0.032421600067558225, ""mean_weight"": 0.8731855782676741, ""hit_rate_proposal"": 0.583984375, ""pilot_paths"": 10000, ""total_paths_simulated"": 11024, ""theta_grid"": [[0.0, 144.5960830255384], [0.40809029577651607, 68.17484987978247], [0.8161805915530321, 39.70167835810479], [1.2242708873295483, 28.39998962363597], [1.6323611831060643, 24.855715352684626], [2.0404514788825803, 26.54348296323811], [2.4485417746590965, 34.52808507254935]]}"
45776baf8ed3,2026-09-25T10:49:25,tamzeed,master,paper_barrier,call,exact,importance,{},1024,252,9,3931206782,LAPTOP-G689CP2J_AMD64,7.22264080045934,0.18047348443705927,6.868919270798254,7.576362330120426,7.1055282627933245,0.11711253766601537,0.093477200018242,"{""theta"": 0.6858575284033614, ""theta0"": 0.45723835226890763, ""ESS"": 630.5926851346735, ""ESS_frac"": 0.6158131690768296, ""max_weight"": 7.929174271494569, ""max_weight_share"": 0.007882110103191866, ""mean_weight"": 0.982393565698955, ""hit_rate_proposal"": 0.6884765625, ""pilot_paths"": 10000, ""total_paths_simulated"": 11024, ""theta_grid"": [[0.0, 210.40522469454055], [0.11430958806722691, 172.73645318774413], [0.22861917613445382, 144.55455522868783], [0.3429287642016807, 123.27454597463964], [0.45723835226890763, 107.10007947419595], [0.5715479403361345, 94.76953317030554], [0.6858575284033614, 85.38951294488919]]}"
a3951099046a,2026-09-25T10:49:25,tamzeed,master,paper_asian_geo,call,exact,plain,{},1024,252,9,2231104638,LAPTOP-G689CP2J_AMD64,2.925130945529059,0.18129279901221396,2.5698035888086608,3.280458302249457,3.000200360178781,0.07506941464972217,0.047392799984663725,
523ffe91c469,2026-09-25T10:49:25,tamzeed,master,paper_barrier,call,exact,rqmc,{},1024,252,9,2550017642,LAPTOP-G689CP2J_AMD64,7.094363245588951,nan,nan,nan,7.1055282627933245,0.011165017204373129,0.050625900039449334,"{""construction"": ""bridge"", ""sobol_dim"": 252, ""naive_iid_se"": 0.3919263579934392, ""se_valid"": false}"
3d90d960d85c,2026-09-25T10:49:25,tamzeed,master,deep_barrier,call,exact,rqmc,{},1024,252,9,3085416972,LAPTOP-G689CP2J_AMD64,3.503155055394944,nan,nan,nan,3.545320563728301,0.04216550833335697,0.055821499903686345,"{""construction"": ""bridge"", ""sobol_dim"": 252, ""naive_iid_se"": 0.36158911133211763, ""se_valid"": false}"
1e31d55788aa,2026-09-25T10:49:25,tamzeed,master,paper_barrier,call,exact,plain,{},1024,252,9,3592609443,LAPTOP-G689CP2J_AMD64,6.645374962239968,0.3914487848475749,5.878149442146753,7.4126004823331835,7.1055282627933245,0.46015330055335646,0.016585999983362854,
78b88a58616f,2026-09-25T10:49:25,tamzeed,master,deep_barrier,call,exact,control_variate,{},1024,252,9,3670584089,LAPTOP-G689CP2J_AMD64,3.2262291587101544,0.21259765610656747,2.80954540954365,3.6429129078766587,3.545320563728301,0.3190914050181468,0.025576399988494813,"{""control"": ""european_terminal"", ""control_mean"": 7.1280646692617395, ""b_hat"": 0.5896064398832691, ""rho"": 0.8132459479676062, ""pilot_rho"": 0.7192592371831809, ""pilot_paths"": 256, ""total_paths_simulated"": 1280, ""plain_std_error"": 0.3518093519782656, ""observed_vrf"": 2.738405860778526, ""theoretical_vrf"": 2.9530666624635304}"
5a4c11b9ec2e,2026-09-25T10:49:25,tamzeed,master,paper_asian_geo,call,exact,antithetic,{},1024,252,9,2784904152,LAPTOP-G689CP2J_AMD64,2.9120959128702286,0.157031208561351,2.604320399641183,3.2198714260992745,3.000200360178781,0.08810444730855238,0.012842900003306568,"{""pairs"": 512, ""rho_pair"": -0.25087617608086965}"
9d525dffb119,2026-09-25T10:49:25,tamzeed,master,deep_barrier,call,exact,antithetic,{},4096,252,9,850166642,LAPTOP-G689CP2J_AMD64,3.927403631006311,0.18374341507188552,3.5672731550690213,4.287534106943601,3.545320563728301,0.38208306727801,0.03605019999668002,"{""pairs"": 2048, ""rho_pair"": -0.10038814406370677}"
a28247e9b2d4,2026-09-25T10:49:25,tamzeed,master,paper_asian_geo,call,exact,plain,{},4096,252,9,995524852,LAPTOP-G689CP2J_AMD64,3.032210841228112,0.09210392526122407,2.851690464881344,3.21273121757488,3.000200360178781,0.03201048104933113,0.052566600032150745,
0da568e3a7d3,2026-09-25T10:49:25,tamzeed,master,asian_arith,call,exact,control_variate,{},4096,252,9,3608480797,LAPTOP-G689CP2J_AMD64,3.1597227871905225,0.0030373889071576964,3.153769614325452,3.165675960055593,,,0.054941399954259396,"{""control"": ""geometric_asian"", ""control_mean"": 3.000200360178781, ""b_hat"": 1.0468573152599476, ""rho"": 0.9994837415656668, ""pilot_rho"": 0.9994024073434646, ""pilot_paths"": 410, ""total_paths_simulated"": 4506, ""plain_std_error"": 0.09440419080773023, ""observed_vrf"": 966.010268609275, ""theoretical_vrf"": 968.7572437988324}"
b6cce8c7729b,2026-09-25T10:49:25,tamzeed,master,paper_asian_geo,call,exact,rqmc,{},4096,252,9,831365022,LAPTOP-G689CP2J_AMD64,2.9969525779844823,nan,nan,nan,3.000200360178781,0.003247782194298665,0.11902890005148947,"{""construction"": ""bridge"", ""sobol_dim"": 252, ""naive_iid_se"": 0.0917232020489853, ""se_valid"": false}"
65eec24080a7,2026-09-25T10:49:25,tamzeed,master,asian_arith,call,exact,plain,{},4096,252,9,3899235764,LAPTOP-G689CP2J_AMD64,3.2162054912066513,0.10048357025311486,3.019261312472546,3.413149669940757,,,0.034245199989527464,
78dce5524dd5,2026-09-25T10:49:25,tamzeed,master,asian_arith,call,exact,rqmc,{},4096,252,9,1518442464,LAPTOP-G689CP2J_AMD64,3.1627911070839074,nan,nan,nan,,,0.11014799994882196,"{""construction"": ""bridge"", ""sobol_dim"": 252, ""naive_iid_se"": 0.0963560921956797, ""se_valid"": false}"
f21f0682add8,2026-09-25T10:49:25,tamzeed,master,paper_barrier,call,exact,control_variate,{},4096,252,9,995290715,LAPTOP-G689CP2J_AMD64,7.099546924771419,0.004309167446682563,7.091101111772568,7.107992737770269,7.1055282627933245,0.005981338021905813,0.0705930000403896,"{""control"": ""european_terminal"", ""control_mean"": 7.1280646692617395, ""b_hat"": 1.000667409890681, ""rho"": 0.9997601706450422, ""pilot_rho"": 0.9998326811159963, ""pilot_paths"": 410, ""total_paths_simulated"": 4506, ""plain_std_error"": 0.1967626916435919, ""observed_vrf"": 2084.965001129579, ""theoretical_vrf"": 2085.0657110649568}"
1bd34f30c7cd,2026-09-25T10:49:26,tamzeed,master,deep_barrier,call,exact,importance,{},4096,252,9,1943458990,LAPTOP-G689CP2J_AMD64,3.5076919130734905,0.05785014574310587,3.39430771091661,3.621076115230371,3.545320563728301,0.03762865065481069,0.20389190001878887,"{""theta"": 1.6323611831060643, ""theta0"": 1.6323611831060643, ""ESS"": 364.51747285605916, ""ESS_frac"": 0.08899352364649882, ""max_weight"": 106.43250540597289, ""max_weight_share"": 0.02728015181558843, ""mean_weight"": 0.9525056372773568, ""hit_rate_proposal"": 0.6103515625, ""pilot_paths"": 10000, ""total_paths_simulated"": 14096, ""theta_grid"": [[0.0, 146.06685710595647], [0.40809029577651607, 68.95187267424794], [0.8161805915530321, 40.21936650735651], [1.2242708873295483, 28.82043477952995], [1.6323611831060643, 25.266746547578006], [2.0404514788825803, 27.02512718679908], [2.4485417746590965, 35.204098153011444]]}"
b0813e82a677,2026-09-25T10:49:26,tamzeed,master,deep_barrier,call,exact,rqmc,{},4096,252,9,2187133620,LAPTOP-G689CP2J_AMD64,3.3815090640261927,nan,nan,nan,3.545320563728301,0.1638114997021085,0.1307836000341922,"{""construction"": ""bridge"", ""sobol_dim"": 252, ""naive_iid_se"": 0.17987138375787373, ""se_valid"": false}"
3d27208c9f7c,2026-09-25T10:49:26,tamzeed,master,deep_barrier,call,exact,plain,{},4096,252,9,429670020,LAPTOP-G689CP2J_AMD64,3.4567294711965477,0.18430541048651722,3.095497504487103,3.8179614379059923,3.545320563728301,0.08859109253175346,0.036387700005434453,
cbf8907903d7,2026-09-25T10:49:26,tamzeed,master,paper_barrier,call,exact,rqmc,{},4096,252,9,1496514721,LAPTOP-G689CP2J_AMD64,7.09491904260546,nan,nan,nan,7.1055282627933245,0.01060922018786492,0.10120000003371388,"{""construction"": ""bridge"", ""sobol_dim"": 252, ""naive_iid_se"": 0.19595778482342538, ""se_valid"": false}"
6c4b2884ceeb,2026-09-25T10:49:26,tamzeed,master,deep_barrier,call,exact,control_variate,{},4096,252,9,3119784436,LAPTOP-G689CP2J_AMD64,3.453554993112819,0.10130071169268032,3.2550092465868903,3.652100739638748,3.545320563728301,0.09176557061548207,0.03716210008133203,"{""control"": ""european_terminal"", ""control_mean"": 7.1280646692617395, ""b_hat"": 0.6354223413127794, ""rho"": 0.8282506718703475, ""pilot_rho"": 0.7597156222861472, ""pilot_paths"": 410, ""total_paths_simulated"": 4506, ""plain_std_error"": 0.17594585267744886, ""observed_vrf"": 3.0167066143243955, ""theoretical_vrf"": 3.184705012940152}"
9328448b07c1,2026-09-25T10:49:26,tamzeed,master,asian_arith,call,exact,antithetic,{},4096,252,9,3136620895,LAPTOP-G689CP2J_AMD64,3.1533750723174188,0.079918931104447,2.9967368456697647,3.310013298965073,,,0.03638239996507764,"{""pairs"": 2048, ""rho_pair"": -0.27551752424130155}"
156fb9c56d6d,2026-09-25T10:49:26,tamzeed,master,paper_barrier,call,exact,importance,{},4096,252,9,3143491287,LAPTOP-G689CP2J_AMD64,6.998576153429296,0.09158218962959129,6.819078360129979,7.178073946728612,7.1055282627933245,0.10695210936402866,0.12057239993009716,"{""theta"": 0.6858575284033614, ""theta0"": 0.45723835226890763, ""ESS"": 2611.6904366346166, ""ESS_frac"": 0.6376197355064982, ""max_weight"": 8.742694937462577, ""max_weight_share"": 0.0021284048281487436, ""mean_weight"": 1.0028388293372559, ""hit_rate_proposal"": 0.664794921875, ""pilot_paths"": 10000, ""total_paths_simulated"": 14096, ""theta_grid"": [[0.0, 202.5304013111256], [0.11430958806722691, 166.64771100632987], [0.22861917613445382, 139.7451757705704], [0.3429287642016807, 119.39855144626047], [0.45723835226890763, 103.91634341752832], [0.5715479403361345, 92.1066880942391], [0.6858575284033614, 83.12346862703923]]}"
e72a8595918c,2026-09-25T10:49:26,tamzeed,master,paper_asian_geo,call,exact,antithetic,{},4096,252,9,1729621890,LAPTOP-G689CP2J_AMD64,3.089262245004077,0.07909010063958873,2.934248496216835,3.2442759937913195,3.000200360178781,0.0890618848252962,0.041645599994808435,"{""pairs"": 2048, ""rho_pair"": -0.2704684941425289}"
6ad921abe18d,2026-09-25T10:49:26,tamzeed,master,paper_barrier,call,exact,antithetic,{},4096,252,9,3959623324,LAPTOP-G689CP2J_AMD64,6.918408770107333,0.15835468752784426,6.608039285769664,7.228778254445002,7.1055282627933245,0.1871194926859916,0.031918899971060455,"{""pairs"": 2048, ""rho_pair"": -0.3182781222763716}"
7a261a19dded,2026-09-25T10:49:26,tamzeed,master,paper_barrier,call,exact,plain,{},4096,252,9,2284275299,LAPTOP-G689CP2J_AMD64,6.893295740660247,0.19022775894814958,6.520456184262107,7.266135297058387,7.1055282627933245,0.21223252213307742,0.04532229993492365,
3bd510c98552,2026-09-25T10:49:26,tamzeed,master,paper_asian_geo,call,exact,antithetic,{},16384,252,9,4240506355,LAPTOP-G689CP2J_AMD64,3.0198705825763823,0.03923391435018705,2.9429735234774865,3.096767641675278,3.000200360178781,0.0196702223976013,0.20824250008445233,"{""pairs"": 8192, ""rho_pair"": -0.2656551131366746}"
1f65d5aa96f8,2026-09-25T10:49:27,tamzeed,master,deep_barrier,call,exact,rqmc,{},16384,252,9,1413216113,LAPTOP-G689CP2J_AMD64,3.3980985878737213,nan,nan,nan,3.545320563728301,0.14722197585457986,0.4703335000667721,"{""construction"": ""bridge"", ""sobol_dim"": 252, ""naive_iid_se"": 0.08993209550906697, ""se_valid"": false}"
2bb0fa8b5379,2026-09-25T10:49:27,tamzeed,master,paper_asian_geo,call,exact,rqmc,{},16384,252,9,3098119356,LAPTOP-G689CP2J_AMD64,2.9973053130345635,nan,nan,nan,3.000200360178781,0.0028950471442175107,0.47366569994483143,"{""construction"": ""bridge"", ""sobol_dim"": 252, ""naive_iid_se"": 0.045870251849045515, ""se_valid"": false}"
657a26986e39,2026-09-25T10:49:28,tamzeed,master,asian_arith,call,exact,antithetic,{},16384,252,9,2945640169,LAPTOP-G689CP2J_AMD64,3.1517245788593202,0.04096073100905767,3.071443021301134,3.2320061364175063,,,0.18868949997704476,"{""pairs"": 8192, ""rho_pair"": -0.26546170214636217}"
196744da5c10,2026-09-25T10:49:28,tamzeed,master,paper_asian_geo,call,exact,plain,{},16384,252,9,754881746,LAPTOP-G689CP2J_AMD64,3.0542081341716365,0.04651422144755067,2.9630419353655166,3.1453743329777564,3.000200360178781,0.0540077739928555,0.19979820004664361,
911d75c14847,2026-09-25T10:49:28,tamzeed,master,asian_arith,call,exact,plain,{},16384,252,9,762388776,LAPTOP-G689CP2J_AMD64,3.1387347114785094,0.0476525363648286,3.04533745643146,3.2321319665255586,,,0.21297140000388026,
045083014f67,2026-09-25T10:49:28,tamzeed,master,paper_barrier,call,exact,rqmc,{},16384,252,9,1857301010,LAPTOP-G689CP2J_AMD64,7.092355970525131,nan,nan,nan,7.1055282627933245,0.013172292268193608,0.39427879999857396,"{""construction"": ""bridge"", ""sobol_dim"": 252, ""naive_iid_se"": 0.0980173756517854, ""se_valid"": false}"
9ec740e2cac1,2026-09-25T10:49:29,tamzeed,master,deep_barrier,call,exact,plain,{},16384,252,9,1849620844,LAPTOP-G689CP2J_AMD64,3.354129794561288,0.08938387071785768,3.1789406271555025,3.529318961967073,3.545320563728301,0.19119076916701339,0.20847890002187341,
912c21780383,2026-09-25T10:49:29,tamzeed,master,paper_barrier,call,exact,control_variate,{},16384,252,9,4285361142,LAPTOP-G689CP2J_AMD64,7.0925753816156885,0.002611432396864874,7.087457068169773,7.097693695061604,7.1055282627933245,0.012952881177636044,0.20938130002468824,"{""control"": ""european_terminal"", ""control_mean"": 7.1280646692617395, ""b_hat"": 1.000737926663249, ""rho"": 0.9996480906288546, ""pilot_rho"": 0.9997813467650669, ""pilot_paths"": 1639, ""total_paths_simulated"": 18023, ""plain_std_error"": 0.09844156511201885, ""observed_vrf"": 1421.017559810669, ""theoretical_vrf"": 1421.0704057067348}"
c9de063aef00,2026-09-25T10:49:29,tamzeed,master,paper_barrier,call,exact,plain,{},16384,252,9,437047293,LAPTOP-G689CP2J_AMD64,7.082924710730845,0.09675516961410945,6.893288062969126,7.272561358492564,7.1055282627933245,0.022603552062479437,0.18494509998708963,
ad39b0113658,2026-09-25T10:49:29,tamzeed,master,deep_barrier,call,exact,control_variate,{},16384,252,9,3570446896,LAPTOP-G689CP2J_AMD64,3.4238831343516263,0.04964348934497144,3.326583683168584,3.5211825855346683,3.545320563728301,0.1214374293766749,0.23006789991632104,"{""control"": ""european_terminal"", ""control_mean"": 7.1280646692617395, ""b_hat"": 0.7711864212776871, ""rho"": 0.8326643074117022, ""pilot_rho"": 0.8358238763595097, ""pilot_paths"": 1639, ""total_paths_simulated"": 18023, ""plain_std_error"": 0.08963846747112894, ""observed_vrf"": 3.260350167174775, ""theoretical_vrf"": 3.2608325140512946}"
cc9381c8206b,2026-09-25T10:49:29,tamzeed,master,deep_barrier,call,exact,antithetic,{},16384,252,9,1299053586,LAPTOP-G689CP2J_AMD64,3.357704671917359,0.08592320552656323,3.1892982836490624,3.526111060185656,3.545320563728301,0.18761589181094207,0.14694960007909685,"{""pairs"": 8192, ""rho_pair"": -0.08526900169809239}"
ef1d8cc85164,2026-09-25T10:49:30,tamzeed,master,paper_barrier,call,exact,antithetic,{},16384,252,9,679905416,LAPTOP-G689CP2J_AMD64,7.008556627934868,0.08035466246312246,6.851064383517276,7.1660488723524605,7.1055282627933245,0.09697163485845639,0.15039470000192523,"{""pairs"": 8192, ""rho_pair"": -0.31709806801234847}"
979c0fa2e153,2026-09-25T10:49:30,tamzeed,master,deep_barrier,call,exact,importance,{},16384,252,9,840019742,LAPTOP-G689CP2J_AMD64,3.435741607774697,0.028852739686782487,3.3791912771332937,3.4922919384161,3.545320563728301,0.10957895595360423,0.296617699903436,"{""theta"": 1.6323611831060643, ""theta0"": 1.6323611831060643, ""ESS"": 1268.7981031246438, ""ESS_frac"": 0.07744129047391625, ""max_weight"": 127.35198806221176, ""max_weight_share"": 0.007713251456634957, ""mean_weight"": 1.0077395419851016, ""hit_rate_proposal"": 0.60223388671875, ""pilot_paths"": 10000, ""total_paths_simulated"": 26384, ""theta_grid"": [[0.0, 143.6670586052042], [0.40809029577651607, 67.89280137189608], [0.8161805915530321, 39.69135919174309], [1.2242708873295483, 28.534558031468013], [1.6323611831060643, 25.1201876716263], [2.0404514788825803, 27.00525884269213], [2.4485417746590965, 35.393180913176714]]}"
51bd24b932ed,2026-09-25T10:49:30,tamzeed,master,paper_barrier,call,exact,importance,{},16384,252,9,1978117583,LAPTOP-G689CP2J_AMD64,7.135600469731926,0.04572605055206053,7.0459790574946295,7.225221881969223,7.1055282627933245,0.03007220693860191,0.29842320003081113,"{""theta"": 0.6858575284033614, ""theta0"": 0.45723835226890763, ""ESS"": 10382.911489299251, ""ESS_frac"": 0.6337226250793, ""max_weight"": 13.58754156698698, ""max_weight_share"": 0.0008400921658782527, ""mean_weight"": 0.9871746890145455, ""hit_rate_proposal"": 0.67401123046875, ""pilot_paths"": 10000, ""total_paths_simulated"": 26384, ""theta_grid"": [[0.0, 215.90131171327502], [0.11430958806722691, 177.02559699495743], [0.22861917613445382, 147.92640446157145], [0.3429287642016807, 125.9460958991854], [0.45723835226890763, 109.23320430510202], [0.5715479403361345, 96.48482886642849], [0.6858575284033614, 86.77681254562334]]}"
6ffc0cc7de2a,2026-09-25T10:49:31,tamzeed,master,asian_arith,call,exact,rqmc,{},16384,252,9,3452888032,LAPTOP-G689CP2J_AMD64,3.1616611983759477,nan,nan,nan,,,0.35807740001473576,"{""construction"": ""bridge"", ""sobol_dim"": 252, ""naive_iid_se"": 0.04798018768137045, ""se_valid"": false}"
0ad03e9bac8a,2026-09-25T10:49:31,tamzeed,master,asian_arith,call,exact,control_variate,{},16384,252,9,3863830255,LAPTOP-G689CP2J_AMD64,3.1616869970588586,0.0014814105739223613,3.1587834856876538,3.1645905084300634,,,0.27722950000315905,"{""control"": ""geometric_asian"", ""control_mean"": 3.000200360178781, ""b_hat"": 1.0453483686212033, ""rho"": 0.9995302836757626, ""pilot_rho"": 0.999491723301123, ""pilot_paths"": 1639, ""total_paths_simulated"": 18023, ""plain_std_error"": 0.048338429866777034, ""observed_vrf"": 1064.7170250957722, ""theoretical_vrf"": 1064.7223246470649}"
3e0aa4452a65,2026-09-25T10:49:33,tamzeed,master,deep_barrier,call,exact,rqmc,{},65536,252,9,1963738390,LAPTOP-G689CP2J_AMD64,3.3879824682320696,nan,nan,nan,3.545320563728301,0.15733809549623157,1.7296725999331102,"{""construction"": ""bridge"", ""sobol_dim"": 252, ""naive_iid_se"": 0.04498686400476262, ""se_valid"": false}"
e0af174c010e,2026-09-25T10:49:33,tamzeed,master,deep_barrier,call,exact,plain,{},65536,252,9,2457051312,LAPTOP-G689CP2J_AMD64,3.3442863515503403,0.04477782548247129,3.256523426298677,3.4320492768020037,3.545320563728301,0.2010342121779609,0.7227779000531882,
313ebe935d80,2026-09-25T10:49:34,tamzeed,master,deep_barrier,call,exact,importance,{},65536,252,9,1845760770,LAPTOP-G689CP2J_AMD64,3.3729325130836827,0.01436419779111696,3.3447792027462837,3.4010858234210817,3.545320563728301,0.17238805064461848,0.8529135999269783,"{""theta"": 1.6323611831060643, ""theta0"": 1.6323611831060643, ""ESS"": 5098.513412218192, ""ESS_frac"": 0.0777971406893645, ""max_weight"": 244.0795229714301, ""max_weight_share"": 0.0036913526090419113, ""mean_weight"": 1.0089412608196566, ""hit_rate_proposal"": 0.592987060546875, ""pilot_paths"": 10000, ""total_paths_simulated"": 75536, ""theta_grid"": [[0.0, 143.15242889142164], [0.40809029577651607, 67.55870466354624], [0.8161805915530321, 39.39889194935749], [1.2242708873295483, 28.2354894062611], [1.6323611831060643, 24.767530332411095], [2.0404514788825803, 26.51925045938127], [2.4485417746590965, 34.599430262892035]]}"
97cdcb402499,2026-09-25T10:49:36,tamzeed,master,paper_barrier,call,exact,rqmc,{},65536,252,9,3612067681,LAPTOP-G689CP2J_AMD64,7.094042180254608,nan,nan,nan,7.1055282627933245,0.011486082538716857,1.7590482999803498,"{""construction"": ""bridge"", ""sobol_dim"": 252, ""naive_iid_se"": 0.049004490073706414, ""se_valid"": false}"
94d8c33662fc,2026-09-25T10:49:37,tamzeed,master,asian_arith,call,exact,control_variate,{},65536,252,9,710338814,LAPTOP-G689CP2J_AMD64,3.1620866355585804,0.0007658583093436619,3.160585580855006,3.1635876902621547,,,0.9727177999448031,"{""control"": ""geometric_asian"", ""control_mean"": 3.000200360178781, ""b_hat"": 1.0440678150304894, ""rho"": 0.9994905333078704, ""pilot_rho"": 0.9995342791329639, ""pilot_paths"": 6554, ""total_paths_simulated"": 72090, ""plain_std_error"": 0.023969624872804584, ""observed_vrf"": 979.5477632850306, ""theoretical_vrf"": 981.6684914872724}"
34b64ffecd3d,2026-09-25T10:49:38,tamzeed,master,asian_arith,call,exact,antithetic,{},65536,252,9,1910582888,LAPTOP-G689CP2J_AMD64,3.1368931540393996,0.020399373892850944,3.096911115902245,3.176875192176554,,,0.679628299898468,"{""pairs"": 32768, ""rho_pair"": -0.26519587748238593}"
cdd5ec0a3151,2026-09-25T10:49:39,tamzeed,master,paper_asian_geo,call,exact,rqmc,{},65536,252,9,3763350446,LAPTOP-G689CP2J_AMD64,2.9996195163302217,nan,nan,nan,3.000200360178781,0.000580843848559276,1.7575927999569103,"{""construction"": ""bridge"", ""sobol_dim"": 252, ""naive_iid_se"": 0.022925103625291186, ""se_valid"": false}"
acb94a626c1c,2026-09-25T10:49:40,tamzeed,master,asian_arith,call,exact,plain,{},65536,252,9,355654660,LAPTOP-G689CP2J_AMD64,3.1662021116880963,0.023881954448631733,3.119394341088352,3.2130098822878406,,,0.6944984000874683,
0f611f3fbc06,2026-09-25T10:49:41,tamzeed,master,asian_arith,call,exact,rqmc,{},65536,252,9,1900465986,LAPTOP-G689CP2J_AMD64,3.1641210885180633,nan,nan,nan,,,1.002797900000587,"{""construction"": ""bridge"", ""sobol_dim"": 252, ""naive_iid_se"": 0.023982095245507037, ""se_valid"": false}"
4f4201f40f03,2026-09-25T10:49:42,tamzeed,master,paper_barrier,call,exact,importance,{},65536,252,9,948631101,LAPTOP-G689CP2J_AMD64,7.05788080122777,0.02288487934908595,7.013027261913018,7.102734340542523,7.1055282627933245,0.04764746156555422,0.42778390005696565,"{""theta"": 0.6858575284033614, ""theta0"": 0.45723835226890763, ""ESS"": 40796.877691833244, ""ESS_frac"": 0.6225109511082954, ""max_weight"": 13.459219195121953, ""max_weight_share"": 0.00020434344716120393, ""mean_weight"": 1.0050304499478373, ""hit_rate_proposal"": 0.6701202392578125, ""pilot_paths"": 10000, ""total_paths_simulated"": 75536, ""theta_grid"": [[0.0, 205.26695873873317], [0.11430958806722691, 168.87614096581163], [0.22861917613445382, 141.58023853388408], [0.3429287642016807, 120.92452535119462], [0.45723835226890763, 105.19661724025622], [0.5715479403361345, 93.18976657870705], [0.6858575284033614, 84.04692258605267]]}"
8bc188233846,2026-09-25T10:49:42,tamzeed,master,paper_barrier,call,exact,plain,{},65536,252,9,2333175176,LAPTOP-G689CP2J_AMD64,7.140569810353355,0.04943602665306914,7.043676978574577,7.237462642132133,7.1055282627933245,0.03504154756003075,0.35300260002259165,
fad4f4d6dd1b,2026-09-25T10:49:42,tamzeed,master,deep_barrier,call,exact,control_variate,{},65536,252,9,1122496029,LAPTOP-G689CP2J_AMD64,3.4148301664866527,0.024973118705869657,3.3658837532415045,3.463776579731801,3.545320563728301,0.13049039724164846,0.4103305999888107,"{""control"": ""european_terminal"", ""control_mean"": 7.1280646692617395, ""b_hat"": 0.7850341797394566, ""rho"": 0.8341072480917591, ""pilot_rho"": 0.843401370079622, ""pilot_paths"": 6554, ""total_paths_simulated"": 72090, ""plain_std_error"": 0.0452482216927926, ""observed_vrf"": 3.28289859561917, ""theoretical_vrf"": 3.28660764687017}"
0703a24a8576,2026-09-25T10:49:43,tamzeed,master,deep_barrier,call,exact,antithetic,{},65536,252,9,54872598,LAPTOP-G689CP2J_AMD64,3.396538838152433,0.04285107639227436,3.3125522717248006,3.480525404580065,3.545320563728301,0.14878172557586833,0.3336857999674976,"{""pairs"": 32768, ""rho_pair"": -0.08747350136595888}"
65c0ce9597f2,2026-09-25T10:49:43,tamzeed,master,paper_asian_geo,call,exact,plain,{},65536,252,9,1293194075,LAPTOP-G689CP2J_AMD64,3.036859199763995,0.023081908665435403,2.9916194900852986,3.082098909442691,3.000200360178781,0.036658839585213876,0.4401411999715492,
235f6f04918f,2026-09-25T10:49:43,tamzeed,master,paper_barrier,call,exact,antithetic,{},65536,252,9,743941330,LAPTOP-G689CP2J_AMD64,7.036602133161279,0.03998477509007633,6.958233414054795,7.114970852267763,7.1055282627933245,0.06892612963204581,0.33753840008284897,"{""pairs"": 32768, ""rho_pair"": -0.32093308423106554}"
1c1b15316593,2026-09-25T10:49:44,tamzeed,master,paper_barrier,call,exact,control_variate,{},65536,252,9,426291093,LAPTOP-G689CP2J_AMD64,7.093774179729585,0.001256685142018855,7.091311122111321,7.096237237347848,7.1055282627933245,0.011754083063739706,0.4118827000493184,"{""control"": ""european_terminal"", ""control_mean"": 7.1280646692617395, ""b_hat"": 1.0008489550187678, ""rho"": 0.9996737031169531, ""pilot_rho"": 0.9997173648423802, ""pilot_paths"": 6554, ""total_paths_simulated"": 72090, ""plain_std_error"": 0.04919715358225759, ""observed_vrf"": 1532.5935446467354, ""theoretical_vrf"": 1532.596888030364}"
9580d7414dd9,2026-09-25T10:49:44,tamzeed,master,paper_asian_geo,call,exact,antithetic,{},65536,252,9,2379959202,LAPTOP-G689CP2J_AMD64,2.9946505708021496,0.01966894101946316,2.9561001547899592,3.03320098681434,3.000200360178781,0.00554978937663142,0.41578069992829114,"{""pairs"": 32768, ""rho_pair"": -0.26130791713060175}"
1ae23895b717,2026-09-25T10:49:44,tamzeed,master,paper_barrier,call,exact,antithetic,{},256,252,10,3462613336,LAPTOP-G689CP2J_AMD64,8.456539542621094,0.6948342159997326,7.094689504035493,9.818389581206695,7.1055282627933245,1.3510112798277696,0.0011916999937966466,"{""pairs"": 128, ""rho_pair"": -0.3700579729766455}"
b9b9948d4843,2026-09-25T10:49:44,tamzeed,master,asian_arith,call,exact,control_variate,{},256,252,10,2304382887,LAPTOP-G689CP2J_AMD64,3.158245569526663,0.010830564175856821,3.137018053809734,3.1794730852435924,,,0.003831899957731366,"{""control"": ""geometric_asian"", ""control_mean"": 3.000200360178781, ""b_hat"": 1.045361678747599, ""rho"": 0.9995968592206926, ""pilot_rho"": 0.9994420233734331, ""pilot_paths"": 256, ""total_paths_simulated"": 512, ""plain_std_error"": 0.3803256219024531, ""observed_vrf"": 1233.1304101997778, ""theoretical_vrf"": 1240.5115810249654}"
bbf1043c1316,2026-09-25T10:49:44,tamzeed,master,paper_barrier,call,exact,plain,{},256,252,10,2512267900,LAPTOP-G689CP2J_AMD64,8.240173367720109,0.8027650677751317,6.666782746833995,9.813563988606223,7.1055282627933245,1.1346451049267845,0.001245100051164627,
5aa643bf5b2c,2026-09-25T10:49:44,tamzeed,master,paper_barrier,call,exact,rqmc,{},256,252,10,2528763506,LAPTOP-G689CP2J_AMD64,7.075718721040957,nan,nan,nan,7.1055282627933245,0.029809541752367608,0.012061999994330108,"{""construction"": ""bridge"", ""sobol_dim"": 252, ""naive_iid_se"": 0.7755314117915214, ""se_valid"": false}"
8fa47bccdc26,2026-09-25T10:49:44,tamzeed,master,deep_barrier,call,exact,control_variate,{},256,252,10,4023983857,LAPTOP-G689CP2J_AMD64,3.570523768812851,0.4325766665664327,2.722689081790251,4.418358455835451,3.545320563728301,0.02520320508454965,0.0028563999803736806,"{""control"": ""european_terminal"", ""control_mean"": 7.1280646692617395, ""b_hat"": 0.6844984930988043, ""rho"": 0.8795480110810685, ""pilot_rho"": 0.7799660185966472, ""pilot_paths"": 256, ""total_paths_simulated"": 512, ""plain_std_error"": 0.8586325776970802, ""observed_vrf"": 3.9399303558061463, ""theoretical_vrf"": 4.417052901584365}"
9c8534199655,2026-09-25T10:49:44,tamzeed,master,paper_asian_geo,call,exact,antithetic,{},256,252,10,2902397478,LAPTOP-G689CP2J_AMD64,2.6913445560747045,0.2926545017844311,2.1177522726637066,3.2649368394857023,3.000200360178781,0.30885580410407654,0.0014847000129520893,"{""pairs"": 128, ""rho_pair"": -0.2593191966390201}"
ace00aee79fc,2026-09-25T10:49:44,tamzeed,master,paper_barrier,call,exact,control_variate,{},256,252,10,1394737210,LAPTOP-G689CP2J_AMD64,7.105984355754344,0.016699617700200804,7.073253706506362,7.138715005002325,7.1055282627933245,0.00045609296101911667,0.002789700054563582,"{""control"": ""european_terminal"", ""control_mean"": 7.1280646692617395, ""b_hat"": 1.0001131819291396, ""rho"": 0.9997798811704462, ""pilot_rho"": 0.9999950130667006, ""pilot_paths"": 256, ""total_paths_simulated"": 512, ""plain_std_error"": 0.7957219400586405, ""observed_vrf"": 2270.437793951521, ""theoretical_vrf"": 2271.750384909894}"
7e90008f53b5,2026-09-25T10:49:44,tamzeed,master,paper_asian_geo,call,exact,plain,{},256,252,10,1666428166,LAPTOP-G689CP2J_AMD64,3.3659153412504192,0.4045973496047244,2.5729191077847986,4.15891157471604,3.000200360178781,0.36571498107163825,0.0014054999919608235,
44fbefcad14c,2026-09-25T10:49:44,tamzeed,master,deep_barrier,call,exact,plain,{},256,252,10,2382092720,LAPTOP-G689CP2J_AMD64,3.751791121371616,0.7529864608621316,2.2759647772355596,5.227617465507673,3.545320563728301,0.206470557643315,0.0012413999065756798,
ff0bf0529283,2026-09-25T10:49:44,tamzeed,master,paper_barrier,call,exact,importance,{},256,252,10,688945170,LAPTOP-G689CP2J_AMD64,7.328889580387266,0.3630639036487581,6.617297405149179,8.040481755625352,7.1055282627933245,0.22336131759394107,0.05688899999950081,"{""theta"": 0.6858575284033614, ""theta0"": 0.45723835226890763, ""ESS"": 136.86421138101213, ""ESS_frac"": 0.5346258257070786, ""max_weight"": 10.454660271693756, ""max_weight_share"": 0.03999546393958534, ""mean_weight"": 1.0210787090253999, ""hit_rate_proposal"": 0.69140625, ""pilot_paths"": 10000, ""total_paths_simulated"": 10256, ""theta_grid"": [[0.0, 205.81026958957537], [0.11430958806722691, 169.17650745589933], [0.22861917613445382, 141.7133222769648], [0.3429287642016807, 120.94316502741347], [0.45723835226890763, 105.13748139374871], [0.5715479403361345, 93.07820016279449], [0.6858575284033614, 83.90039887105922]]}"
35618c0b0962,2026-09-25T10:49:44,tamzeed,master,asian_arith,call,exact,rqmc,{},256,252,10,3082703481,LAPTOP-G689CP2J_AMD64,3.131536845523622,nan,nan,nan,,,0.010857400018721819,"{""construction"": ""bridge"", ""sobol_dim"": 252, ""naive_iid_se"": 0.381019359463273, ""se_valid"": false}"
48695b26ff61,2026-09-25T10:49:44,tamzeed,master,deep_barrier,call,exact,importance,{},256,252,10,270237828,LAPTOP-G689CP2J_AMD64,3.6995912582948396,0.22561424297664093,3.2573954676613543,4.141787048928324,3.545320563728301,0.1542706945665384,0.056898499955423176,"{""theta"": 1.6323611831060643, ""theta0"": 1.6323611831060643, ""ESS"": 48.52640110646263, ""ESS_frac"": 0.18955625432211964, ""max_weight"": 9.891248442974417, ""max_weight_share"": 0.05346065187996408, ""mean_weight"": 0.7227313523434495, ""hit_rate_proposal"": 0.65625, ""pilot_paths"": 10000, ""total_paths_simulated"": 10256, ""theta_grid"": [[0.0, 145.520347424421], [0.40809029577651607, 68.77669092325112], [0.8161805915530321, 40.21228193882866], [1.2242708873295483, 28.910775404114066], [1.6323611831060643, 25.445929713119735], [2.0404514788825803, 27.332030468227302], [2.4485417746590965, 35.75208228932032]]}"
fe010ef24943,2026-09-25T10:49:44,tamzeed,master,asian_arith,call,exact,antithetic,{},256,252,10,138881863,LAPTOP-G689CP2J_AMD64,3.1523654797300398,0.31418698476510537,2.5365703051791986,3.768160654280881,,,0.0012136000441387296,"{""pairs"": 128, ""rho_pair"": -0.28217753246265914}"
7f39e74ca50a,2026-09-25T10:49:44,tamzeed,master,asian_arith,call,exact,plain,{},256,252,10,3908184608,LAPTOP-G689CP2J_AMD64,3.7944865553345215,0.4261567239813932,2.959234724561414,4.629738386107629,,,0.001410400029271841,
44f3da688845,2026-09-25T10:49:44,tamzeed,master,deep_barrier,call,exact,antithetic,{},256,252,10,3410973838,LAPTOP-G689CP2J_AMD64,3.2326273179803056,0.6429111011188261,1.9725447145264177,4.4927099214341935,3.545320563728301,0.3126932457479956,0.0014028999721631408,"{""pairs"": 128, ""rho_pair"": -0.09107384247612577}"
c2aea974d425,2026-09-25T10:49:44,tamzeed,master,paper_asian_geo,call,exact,rqmc,{},256,252,10,1987587002,LAPTOP-G689CP2J_AMD64,2.9783159428251116,nan,nan,nan,3.000200360178781,0.021884417353669416,0.011248599970713258,"{""construction"": ""bridge"", ""sobol_dim"": 252, ""naive_iid_se"": 0.36065941195308837, ""se_valid"": false}"
5c21a5efed69,2026-09-25T10:49:44,tamzeed,master,deep_barrier,call,exact,rqmc,{},256,252,10,1669672158,LAPTOP-G689CP2J_AMD64,3.3266573232445102,nan,nan,nan,3.545320563728301,0.21866324048379093,0.011343599995598197,"{""construction"": ""bridge"", ""sobol_dim"": 252, ""naive_iid_se"": 0.7150400964317932, ""se_valid"": false}"
0cf0997a4004,2026-09-25T10:49:44,tamzeed,master,deep_barrier,call,exact,plain,{},1024,252,10,2997465821,LAPTOP-G689CP2J_AMD64,3.863540569908923,0.38515007290012726,3.1086602983816976,4.618420841436149,3.545320563728301,0.31822000618062196,0.005377099965699017,
0839419474f7,2026-09-25T10:49:44,tamzeed,master,paper_barrier,call,exact,plain,{},1024,252,10,3914075946,LAPTOP-G689CP2J_AMD64,6.521357282343649,0.37149218589272215,5.793245977455855,7.249468587231443,7.1055282627933245,0.5841709804496755,0.005753300036303699,
99c66df427d4,2026-09-25T10:49:45,tamzeed,master,paper_barrier,call,exact,importance,{},1024,252,10,570946151,LAPTOP-G689CP2J_AMD64,6.756897244223905,0.18484858574960508,6.394600673561515,7.1191938148862945,7.1055282627933245,0.3486310185694199,0.06087779998779297,"{""theta"": 0.6858575284033614, ""theta0"": 0.45723835226890763, ""ESS"": 618.0184521054018, ""ESS_frac"": 0.6035336446341815, ""max_weight"": 8.005393031182306, ""max_weight_share"": 0.007571492506370957, ""mean_weight"": 1.032526496649873, ""hit_rate_proposal"": 0.6474609375, ""pilot_paths"": 10000, ""total_paths_simulated"": 11024, ""theta_grid"": [[0.0, 208.5212796737691], [0.11430958806722691, 171.7062366504344], [0.22861917613445382, 144.05443608257133], [0.3429287642016807, 123.10546752744243], [0.45723835226890763, 107.13846547418903], [0.5715479403361345, 94.93809486521518], [0.6858575284033614, 85.63966739469316]]}"
64bae9ae8e68,2026-09-25T10:49:45,tamzeed,master,deep_barrier,call,exact,rqmc,{},1024,252,10,3451930048,LAPTOP-G689CP2J_AMD64,3.3773273981303853,nan,nan,nan,3.545320563728301,0.16799316559791588,0.021149300038814545,"{""construction"": ""bridge"", ""sobol_dim"": 252, ""naive_iid_se"": 0.35705876576446655, ""se_valid"": false}"
4afbd1e2768c,2026-09-25T10:49:45,tamzeed,master,deep_barrier,call,exact,antithetic,{},1024,252,10,3467595491,LAPTOP-G689CP2J_AMD64,3.1941321790661905,0.3102615746464149,2.5860306669725315,3.8022336911598495,3.545320563728301,0.35118838466211066,0.005235499935224652,"{""pairs"": 512, ""rho_pair"": -0.09288023190352648}"
43bde22ec182,2026-09-25T10:49:45,tamzeed,master,asian_arith,call,exact,antithetic,{},1024,252,10,2969412271,LAPTOP-G689CP2J_AMD64,3.271780155099817,0.17534578554585029,2.9281087305890665,3.6154515796105677,,,0.0051497999811545014,"{""pairs"": 512, ""rho_pair"": -0.2547262002314874}"
2dcc2095a28f,2026-09-25T10:49:45,tamzeed,master,asian_arith,call,exact,plain,{},1024,252,10,213550502,LAPTOP-G689CP2J_AMD64,2.890976302275447,0.17914778831956635,2.5398530892590916,3.2420995152918026,,,0.0053128000581637025,
6f59fa287c07,2026-09-25T10:49:45,tamzeed,master,paper_barrier,call,exact,antithetic,{},1024,252,10,1054004830,LAPTOP-G689CP2J_AMD64,6.888306961442608,0.3174826329000603,6.266052435241539,7.5105614876436775,7.1055282627933245,0.21722130135071627,0.005199700011871755,"{""pairs"": 512, ""rho_pair"": -0.3153537416867432}"
4b687882831d,2026-09-25T10:49:45,tamzeed,master,asian_arith,call,exact,control_variate,{},1024,252,10,3570361327,LAPTOP-G689CP2J_AMD64,3.155656006242789,0.006052104524709,3.1437940993436873,3.1675179131418907,,,0.009509800001978874,"{""control"": ""geometric_asian"", ""control_mean"": 3.000200360178781, ""b_hat"": 1.0374628270898578, ""rho"": 0.9995341418002264, ""pilot_rho"": 0.9993611285756505, ""pilot_paths"": 256, ""total_paths_simulated"": 1280, ""plain_std_error"": 0.1939273365014949, ""observed_vrf"": 1026.751214619601, ""theoretical_vrf"": 1073.5380249339423}"
02c4702b9560,2026-09-25T10:49:45,tamzeed,master,asian_arith,call,exact,rqmc,{},1024,252,10,2884247735,LAPTOP-G689CP2J_AMD64,3.1628883765191778,nan,nan,nan,,,0.021744499914348125,"{""construction"": ""bridge"", ""sobol_dim"": 252, ""naive_iid_se"": 0.1914582035476413, ""se_valid"": false}"
e2d11aad3f24,2026-09-25T10:49:45,tamzeed,master,deep_barrier,call,exact,control_variate,{},1024,252,10,3029383370,LAPTOP-G689CP2J_AMD64,3.3651873852991616,0.19583283576584118,2.9813620802077656,3.7490126903905576,3.545320563728301,0.18013317842913956,0.0070457999827340245,"{""control"": ""european_terminal"", ""control_mean"": 7.1280646692617395, ""b_hat"": 0.8045204329984721, ""rho"": 0.8376616493430109, ""pilot_rho"": 0.8557505361068238, ""pilot_paths"": 256, ""total_paths_simulated"": 1280, ""plain_std_error"": 0.3579271034755537, ""observed_vrf"": 3.3405513059432432, ""theoretical_vrf"": 3.3520718482769523}"
9cf582f2ad13,2026-09-25T10:49:45,tamzeed,master,deep_barrier,call,exact,importance,{},1024,252,10,3662724949,LAPTOP-G689CP2J_AMD64,3.321652630049381,0.11320880422469286,3.099767451036137,3.543537809062625,3.545320563728301,0.22366793367892024,0.06223769998177886,"{""theta"": 1.6323611831060643, ""theta0"": 1.6323611831060643, ""ESS"": 83.60223300487273, ""ESS_frac"": 0.08164280566882103, ""max_weight"": 68.07178920472288, ""max_weight_share"": 0.06305780409847792, ""mean_weight"": 1.054212997037139, ""hit_rate_proposal"": 0.6044921875, ""pilot_paths"": 10000, ""total_paths_simulated"": 11024, ""theta_grid"": [[0.0, 145.14527529729446], [0.40809029577651607, 68.16867252421898], [0.8161805915530321, 39.528148724956445], [1.2242708873295483, 28.131662758956413], [1.6323611831060643, 24.4659972295171], [2.0404514788825803, 25.92307103508681], [2.4485417746590965, 33.39618892443145]]}"
19618b8bf348,2026-09-25T10:49:45,tamzeed,master,paper_asian_geo,call,exact,plain,{},1024,252,10,1723482502,LAPTOP-G689CP2J_AMD64,3.2161212995461232,0.18567224998640042,2.852210376644261,3.5800322224479855,3.000200360178781,0.21592093936734225,0.008610800025053322,
77970b60147a,2026-09-25T10:49:45,tamzeed,master,paper_barrier,call,exact,control_variate,{},1024,252,10,3318735337,LAPTOP-G689CP2J_AMD64,7.104138199962985,0.008090568576161562,7.088280976939257,7.119995422986713,7.1055282627933245,0.0013900628303398221,0.009031199966557324,"{""control"": ""european_terminal"", ""control_mean"": 7.1280646692617395, ""b_hat"": 1.000429426790042, ""rho"": 0.9997304224506385, ""pilot_rho"": 0.9999465986329428, ""pilot_paths"": 256, ""total_paths_simulated"": 1280, ""plain_std_error"": 0.34843518066797563, ""observed_vrf"": 1854.7522635268895, ""theoretical_vrf"": 1855.003892783287}"
29b9fbb629f6,2026-09-25T10:49:45,tamzeed,master,paper_barrier,call,exact,rqmc,{},1024,252,10,3504956036,LAPTOP-G689CP2J_AMD64,7.086446155830856,nan,nan,nan,7.1055282627933245,0.01908210696246826,0.022174499928951263,"{""construction"": ""bridge"", ""sobol_dim"": 252, ""naive_iid_se"": 0.3902103105574467, ""se_valid"": false}"
7536fde5567b,2026-09-25T10:49:45,tamzeed,master,paper_asian_geo,call,exact,rqmc,{},1024,252,10,3556746533,LAPTOP-G689CP2J_AMD64,3.015121012664432,nan,nan,nan,3.000200360178781,0.014920652485650887,0.022004100028425455,"{""construction"": ""bridge"", ""sobol_dim"": 252, ""naive_iid_se"": 0.18583789518608249, ""se_valid"": false}"
ebf443a8c45b,2026-09-25T10:49:45,tamzeed,master,paper_asian_geo,call,exact,antithetic,{},1024,252,10,4285984077,LAPTOP-G689CP2J_AMD64,2.867387923565961,0.1510800560759249,2.5712764548748566,3.1634993922570653,3.000200360178781,0.13281243661282005,0.006795000052079558,"{""pairs"": 512, ""rho_pair"": -0.2601894746375104}"
88f4ec114b55,2026-09-25T10:49:45,tamzeed,master,paper_barrier,call,exact,plain,{},4096,252,10,2984418125,LAPTOP-G689CP2J_AMD64,7.060698114671968,0.19861951063702424,6.671411027196431,7.449985202147506,7.1055282627933245,0.04483014812135622,0.02179150003939867,
498ae4387ee9,2026-09-25T10:49:45,tamzeed,master,asian_arith,call,exact,antithetic,{},4096,252,10,867851351,LAPTOP-G689CP2J_AMD64,3.2429134000175264,0.08346348637999215,3.0793279726885925,3.4064988273464603,,,0.020968599943444133,"{""pairs"": 2048, ""rho_pair"": -0.26950345205624615}"
03bc2509f3c3,2026-09-25T10:49:45,tamzeed,master,paper_asian_geo,call,exact,plain,{},4096,252,10,393054602,LAPTOP-G689CP2J_AMD64,3.0571943345431465,0.09091707546089166,2.8790001410600885,3.2353885280262045,3.000200360178781,0.056993974364365485,0.02997249993495643,
03ea6e074704,2026-09-25T10:49:45,tamzeed,master,deep_barrier,call,exact,antithetic,{},4096,252,10,375104334,LAPTOP-G689CP2J_AMD64,3.357554046827061,0.1694675296068354,3.0254037922486883,3.6897043014054334,3.545320563728301,0.18776651690124035,0.021322599961422384,"{""pairs"": 2048, ""rho_pair"": -0.08756005568882323}"
482618ef1648,2026-09-25T10:49:45,tamzeed,master,deep_barrier,call,exact,plain,{},4096,252,10,2899142914,LAPTOP-G689CP2J_AMD64,3.496610418478857,0.18253687076002215,3.1388447259385712,3.8543761110191426,3.545320563728301,0.04871014524944428,0.022074799984693527,
67758ba61a28,2026-09-25T10:49:45,tamzeed,master,paper_barrier,call,exact,control_variate,{},4096,252,10,978787727,LAPTOP-G689CP2J_AMD64,7.099760043977047,0.004634639425583923,7.090676317621573,7.108843770332521,7.1055282627933245,0.005768218816277759,0.025473700021393597,"{""control"": ""european_terminal"", ""control_mean"": 7.1280646692617395, ""b_hat"": 1.0007651130923998, ""rho"": 0.9997436003435081, ""pilot_rho"": 0.9996869220946549, ""pilot_paths"": 410, ""total_paths_simulated"": 4506, ""plain_std_error"": 0.20467662136881604, ""observed_vrf"": 1950.314166282135, ""theoretical_vrf"": 1950.3306477654078}"
a6d2a7d8e0cb,2026-09-25T10:49:45,tamzeed,master,asian_arith,call,exact,control_variate,{},4096,252,10,1655812504,LAPTOP-G689CP2J_AMD64,3.1683396873787357,0.0031515473362385984,3.162162768104135,3.1745166066533366,,,0.031132300035096705,"{""control"": ""geometric_asian"", ""control_mean"": 3.000200360178781, ""b_hat"": 1.0464628575282946, ""rho"": 0.9994630338494024, ""pilot_rho"": 0.9993637893720032, ""pilot_paths"": 410, ""total_paths_simulated"": 4506, ""plain_std_error"": 0.09610028244994835, ""observed_vrf"": 929.82594249969, ""theoretical_vrf"": 931.407458425965}"
da6bf0337427,2026-09-25T10:49:45,tamzeed,master,asian_arith,call,exact,rqmc,{},4096,252,10,746370860,LAPTOP-G689CP2J_AMD64,3.168685015441655,nan,nan,nan,,,0.060693199979141355,"{""construction"": ""bridge"", ""sobol_dim"": 252, ""naive_iid_se"": 0.09636293498355615, ""se_valid"": false}"
b954d64ef0aa,2026-09-25T10:49:45,tamzeed,master,deep_barrier,call,exact,rqmc,{},4096,252,10,1923735449,LAPTOP-G689CP2J_AMD64,3.4069256588269923,nan,nan,nan,3.545320563728301,0.1383949049013089,0.060512299998663366,"{""construction"": ""bridge"", ""sobol_dim"": 252, ""naive_iid_se"": 0.1798175495521432, ""se_valid"": false}"
34843c366cbd,2026-09-25T10:49:45,tamzeed,master,paper_barrier,call,exact,rqmc,{},4096,252,10,566856110,LAPTOP-G689CP2J_AMD64,7.091794135326991,nan,nan,nan,7.1055282627933245,0.013734127466333845,0.07063710002694279,"{""construction"": ""bridge"", ""sobol_dim"": 252, ""naive_iid_se"": 0.1959517294089247, ""se_valid"": false}"
96378450a0a8,2026-09-25T10:49:45,tamzeed,master,paper_asian_geo,call,exact,rqmc,{},4096,252,10,1449612859,LAPTOP-G689CP2J_AMD64,2.998617300291274,nan,nan,nan,3.000200360178781,0.0015830598875070656,0.10391920001711696,"{""construction"": ""bridge"", ""sobol_dim"": 252, ""naive_iid_se"": 0.09175865118394198, ""se_valid"": false}"
d9baf213038d,2026-09-25T10:49:45,tamzeed,master,paper_asian_geo,call,exact,antithetic,{},4096,252,10,646164271,LAPTOP-G689CP2J_AMD64,2.9974634926067942,0.07992494789491712,2.8408134732665165,3.154113511947072,3.000200360178781,0.0027368675719867674,0.03643160010688007,"{""pairs"": 2048, ""rho_pair"": -0.25559007425784136}"
ce3a6bb8c5f8,2026-09-25T10:49:45,tamzeed,master,deep_barrier,call,exact,control_variate,{},4096,252,10,2543071195,LAPTOP-G689CP2J_AMD64,3.402087243782897,0.10106225321962334,3.204008867275968,3.600165620289826,3.545320563728301,0.14323331994540434,0.029977799975313246,"{""control"": ""european_terminal"", ""control_mean"": 7.1280646692617395, ""b_hat"": 0.7364713617248337, ""rho"": 0.8276971563922297, ""pilot_rho"": 0.81711099963726, ""pilot_paths"": 410, ""total_paths_simulated"": 4506, ""plain_std_error"": 0.1799202733625077, ""observed_vrf"": 3.16943793013023, ""theoretical_vrf"": 3.1754356700019573}"
1922d810f49a,2026-09-25T10:49:46,tamzeed,master,deep_barrier,call,exact,importance,{},4096,252,10,1930078873,LAPTOP-G689CP2J_AMD64,3.4736153924966984,0.05801158077912819,3.359914783483371,3.587316001510026,3.545320563728301,0.0717051712316028,0.09641320002265275,"{""theta"": 1.6323611831060643, ""theta0"": 1.6323611831060643, ""ESS"": 445.05909506604416, ""ESS_frac"": 0.10865700563135844, ""max_weight"": 66.76897752612504, ""max_weight_share"": 0.01682063604259463, ""mean_weight"": 0.9691084131753585, ""hit_rate_proposal"": 0.60009765625, ""pilot_paths"": 10000, ""total_paths_simulated"": 14096, ""theta_grid"": [[0.0, 143.2725619651674], [0.40809029577651607, 67.65163607049439], [0.8161805915530321, 39.44147529616698], [1.2242708873295483, 28.219759738292236], [1.6323611831060643, 24.668681893164234], [2.0404514788825803, 26.264666427226423], [2.4485417746590965, 33.987788225906236]]}"
bc67ab42096e,2026-09-25T10:49:46,tamzeed,master,paper_barrier,call,exact,importance,{},4096,252,10,1131318607,LAPTOP-G689CP2J_AMD64,7.167396622048598,0.09089493484414901,6.989245823376951,7.345547420720244,7.1055282627933245,0.06186835925527312,0.09662359999492764,"{""theta"": 0.6858575284033614, ""theta0"": 0.45723835226890763, ""ESS"": 2614.162496484403, ""ESS_frac"": 0.6382232657432625, ""max_weight"": 10.156590643337603, ""max_weight_share"": 0.0025205934919492303, ""mean_weight"": 0.9837510076311581, ""hit_rate_proposal"": 0.68115234375, ""pilot_paths"": 10000, ""total_paths_simulated"": 14096, ""theta_grid"": [[0.0, 202.30701763624722], [0.11430958806722691, 166.64272618870078], [0.22861917613445382, 139.79385418492978], [0.3429287642016807, 119.41502044893942], [0.45723835226890763, 103.85795977694816], [0.5715479403361345, 91.95383155698838], [0.6858575284033614, 82.86808772115103]]}"
e874925ddd02,2026-09-25T10:49:46,tamzeed,master,paper_barrier,call,exact,antithetic,{},4096,252,10,697309498,LAPTOP-G689CP2J_AMD64,7.068525012096298,0.15940687782571478,6.756093272669921,7.3809567515226755,7.1055282627933245,0.03700325069702615,0.025006100069731474,"{""pairs"": 2048, ""rho_pair"": -0.32535035461750644}"
8404ed4823a7,2026-09-25T10:49:46,tamzeed,master,asian_arith,call,exact,plain,{},4096,252,10,751892660,LAPTOP-G689CP2J_AMD64,3.1434286382362586,0.09765447329777886,2.9520293876433836,3.3348278888291336,,,0.026180600048974156,
631269f3cedf,2026-09-25T10:49:46,tamzeed,master,paper_barrier,call,exact,plain,{},16384,252,10,3326492550,LAPTOP-G689CP2J_AMD64,7.107241097848049,0.09734848257775314,6.916441578046028,7.29804061765007,7.1055282627933245,0.0017128350547244153,0.09723080007825047,
946074f2b9d8,2026-09-25T10:49:46,tamzeed,master,deep_barrier,call,exact,plain,{},16384,252,10,4158144159,LAPTOP-G689CP2J_AMD64,3.2412290388561855,0.08744987136238688,3.0698304405332464,3.4126276371791247,3.545320563728301,0.30409152487211566,0.09054440003819764,
a976c4ef495d,2026-09-25T10:49:46,tamzeed,master,asian_arith,call,exact,plain,{},16384,252,10,2520576668,LAPTOP-G689CP2J_AMD64,3.1694549905280427,0.04831085485487682,3.074767454950142,3.2641425261059434,,,0.08873550000134856,
67d290342cf9,2026-09-25T10:49:46,tamzeed,master,paper_asian_geo,call,exact,rqmc,{},16384,252,10,534914599,LAPTOP-G689CP2J_AMD64,3.0007367477828257,nan,nan,nan,3.000200360178781,0.0005363876040447302,0.23598690005019307,"{""construction"": ""bridge"", ""sobol_dim"": 252, ""naive_iid_se"": 0.04582821042380943, ""se_valid"": false}"
fa912c810571,2026-09-25T10:49:46,tamzeed,master,asian_arith,call,exact,antithetic,{},16384,252,10,1777952681,LAPTOP-G689CP2J_AMD64,3.1778304162769704,0.04126694583837458,3.096948688681791,3.25871214387215,,,0.08281910000368953,"{""pairs"": 8192, ""rho_pair"": -0.2657823721143502}"
e8227ee68445,2026-09-25T10:49:46,tamzeed,master,paper_asian_geo,call,exact,plain,{},16384,252,10,2939651252,LAPTOP-G689CP2J_AMD64,3.043704440598291,0.04678991259566626,2.951997897071008,3.135410984125574,3.000200360178781,0.04350408041951015,0.10833109996747226,
8f03fce1febf,2026-09-25T10:49:47,tamzeed,master,paper_asian_geo,call,exact,antithetic,{},16384,252,10,1254533256,LAPTOP-G689CP2J_AMD64,3.0588595655850983,0.04008381150692742,2.9802967386684283,3.1374223925017684,3.000200360178781,0.058659205406317305,0.10234340000897646,"{""pairs"": 8192, ""rho_pair"": -0.26222586860203867}"
d5ff767eb38c,2026-09-25T10:49:47,tamzeed,master,paper_barrier,call,exact,control_variate,{},16384,252,10,2879884649,LAPTOP-G689CP2J_AMD64,7.094090105548492,0.002452179905106477,7.08928392125087,7.098896289846114,7.1055282627933245,0.011438157244832325,0.09764589997939765,"{""control"": ""european_terminal"", ""control_mean"": 7.1280646692617395, ""b_hat"": 1.0009383589086325, ""rho"": 0.9996959226602675, ""pilot_rho"": 0.9996830518134616, ""pilot_paths"": 1639, ""total_paths_simulated"": 18023, ""plain_std_error"": 0.09944380327925974, ""observed_vrf"": 1644.564052840051, ""theoretical_vrf"": 1644.5685539558804}"
ad41caa4020c,2026-09-25T10:49:47,tamzeed,master,paper_barrier,call,exact,importance,{},16384,252,10,2502153540,LAPTOP-G689CP2J_AMD64,7.109230013805613,0.04557661535989031,7.019901489162993,7.198558538448233,7.1055282627933245,0.0037017510122883124,0.15071629988960922,"{""theta"": 0.6858575284033614, ""theta0"": 0.45723835226890763, ""ESS"": 10152.82982770872, ""ESS_frac"": 0.6196795549138623, ""max_weight"": 15.295946415970676, ""max_weight_share"": 0.0009366091960397069, ""mean_weight"": 0.9967769731900207, ""hit_rate_proposal"": 0.67694091796875, ""pilot_paths"": 10000, ""total_paths_simulated"": 26384, ""theta_grid"": [[0.0, 208.06191920878896], [0.11430958806722691, 170.9642001638637], [0.22861917613445382, 143.15250522048584], [0.3429287642016807, 122.11704276363314], [0.45723835226890763, 106.10644058326125], [0.5715479403361345, 93.88637396895152], [0.6858575284033614, 84.58022696005428]]}"
f18f17ba748b,2026-09-25T10:49:47,tamzeed,master,deep_barrier,call,exact,rqmc,{},16384,252,10,44158948,LAPTOP-G689CP2J_AMD64,3.3844428134342905,nan,nan,nan,3.545320563728301,0.16087775029401064,0.2094466999405995,"{""construction"": ""bridge"", ""sobol_dim"": 252, ""naive_iid_se"": 0.08998228321457019, ""se_valid"": false}"
ca53bca78c94,2026-09-25T10:49:47,tamzeed,master,deep_barrier,call,exact,importance,{},16384,252,10,1115234443,LAPTOP-G689CP2J_AMD64,3.4357686060377777,0.028844551948008005,3.3792343230694875,3.492302889006068,3.545320563728301,0.1095519576905235,0.14746610005386174,"{""theta"": 1.6323611831060643, ""theta0"": 1.6323611831060643, ""ESS"": 1087.3334854197333, ""ESS_frac"": 0.06636556917845052, ""max_weight"": 253.2362488279165, ""max_weight_share"": 0.015624176295320076, ""mean_weight"": 0.989256247704105, ""hit_rate_proposal"": 0.601806640625, ""pilot_paths"": 10000, ""total_paths_simulated"": 26384, ""theta_grid"": [[0.0, 145.7875382202039], [0.40809029577651607, 68.919066083026], [0.8161805915530321, 40.2434090672047], [1.2242708873295483, 28.8638709642448], [1.6323611831060643, 25.324603659317013], [2.0404514788825803, 27.103010974836454], [2.4485417746590965, 35.31472578318947]]}"
e4151674e5d7,2026-09-25T10:49:47,tamzeed,master,paper_barrier,call,exact,rqmc,{},16384,252,10,4115853939,LAPTOP-G689CP2J_AMD64,7.094240506720139,nan,nan,nan,7.1055282627933245,0.011287756073185662,0.21013899997342378,"{""construction"": ""bridge"", ""sobol_dim"": 252, ""naive_iid_se"": 0.09806865459222419, ""se_valid"": false}"
da52deb1d6aa,2026-09-25T10:49:47,tamzeed,master,paper_barrier,call,exact,antithetic,{},16384,252,10,2006359091,LAPTOP-G689CP2J_AMD64,7.038104618898642,0.08086392844567653,6.879614231496692,7.196595006300592,7.1055282627933245,0.06742364389468225,0.08151589997578412,"{""pairs"": 8192, ""rho_pair"": -0.316200483133172}"
020dbdf1e61f,2026-09-25T10:49:48,tamzeed,master,deep_barrier,call,exact,antithetic,{},16384,252,10,623130182,LAPTOP-G689CP2J_AMD64,3.4745143700336705,0.08718469105805766,3.303635515556626,3.645393224510715,3.545320563728301,0.0708061936946307,0.08231379999779165,"{""pairs"": 8192, ""rho_pair"": -0.08835155740950887}"
5b6437837da5,2026-09-25T10:49:48,tamzeed,master,deep_barrier,call,exact,control_variate,{},16384,252,10,1392821733,LAPTOP-G689CP2J_AMD64,3.3765760201550155,0.050305059323742234,3.27797991564033,3.475172124669701,3.545320563728301,0.16874454357328572,0.09781109995674342,"{""control"": ""european_terminal"", ""control_mean"": 7.1280646692617395, ""b_hat"": 0.7729853212211271, ""rho"": 0.8348024708649614, ""pilot_rho"": 0.8373188470371175, ""pilot_paths"": 1639, ""total_paths_simulated"": 18023, ""plain_std_error"": 0.09137016753185241, ""observed_vrf"": 3.2990242768717026, ""theoretical_vrf"": 3.299188550374373}"
e1864031802a,2026-09-25T10:49:48,tamzeed,master,asian_arith,call,exact,control_variate,{},16384,252,10,2618019084,LAPTOP-G689CP2J_AMD64,3.1623869616909515,0.0015586271195689883,3.159332108671269,3.165441814710634,,,0.13517869997303933,"{""control"": ""geometric_asian"", ""control_mean"": 3.000200360178781, ""b_hat"": 1.0483156315251942, ""rho"": 0.9994612390923533, ""pilot_rho"": 0.9994749752148452, ""pilot_paths"": 1639, ""total_paths_simulated"": 18023, ""plain_std_error"": 0.04735078349865296, ""observed_vrf"": 922.9323779138655, ""theoretical_vrf"": 928.3055236954295}"
0c43a82d14f6,2026-09-25T10:49:48,tamzeed,master,asian_arith,call,exact,rqmc,{},16384,252,10,2802482607,LAPTOP-G689CP2J_AMD64,3.161322039639904,nan,nan,nan,,,0.23500580003019422,"{""construction"": ""bridge"", ""sobol_dim"": 252, ""naive_iid_se"": 0.04800489256816197, ""se_valid"": false}"
7906dc906899,2026-09-25T10:49:48,tamzeed,master,asian_arith,call,exact,antithetic,{},65536,252,10,1215687517,LAPTOP-G689CP2J_AMD64,3.140959381394306,0.020566606969423917,3.1006495724500445,3.1812691903385675,,,0.33173970005009323,"{""pairs"": 32768, ""rho_pair"": -0.2624832758338496}"
e6beb3f3db31,2026-09-25T10:49:49,tamzeed,master,paper_barrier,call,exact,control_variate,{},65536,252,10,2902857602,LAPTOP-G689CP2J_AMD64,7.091995318713714,0.0012791700619689311,7.089488191462153,7.094502445965275,7.1055282627933245,0.013532944079610587,0.3959045000374317,"{""control"": ""european_terminal"", ""control_mean"": 7.1280646692617395, ""b_hat"": 1.000798935902664, ""rho"": 0.9996650359985529, ""pilot_rho"": 0.9996972367512088, ""pilot_paths"": 6554, ""total_paths_simulated"": 72090, ""plain_std_error"": 0.04942477688184183, ""observed_vrf"": 1492.9073695390662, ""theoretical_vrf"": 1492.947758169324}"
6ad48ffcfe11,2026-09-25T10:49:49,tamzeed,master,paper_barrier,call,exact,plain,{},65536,252,10,3356559535,LAPTOP-G689CP2J_AMD64,7.0549686316933515,0.04904632355205183,6.958839603957231,7.151097659429472,7.1055282627933245,0.05055963109997297,0.3566303999396041,
c7ca70f5e601,2026-09-25T10:49:49,tamzeed,master,deep_barrier,call,exact,plain,{},65536,252,10,1233738767,LAPTOP-G689CP2J_AMD64,3.4030396013168978,0.04499103564827304,3.314858791819125,3.4912204108146705,3.545320563728301,0.14228096241140342,0.3557785999728367,
bbd1debc7f85,2026-09-25T10:49:50,tamzeed,master,deep_barrier,call,exact,control_variate,{},65536,252,10,2124215945,LAPTOP-G689CP2J_AMD64,3.3540458380651152,0.025117023653699302,3.304817376305024,3.4032742998252066,3.545320563728301,0.19127472566318593,0.3935621000127867,"{""control"": ""european_terminal"", ""control_mean"": 7.1280646692617395, ""b_hat"": 0.7515432203530615, ""rho"": 0.8271866347054917, ""pilot_rho"": 0.8247746049244341, ""pilot_paths"": 6554, ""total_paths_simulated"": 72090, ""plain_std_error"": 0.04469423955784267, ""observed_vrf"": 3.166407136905273, ""theoretical_vrf"": 3.166939468982103}"
c03110fc4d2b,2026-09-25T10:49:50,tamzeed,master,asian_arith,call,exact,control_variate,{},65536,252,10,1322939275,LAPTOP-G689CP2J_AMD64,3.1637298099272027,0.0007794680139581519,3.1622020806927438,3.1652575391616615,,,0.5060490999603644,"{""control"": ""geometric_asian"", ""control_mean"": 3.000200360178781, ""b_hat"": 1.046957439026921, ""rho"": 0.9994766133398234, ""pilot_rho"": 0.9994624700094641, ""pilot_paths"": 6554, ""total_paths_simulated"": 72090, ""plain_std_error"": 0.024082782088185702, ""observed_vrf"": 954.5896370728433, ""theoretical_vrf"": 955.5667329139577}"
ce7fef9be8a6,2026-09-25T10:49:51,tamzeed,master,deep_barrier,call,exact,importance,{},65536,252,10,1337485955,LAPTOP-G689CP2J_AMD64,3.3807338059477043,0.014380896455771503,3.3525477668289927,3.408919845066416,3.545320563728301,0.16458675778059684,0.4273162999888882,"{""theta"": 1.6323611831060643, ""theta0"": 1.6323611831060643, ""ESS"": 5070.931989871478, ""ESS_frac"": 0.07737628158373228, ""max_weight"": 306.1228340836974, ""max_weight_share"": 0.004703858536445493, ""mean_weight"": 0.9930281100731293, ""hit_rate_proposal"": 0.5942230224609375, ""pilot_paths"": 10000, ""total_paths_simulated"": 75536, ""theta_grid"": [[0.0, 143.1237802500183], [0.40809029577651607, 67.50038786129386], [0.8161805915530321, 39.35186323365636], [1.2242708873295483, 28.199841930535918], [1.6323611831060643, 24.73839582712316], [2.0404514788825803, 26.49255591412347], [2.4485417746590965, 34.57327912442304]]}"
88f917e7f494,2026-09-25T10:49:51,tamzeed,master,paper_asian_geo,call,exact,antithetic,{},65536,252,10,1745464585,LAPTOP-G689CP2J_AMD64,3.0207634111197565,0.019751686715830864,2.98205081652281,3.059476005716703,3.000200360178781,0.020563050940975547,0.42494779999833554,"{""pairs"": 32768, ""rho_pair"": -0.26302901663256084}"
caed566a0eb9,2026-09-25T10:49:52,tamzeed,master,deep_barrier,call,exact,rqmc,{},65536,252,10,4275699851,LAPTOP-G689CP2J_AMD64,3.3847201719309084,nan,nan,nan,3.545320563728301,0.16060039179739283,0.8703189000952989,"{""construction"": ""bridge"", ""sobol_dim"": 252, ""naive_iid_se"": 0.04497722367244036, ""se_valid"": false}"
5f840d124272,2026-09-25T10:49:52,tamzeed,master,paper_barrier,call,exact,antithetic,{},65536,252,10,1004953332,LAPTOP-G689CP2J_AMD64,7.12107538632427,0.04027373501488572,7.042140316172184,7.200010456476355,7.1055282627933245,0.015547123530945228,0.3313731000525877,"{""pairs"": 32768, ""rho_pair"": -0.3229804669892332}"
eede336fd707,2026-09-25T10:49:53,tamzeed,master,paper_asian_geo,call,exact,plain,{},65536,252,10,2062104205,LAPTOP-G689CP2J_AMD64,3.0199219136126088,0.02309562566013142,2.974655319118332,3.0651885081068855,3.000200360178781,0.019721553433827754,0.44304440007545054,
b8c80d3fc11d,2026-09-25T10:49:53,tamzeed,master,paper_barrier,call,exact,importance,{},65536,252,10,189218965,LAPTOP-G689CP2J_AMD64,7.060284038073412,0.022797909562565746,7.015600956407982,7.104967119738842,7.1055282627933245,0.045244224719912296,0.43153149995487183,"{""theta"": 0.6858575284033614, ""theta0"": 0.45723835226890763, ""ESS"": 40969.70215832244, ""ESS_frac"": 0.6251480431872931, ""max_weight"": 28.046304624492617, ""max_weight_share"": 0.0004268908256870094, ""mean_weight"": 1.0024873351612391, ""hit_rate_proposal"": 0.672393798828125, ""pilot_paths"": 10000, ""total_paths_simulated"": 75536, ""theta_grid"": [[0.0, 206.6048417315377], [0.11430958806722691, 169.82658778668525], [0.22861917613445382, 142.24640816604338], [0.3429287642016807, 121.38257226682781], [0.45723835226890763, 105.50182038994538], [0.5715479403361345, 93.38181548046113], [0.6858575284033614, 84.15407138597925]]}"
4a6c64066395,2026-09-25T10:49:54,tamzeed,master,paper_barrier,call,exact,rqmc,{},65536,252,10,1048275229,LAPTOP-G689CP2J_AMD64,7.0948956745691865,nan,nan,nan,7.1055282627933245,0.01063258822413804,0.8672973999055102,"{""construction"": ""bridge"", ""sobol_dim"": 252, ""naive_iid_se"": 0.04900939738326954, ""se_valid"": false}"
b36e167455a1,2026-09-25T10:49:55,tamzeed,master,asian_arith,call,exact,plain,{},65536,252,10,286814731,LAPTOP-G689CP2J_AMD64,3.169753873802601,0.024078590635388027,3.122560703358757,3.216947044246445,,,0.37624479993246496,
227cdfbc219c,2026-09-25T10:49:55,tamzeed,master,deep_barrier,call,exact,antithetic,{},65536,252,10,830693357,LAPTOP-G689CP2J_AMD64,3.4191892277663474,0.04297677920071534,3.334956288361415,3.5034221671712795,3.545320563728301,0.1261313359619538,0.33648339996580034,"{""pairs"": 32768, ""rho_pair"": -0.0880787270097755}"
64b9465bade3,2026-09-25T10:49:56,tamzeed,master,paper_asian_geo,call,exact,rqmc,{},65536,252,10,824382680,LAPTOP-G689CP2J_AMD64,3.000805918025087,nan,nan,nan,3.000200360178781,0.000605557846305782,0.9422783000627533,"{""construction"": ""bridge"", ""sobol_dim"": 252, ""naive_iid_se"": 0.02292629647303315, ""se_valid"": false}"
ce7ca66cf25e,2026-09-25T10:49:57,tamzeed,master,asian_arith,call,exact,rqmc,{},65536,252,10,777993940,LAPTOP-G689CP2J_AMD64,3.16342603737709,nan,nan,nan,,,0.8382239999482408,"{""construction"": ""bridge"", ""sobol_dim"": 252, ""naive_iid_se"": 0.02398256053862022, ""se_valid"": false}"
ecc48fb98b4c,2026-09-25T10:49:57,tamzeed,master,paper_barrier,call,exact,rqmc,{},256,252,11,3333225314,LAPTOP-G689CP2J_AMD64,7.028890099432271,nan,nan,nan,7.1055282627933245,0.07663816336105356,0.01232099998742342,"{""construction"": ""bridge"", ""sobol_dim"": 252, ""naive_iid_se"": 0.770794080694775, ""se_valid"": false}"
3c2de8f4f579,2026-09-25T10:49:57,tamzeed,master,deep_barrier,call,exact,antithetic,{},256,252,11,2770188207,LAPTOP-G689CP2J_AMD64,4.154979396415634,0.7690864551969917,2.647597643231952,5.662361149599315,3.545320563728301,0.6096588326873325,0.0014803999802097678,"{""pairs"": 128, ""rho_pair"": -0.10307783999485523}"
8da15bab1472,2026-09-25T10:49:57,tamzeed,master,paper_barrier,call,exact,importance,{},256,252,11,506043048,LAPTOP-G689CP2J_AMD64,6.581255441566903,0.3766606657022805,5.843014102397552,7.319496780736253,7.1055282627933245,0.5242728212264218,0.06284390005748719,"{""theta"": 0.6858575284033614, ""theta0"": 0.45723835226890763, ""ESS"": 177.72674828804762, ""ESS_frac"": 0.694245110500186, ""max_weight"": 4.459186153142253, ""max_weight_share"": 0.016936665358546286, ""mean_weight"": 1.0284607708755613, ""hit_rate_proposal"": 0.6171875, ""pilot_paths"": 10000, ""total_paths_simulated"": 10256, ""theta_grid"": [[0.0, 212.15174597360152], [0.11430958806722691, 174.44787337609333], [0.22861917613445382, 146.1551726007536], [0.3429287642016807, 124.73616695834967], [0.45723835226890763, 108.41895838995536], [0.5715479403361345, 95.95374443155235], [0.6858575284033614, 86.45212220650616]]}"
945efa30855e,2026-09-25T10:49:57,tamzeed,master,deep_barrier,call,exact,plain,{},256,252,11,2198352564,LAPTOP-G689CP2J_AMD64,4.124994805672248,0.7975599171225983,2.561806092599205,5.688183518745291,3.545320563728301,0.5796742419439469,0.0012875000247731805,
e0eb60c55327,2026-09-25T10:49:57,tamzeed,master,deep_barrier,call,exact,importance,{},256,252,11,1839745834,LAPTOP-G689CP2J_AMD64,3.478241301255948,0.24498293610538016,2.9980835696625254,3.9583990328493703,3.545320563728301,0.0670792624723533,0.060968599980697036,"{""theta"": 1.6323611831060643, ""theta0"": 1.6323611831060643, ""ESS"": 50.11794614325038, ""ESS_frac"": 0.1957732271220718, ""max_weight"": 16.835641650456473, ""max_weight_share"": 0.05423534128232316, ""mean_weight"": 1.212571427452786, ""hit_rate_proposal"": 0.55859375, ""pilot_paths"": 10000, ""total_paths_simulated"": 10256, ""theta_grid"": [[0.0, 144.351831471232], [0.40809029577651607, 68.52782350558411], [0.8161805915530321, 40.21930366383486], [1.2242708873295483, 29.01039435539039], [1.6323611831060643, 25.608728000251865], [2.0404514788825803, 27.585724439357097], [2.4485417746590965, 36.19357566914215]]}"
781f7818dd3d,2026-09-25T10:49:57,tamzeed,master,asian_arith,call,exact,plain,{},256,252,11,1945230311,LAPTOP-G689CP2J_AMD64,3.4318036939450387,0.4408548723183014,2.567744021792164,4.2958633660979135,,,0.0011678000446408987,
6370efccc200,2026-09-25T10:49:57,tamzeed,master,deep_barrier,call,exact,rqmc,{},256,252,11,759826014,LAPTOP-G689CP2J_AMD64,3.7066960399159097,nan,nan,nan,3.545320563728301,0.1613754761876085,0.011650100001133978,"{""construction"": ""bridge"", ""sobol_dim"": 252, ""naive_iid_se"": 0.7359134416847128, ""se_valid"": false}"
4fd330e9069a,2026-09-25T10:49:57,tamzeed,master,asian_arith,call,exact,control_variate,{},256,252,11,1952519477,LAPTOP-G689CP2J_AMD64,3.150516868940937,0.00994090095813646,3.1310330610891097,3.1700006767927644,,,0.003565100021660328,"{""control"": ""geometric_asian"", ""control_mean"": 3.000200360178781, ""b_hat"": 1.0450524686020828, ""rho"": 0.9995087098986404, ""pilot_rho"": 0.9994465283315371, ""pilot_paths"": 256, ""total_paths_simulated"": 512, ""plain_std_error"": 0.31482160005088966, ""observed_vrf"": 1002.9459982310118, ""theoretical_vrf"": 1017.9786877842981}"
65ca75b55019,2026-09-25T10:49:57,tamzeed,master,deep_barrier,call,exact,control_variate,{},256,252,11,1781772600,LAPTOP-G689CP2J_AMD64,3.6113751146261195,0.3815003356431887,2.8636481966755274,4.359102032576711,3.545320563728301,0.06605455089781831,0.002674599993042648,"{""control"": ""european_terminal"", ""control_mean"": 7.1280646692617395, ""b_hat"": 0.7126729788082315, ""rho"": 0.8310029530732818, ""pilot_rho"": 0.8003207128928667, ""pilot_paths"": 256, ""total_paths_simulated"": 512, ""plain_std_error"": 0.6834644977235973, ""observed_vrf"": 3.209534672577955, ""theoretical_vrf"": 3.2317059622938107}"
6c53e7f8e40a,2026-09-25T10:49:57,tamzeed,master,paper_asian_geo,call,exact,plain,{},256,252,11,2116181317,LAPTOP-G689CP2J_AMD64,2.7054786676959877,0.3311281255148026,2.056479467418716,3.354477867973259,3.000200360178781,0.29472169248279334,0.001455599907785654,
9e13bb4a1071,2026-09-25T10:49:57,tamzeed,master,asian_arith,call,exact,antithetic,{},256,252,11,2431815029,LAPTOP-G689CP2J_AMD64,2.7536010324876283,0.29485219973008947,2.175701340254242,3.3315007247210144,,,0.0011806999100372195,"{""pairs"": 128, ""rho_pair"": -0.25526292313442794}"
b2cfe4eee047,2026-09-25T10:49:57,tamzeed,master,paper_asian_geo,call,exact,rqmc,{},256,252,11,737039409,LAPTOP-G689CP2J_AMD64,2.979894939737413,nan,nan,nan,3.000200360178781,0.02030542044136796,0.012134599965065718,"{""construction"": ""bridge"", ""sobol_dim"": 252, ""naive_iid_se"": 0.3619944977286982, ""se_valid"": false}"
8e4c5b1bef17,2026-09-25T10:49:57,tamzeed,master,asian_arith,call,exact,rqmc,{},256,252,11,777095501,LAPTOP-G689CP2J_AMD64,3.142119249651346,nan,nan,nan,,,0.01125709991902113,"{""construction"": ""bridge"", ""sobol_dim"": 252, ""naive_iid_se"": 0.388037588052051, ""se_valid"": false}"
3b3097a89809,2026-09-25T10:49:57,tamzeed,master,paper_asian_geo,call,exact,antithetic,{},256,252,11,3043728545,LAPTOP-G689CP2J_AMD64,3.0914905280378844,0.3051338192749398,2.4934392317938485,3.6895418242819202,3.000200360178781,0.09129016785910338,0.0016347999917343259,"{""pairs"": 128, ""rho_pair"": -0.2880571094663247}"
3883f7b59057,2026-09-25T10:49:57,tamzeed,master,paper_barrier,call,exact,control_variate,{},256,252,11,2025180046,LAPTOP-G689CP2J_AMD64,7.121251598369388,0.004276634397672557,7.1128695489749045,7.129633647763871,7.1055282627933245,0.015723335576063313,0.002651299932040274,"{""control"": ""european_terminal"", ""control_mean"": 7.1280646692617395, ""b_hat"": 1.000533385790174, ""rho"": 0.9999836948274581, ""pilot_rho"": 0.9999147681968177, ""pilot_paths"": 256, ""total_paths_simulated"": 512, ""plain_std_error"": 0.7483074999883537, ""observed_vrf"": 30616.528535673006, ""theoretical_vrf"": 30665.36554833448}"
a39775509542,2026-09-25T10:49:57,tamzeed,master,paper_barrier,call,exact,plain,{},256,252,11,1446906208,LAPTOP-G689CP2J_AMD64,8.620512233030595,0.9401318472134834,6.777887671773055,10.463136794288136,7.1055282627933245,1.514983970237271,0.001116700004786253,
211d3bcad51c,2026-09-25T10:49:57,tamzeed,master,paper_barrier,call,exact,antithetic,{},256,252,11,1422107611,LAPTOP-G689CP2J_AMD64,6.843503959353251,0.6374548889701959,5.594115335202688,8.092892583503813,7.1055282627933245,0.2620243034400733,0.0012663999805226922,"{""pairs"": 128, ""rho_pair"": -0.31223533797182246}"
cb4785db593b,2026-09-25T10:49:57,tamzeed,master,deep_barrier,call,exact,rqmc,{},1024,252,11,1868876931,LAPTOP-G689CP2J_AMD64,3.489344355640724,nan,nan,nan,3.545320563728301,0.055976208087577195,0.02224319998640567,"{""construction"": ""bridge"", ""sobol_dim"": 252, ""naive_iid_se"": 0.3613817050738028, ""se_valid"": false}"
7bbca4827650,2026-09-25T10:49:57,tamzeed,master,deep_barrier,call,exact,control_variate,{},1024,252,11,2750481624,LAPTOP-G689CP2J_AMD64,3.1922687096513984,0.1982978220302783,2.8036121202593196,3.5809252990434772,3.545320563728301,0.35305185407690276,0.007835299940779805,"{""control"": ""european_terminal"", ""control_mean"": 7.1280646692617395, ""b_hat"": 0.7267642906053684, ""rho"": 0.8038235581917764, ""pilot_rho"": 0.8058483484576109, ""pilot_paths"": 256, ""total_paths_simulated"": 1280, ""plain_std_error"": 0.33328905620296734, ""observed_vrf"": 2.824920423929027, ""theoretical_vrf"": 2.8259149843307916}"
2981bdfc93cd,2026-09-25T10:49:57,tamzeed,master,asian_arith,call,exact,antithetic,{},1024,252,11,3141957443,LAPTOP-G689CP2J_AMD64,3.0498118507133025,0.15835283650638596,2.7394459943110268,3.3601777071155783,,,0.005887600011192262,"{""pairs"": 512, ""rho_pair"": -0.2662201229606667}"
e219715ff199,2026-09-25T10:49:57,tamzeed,master,paper_asian_geo,call,exact,rqmc,{},1024,252,11,2736327632,LAPTOP-G689CP2J_AMD64,3.01168908934702,nan,nan,nan,3.000200360178781,0.011488729168239065,0.023614499950781465,"{""construction"": ""bridge"", ""sobol_dim"": 252, ""naive_iid_se"": 0.18384664480076177, ""se_valid"": false}"
de39ca73231d,2026-09-25T10:49:57,tamzeed,master,asian_arith,call,exact,control_variate,{},1024,252,11,1278172342,LAPTOP-G689CP2J_AMD64,3.168022459961881,0.005856032425901902,3.1565448473148146,3.1795000726089477,,,0.010105499997735023,"{""control"": ""geometric_asian"", ""control_mean"": 3.000200360178781, ""b_hat"": 1.04484783733464, ""rho"": 0.9995205474805703, ""pilot_rho"": 0.9993146408649695, ""pilot_paths"": 256, ""total_paths_simulated"": 1280, ""plain_std_error"": 0.18905137762645344, ""observed_vrf"": 1042.2040277359647, ""theoretical_vrf"": 1043.1061921750857}"
d80e606e2087,2026-09-25T10:49:57,tamzeed,master,asian_arith,call,exact,rqmc,{},1024,252,11,730443983,LAPTOP-G689CP2J_AMD64,3.1516396614087236,nan,nan,nan,,,0.021571199991740286,"{""construction"": ""bridge"", ""sobol_dim"": 252, ""naive_iid_se"": 0.19249611318914903, ""se_valid"": false}"
74656186d3e8,2026-09-25T10:49:57,tamzeed,master,paper_barrier,call,exact,rqmc,{},1024,252,11,1466115233,LAPTOP-G689CP2J_AMD64,7.0975259905908334,nan,nan,nan,7.1055282627933245,0.008002272202491056,0.021392400027252734,"{""construction"": ""bridge"", ""sobol_dim"": 252, ""naive_iid_se"": 0.39022525441436795, ""se_valid"": false}"
322c7229f7f1,2026-09-25T10:49:57,tamzeed,master,paper_barrier,call,exact,importance,{},1024,252,11,2201173536,LAPTOP-G689CP2J_AMD64,6.8781065418430805,0.1812339150640409,6.522894595540369,7.233318488145792,7.1055282627933245,0.22742172095024404,0.06208259996492416,"{""theta"": 0.6858575284033614, ""theta0"": 0.45723835226890763, ""ESS"": 656.375765414263, ""ESS_frac"": 0.6409919584123662, ""max_weight"": 8.767666724680764, ""max_weight_share"": 0.008387727566884636, ""mean_weight"": 1.0207978820896797, ""hit_rate_proposal"": 0.654296875, ""pilot_paths"": 10000, ""total_paths_simulated"": 11024, ""theta_grid"": [[0.0, 208.73144665093704], [0.11430958806722691, 171.20260932431492], [0.22861917613445382, 143.11902152571452], [0.3429287642016807, 121.9106051510316], [0.45723835226890763, 105.78881391328098], [0.5715479403361345, 93.49604218810643], [0.6858575284033614, 84.14085108013771]]}"
458b5131d445,2026-09-25T10:49:57,tamzeed,master,deep_barrier,call,exact,importance,{},1024,252,11,4196673626,LAPTOP-G689CP2J_AMD64,3.299740092711105,0.11146416187699049,3.081274349865261,3.518205835556949,3.545320563728301,0.24558047101719627,0.06613290007226169,"{""theta"": 1.6323611831060643, ""theta0"": 1.6323611831060643, ""ESS"": 159.23136184767708, ""ESS_frac"": 0.15549937680437215, ""max_weight"": 27.757836161430077, ""max_weight_share"": 0.029101265116490718, ""mean_weight"": 0.9314805307565744, ""hit_rate_proposal"": 0.599609375, ""pilot_paths"": 10000, ""total_paths_simulated"": 11024, ""theta_grid"": [[0.0, 142.49976023633863], [0.40809029577651607, 67.044507149014], [0.8161805915530321, 38.94794640329917], [1.2242708873295483, 27.78375163672988], [1.6323611831060643, 24.23812922318371], [2.0404514788825803, 25.782266020614603], [2.4485417746590965, 33.37003407923151]]}"
cba2fc238ac7,2026-09-25T10:49:57,tamzeed,master,asian_arith,call,exact,plain,{},1024,252,11,888819453,LAPTOP-G689CP2J_AMD64,3.238697465124351,0.1856551875852035,2.8748199839143247,3.6025749463343777,,,0.005728299962356687,
b533a6a13aee,2026-09-25T10:49:57,tamzeed,master,paper_barrier,call,exact,plain,{},1024,252,11,1380730141,LAPTOP-G689CP2J_AMD64,7.250736927609969,0.3849005824614501,6.496345648357038,8.005128206862901,7.1055282627933245,0.14520866481664463,0.005628400016576052,
21a3037837e1,2026-09-25T10:49:57,tamzeed,master,paper_barrier,call,exact,control_variate,{},1024,252,11,157633480,LAPTOP-G689CP2J_AMD64,7.098672929339342,0.009455101713569232,7.080141270510583,7.117204588168101,7.1055282627933245,0.006855333453982482,0.008139600045979023,"{""control"": ""european_terminal"", ""control_mean"": 7.1280646692617395, ""b_hat"": 1.0009688690125331, ""rho"": 0.9997018246572499, ""pilot_rho"": 0.9994448748660467, ""pilot_paths"": 256, ""total_paths_simulated"": 1280, ""plain_std_error"": 0.3871902431527653, ""observed_vrf"": 1676.9356581080472, ""theoretical_vrf"": 1677.1157210338313}"
fe3cd1a5f25d,2026-09-25T10:49:57,tamzeed,master,deep_barrier,call,exact,plain,{},1024,252,11,1443234245,LAPTOP-G689CP2J_AMD64,3.4647472836779687,0.37648162595905527,2.7268568559571404,4.202637711398797,3.545320563728301,0.08057328005033249,0.005544100073166192,
c27eaba824ac,2026-09-25T10:49:57,tamzeed,master,paper_barrier,call,exact,antithetic,{},1024,252,11,601091908,LAPTOP-G689CP2J_AMD64,6.672163264510697,0.3434966383538179,5.998922224526634,7.34540430449476,7.1055282627933245,0.4333649982826273,0.005200800020247698,"{""pairs"": 512, ""rho_pair"": -0.26981048534384955}"
289549056e65,2026-09-25T10:49:57,tamzeed,master,paper_asian_geo,call,exact,plain,{},1024,252,11,3059177634,LAPTOP-G689CP2J_AMD64,2.932834758314807,0.17575450489642067,2.588362258597154,3.2773072580324603,3.000200360178781,0.06736560186397389,0.00958910002373159,
3810fb28d1fd,2026-09-25T10:49:57,tamzeed,master,paper_asian_geo,call,exact,antithetic,{},1024,252,11,236677123,LAPTOP-G689CP2J_AMD64,2.9916386350549615,0.15016671199058376,2.6973172878766185,3.2859599822333045,3.000200360178781,0.008561725123819475,0.008269699988886714,"{""pairs"": 512, ""rho_pair"": -0.2801874950245638}"
74ef5d5b0f09,2026-09-25T10:49:57,tamzeed,master,deep_barrier,call,exact,antithetic,{},1024,252,11,823444559,LAPTOP-G689CP2J_AMD64,3.773956649294873,0.3684832109015892,3.0517428270200813,4.496170471569664,3.545320563728301,0.2286360855665719,0.005332999979145825,"{""pairs"": 512, ""rho_pair"": -0.09254649675641707}"
af43e0204958,2026-09-25T10:49:57,tamzeed,master,deep_barrier,call,exact,plain,{},4096,252,11,1780612699,LAPTOP-G689CP2J_AMD64,3.4380063338438873,0.18195840980579503,3.081374403940349,3.7946382637474256,3.545320563728301,0.10731422988441386,0.02408769994508475,
9ed5d372463c,2026-09-25T10:49:57,tamzeed,master,asian_arith,call,exact,control_variate,{},4096,252,11,1531739814,LAPTOP-G689CP2J_AMD64,3.1625426736053086,0.003105441637365565,3.156456119839981,3.1686292273706362,,,0.034213799983263016,"{""control"": ""geometric_asian"", ""control_mean"": 3.000200360178781, ""b_hat"": 1.0457904076050868, ""rho"": 0.9995162793440326, ""pilot_rho"": 0.9995894949285625, ""pilot_paths"": 410, ""total_paths_simulated"": 4506, ""plain_std_error"": 0.09977972588312124, ""observed_vrf"": 1032.3759283609352, ""theoretical_vrf"": 1033.904492705915}"
c34429314de3,2026-09-25T10:49:57,tamzeed,master,deep_barrier,call,exact,importance,{},4096,252,11,2968748493,LAPTOP-G689CP2J_AMD64,3.323048275012094,0.057059554367827135,3.2112136034772476,3.4348829465469404,3.545320563728301,0.2222722887162072,0.07949440006632358,"{""theta"": 1.6323611831060643, ""theta0"": 1.6323611831060643, ""ESS"": 248.732136037001, ""ESS_frac"": 0.06072561914965845, ""max_weight"": 167.3236026102804, ""max_weight_share"": 0.03948059342178867, ""mean_weight"": 1.0346979459528791, ""hit_rate_proposal"": 0.58349609375, ""pilot_paths"": 10000, ""total_paths_simulated"": 14096, ""theta_grid"": [[0.0, 142.17536220629498], [0.40809029577651607, 67.1855797323392], [0.8161805915530321, 39.30240587217766], [1.2242708873295483, 28.291831275761623], [1.6323611831060643, 24.95367886814113], [2.0404514788825803, 26.887095666510575], [2.4485417746590965, 35.32010914541142]]}"
cfeec66dd78a,2026-09-25T10:49:57,tamzeed,master,deep_barrier,call,exact,control_variate,{},4096,252,11,3357943764,LAPTOP-G689CP2J_AMD64,3.4062260067024055,0.09857960144812836,3.2130135382537612,3.5994384751510498,3.545320563728301,0.13909455702589568,0.02532779995817691,"{""control"": ""european_terminal"", ""control_mean"": 7.1280646692617395, ""b_hat"": 0.8046495072040829, ""rho"": 0.8286259448133415, ""pilot_rho"": 0.8540898669912582, ""pilot_paths"": 410, ""total_paths_simulated"": 4506, ""plain_std_error"": 0.17537649826642465, ""observed_vrf"": 3.164963257493036, ""theoretical_vrf"": 3.1910238431042597}"
afbfb2494998,2026-09-25T10:49:57,tamzeed,master,paper_barrier,call,exact,antithetic,{},4096,252,11,3086988352,LAPTOP-G689CP2J_AMD64,7.277501510504528,0.16245007457343022,6.959105215054759,7.595897805954298,7.1055282627933245,0.17197324771120392,0.021700099925510585,"{""pairs"": 2048, ""rho_pair"": -0.32937299567484885}"
ad93401cdbad,2026-09-25T10:49:57,tamzeed,master,paper_barrier,call,exact,plain,{},4096,252,11,504706247,LAPTOP-G689CP2J_AMD64,7.1824809028068435,0.1946578627896184,6.8009585024316515,7.5640033031820355,7.1055282627933245,0.07695264001351898,0.02342580002732575,
261f5af525fa,2026-09-25T10:49:57,tamzeed,master,paper_asian_geo,call,exact,plain,{},4096,252,11,1944192754,LAPTOP-G689CP2J_AMD64,3.0832186383679074,0.09260286102669622,2.901720365890215,3.2647169108456,3.000200360178781,0.08301827818912644,0.028582399943843484,
24a00eddb4b4,2026-09-25T10:49:57,tamzeed,master,asian_arith,call,exact,antithetic,{},4096,252,11,497303296,LAPTOP-G689CP2J_AMD64,3.047275487093393,0.0813716895896685,2.88778990613647,3.2067610680503162,,,0.021377200027927756,"{""pairs"": 2048, ""rho_pair"": -0.2552488597047928}"
b5af8852143c,2026-09-25T10:49:58,tamzeed,master,paper_asian_geo,call,exact,rqmc,{},4096,252,11,736217126,LAPTOP-G689CP2J_AMD64,2.99629307376499,nan,nan,nan,3.000200360178781,0.003907286413790789,0.06659689999651164,"{""construction"": ""bridge"", ""sobol_dim"": 252, ""naive_iid_se"": 0.09177856242383038, ""se_valid"": false}"
7341f6c23104,2026-09-25T10:49:58,tamzeed,master,paper_barrier,call,exact,control_variate,{},4096,252,11,231883547,LAPTOP-G689CP2J_AMD64,7.09693480120405,0.004808059183105114,7.087511178369627,7.106358424038473,7.1055282627933245,0.008593461589274654,0.03911119990516454,"{""control"": ""european_terminal"", ""control_mean"": 7.1280646692617395, ""b_hat"": 1.00112411892412, ""rho"": 0.9996926679723931, ""pilot_rho"": 0.9995993183760319, ""pilot_paths"": 410, ""total_paths_simulated"": 4506, ""plain_std_error"": 0.19393408462901457, ""observed_vrf"": 1626.929296379605, ""theoretical_vrf"": 1627.154998160417}"
3811d4e76c73,2026-09-25T10:49:58,tamzeed,master,asian_arith,call,exact,plain,{},4096,252,11,999117712,LAPTOP-G689CP2J_AMD64,3.1830186222584747,0.09514730718821003,2.996533326943614,3.3695039175733354,,,0.02325379999820143,
c227f3998c37,2026-09-25T10:49:58,tamzeed,master,asian_arith,call,exact,rqmc,{},4096,252,11,3096539968,LAPTOP-G689CP2J_AMD64,3.1555744748393577,nan,nan,nan,,,0.06617979996372014,"{""construction"": ""bridge"", ""sobol_dim"": 252, ""naive_iid_se"": 0.09612858938178193, ""se_valid"": false}"
332f080e08d4,2026-09-25T10:49:58,tamzeed,master,deep_barrier,call,exact,antithetic,{},4096,252,11,702703678,LAPTOP-G689CP2J_AMD64,3.2482849516185714,0.16502014727329398,2.9248514062394197,3.571718496997723,3.545320563728301,0.29703561210972973,0.021783199976198375,"{""pairs"": 2048, ""rho_pair"": -0.0865612996106855}"
1bc04978ff8a,2026-09-25T10:49:58,tamzeed,master,paper_asian_geo,call,exact,antithetic,{},4096,252,11,1120184801,LAPTOP-G689CP2J_AMD64,3.092151392585774,0.08036142380310679,2.934645896185325,3.249656888986223,3.000200360178781,0.09195103240699298,0.026259400066919625,"{""pairs"": 2048, ""rho_pair"": -0.266461082553854}"
6c6ec377e773,2026-09-25T10:49:58,tamzeed,master,deep_barrier,call,exact,rqmc,{},4096,252,11,2408424740,LAPTOP-G689CP2J_AMD64,3.38559021029631,nan,nan,nan,3.545320563728301,0.15973035343199138,0.05913389998022467,"{""construction"": ""bridge"", ""sobol_dim"": 252, ""naive_iid_se"": 0.17983661405898307, ""se_valid"": false}"
bf8321200cd0,2026-09-25T10:49:58,tamzeed,master,paper_barrier,call,exact,rqmc,{},4096,252,11,1671778437,LAPTOP-G689CP2J_AMD64,7.093683975227712,nan,nan,nan,7.1055282627933245,0.011844287565612177,0.060793799930252135,"{""construction"": ""bridge"", ""sobol_dim"": 252, ""naive_iid_se"": 0.1960028660409059, ""se_valid"": false}"
51ed5c78238a,2026-09-25T10:49:58,tamzeed,master,paper_barrier,call,exact,importance,{},4096,252,11,1448807155,LAPTOP-G689CP2J_AMD64,6.98223515251158,0.09111321199810708,6.803656538479527,7.160813766543632,7.1055282627933245,0.12329311028174494,0.07850810000672936,"{""theta"": 0.6858575284033614, ""theta0"": 0.45723835226890763, ""ESS"": 2556.0430906025454, ""ESS_frac"": 0.624033957666637, ""max_weight"": 8.330793554275845, ""max_weight_share"": 0.0020022037988209644, ""mean_weight"": 1.015823237516864, ""hit_rate_proposal"": 0.670166015625, ""pilot_paths"": 10000, ""total_paths_simulated"": 14096, ""theta_grid"": [[0.0, 213.7417638557961], [0.11430958806722691, 175.66906301934844], [0.22861917613445382, 147.10570009010073], [0.3429287642016807, 125.48782028044853], [0.45723835226890763, 109.0240810638931], [0.5715479403361345, 96.4505795735854], [0.6858575284033614, 86.8687837356836]]}"
8ff41e7507cd,2026-09-25T10:49:58,tamzeed,master,asian_arith,call,exact,rqmc,{},16384,252,11,4066513486,LAPTOP-G689CP2J_AMD64,3.1632438793983293,nan,nan,nan,,,0.2305782000767067,"{""construction"": ""bridge"", ""sobol_dim"": 252, ""naive_iid_se"": 0.04797947001801717, ""se_valid"": false}"
529907519110,2026-09-25T10:49:58,tamzeed,master,deep_barrier,call,exact,antithetic,{},16384,252,11,1352068009,LAPTOP-G689CP2J_AMD64,3.4976044695070785,0.08723875010084182,3.3266196612531385,3.6685892777610185,3.545320563728301,0.047716094221222694,0.08715109992772341,"{""pairs"": 8192, ""rho_pair"": -0.08929695955673146}"
2810a4d87101,2026-09-25T10:49:58,tamzeed,master,paper_barrier,call,exact,importance,{},16384,252,11,3190228653,LAPTOP-G689CP2J_AMD64,7.084933039584742,0.04582982978235901,6.995108223793717,7.174757855375767,7.1055282627933245,0.020595223208582425,0.19962820003274828,"{""theta"": 0.6858575284033614, ""theta0"": 0.45723835226890763, ""ESS"": 10242.918673127911, ""ESS_frac"": 0.6251781416704048, ""max_weight"": 10.673189019441066, ""max_weight_share"": 0.000648480751171202, ""mean_weight"": 1.004562985579485, ""hit_rate_proposal"": 0.67010498046875, ""pilot_paths"": 10000, ""total_paths_simulated"": 26384, ""theta_grid"": [[0.0, 205.07040518076545], [0.11430958806722691, 168.63693661457665], [0.22861917613445382, 141.2615293043571], [0.3429287642016807, 120.51802950996063], [0.45723835226890763, 104.70578074314014], [0.5715479403361345, 92.6215696313429], [0.6858575284033614, 83.40805735671461]]}"
beab08df5976,2026-09-25T10:49:59,tamzeed,master,paper_barrier,call,exact,plain,{},16384,252,11,2527475751,LAPTOP-G689CP2J_AMD64,7.155892669466301,0.09770897242463972,6.96438660254759,7.347398736385012,7.1055282627933245,0.05036440667297626,0.0932604999979958,
bc7065d8c8f0,2026-09-25T10:49:59,tamzeed,master,asian_arith,call,exact,antithetic,{},16384,252,11,592205523,LAPTOP-G689CP2J_AMD64,3.1417433975565556,0.04080271996631752,3.0617715359513,3.2217152591618112,,,0.0943035000236705,"{""pairs"": 8192, ""rho_pair"": -0.2658161241694341}"
2530ee27cb88,2026-09-25T10:49:59,tamzeed,master,paper_barrier,call,exact,rqmc,{},16384,252,11,795260982,LAPTOP-G689CP2J_AMD64,7.096234318194012,nan,nan,nan,7.1055282627933245,0.009293944599312098,0.21826870006043464,"{""construction"": ""bridge"", ""sobol_dim"": 252, ""naive_iid_se"": 0.098089352453734, ""se_valid"": false}"
f734530cc8b0,2026-09-25T10:49:59,tamzeed,master,paper_asian_geo,call,exact,rqmc,{},16384,252,11,2998205176,LAPTOP-G689CP2J_AMD64,3.002204271621924,nan,nan,nan,3.000200360178781,0.002003911443142936,0.2499449000461027,"{""construction"": ""bridge"", ""sobol_dim"": 252, ""naive_iid_se"": 0.04582481882174792, ""se_valid"": false}"
e1442836b659,2026-09-25T10:49:59,tamzeed,master,paper_barrier,call,exact,antithetic,{},16384,252,11,465736750,LAPTOP-G689CP2J_AMD64,7.014511991039789,0.0802631049391269,6.857199196071741,7.171824786007837,7.1055282627933245,0.09101627175353588,0.09401880006771535,"{""pairs"": 8192, ""rho_pair"": -0.3179514500262064}"
8876d75b4a12,2026-09-25T10:49:59,tamzeed,master,paper_asian_geo,call,exact,plain,{},16384,252,11,3026199118,LAPTOP-G689CP2J_AMD64,2.963671390015494,0.04547201857997348,2.8745478712944097,3.052794908736578,3.000200360178781,0.036528970163287156,0.1170362998964265,
bd6cc398853f,2026-09-25T10:49:59,tamzeed,master,paper_barrier,call,exact,control_variate,{},16384,252,11,3012579019,LAPTOP-G689CP2J_AMD64,7.096938711869305,0.0023433713416714202,7.092345788437226,7.1015316353013835,7.1055282627933245,0.008589550924019917,0.10175980010535568,"{""control"": ""european_terminal"", ""control_mean"": 7.1280646692617395, ""b_hat"": 1.0008618917113719, ""rho"": 0.9996995255143298, ""pilot_rho"": 0.9995773722651102, ""pilot_paths"": 1639, ""total_paths_simulated"": 18023, ""plain_std_error"": 0.09559934088099341, ""observed_vrf"": 1664.2844950859871, ""theoretical_vrf"": 1664.2848353442878}"
dd782276102e,2026-09-25T10:50:00,tamzeed,master,asian_arith,call,exact,control_variate,{},16384,252,11,223452941,LAPTOP-G689CP2J_AMD64,3.164083057167061,0.001548282739045451,3.1610484787606468,3.1671176355734754,,,0.13481670001056045,"{""control"": ""geometric_asian"", ""control_mean"": 3.000200360178781, ""b_hat"": 1.042479329836851, ""rho"": 0.999482083651979, ""pilot_rho"": 0.9995456035012643, ""pilot_paths"": 1639, ""total_paths_simulated"": 18023, ""plain_std_error"": 0.04788365358572386, ""observed_vrf"": 956.4758659421243, ""theoretical_vrf"": 965.6569338588968}"
23aa60ca1f58,2026-09-25T10:50:00,tamzeed,master,deep_barrier,call,exact,importance,{},16384,252,11,3686593779,LAPTOP-G689CP2J_AMD64,3.3938111455656266,0.02862502582133451,3.3377071258992816,3.4499151652319715,3.545320563728301,0.1515094181626746,0.16494589997455478,"{""theta"": 1.6323611831060643, ""theta0"": 1.6323611831060643, ""ESS"": 1247.0095681760715, ""ESS_frac"": 0.07611142383887155, ""max_weight"": 174.57420099288476, ""max_weight_share"": 0.010853618801204622, ""mean_weight"": 0.9817152997521003, ""hit_rate_proposal"": 0.59686279296875, ""pilot_paths"": 10000, ""total_paths_simulated"": 26384, ""theta_grid"": [[0.0, 144.74199383157745], [0.40809029577651607, 68.28250632684885], [0.8161805915530321, 39.8332269566225], [1.2242708873295483, 28.572496669746354], [1.6323611831060643, 25.096514608332797], [2.0404514788825803, 26.913528439932673], [2.4485417746590965, 35.16898788994276]]}"
17287dbb740f,2026-09-25T10:50:00,tamzeed,master,deep_barrier,call,exact,plain,{},16384,252,11,2567272677,LAPTOP-G689CP2J_AMD64,3.3205611634594474,0.0887862540343472,3.146543303229903,3.494579023688992,3.545320563728301,0.22475940026885377,0.09294410003349185,
7fa7b3df613b,2026-09-25T10:50:00,tamzeed,master,asian_arith,call,exact,plain,{},16384,252,11,2331374828,LAPTOP-G689CP2J_AMD64,3.2880430051540395,0.04913918626176117,3.191731969851382,3.3843540404566967,,,0.09688949992414564,
494732538db0,2026-09-25T10:50:00,tamzeed,master,paper_asian_geo,call,exact,antithetic,{},16384,252,11,2277831911,LAPTOP-G689CP2J_AMD64,3.0523296013695704,0.03991880440814615,2.9740901824237054,3.1305690203154355,3.000200360178781,0.05212924119078943,0.11281369999051094,"{""pairs"": 8192, ""rho_pair"": -0.26300480525991365}"
0f5578308025,2026-09-25T10:50:00,tamzeed,master,deep_barrier,call,exact,control_variate,{},16384,252,11,2171405503,LAPTOP-G689CP2J_AMD64,3.4016658016260948,0.05011934180921375,3.3034336967511835,3.499897906501006,3.545320563728301,0.1436547621022064,0.11195429996587336,"{""control"": ""european_terminal"", ""control_mean"": 7.1280646692617395, ""b_hat"": 0.7624094532326013, ""rho"": 0.8375641160108087, ""pilot_rho"": 0.8335299352922334, ""pilot_paths"": 1639, ""total_paths_simulated"": 18023, ""plain_std_error"": 0.09171013364021471, ""observed_vrf"": 3.348296698289422, ""theoretical_vrf"": 3.350236936250749}"
4aed7f9c5fa5,2026-09-25T10:50:00,tamzeed,master,deep_barrier,call,exact,rqmc,{},16384,252,11,1182698610,LAPTOP-G689CP2J_AMD64,3.395797071888702,nan,nan,nan,3.545320563728301,0.14952349183959912,0.2336418000049889,"{""construction"": ""bridge"", ""sobol_dim"": 252, ""naive_iid_se"": 0.09004473186121362, ""se_valid"": false}"
71e40ec80d06,2026-09-25T10:50:01,tamzeed,master,deep_barrier,call,exact,control_variate,{},65536,252,11,114659401,LAPTOP-G689CP2J_AMD64,3.3734335319429527,0.02505305455667656,3.3243304473091495,3.422536616576756,3.545320563728301,0.17188703178534848,0.40888359991367906,"{""control"": ""european_terminal"", ""control_mean"": 7.1280646692617395, ""b_hat"": 0.7628641582303156, ""rho"": 0.8290228706223688, ""pilot_rho"": 0.8315267829159455, ""pilot_paths"": 6554, ""total_paths_simulated"": 72090, ""plain_std_error"": 0.04479989640753589, ""observed_vrf"": 3.197662701660646, ""theoretical_vrf"": 3.197737741401428}"
4f1d41ddf2c1,2026-09-25T10:50:02,tamzeed,master,asian_arith,call,exact,rqmc,{},65536,252,11,1545334125,LAPTOP-G689CP2J_AMD64,3.162500698412825,nan,nan,nan,,,0.8474216000176966,"{""construction"": ""bridge"", ""sobol_dim"": 252, ""naive_iid_se"": 0.023984808105769747, ""se_valid"": false}"
43288d587945,2026-09-25T10:50:02,tamzeed,master,deep_barrier,call,exact,importance,{},65536,252,11,2712501017,LAPTOP-G689CP2J_AMD64,3.3765173833819344,0.014357881431529223,3.348376452881841,3.404658313882028,3.545320563728301,0.16880318034636677,0.44184290000703186,"{""theta"": 1.6323611831060643, ""theta0"": 1.6323611831060643, ""ESS"": 5697.865768850239, ""ESS_frac"": 0.08694253187332518, ""max_weight"": 188.17110130752312, ""max_weight_share"": 0.0029086961143221473, ""mean_weight"": 0.9871306694336277, ""hit_rate_proposal"": 0.5952301025390625, ""pilot_paths"": 10000, ""total_paths_simulated"": 75536, ""theta_grid"": [[0.0, 142.6500407660586], [0.40809029577651607, 67.17547953204077], [0.8161805915530321, 39.14668563980265], [1.2242708873295483, 28.06790152883465], [1.6323611831060643, 24.656931921333964], [2.0404514788825803, 26.46314935946643], [2.4485417746590965, 34.63526001081662]]}"
d4486ec7e2b4,2026-09-25T10:50:03,tamzeed,master,deep_barrier,call,exact,rqmc,{},65536,252,11,1692813950,LAPTOP-G689CP2J_AMD64,3.384969816108061,nan,nan,nan,3.545320563728301,0.16035074762024015,0.9237496999558061,"{""construction"": ""bridge"", ""sobol_dim"": 252, ""naive_iid_se"": 0.044968292272366484, ""se_valid"": false}"
c9d12f6a8111,2026-09-25T10:50:04,tamzeed,master,paper_barrier,call,exact,rqmc,{},65536,252,11,3661010539,LAPTOP-G689CP2J_AMD64,7.094507691501476,nan,nan,nan,7.1055282627933245,0.011020571291848746,0.9314093999564648,"{""construction"": ""bridge"", ""sobol_dim"": 252, ""naive_iid_se"": 0.0490189247135781, ""se_valid"": false}"
fed5b24ede70,2026-09-25T10:50:04,tamzeed,master,paper_barrier,call,exact,plain,{},65536,252,11,3380114017,LAPTOP-G689CP2J_AMD64,7.0714852617545185,0.04886490979168828,6.975711798455011,7.167258725054026,7.1055282627933245,0.034043001038805976,0.3765857999678701,
fb6a0b7930d2,2026-09-25T10:50:05,tamzeed,master,asian_arith,call,exact,control_variate,{},65536,252,11,144837324,LAPTOP-G689CP2J_AMD64,3.16285152327964,0.0007691018822921554,3.1613441112899054,3.1643589352693744,,,0.5549167999997735,"{""control"": ""geometric_asian"", ""control_mean"": 3.000200360178781, ""b_hat"": 1.044878256906584, ""rho"": 0.999491599203632, ""pilot_rho"": 0.9995042801611095, ""pilot_paths"": 6554, ""total_paths_simulated"": 72090, ""plain_std_error"": 0.024105348308118776, ""observed_vrf"": 982.3337692258748, ""theoretical_vrf"": 983.7260997407502}"
9fa9473b02ac,2026-09-25T10:50:05,tamzeed,master,deep_barrier,call,exact,antithetic,{},65536,252,11,3313255295,LAPTOP-G689CP2J_AMD64,3.4465863804554173,0.04373320802024307,3.3608708678073427,3.532301893103492,3.545320563728301,0.09873418327288386,0.3858140999218449,"{""pairs"": 32768, ""rho_pair"": -0.086563668602944}"
d1159806eaab,2026-09-25T10:50:06,tamzeed,master,paper_asian_geo,call,exact,rqmc,{},65536,252,11,1707714897,LAPTOP-G689CP2J_AMD64,2.9995657927165342,nan,nan,nan,3.000200360178781,0.0006345674622467712,1.0078283000038937,"{""construction"": ""bridge"", ""sobol_dim"": 252, ""naive_iid_se"": 0.022925616884419776, ""se_valid"": false}"
9d85867fc203,2026-09-25T10:50:07,tamzeed,master,paper_asian_geo,call,exact,plain,{},65536,252,11,164534501,LAPTOP-G689CP2J_AMD64,3.0454171866123856,0.023216811010270042,2.9999130731963835,3.0909213000283877,3.000200360178781,0.045216826433604584,0.4822777999797836,
46e817ede43a,2026-09-25T10:50:07,tamzeed,master,asian_arith,call,exact,antithetic,{},65536,252,11,3252941962,LAPTOP-G689CP2J_AMD64,3.1904958733494344,0.020576310962560684,3.1501670449281187,3.23082470177075,,,0.39816669991705567,"{""pairs"": 32768, ""rho_pair"": -0.2684098044522422}"
fe094e27c649,2026-09-25T10:50:08,tamzeed,master,deep_barrier,call,exact,plain,{},65536,252,11,2508842010,LAPTOP-G689CP2J_AMD64,3.3605545478525034,0.04476978957793761,3.272807372684309,3.448301723020698,3.545320563728301,0.18476601587579777,0.4226618999382481,
033b53c722ba,2026-09-25T10:50:08,tamzeed,master,paper_barrier,call,exact,control_variate,{},65536,252,11,1726957842,LAPTOP-G689CP2J_AMD64,7.09402077208329,0.001245066160176257,7.091580487250975,7.096461056915605,7.1055282627933245,0.011507490710034318,0.5522587000159547,"{""control"": ""european_terminal"", ""control_mean"": 7.1280646692617395, ""b_hat"": 1.0010723898616465, ""rho"": 0.9996793412416678, ""pilot_rho"": 0.9996069746688159, ""pilot_paths"": 6554, ""total_paths_simulated"": 72090, ""plain_std_error"": 0.04916757387009487, ""observed_vrf"": 1559.454467332466, ""theoretical_vrf"": 1559.540054809102}"
4c0e16fa47c1,2026-09-25T10:50:09,tamzeed,master,asian_arith,call,exact,plain,{},65536,252,11,3293289487,LAPTOP-G689CP2J_AMD64,3.1908251667504643,0.024220298204613463,3.143354254574602,3.238296078926327,,,0.4063945000525564,
cf620dfbeffe,2026-09-25T10:50:09,tamzeed,master,paper_barrier,call,exact,importance,{},65536,252,11,1613519403,LAPTOP-G689CP2J_AMD64,7.060115550444596,0.022878843832081344,7.015273840525801,7.104957260363392,7.1055282627933245,0.045412712348728235,0.4599374000681564,"{""theta"": 0.6858575284033614, ""theta0"": 0.45723835226890763, ""ESS"": 40964.78457335265, ""ESS_frac"": 0.6250730067955421, ""max_weight"": 12.314937154526591, ""max_weight_share"": 0.00018688678350542245, ""mean_weight"": 1.0054805633348227, ""hit_rate_proposal"": 0.669219970703125, ""pilot_paths"": 10000, ""total_paths_simulated"": 75536, ""theta_grid"": [[0.0, 206.18696727723355], [0.11430958806722691, 169.58108558286042], [0.22861917613445382, 142.10049191330742], [0.3429287642016807, 121.2942106220019], [0.45723835226890763, 105.44685448408455], [0.5715479403361345, 93.34648781877334], [0.6858575284033614, 84.13068379638307]]}"
e779998352cf,2026-09-25T10:50:09,tamzeed,master,paper_barrier,call,exact,antithetic,{},65536,252,11,272415305,LAPTOP-G689CP2J_AMD64,7.076253508650247,0.040339200122963555,6.997190129244085,7.155316888056409,7.1055282627933245,0.029274754143077786,0.35164349991828203,"{""pairs"": 32768, ""rho_pair"": -0.3195190898132432}"
b4393059aa0d,2026-09-25T10:50:10,tamzeed,master,paper_asian_geo,call,exact,antithetic,{},65536,252,11,4014304252,LAPTOP-G689CP2J_AMD64,3.0082770221857076,0.019634214721192162,2.9697946684674448,3.0467593759039704,3.000200360178781,0.008076662006926583,0.46767390007153153,"{""pairs"": 32768, ""rho_pair"": -0.26373717446731115}"
f36972e9986d,2026-09-25T10:50:10,tamzeed,master,deep_barrier,call,exact,rqmc,{},256,252,12,1978145744,LAPTOP-G689CP2J_AMD64,3.520577579101449,nan,nan,nan,3.545320563728301,0.024742984626852316,0.012993999989703298,"{""construction"": ""bridge"", ""sobol_dim"": 252, ""naive_iid_se"": 0.716622346418256, ""se_valid"": false}"
22f04a9ae582,2026-09-25T10:50:10,tamzeed,master,deep_barrier,call,exact,plain,{},256,252,12,1564495320,LAPTOP-G689CP2J_AMD64,2.691853716414426,0.6445014146146094,1.4286541557846748,3.9550532770441773,3.545320563728301,0.8534668473138751,0.001429299940355122,
b4ab16bc93f1,2026-09-25T10:50:10,tamzeed,master,paper_barrier,call,exact,importance,{},256,252,12,2516088523,LAPTOP-G689CP2J_AMD64,7.121820758293104,0.3584045227926644,6.419360801723217,7.824280714862992,7.1055282627933245,0.016292495499779847,0.06407309998758137,"{""theta"": 0.6858575284033614, ""theta0"": 0.45723835226890763, ""ESS"": 167.76797760548996, ""ESS_frac"": 0.6553436625214452, ""max_weight"": 4.67517878061441, ""max_weight_share"": 0.018762090887221312, ""mean_weight"": 0.9733679056108508, ""hit_rate_proposal"": 0.6953125, ""pilot_paths"": 10000, ""total_paths_simulated"": 10256, ""theta_grid"": [[0.0, 200.97444853402143], [0.11430958806722691, 165.49705443119555], [0.22861917613445382, 138.84354354210168], [0.3429287642016807, 118.64794455018651], [0.45723835226890763, 103.25440996324974], [0.5715479403361345, 91.49293000327425], [0.6858575284033614, 82.53075177760543]]}"
875d0228331c,2026-09-25T10:50:10,tamzeed,master,paper_barrier,call,exact,rqmc,{},256,252,12,190212796,LAPTOP-G689CP2J_AMD64,7.014346505081711,nan,nan,nan,7.1055282627933245,0.09118175771161319,0.012837800080887973,"{""construction"": ""bridge"", ""sobol_dim"": 252, ""naive_iid_se"": 0.7659708831390754, ""se_valid"": false}"
99744a09c4c0,2026-09-25T10:50:10,tamzeed,master,deep_barrier,call,exact,control_variate,{},256,252,12,3236941478,LAPTOP-G689CP2J_AMD64,3.11492750861329,0.42606755898472404,2.2798504380223354,3.9500045792042444,3.545320563728301,0.43039305511501125,0.003053799970075488,"{""control"": ""european_terminal"", ""control_mean"": 7.1280646692617395, ""b_hat"": 0.7686187527108318, ""rho"": 0.7916927149885624, ""pilot_rho"": 0.8280510531526117, ""pilot_paths"": 256, ""total_paths_simulated"": 512, ""plain_std_error"": 0.6914335423761822, ""observed_vrf"": 2.6335644540392336, ""theoretical_vrf"": 2.6793658244097096}"
050cdc21354c,2026-09-25T10:50:10,tamzeed,master,deep_barrier,call,exact,importance,{},256,252,12,3699224139,LAPTOP-G689CP2J_AMD64,3.553438519079892,0.2382991583708959,3.0863807511267294,4.020496287033055,3.545320563728301,0.008117955351590656,0.06374420004431158,"{""theta"": 1.6323611831060643, ""theta0"": 1.6323611831060643, ""ESS"": 32.877620865064436, ""ESS_frac"": 0.12842820650415795, ""max_weight"": 29.444890589758945, ""max_weight_share"": 0.1379011395268927, ""mean_weight"": 0.8340692778961083, ""hit_rate_proposal"": 0.6015625, ""pilot_paths"": 10000, ""total_paths_simulated"": 10256, ""theta_grid"": [[0.0, 145.76011484465224], [0.40809029577651607, 69.15749963699186], [0.8161805915530321, 40.536508836480245], [1.2242708873295483, 29.19261080705832], [1.6323611831060643, 25.727170954321693], [2.0404514788825803, 27.6689918792643], [2.4485417746590965, 36.24508674484886]]}"
78cb62cd69a9,2026-09-25T10:50:10,tamzeed,master,asian_arith,call,exact,control_variate,{},256,252,12,1102229974,LAPTOP-G689CP2J_AMD64,3.16733289417496,0.013862809542426819,3.140162286747265,3.1945035016026546,,,0.0035870999563485384,"{""control"": ""geometric_asian"", ""control_mean"": 3.000200360178781, ""b_hat"": 1.0509557166658448, ""rho"": 0.9993322097482237, ""pilot_rho"": 0.999639460539708, ""pilot_paths"": 256, ""total_paths_simulated"": 512, ""plain_std_error"": 0.378542662173328, ""observed_vrf"": 745.6364856837839, ""theoretical_vrf"": 748.9881770422304}"
2d85433c98ec,2026-09-25T10:50:10,tamzeed,master,paper_barrier,call,exact,plain,{},256,252,12,2218565743,LAPTOP-G689CP2J_AMD64,7.557303721416144,0.8834315160385579,5.825809767172951,9.288797675659335,7.1055282627933245,0.4517754586228193,0.0012639999622479081,
49463c5e9feb,2026-09-25T10:50:10,tamzeed,master,paper_barrier,call,exact,control_variate,{},256,252,12,2029589984,LAPTOP-G689CP2J_AMD64,7.113443237910591,0.010359187413949903,7.093139603670148,7.1337468721510335,7.1055282627933245,0.007914975117266465,0.0036013999488204718,"{""control"": ""european_terminal"", ""control_mean"": 7.1280646692617395, ""b_hat"": 1.0013391160451233, ""rho"": 0.9999085176798629, ""pilot_rho"": 0.9994478476083476, ""pilot_paths"": 256, ""total_paths_simulated"": 512, ""plain_std_error"": 0.7644305530783595, ""observed_vrf"": 5445.336131195188, ""theoretical_vrf"": 5465.786950711822}"
5125ceaff7d9,2026-09-25T10:50:10,tamzeed,master,asian_arith,call,exact,antithetic,{},256,252,12,3316167577,LAPTOP-G689CP2J_AMD64,3.4606372161010235,0.36739375261326146,2.7405586928340124,4.1807157393680345,,,0.001309499959461391,"{""pairs"": 128, ""rho_pair"": -0.2653513314257723}"
93a4589d6db8,2026-09-25T10:50:10,tamzeed,master,paper_barrier,call,exact,antithetic,{},256,252,12,2357184498,LAPTOP-G689CP2J_AMD64,6.874262374434037,0.5748531298341792,5.747570943558919,8.000953805309157,7.1055282627933245,0.23126588835928708,0.0014416000340133905,"{""pairs"": 128, ""rho_pair"": -0.3601282429888773}"
29078ca98790,2026-09-25T10:50:10,tamzeed,master,paper_asian_geo,call,exact,rqmc,{},256,252,12,1259537543,LAPTOP-G689CP2J_AMD64,3.031702626480778,nan,nan,nan,3.000200360178781,0.03150226630199704,0.012998600024729967,"{""construction"": ""bridge"", ""sobol_dim"": 252, ""naive_iid_se"": 0.3654863224911393, ""se_valid"": false}"
c093faffdc1e,2026-09-25T10:50:10,tamzeed,master,paper_asian_geo,call,exact,plain,{},256,252,12,3370523194,LAPTOP-G689CP2J_AMD64,3.4684268075644495,0.40577748680270354,2.6731175476939733,4.263736067434926,3.000200360178781,0.46822644738566854,0.0016223000129684806,
2ab34ce3a990,2026-09-25T10:50:10,tamzeed,master,asian_arith,call,exact,rqmc,{},256,252,12,2464993213,LAPTOP-G689CP2J_AMD64,3.1224932586995156,nan,nan,nan,,,0.011822000029496849,"{""construction"": ""bridge"", ""sobol_dim"": 252, ""naive_iid_se"": 0.38258925604623356, ""se_valid"": false}"
c934dd3bde7e,2026-09-25T10:50:10,tamzeed,master,asian_arith,call,exact,plain,{},256,252,12,3913931690,LAPTOP-G689CP2J_AMD64,2.7031902914861865,0.3650794130415816,1.9876477904276642,3.418732792544709,,,0.001354200066998601,
55e5b7406dad,2026-09-25T10:50:10,tamzeed,master,paper_asian_geo,call,exact,antithetic,{},256,252,12,3755157957,LAPTOP-G689CP2J_AMD64,2.5107331540081557,0.2836571145593363,1.9547754255133043,3.066690882503007,3.000200360178781,0.48946720617062534,0.0015697999624535441,"{""pairs"": 128, ""rho_pair"": -0.23626629990467998}"
a8b736fd00a6,2026-09-25T10:50:10,tamzeed,master,deep_barrier,call,exact,antithetic,{},256,252,12,2650016434,LAPTOP-G689CP2J_AMD64,4.8213945176220605,0.7610184092381771,3.3298258439432695,6.3129631913008515,3.545320563728301,1.2760739538937593,0.0014072000049054623,"{""pairs"": 128, ""rho_pair"": -0.1353788449203034}"
2b4725882818,2026-09-25T10:50:10,tamzeed,master,paper_barrier,call,exact,antithetic,{},1024,252,12,4174327850,LAPTOP-G689CP2J_AMD64,7.427432823056568,0.3484652760026998,6.744453432228467,8.11041221388467,7.1055282627933245,0.32190456026324377,0.005606000078842044,"{""pairs"": 512, ""rho_pair"": -0.3106486649982622}"
1fba0f2d719d,2026-09-25T10:50:10,tamzeed,master,asian_arith,call,exact,plain,{},1024,252,12,2199494540,LAPTOP-G689CP2J_AMD64,3.167944911970722,0.19241769028792233,2.7908131690180116,3.5450766549234323,,,0.005781600018963218,
8cd6425033be,2026-09-25T10:50:10,tamzeed,master,deep_barrier,call,exact,importance,{},1024,252,12,2194175178,LAPTOP-G689CP2J_AMD64,3.4901587324372247,0.11739060178850351,3.2600773808082746,3.720240084066175,3.545320563728301,0.055161831291076435,0.06829059997107834,"{""theta"": 1.6323611831060643, ""theta0"": 1.6323611831060643, ""ESS"": 50.47733011087711, ""ESS_frac"": 0.04929426768640343, ""max_weight"": 124.19029558600751, ""max_weight_share"": 0.1229124394973268, ""mean_weight"": 0.9867153074921122, ""hit_rate_proposal"": 0.5986328125, ""pilot_paths"": 10000, ""total_paths_simulated"": 11024, ""theta_grid"": [[0.0, 143.52834018548896], [0.40809029577651607, 67.52732098515615], [0.8161805915530321, 39.28157892343528], [1.2242708873295483, 28.0939761805064], [1.6323611831060643, 24.60153398899141], [2.0404514788825803, 26.30223422960973], [2.4485417746590965, 34.268010341039336]]}"
5a9e5ce2c8f6,2026-09-25T10:50:10,tamzeed,master,paper_asian_geo,call,exact,antithetic,{},1024,252,12,2675093638,LAPTOP-G689CP2J_AMD64,2.8155335549112452,0.15187333812309634,2.5178672819781025,3.113199827844388,3.000200360178781,0.18466680526753576,0.010007399949245155,"{""pairs"": 512, ""rho_pair"": -0.2578310221647548}"
539db64365ce,2026-09-25T10:50:10,tamzeed,master,asian_arith,call,exact,antithetic,{},1024,252,12,363474521,LAPTOP-G689CP2J_AMD64,3.0725691126540666,0.17136864673731858,2.736692736969555,3.4084454883385784,,,0.005921800038777292,"{""pairs"": 512, ""rho_pair"": -0.23802510283958295}"
fd2a90cd94c6,2026-09-25T10:50:10,tamzeed,master,asian_arith,call,exact,control_variate,{},1024,252,12,626448549,LAPTOP-G689CP2J_AMD64,3.17641609053432,0.006819195293618849,3.163050713355282,3.1897814677133582,,,0.009795500081963837,"{""control"": ""geometric_asian"", ""control_mean"": 3.000200360178781, ""b_hat"": 1.0486763145436733, ""rho"": 0.9994705814886643, ""pilot_rho"": 0.9993101606020109, ""pilot_paths"": 256, ""total_paths_simulated"": 1280, ""plain_std_error"": 0.20913459351055083, ""observed_vrf"": 940.5578155457835, ""theoretical_vrf"": 944.6824751382361}"
808d727bfb96,2026-09-25T10:50:10,tamzeed,master,paper_barrier,call,exact,plain,{},1024,252,12,3272074008,LAPTOP-G689CP2J_AMD64,6.402090090621321,0.3812228155490613,5.654907102060205,7.1492730791824375,7.1055282627933245,0.7034381721720031,0.006637300015427172,
3c87d8c164f9,2026-09-25T10:50:10,tamzeed,master,asian_arith,call,exact,rqmc,{},1024,252,12,801164050,LAPTOP-G689CP2J_AMD64,3.1659662965355726,nan,nan,nan,,,0.023700700025074184,"{""construction"": ""bridge"", ""sobol_dim"": 252, ""naive_iid_se"": 0.19141920473948526, ""se_valid"": false}"
d403530c9888,2026-09-25T10:50:10,tamzeed,master,paper_asian_geo,call,exact,rqmc,{},1024,252,12,2493337718,LAPTOP-G689CP2J_AMD64,3.0134598410536366,nan,nan,nan,3.000200360178781,0.013259480874855623,0.024934399989433587,"{""construction"": ""bridge"", ""sobol_dim"": 252, ""naive_iid_se"": 0.18456241462014666, ""se_valid"": false}"
3b915ebe826d,2026-09-25T10:50:10,tamzeed,master,deep_barrier,call,exact,antithetic,{},1024,252,12,2504284257,LAPTOP-G689CP2J_AMD64,3.5007465207203396,0.3570741386884994,2.80089406908022,4.200598972360459,3.545320563728301,0.04457404300796153,0.005447100033052266,"{""pairs"": 512, ""rho_pair"": -0.08598076850713007}"
a66c6744d187,2026-09-25T10:50:10,tamzeed,master,deep_barrier,call,exact,plain,{},1024,252,12,193116975,LAPTOP-G689CP2J_AMD64,3.8932974268755705,0.37425182477494273,3.1597773291682874,4.626817524582854,3.545320563728301,0.3479768631472693,0.006625500041991472,
fa77e373c8cb,2026-09-25T10:50:10,tamzeed,master,deep_barrier,call,exact,control_variate,{},1024,252,12,4019016934,LAPTOP-G689CP2J_AMD64,3.3540597803851795,0.2010332671935469,2.96004181699141,3.748077743778949,3.545320563728301,0.1912607833431217,0.007768400013446808,"{""control"": ""european_terminal"", ""control_mean"": 7.1280646692617395, ""b_hat"": 0.8630933102690838, ""rho"": 0.8010060596419951, ""pilot_rho"": 0.8832900805537613, ""pilot_paths"": 256, ""total_paths_simulated"": 1280, ""plain_std_error"": 0.32331167498409236, ""observed_vrf"": 2.586466830833634, ""theoretical_vrf"": 2.7902619334871366}"
1178f028bfc5,2026-09-25T10:50:10,tamzeed,master,paper_barrier,call,exact,importance,{},1024,252,12,1717707747,LAPTOP-G689CP2J_AMD64,7.0933457127361175,0.18224772946854917,6.736146726713562,7.450544698758673,7.1055282627933245,0.012182550057207031,0.06935290002729744,"{""theta"": 0.6858575284033614, ""theta0"": 0.45723835226890763, ""ESS"": 660.6621485593114, ""ESS_frac"": 0.6451778794524525, ""max_weight"": 6.321717624932448, ""max_weight_share"": 0.0062140570865569416, ""mean_weight"": 0.9934817595180332, ""hit_rate_proposal"": 0.671875, ""pilot_paths"": 10000, ""total_paths_simulated"": 11024, ""theta_grid"": [[0.0, 206.3652844675634], [0.11430958806722691, 169.60654984711618], [0.22861917613445382, 142.06503076833894], [0.3429287642016807, 121.24211143716164], [0.45723835226890763, 105.39755813867008], [0.5715479403361345, 93.30678408287378], [0.6858575284033614, 84.10116685043018]]}"
0ddbfa3e1707,2026-09-25T10:50:10,tamzeed,master,paper_barrier,call,exact,rqmc,{},1024,252,12,2081200218,LAPTOP-G689CP2J_AMD64,7.109606082404582,nan,nan,nan,7.1055282627933245,0.004077819611257638,0.023051199968904257,"{""construction"": ""bridge"", ""sobol_dim"": 252, ""naive_iid_se"": 0.3980490945861318, ""se_valid"": false}"
78e76d42f6c6,2026-09-25T10:50:10,tamzeed,master,paper_asian_geo,call,exact,plain,{},1024,252,12,1600931543,LAPTOP-G689CP2J_AMD64,2.8151967369293427,0.1692520153457471,2.483468882540858,3.1469245913178274,3.000200360178781,0.1850036232494383,0.007321799988858402,
b28917adc2a2,2026-09-25T10:50:10,tamzeed,master,paper_barrier,call,exact,control_variate,{},1024,252,12,2388813741,LAPTOP-G689CP2J_AMD64,7.085512736994282,0.010167760595264638,7.065584292424138,7.1054411815644265,7.1055282627933245,0.020015525799042422,0.0077890000538900495,"{""control"": ""european_terminal"", ""control_mean"": 7.1280646692617395, ""b_hat"": 1.0006090765747035, ""rho"": 0.9996529359753464, ""pilot_rho"": 0.9997699053048432, ""pilot_paths"": 256, ""total_paths_simulated"": 1280, ""plain_std_error"": 0.38583303022854076, ""observed_vrf"": 1439.9525577671125, ""theoretical_vrf"": 1440.9064193981158}"
16e39737d9fa,2026-09-25T10:50:10,tamzeed,master,deep_barrier,call,exact,rqmc,{},1024,252,12,477038270,LAPTOP-G689CP2J_AMD64,3.4554745320090596,nan,nan,nan,3.545320563728301,0.08984603171924155,0.023538900073617697,"{""construction"": ""bridge"", ""sobol_dim"": 252, ""naive_iid_se"": 0.3614444509300348, ""se_valid"": false}"
cf7c0f80e591,2026-09-25T10:50:10,tamzeed,master,paper_barrier,call,exact,antithetic,{},4096,252,12,809791133,LAPTOP-G689CP2J_AMD64,7.2551338271908765,0.16560617704502723,6.930551684565259,7.579715969816494,7.1055282627933245,0.14960556439755202,0.029162900056689978,"{""pairs"": 2048, ""rho_pair"": -0.3185200216075702}"
4d064a3a3944,2026-09-25T10:50:11,tamzeed,master,paper_asian_geo,call,exact,antithetic,{},4096,252,12,215129957,LAPTOP-G689CP2J_AMD64,3.032184397418656,0.07937918319082336,2.876604057242435,3.187764737594877,3.000200360178781,0.031984037239875196,0.03308289998676628,"{""pairs"": 2048, ""rho_pair"": -0.2630074899111387}"
93581e733da3,2026-09-25T10:50:11,tamzeed,master,asian_arith,call,exact,plain,{},4096,252,12,76518492,LAPTOP-G689CP2J_AMD64,3.226234671055326,0.09628156483920837,3.0375262715953193,3.4149430705153323,,,0.027498300070874393,
853f80ab376e,2026-09-25T10:50:11,tamzeed,master,asian_arith,call,exact,rqmc,{},4096,252,12,3993714644,LAPTOP-G689CP2J_AMD64,3.1671796312661677,nan,nan,nan,,,0.07115820003673434,"{""construction"": ""bridge"", ""sobol_dim"": 252, ""naive_iid_se"": 0.09586358220467928, ""se_valid"": false}"
c659668028d1,2026-09-25T10:50:11,tamzeed,master,paper_asian_geo,call,exact,rqmc,{},4096,252,12,2437973509,LAPTOP-G689CP2J_AMD64,3.000153376257017,nan,nan,nan,3.000200360178781,4.698392176383237e-05,0.0828223000280559,"{""construction"": ""bridge"", ""sobol_dim"": 252, ""naive_iid_se"": 0.09189629723191835, ""se_valid"": false}"
8ef4686fadf3,2026-09-25T10:50:11,tamzeed,master,paper_barrier,call,exact,rqmc,{},4096,252,12,698249442,LAPTOP-G689CP2J_AMD64,7.100590561708147,nan,nan,nan,7.1055282627933245,0.004937701085177437,0.07011039997451007,"{""construction"": ""bridge"", ""sobol_dim"": 252, ""naive_iid_se"": 0.19627976731517588, ""se_valid"": false}"
fb6de134565b,2026-09-25T10:50:11,tamzeed,master,asian_arith,call,exact,antithetic,{},4096,252,12,2044653098,LAPTOP-G689CP2J_AMD64,3.142018331008269,0.08171708100209557,2.9818557953224194,3.3021808666941186,,,0.023454800015315413,"{""pairs"": 2048, ""rho_pair"": -0.2662186895679596}"
7247204f3ee6,2026-09-25T10:50:11,tamzeed,master,deep_barrier,call,exact,rqmc,{},4096,252,12,127692031,LAPTOP-G689CP2J_AMD64,3.3254536764970233,nan,nan,nan,3.545320563728301,0.2198668872312779,0.06729040003847331,"{""construction"": ""bridge"", ""sobol_dim"": 252, ""naive_iid_se"": 0.1791774491149524, ""se_valid"": false}"
8c2064919fcf,2026-09-25T10:50:11,tamzeed,master,deep_barrier,call,exact,plain,{},4096,252,12,214369585,LAPTOP-G689CP2J_AMD64,3.530198789906961,0.18540205719076058,3.166817435153435,3.893580144660487,3.545320563728301,0.015121773821340057,0.02389219996985048,
efe0822c9234,2026-09-25T10:50:11,tamzeed,master,asian_arith,call,exact,control_variate,{},4096,252,12,3312110124,LAPTOP-G689CP2J_AMD64,3.159495978929714,0.003109203876421187,3.153402051311336,3.165589906548092,,,0.03616579994559288,"{""control"": ""geometric_asian"", ""control_mean"": 3.000200360178781, ""b_hat"": 1.046212281331398, ""rho"": 0.9994718115309867, ""pilot_rho"": 0.9995772241166412, ""pilot_paths"": 410, ""total_paths_simulated"": 4506, ""plain_std_error"": 0.09555214780956173, ""observed_vrf"": 944.4576877539571, ""theoretical_vrf"": 946.8818638423908}"
df177f22a682,2026-09-25T10:50:11,tamzeed,master,deep_barrier,call,exact,antithetic,{},4096,252,12,1817980672,LAPTOP-G689CP2J_AMD64,3.5935440997323655,0.1776554227823056,3.24534586942081,3.941742330043921,3.545320563728301,0.04822353600406437,0.024519599974155426,"{""pairs"": 2048, ""rho_pair"": -0.09108734617597633}"
fdeb0cf00951,2026-09-25T10:50:11,tamzeed,master,paper_barrier,call,exact,plain,{},4096,252,12,1701759528,LAPTOP-G689CP2J_AMD64,6.846830767594646,0.18870035504243413,6.476984867841554,7.2166766673477385,7.1055282627933245,0.25869749519867824,0.02583910000976175,
3838557f9c39,2026-09-25T10:50:11,tamzeed,master,paper_asian_geo,call,exact,plain,{},4096,252,12,3008797866,LAPTOP-G689CP2J_AMD64,3.024059808309593,0.09407960802786977,2.8396671648953227,3.208452451723863,3.000200360178781,0.023859448130811867,0.03035209991503507,
5ddab9989551,2026-09-25T10:50:11,tamzeed,master,paper_barrier,call,exact,importance,{},4096,252,12,1372204746,LAPTOP-G689CP2J_AMD64,7.150536761906973,0.09172156066528836,6.970765806397202,7.330307717416744,7.1055282627933245,0.04500849911364835,0.08808969997335225,"{""theta"": 0.6858575284033614, ""theta0"": 0.45723835226890763, ""ESS"": 2573.3737341425926, ""ESS_frac"": 0.6282650718121564, ""max_weight"": 7.242217465464082, ""max_weight_share"": 0.0017840789962847163, ""mean_weight"": 0.9910544892274196, ""hit_rate_proposal"": 0.67626953125, ""pilot_paths"": 10000, ""total_paths_simulated"": 14096, ""theta_grid"": [[0.0, 209.00098724870776], [0.11430958806722691, 171.36783840765963], [0.22861917613445382, 143.23021242850805], [0.3429287642016807, 121.99870632944182], [0.45723835226890763, 105.87286631683554], [0.5715479403361345, 93.58788795170008], [0.6858575284033614, 84.24811909929686]]}"
ad5bbe53aa7d,2026-09-25T10:50:11,tamzeed,master,deep_barrier,call,exact,importance,{},4096,252,12,1768421205,LAPTOP-G689CP2J_AMD64,3.33504786182647,0.05817687598170757,3.2210232801692698,3.4490724434836704,3.545320563728301,0.21027270190183112,0.08889510005246848,"{""theta"": 1.6323611831060643, ""theta0"": 1.6323611831060643, ""ESS"": 441.20209502902765, ""ESS_frac"": 0.1077153552316962, ""max_weight"": 79.186073495537, ""max_weight_share"": 0.01846526376177355, ""mean_weight"": 1.0469678486000402, ""hit_rate_proposal"": 0.57763671875, ""pilot_paths"": 10000, ""total_paths_simulated"": 14096, ""theta_grid"": [[0.0, 143.14368353331577], [0.40809029577651607, 67.35469573206115], [0.8161805915530321, 39.190367512618934], [1.2242708873295483, 28.041787014267484], [1.6323611831060643, 24.57810296276062], [2.0404514788825803, 26.31774450229199], [2.4485417746590965, 34.367453462870806]]}"
e8c3692b967a,2026-09-25T10:50:11,tamzeed,master,deep_barrier,call,exact,control_variate,{},4096,252,12,1942913640,LAPTOP-G689CP2J_AMD64,3.2812813415360056,0.09979803535527822,3.0856807865118054,3.4768818965602057,3.545320563728301,0.2640392221922956,0.029657999984920025,"{""control"": ""european_terminal"", ""control_mean"": 7.1280646692617395, ""b_hat"": 0.8164420568882356, ""rho"": 0.8132272683738921, ""pilot_rho"": 0.8634572769205081, ""pilot_paths"": 410, ""total_paths_simulated"": 4506, ""plain_std_error"": 0.16942269154412254, ""observed_vrf"": 2.882034466610754, ""theoretical_vrf"": 2.952801738111582}"
1cd73247cc42,2026-09-25T10:50:11,tamzeed,master,paper_barrier,call,exact,control_variate,{},4096,252,12,4220929497,LAPTOP-G689CP2J_AMD64,7.096325360495463,0.004792640275245651,7.086931958165126,7.1057187628258,7.1055282627933245,0.00920290229786147,0.0283151000039652,"{""control"": ""european_terminal"", ""control_mean"": 7.1280646692617395, ""b_hat"": 1.0004250699531956, ""rho"": 0.9997047161746677, ""pilot_rho"": 0.9999375340726675, ""pilot_paths"": 410, ""total_paths_simulated"": 4506, ""plain_std_error"": 0.19720534355228606, ""observed_vrf"": 1693.1198097334852, ""theoretical_vrf"": 1693.536147109634}"
b54f4edd03ef,2026-09-25T10:50:11,tamzeed,master,deep_barrier,call,exact,rqmc,{},16384,252,12,151861889,LAPTOP-G689CP2J_AMD64,3.3660800124092756,nan,nan,nan,3.545320563728301,0.1792405513190256,0.2271863000933081,"{""construction"": ""bridge"", ""sobol_dim"": 252, ""naive_iid_se"": 0.08982773610806227, ""se_valid"": false}"
aee51ddacce5,2026-09-25T10:50:12,tamzeed,master,asian_arith,call,exact,rqmc,{},16384,252,12,678615198,LAPTOP-G689CP2J_AMD64,3.163081971329263,nan,nan,nan,,,0.2362786999437958,"{""construction"": ""bridge"", ""sobol_dim"": 252, ""naive_iid_se"": 0.04795386748460278, ""se_valid"": false}"
9613ef82c86d,2026-09-25T10:50:12,tamzeed,master,deep_barrier,call,exact,plain,{},16384,252,12,3648702950,LAPTOP-G689CP2J_AMD64,3.5954209168817757,0.09266271736055734,3.413805328145469,3.7770365056180824,3.545320563728301,0.0501003531534745,0.11395879997871816,
7f01b52a24c9,2026-09-25T10:50:12,tamzeed,master,paper_barrier,call,exact,rqmc,{},16384,252,12,3507666962,LAPTOP-G689CP2J_AMD64,7.095046994986449,nan,nan,nan,7.1055282627933245,0.01048126780687575,0.24412609997671098,"{""construction"": ""bridge"", ""sobol_dim"": 252, ""naive_iid_se"": 0.0980170493045576, ""se_valid"": false}"
1314ca1068fe,2026-09-25T10:50:12,tamzeed,master,paper_asian_geo,call,exact,plain,{},16384,252,12,3850978779,LAPTOP-G689CP2J_AMD64,2.9149575557965974,0.04510682472009282,2.8265498038882546,3.0033653077049403,3.000200360178781,0.08524280438218357,0.1210294000338763,
7f0067730580,2026-09-25T10:50:12,tamzeed,master,paper_asian_geo,call,exact,rqmc,{},16384,252,12,1920104569,LAPTOP-G689CP2J_AMD64,2.999187369834249,nan,nan,nan,3.000200360178781,0.00101299034453195,0.2596972999162972,"{""construction"": ""bridge"", ""sobol_dim"": 252, ""naive_iid_se"": 0.04583724098381167, ""se_valid"": false}"
1c8a06185a26,2026-09-25T10:50:13,tamzeed,master,asian_arith,call,exact,plain,{},16384,252,12,3567913769,LAPTOP-G689CP2J_AMD64,3.182259727178966,0.047900637079298314,3.0883762036670177,3.2761432506909145,,,0.09958599996753037,
0078e45037c3,2026-09-25T10:50:13,tamzeed,master,deep_barrier,call,exact,antithetic,{},16384,252,12,997570429,LAPTOP-G689CP2J_AMD64,3.279357387377167,0.08367385425630483,3.115359646587156,3.4433551281671777,3.545320563728301,0.2659631763511343,0.08812390000093728,"{""pairs"": 8192, ""rho_pair"": -0.08573525430777505}"
c60615a5129c,2026-09-25T10:50:13,tamzeed,master,paper_asian_geo,call,exact,antithetic,{},16384,252,12,2303196882,LAPTOP-G689CP2J_AMD64,2.966141992751063,0.039123645570657506,2.8894610564886642,3.042822929013462,3.000200360178781,0.03405836742771795,0.1261802000226453,"{""pairs"": 8192, ""rho_pair"": -0.2596981956182723}"
29f78871d540,2026-09-25T10:50:13,tamzeed,master,paper_barrier,call,exact,plain,{},16384,252,12,2696429847,LAPTOP-G689CP2J_AMD64,7.107795704369358,0.09876498245486906,6.914219895824084,7.301371512914631,7.1055282627933245,0.0022674415760333133,0.09488790004979819,
488d2d8e5505,2026-09-25T10:50:13,tamzeed,master,deep_barrier,call,exact,control_variate,{},16384,252,12,2705366199,LAPTOP-G689CP2J_AMD64,3.3879363299668013,0.05072694251498258,3.288513349591602,3.4873593103420006,3.545320563728301,0.1573842337614999,0.10884969995822757,"{""control"": ""european_terminal"", ""control_mean"": 7.1280646692617395, ""b_hat"": 0.752498511929248, ""rho"": 0.833677268165882, ""pilot_rho"": 0.8220624999767737, ""pilot_paths"": 1639, ""total_paths_simulated"": 18023, ""plain_std_error"": 0.0918113690332313, ""observed_vrf"": 3.2757862325134233, ""theoretical_vrf"": 3.2788797473146407}"
f07614c3a1ed,2026-09-25T10:50:13,tamzeed,master,deep_barrier,call,exact,importance,{},16384,252,12,1636719471,LAPTOP-G689CP2J_AMD64,3.3544586275737776,0.02873287726637238,3.298143222959478,3.410774032188077,3.545320563728301,0.19086193615452363,0.16715090000070632,"{""theta"": 1.6323611831060643, ""theta0"": 1.6323611831060643, ""ESS"": 1593.7319514554424, ""ESS_frac"": 0.09727367867770034, ""max_weight"": 104.93941854880421, ""max_weight_share"": 0.006391643142699995, ""mean_weight"": 1.002088768867778, ""hit_rate_proposal"": 0.58599853515625, ""pilot_paths"": 10000, ""total_paths_simulated"": 26384, ""theta_grid"": [[0.0, 144.11891733569317], [0.40809029577651607, 68.04126001950402], [0.8161805915530321, 39.67489918790376], [1.2242708873295483, 28.401838494853237], [1.6323611831060643, 24.854108704705148], [2.0404514788825803, 26.50917901751813], [2.4485417746590965, 34.39766050899179]]}"
602cbf235a3b,2026-09-25T10:50:13,tamzeed,master,asian_arith,call,exact,antithetic,{},16384,252,12,3082409208,LAPTOP-G689CP2J_AMD64,3.1526227670584444,0.04102340367444559,3.072218373333283,3.233027160783606,,,0.08853970002382994,"{""pairs"": 8192, ""rho_pair"": -0.2649751293816442}"
f17427c5f069,2026-09-25T10:50:13,tamzeed,master,asian_arith,call,exact,control_variate,{},16384,252,12,1009741143,LAPTOP-G689CP2J_AMD64,3.1635325103349903,0.0016058275019823487,3.160385146265721,3.1666798744042595,,,0.14070220000576228,"{""control"": ""geometric_asian"", ""control_mean"": 3.000200360178781, ""b_hat"": 1.048986220612752, ""rho"": 0.9994795759238412, ""pilot_rho"": 0.9994675010288315, ""pilot_paths"": 1639, ""total_paths_simulated"": 18023, ""plain_std_error"": 0.04951357978365368, ""observed_vrf"": 950.7161469307858, ""theoretical_vrf"": 961.0050011029045}"
2704a5f6e441,2026-09-25T10:50:14,tamzeed,master,paper_barrier,call,exact,importance,{},16384,252,12,1748235933,LAPTOP-G689CP2J_AMD64,7.10419012522349,0.04552015697261624,7.014972256986552,7.193407993460428,7.1055282627933245,0.0013381375698342524,0.17934670008253306,"{""theta"": 0.6858575284033614, ""theta0"": 0.45723835226890763, ""ESS"": 10161.086269397761, ""ESS_frac"": 0.620183488122422, ""max_weight"": 12.643220497132, ""max_weight_share"": 0.0007744450444984581, ""mean_weight"": 0.99643085591103, ""hit_rate_proposal"": 0.6781005859375, ""pilot_paths"": 10000, ""total_paths_simulated"": 26384, ""theta_grid"": [[0.0, 206.12424756439208], [0.11430958806722691, 169.43933191510882], [0.22861917613445382, 141.92107259031215], [0.3429287642016807, 121.10013140337213], [0.45723835226890763, 105.2504446781639], [0.5715479403361345, 93.15389397188737], [0.6858575284033614, 83.9445001634722]]}"
7f83629c4b81,2026-09-25T10:50:14,tamzeed,master,paper_barrier,call,exact,antithetic,{},16384,252,12,349332478,LAPTOP-G689CP2J_AMD64,7.057863275757578,0.08039707387688548,6.900287906496477,7.215438645018679,7.1055282627933245,0.04766498703574662,0.09684110002126545,"{""pairs"": 8192, ""rho_pair"": -0.31994507667806504}"
069f17855b3a,2026-09-25T10:50:14,tamzeed,master,paper_barrier,call,exact,control_variate,{},16384,252,12,3571510865,LAPTOP-G689CP2J_AMD64,7.095136296589361,0.0024591761144736185,7.090316399973352,7.0999561932053705,7.1055282627933245,0.010391966203963321,0.11953080003149807,"{""control"": ""european_terminal"", ""control_mean"": 7.1280646692617395, ""b_hat"": 1.0008620489870583, ""rho"": 0.9996918203181664, ""pilot_rho"": 0.9996950880289981, ""pilot_paths"": 1639, ""total_paths_simulated"": 18023, ""plain_std_error"": 0.09906177031852903, ""observed_vrf"": 1622.6800843004246, ""theoretical_vrf"": 1622.6801644377772}"
6cced61b891e,2026-09-25T10:50:14,tamzeed,master,deep_barrier,call,exact,plain,{},65536,252,12,2283610320,LAPTOP-G689CP2J_AMD64,3.350428060223338,0.04443250034163349,3.2633419598106723,3.4375141606360033,3.545320563728301,0.19489250350496334,0.46264140005223453,
68ca7ad1a143,2026-09-25T10:50:15,tamzeed,master,paper_barrier,call,exact,importance,{},65536,252,12,2034554065,LAPTOP-G689CP2J_AMD64,7.07648200544509,0.02286648252241831,7.031664523248035,7.121299487642145,7.1055282627933245,0.029046257348234406,0.47174639999866486,"{""theta"": 0.6858575284033614, ""theta0"": 0.45723835226890763, ""ESS"": 41056.88844700728, ""ESS_frac"": 0.6264784003754773, ""max_weight"": 12.125643092508126, ""max_weight_share"": 0.00018446246499240464, ""mean_weight"": 1.003036743563847, ""hit_rate_proposal"": 0.671173095703125, ""pilot_paths"": 10000, ""total_paths_simulated"": 75536, ""theta_grid"": [[0.0, 204.01645276840645], [0.11430958806722691, 167.84628302789974], [0.22861917613445382, 140.70346919474625], [0.3429287642016807, 120.15825156264012], [0.45723835226890763, 104.51251528489993], [0.5715479403361345, 92.56793092242367], [0.6858575284033614, 83.47258236380223]]}"
07744697014f,2026-09-25T10:50:15,tamzeed,master,deep_barrier,call,exact,importance,{},65536,252,12,2649024828,LAPTOP-G689CP2J_AMD64,3.4214554279979352,0.014427466234301732,3.393178113790536,3.4497327422053345,3.545320563728301,0.12386513573036595,0.5069746000226587,"{""theta"": 1.6323611831060643, ""theta0"": 1.6323611831060643, ""ESS"": 5332.085450357485, ""ESS_frac"": 0.08136116715023017, ""max_weight"": 259.62941433767895, ""max_weight_share"": 0.003987794033247889, ""mean_weight"": 0.9934390880695702, ""hit_rate_proposal"": 0.5983123779296875, ""pilot_paths"": 10000, ""total_paths_simulated"": 75536, ""theta_grid"": [[0.0, 145.7098866189403], [0.40809029577651607, 68.77052016497483], [0.8161805915530321, 40.13348255999571], [1.2242708873295483, 28.80747321396891], [1.6323611831060643, 25.334753787339544], [2.0404514788825803, 27.225513003594976], [2.4485417746590965, 35.687924497464095]]}"
7d2a88fa8cb2,2026-09-25T10:50:16,tamzeed,master,asian_arith,call,exact,control_variate,{},65536,252,12,1269096358,LAPTOP-G689CP2J_AMD64,3.1642584926219905,0.0007758202365765936,3.162737912899823,3.165779072344158,,,0.5981544000096619,"{""control"": ""geometric_asian"", ""control_mean"": 3.000200360178781, ""b_hat"": 1.0460640850640832, ""rho"": 0.9994684383386333, ""pilot_rho"": 0.9995020664636975, ""pilot_paths"": 6554, ""total_paths_simulated"": 72090, ""plain_std_error"": 0.023797044995969928, ""observed_vrf"": 940.8575111580644, ""theoretical_vrf"": 940.8747133090083}"
e271ea3bcfa4,2026-09-25T10:50:17,tamzeed,master,deep_barrier,call,exact,rqmc,{},65536,252,12,565371314,LAPTOP-G689CP2J_AMD64,3.3755158561451717,nan,nan,nan,3.545320563728301,0.1698047075831295,0.9837785999989137,"{""construction"": ""bridge"", ""sobol_dim"": 252, ""naive_iid_se"": 0.04493416941207609, ""se_valid"": false}"
fb238625e693,2026-09-25T10:50:17,tamzeed,master,paper_barrier,call,exact,antithetic,{},65536,252,12,2157794142,LAPTOP-G689CP2J_AMD64,7.04514610634406,0.04047999594705782,6.965806772193499,7.12448544049462,7.1055282627933245,0.06038215644926481,0.45134889998007566,"{""pairs"": 32768, ""rho_pair"": -0.3161131943747571}"
b13c7d724d90,2026-09-25T10:50:18,tamzeed,master,paper_asian_geo,call,exact,antithetic,{},65536,252,12,3476453621,LAPTOP-G689CP2J_AMD64,3.009538930996264,0.019735414971828683,2.9708582284315272,3.048219633561001,3.000200360178781,0.009338570817483127,0.5066755000734702,"{""pairs"": 32768, ""rho_pair"": -0.26191702372677544}"
bf5446768e98,2026-09-25T10:50:18,tamzeed,master,paper_barrier,call,exact,control_variate,{},65536,252,12,2445999929,LAPTOP-G689CP2J_AMD64,7.094611781039001,0.0012307275931431711,7.092199599281661,7.097023962796341,7.1055282627933245,0.01091648175432347,0.44435399991925806,"{""control"": ""european_terminal"", ""control_mean"": 7.1280646692617395, ""b_hat"": 1.0007554294059609, ""rho"": 0.99968108440156, ""pilot_rho"": 0.9996980032528006, ""pilot_paths"": 6554, ""total_paths_simulated"": 72090, ""plain_std_error"": 0.048734670121372746, ""observed_vrf"": 1568.0221241735128, ""theoretical_vrf"": 1568.062973593044}"
ee5f925551fc,2026-09-25T10:50:19,tamzeed,master,paper_barrier,call,exact,rqmc,{},65536,252,12,2264038146,LAPTOP-G689CP2J_AMD64,7.094827281865662,nan,nan,nan,7.1055282627933245,0.010700980927662584,0.9832269001053646,"{""construction"": ""bridge"", ""sobol_dim"": 252, ""naive_iid_se"": 0.04903896786913986, ""se_valid"": false}"
eee0133a1d0a,2026-09-25T10:50:20,tamzeed,master,asian_arith,call,exact,rqmc,{},65536,252,12,1036830086,LAPTOP-G689CP2J_AMD64,3.1631548991704763,nan,nan,nan,,,0.976454499992542,"{""construction"": ""bridge"", ""sobol_dim"": 252, ""naive_iid_se"": 0.023982979768946488, ""se_valid"": false}"
9510941ea510,2026-09-25T10:50:21,tamzeed,master,paper_asian_geo,call,exact,rqmc,{},65536,252,12,1199937977,LAPTOP-G689CP2J_AMD64,2.9994817045522053,nan,nan,nan,3.000200360178781,0.0007186556265756927,1.1340175000950694,"{""construction"": ""bridge"", ""sobol_dim"": 252, ""naive_iid_se"": 0.02292970343245398, ""se_valid"": false}"
68298a45ba6f,2026-09-25T10:50:22,tamzeed,master,paper_asian_geo,call,exact,plain,{},65536,252,12,3400969723,LAPTOP-G689CP2J_AMD64,2.9744963782555844,0.02271266644888825,2.9299803700228924,3.0190123864882765,3.000200360178781,0.02570398192319656,0.5293347000842914,
6adde5f008ae,2026-09-25T10:50:23,tamzeed,master,deep_barrier,call,exact,control_variate,{},65536,252,12,2883181061,LAPTOP-G689CP2J_AMD64,3.399438080414371,0.02506667469690593,3.350308300796254,3.448567860032488,3.545320563728301,0.14588248331393006,0.6538926999783143,"{""control"": ""european_terminal"", ""control_mean"": 7.1280646692617395, ""b_hat"": 0.7808546415996798, ""rho"": 0.832136224686245, ""pilot_rho"": 0.8427690626851323, ""pilot_paths"": 6554, ""total_paths_simulated"": 72090, ""plain_std_error"": 0.04517954791229741, ""observed_vrf"": 3.2485556557910584, ""theoretical_vrf"": 3.2515111834382733}"
cf003cc3a6cd,2026-09-25T10:50:23,tamzeed,master,deep_barrier,call,exact,antithetic,{},65536,252,12,3831164819,LAPTOP-G689CP2J_AMD64,3.3694557031367376,0.042758748461568234,3.2856500961280566,3.4532613101454186,3.545320563728301,0.1758648605915636,0.4652282000752166,"{""pairs"": 32768, ""rho_pair"": -0.08652774435421953}"
53bc5c7aaabb,2026-09-25T10:50:23,tamzeed,master,asian_arith,call,exact,plain,{},65536,252,12,3423370492,LAPTOP-G689CP2J_AMD64,3.1301575000310042,0.02389827548297766,3.0833177407917516,3.176997259270257,,,0.46344540000427514,
e0cf26812616,2026-09-25T10:50:24,tamzeed,master,asian_arith,call,exact,antithetic,{},65536,252,12,3961627630,LAPTOP-G689CP2J_AMD64,3.138219154247506,0.020460783389785745,3.098116755708051,3.1783215527869615,,,0.4053312001051381,"{""pairs"": 32768, ""rho_pair"": -0.2641474489152004}"
83be521d8560,2026-09-25T10:50:24,tamzeed,master,paper_barrier,call,exact,plain,{},65536,252,12,3837003171,LAPTOP-G689CP2J_AMD64,7.079555455584394,0.04900301330039832,6.983511314381676,7.175599596787112,7.1055282627933245,0.02597280720893025,0.40009799995459616,
c1fa9534cede,2026-09-25T10:50:24,tamzeed,master,paper_barrier,call,exact,rqmc,{},256,252,13,2696420170,LAPTOP-G689CP2J_AMD64,7.064482978746131,nan,nan,nan,7.1055282627933245,0.04104528404719332,0.012554700020700693,"{""construction"": ""bridge"", ""sobol_dim"": 252, ""naive_iid_se"": 0.7763779938441501, ""se_valid"": false}"
8c8fc3a1bbc2,2026-09-25T10:50:24,tamzeed,master,paper_barrier,call,exact,plain,{},256,252,13,1633363392,LAPTOP-G689CP2J_AMD64,5.848489313616337,0.7098515027236992,4.45720593390625,7.239772693326424,7.1055282627933245,1.2570389491769873,0.0013334000250324607,
57c12a784218,2026-09-25T10:50:24,tamzeed,master,paper_barrier,call,exact,control_variate,{},256,252,13,2838496238,LAPTOP-G689CP2J_AMD64,7.094840324344362,0.020064153501688078,7.055515306100769,7.134165342587954,7.1055282627933245,0.010687938448962875,0.0030141000170260668,"{""control"": ""european_terminal"", ""control_mean"": 7.1280646692617395, ""b_hat"": 1.0020101812363407, ""rho"": 0.9995830640229383, ""pilot_rho"": 0.9991527400252537, ""pilot_paths"": 256, ""total_paths_simulated"": 512, ""plain_std_error"": 0.694478649330687, ""observed_vrf"": 1198.053227977443, ""theoretical_vrf"": 1199.4749391805308}"
d45f781bd059,2026-09-25T10:50:24,tamzeed,master,paper_asian_geo,call,exact,antithetic,{},256,252,13,3777330355,LAPTOP-G689CP2J_AMD64,3.168218866226373,0.3352969442279088,2.5110489314133364,3.8253888010394093,3.000200360178781,0.16801850604759183,0.001754899974912405,"{""pairs"": 128, ""rho_pair"": -0.26205115495559544}"
af4fb4da58f1,2026-09-25T10:50:24,tamzeed,master,asian_arith,call,exact,rqmc,{},256,252,13,3473375566,LAPTOP-G689CP2J_AMD64,3.159552890731611,nan,nan,nan,,,0.012151399976573884,"{""construction"": ""bridge"", ""sobol_dim"": 252, ""naive_iid_se"": 0.3707690450080408, ""se_valid"": false}"
f53be6fe7eff,2026-09-25T10:50:24,tamzeed,master,deep_barrier,call,exact,rqmc,{},256,252,13,1849097190,LAPTOP-G689CP2J_AMD64,3.1512674047503886,nan,nan,nan,3.545320563728301,0.3940531589779126,0.012028099969029427,"{""construction"": ""bridge"", ""sobol_dim"": 252, ""naive_iid_se"": 0.6925260377166377, ""se_valid"": false}"
5e0bf7a1292e,2026-09-25T10:50:24,tamzeed,master,paper_barrier,call,exact,importance,{},256,252,13,731172104,LAPTOP-G689CP2J_AMD64,7.344334110406746,0.3644496328459115,6.630025955849914,8.058642264963579,7.1055282627933245,0.23880584761342138,0.06244370003696531,"{""theta"": 0.6858575284033614, ""theta0"": 0.45723835226890763, ""ESS"": 121.53219705144204, ""ESS_frac"": 0.47473514473219547, ""max_weight"": 12.924816595757633, ""max_weight_share"": 0.048497822815490185, ""mean_weight"": 1.0410274502271584, ""hit_rate_proposal"": 0.6796875, ""pilot_paths"": 10000, ""total_paths_simulated"": 10256, ""theta_grid"": [[0.0, 208.77760404920312], [0.11430958806722691, 171.41768613591785], [0.22861917613445382, 143.421673357277], [0.3429287642016807, 122.25615544260668], [0.45723835226890763, 106.15331386353368], [0.5715479403361345, 93.86733835195757], [0.6858575284033614, 84.5135590288857]]}"
a5df641714b0,2026-09-25T10:50:24,tamzeed,master,paper_asian_geo,call,exact,rqmc,{},256,252,13,744284552,LAPTOP-G689CP2J_AMD64,2.9940730440706416,nan,nan,nan,3.000200360178781,0.006127316108139436,0.01182020001579076,"{""construction"": ""bridge"", ""sobol_dim"": 252, ""naive_iid_se"": 0.3687646691728165, ""se_valid"": false}"
a6cbfc5e4aab,2026-09-25T10:50:24,tamzeed,master,deep_barrier,call,exact,antithetic,{},256,252,13,605866090,LAPTOP-G689CP2J_AMD64,3.1404089292376036,0.6837993593554496,1.8001868122493605,4.480631046225847,3.545320563728301,0.40491163449069756,0.0014257000293582678,"{""pairs"": 128, ""rho_pair"": -0.07412360249572453}"
1b3791d1a940,2026-09-25T10:50:24,tamzeed,master,paper_barrier,call,exact,antithetic,{},256,252,13,3882224363,LAPTOP-G689CP2J_AMD64,7.532402997578607,0.670591039235205,6.218068712322318,8.846737282834894,7.1055282627933245,0.42687473478528215,0.0011727999662980437,"{""pairs"": 128, ""rho_pair"": -0.3347952891458126}"
781750ed7640,2026-09-25T10:50:24,tamzeed,master,deep_barrier,call,exact,plain,{},256,252,13,4272457832,LAPTOP-G689CP2J_AMD64,3.470708287255322,0.7543114880503123,1.9922849375518943,4.949131636958749,3.545320563728301,0.0746122764729793,0.0011370000429451466,
2032c959fc56,2026-09-25T10:50:24,tamzeed,master,paper_asian_geo,call,exact,plain,{},256,252,13,4123639237,LAPTOP-G689CP2J_AMD64,2.6861250103104353,0.35620156195208086,1.987982777647444,3.3842672429734266,3.000200360178781,0.31407534986834573,0.0014238000148907304,
facddae01eb9,2026-09-25T10:50:24,tamzeed,master,deep_barrier,call,exact,control_variate,{},256,252,13,666610410,LAPTOP-G689CP2J_AMD64,3.0673229109857427,0.42523513058676765,2.2338773700744916,3.900768451896994,3.545320563728301,0.47799765274255845,0.0026856999611482024,"{""control"": ""european_terminal"", ""control_mean"": 7.1280646692617395, ""b_hat"": 0.6683155582724674, ""rho"": 0.8337501484227334, ""pilot_rho"": 0.7671986600734757, ""pilot_paths"": 256, ""total_paths_simulated"": 512, ""plain_std_error"": 0.7590474469252844, ""observed_vrf"": 3.1862479934747956, ""theoretical_vrf"": 3.280186763283156}"
67a2aac4591d,2026-09-25T10:50:24,tamzeed,master,deep_barrier,call,exact,importance,{},256,252,13,1866692709,LAPTOP-G689CP2J_AMD64,3.4585045139729456,0.24259072634570827,2.9830354273519455,3.9339736005939456,3.545320563728301,0.08681604975535562,0.06464340002276003,"{""theta"": 1.6323611831060643, ""theta0"": 1.6323611831060643, ""ESS"": 27.326336648632765, ""ESS_frac"": 0.10674350253372174, ""max_weight"": 28.091911901553093, ""max_weight_share"": 0.12353175601846693, ""mean_weight"": 0.8883062493585656, ""hit_rate_proposal"": 0.58984375, ""pilot_paths"": 10000, ""total_paths_simulated"": 10256, ""theta_grid"": [[0.0, 142.4537533371725], [0.40809029577651607, 67.34908329369668], [0.8161805915530321, 39.40602182154942], [1.2242708873295483, 28.3659202706805], [1.6323611831060643, 25.010867652673696], [2.0404514788825803, 26.927279625473044], [2.4485417746590965, 35.32202302274004]]}"
2fe256a4f654,2026-09-25T10:50:24,tamzeed,master,asian_arith,call,exact,antithetic,{},256,252,13,1963773269,LAPTOP-G689CP2J_AMD64,3.4727590191350366,0.37089545540038055,2.745817284520709,4.199700753749364,,,0.00152780010830611,"{""pairs"": 128, ""rho_pair"": -0.26513048046405313}"
7ad3ddbfd4ad,2026-09-25T10:50:25,tamzeed,master,asian_arith,call,exact,control_variate,{},256,252,13,138699207,LAPTOP-G689CP2J_AMD64,3.16564675485461,0.009691906710213909,3.1466509667610687,3.1846425429481515,,,0.003738500061444938,"{""control"": ""geometric_asian"", ""control_mean"": 3.000200360178781, ""b_hat"": 1.043835986973081, ""rho"": 0.9995640632357385, ""pilot_rho"": 0.9994859068773095, ""pilot_paths"": 256, ""total_paths_simulated"": 512, ""plain_std_error"": 0.3278447152609572, ""observed_vrf"": 1144.2421046248069, ""theoretical_vrf"": 1147.2053952563067}"
97fefd027abb,2026-09-25T10:50:25,tamzeed,master,asian_arith,call,exact,plain,{},256,252,13,2641330180,LAPTOP-G689CP2J_AMD64,3.8075472679166165,0.41135197257228595,3.001312216705428,4.613782319127805,,,0.0012203999795019627,
aa2504d36260,2026-09-25T10:50:25,tamzeed,master,paper_barrier,call,exact,rqmc,{},1024,252,13,1556945106,LAPTOP-G689CP2J_AMD64,7.094601926391096,nan,nan,nan,7.1055282627933245,0.010926336402228287,0.023183500044979155,"{""construction"": ""bridge"", ""sobol_dim"": 252, ""naive_iid_se"": 0.392513796612056, ""se_valid"": false}"
be005fd63925,2026-09-25T10:50:25,tamzeed,master,asian_arith,call,exact,control_variate,{},1024,252,13,3173617602,LAPTOP-G689CP2J_AMD64,3.173024351873266,0.0068436318716876944,3.1596110798813077,3.186437623865224,,,0.009909400017932057,"{""control"": ""geometric_asian"", ""control_mean"": 3.000200360178781, ""b_hat"": 1.0407728299315806, ""rho"": 0.9994232436328825, ""pilot_rho"": 0.9996368856310434, ""pilot_paths"": 256, ""total_paths_simulated"": 1280, ""plain_std_error"": 0.19506721304751679, ""observed_vrf"": 812.447446368326, ""theoretical_vrf"": 867.16724634416}"
a511090564b3,2026-09-25T10:50:25,tamzeed,master,asian_arith,call,exact,plain,{},1024,252,13,3756570957,LAPTOP-G689CP2J_AMD64,2.9187746486440798,0.183222439619376,2.559665265830538,3.2778840314576216,,,0.006313799996860325,
e40745a7dc3c,2026-09-25T10:50:25,tamzeed,master,deep_barrier,call,exact,importance,{},1024,252,13,4049963791,LAPTOP-G689CP2J_AMD64,3.5215672432166163,0.11728183777810093,3.2916990651308695,3.751435421302363,3.545320563728301,0.023753320511684883,0.06797470001038164,"{""theta"": 1.6323611831060643, ""theta0"": 1.6323611831060643, ""ESS"": 28.58863179434285, ""ESS_frac"": 0.027918585736662938, ""max_weight"": 162.07660560979636, ""max_weight_share"": 0.15010690632182833, ""mean_weight"": 1.054434729515175, ""hit_rate_proposal"": 0.6142578125, ""pilot_paths"": 10000, ""total_paths_simulated"": 11024, ""theta_grid"": [[0.0, 145.64458453961933], [0.40809029577651607, 68.7970386570142], [0.8161805915530321, 40.183953008448555], [1.2242708873295483, 28.864179097989847], [1.6323611831060643, 25.395369407560782], [2.0404514788825803, 27.291931225140427], [2.4485417746590965, 35.760530689480184]]}"
c4c2bf830dbb,2026-09-25T10:50:25,tamzeed,master,paper_barrier,call,exact,importance,{},1024,252,13,522109287,LAPTOP-G689CP2J_AMD64,7.202308126577705,0.18492126964874486,6.8398690980907455,7.564747155064665,7.1055282627933245,0.09677986378438064,0.0780516000231728,"{""theta"": 0.6858575284033614, ""theta0"": 0.45723835226890763, ""ESS"": 679.0852912551632, ""ESS_frac"": 0.6631692297413703, ""max_weight"": 5.063927153297577, ""max_weight_share"": 0.005129999075823516, ""mean_weight"": 0.9639848443536625, ""hit_rate_proposal"": 0.6826171875, ""pilot_paths"": 10000, ""total_paths_simulated"": 11024, ""theta_grid"": [[0.0, 203.9683722890251], [0.11430958806722691, 167.43304163765643], [0.22861917613445382, 140.10289949374422], [0.3429287642016807, 119.47192370184479], [0.45723835226890763, 103.79741369951694], [0.5715479403361345, 91.85488985638571], [0.6858575284033614, 82.77709223251817]]}"
5d3aad8e4910,2026-09-25T10:50:25,tamzeed,master,paper_asian_geo,call,exact,rqmc,{},1024,252,13,925553334,LAPTOP-G689CP2J_AMD64,3.007478135580157,nan,nan,nan,3.000200360178781,0.007277775401376196,0.02813590003643185,"{""construction"": ""bridge"", ""sobol_dim"": 252, ""naive_iid_se"": 0.184148187365995, ""se_valid"": false}"
3194ab36a3ce,2026-09-25T10:50:25,tamzeed,master,paper_asian_geo,call,exact,antithetic,{},1024,252,13,667026486,LAPTOP-G689CP2J_AMD64,3.1076265154271505,0.16982763474224283,2.7747704677527314,3.4404825631015696,3.000200360178781,0.10742615524836951,0.010868399986065924,"{""pairs"": 512, ""rho_pair"": -0.24718252512137853}"
2d42e94ad466,2026-09-25T10:50:25,tamzeed,master,deep_barrier,call,exact,antithetic,{},1024,252,13,1803095916,LAPTOP-G689CP2J_AMD64,3.647012169092493,0.36524682160721367,2.931141553274628,4.362882784910358,3.545320563728301,0.10169160536419186,0.006329099996946752,"{""pairs"": 512, ""rho_pair"": -0.08873817109303783}"
5a9e9b6f75b2,2026-09-25T10:50:25,tamzeed,master,deep_barrier,call,exact,plain,{},1024,252,13,1969571080,LAPTOP-G689CP2J_AMD64,3.209636659196542,0.35663259710224765,2.510649613163153,3.908623705229931,3.545320563728301,0.3356839045317592,0.00881720008328557,
ab14587f4e5a,2026-09-25T10:50:25,tamzeed,master,paper_barrier,call,exact,control_variate,{},1024,252,13,2528747174,LAPTOP-G689CP2J_AMD64,7.083793835325504,0.011411680928260653,7.061427351703051,7.106160318947957,7.1055282627933245,0.021734427467820616,0.009746400057338178,"{""control"": ""european_terminal"", ""control_mean"": 7.1280646692617395, ""b_hat"": 1.001022827412373, ""rho"": 0.999583131172873, ""pilot_rho"": 0.9996015248809651, ""pilot_paths"": 256, ""total_paths_simulated"": 1280, ""plain_std_error"": 0.39525167282669726, ""observed_vrf"": 1199.6324168128372, ""theoretical_vrf"": 1199.6681123422368}"
92fe9c96c8a8,2026-09-25T10:50:25,tamzeed,master,paper_barrier,call,exact,antithetic,{},1024,252,13,2504480229,LAPTOP-G689CP2J_AMD64,7.243259677039914,0.35532469824622565,6.5468360656597495,7.9396832884200785,7.1055282627933245,0.13773141424658952,0.0063526000594720244,"{""pairs"": 512, ""rho_pair"": -0.2890139171484685}"
1a34405239a5,2026-09-25T10:50:25,tamzeed,master,deep_barrier,call,exact,rqmc,{},1024,252,13,2772414950,LAPTOP-G689CP2J_AMD64,3.3129708455703746,nan,nan,nan,3.545320563728301,0.2323497181579266,0.026896300027146935,"{""construction"": ""bridge"", ""sobol_dim"": 252, ""naive_iid_se"": 0.35616326019123684, ""se_valid"": false}"
f1bc76b41370,2026-09-25T10:50:25,tamzeed,master,asian_arith,call,exact,antithetic,{},1024,252,13,1013836109,LAPTOP-G689CP2J_AMD64,3.3832857646430607,0.17231005014432696,3.045564272185889,3.7210072571002324,,,0.007297599921002984,"{""pairs"": 512, ""rho_pair"": -0.27461398791167846}"
267e32a3358d,2026-09-25T10:50:25,tamzeed,master,asian_arith,call,exact,rqmc,{},1024,252,13,3762680367,LAPTOP-G689CP2J_AMD64,3.174451712939943,nan,nan,nan,,,0.03150450007524341,"{""construction"": ""bridge"", ""sobol_dim"": 252, ""naive_iid_se"": 0.19303952170341904, ""se_valid"": false}"
5c0544f58a5b,2026-09-25T10:50:25,tamzeed,master,paper_asian_geo,call,exact,plain,{},1024,252,13,1054403906,LAPTOP-G689CP2J_AMD64,3.0969038244424,0.19002605546623502,2.7244595996043683,3.4693480492804314,3.000200360178781,0.09670346426361887,0.010801599943079054,
13b91a32254e,2026-09-25T10:50:25,tamzeed,master,deep_barrier,call,exact,control_variate,{},1024,252,13,4122199216,LAPTOP-G689CP2J_AMD64,2.8222013069512655,0.20509216750738044,2.420228045125544,3.224174568776987,3.545320563728301,0.7231192567770357,0.01003340003080666,"{""control"": ""european_terminal"", ""control_mean"": 7.1280646692617395, ""b_hat"": 0.7637381033787041, ""rho"": 0.795247547470226, ""pilot_rho"": 0.8342602497079282, ""pilot_paths"": 256, ""total_paths_simulated"": 1280, ""plain_std_error"": 0.33619242435357494, ""observed_vrf"": 2.687062054580139, ""theoretical_vrf"": 2.7204863140795124}"
4d61d8d300d4,2026-09-25T10:50:25,tamzeed,master,paper_barrier,call,exact,plain,{},1024,252,13,4102494552,LAPTOP-G689CP2J_AMD64,6.917981786160568,0.38088899760211126,6.171453068752867,7.664510503568269,7.1055282627933245,0.1875464766327566,0.00895629997830838,
63a6702ff010,2026-09-25T10:50:25,tamzeed,master,paper_barrier,call,exact,plain,{},4096,252,13,264717713,LAPTOP-G689CP2J_AMD64,6.994523337696632,0.19559373839188215,6.611166654846993,7.37788002054627,7.1055282627933245,0.11100492509669291,0.02948369993828237,
6f8295a0ce54,2026-09-25T10:50:25,tamzeed,master,deep_barrier,call,exact,control_variate,{},4096,252,13,1091401403,LAPTOP-G689CP2J_AMD64,3.428901705047356,0.10170785065003846,3.229557980828302,3.6282454292664097,3.545320563728301,0.11641885868094537,0.03009729995392263,"{""control"": ""european_terminal"", ""control_mean"": 7.1280646692617395, ""b_hat"": 0.8542212025452275, ""rho"": 0.8457787515403866, ""pilot_rho"": 0.8881937557905822, ""pilot_paths"": 410, ""total_paths_simulated"": 4506, ""plain_std_error"": 0.1888782067834573, ""observed_vrf"": 3.4486946910270677, ""theoretical_vrf"": 3.512983770034291}"
6621347ee119,2026-09-25T10:50:25,tamzeed,master,deep_barrier,call,exact,importance,{},4096,252,13,1386066167,LAPTOP-G689CP2J_AMD64,3.3060702171245087,0.0566899867563054,3.1949598847980973,3.41718054945092,3.545320563728301,0.23925034660379252,0.09156420000363141,"{""theta"": 1.6323611831060643, ""theta0"": 1.6323611831060643, ""ESS"": 425.1428670662562, ""ESS_frac"": 0.1037946452798477, ""max_weight"": 71.302398274572, ""max_weight_share"": 0.01737784828776542, ""mean_weight"": 1.0017242520760528, ""hit_rate_proposal"": 0.587158203125, ""pilot_paths"": 10000, ""total_paths_simulated"": 14096, ""theta_grid"": [[0.0, 142.91089602714854], [0.40809029577651607, 67.39039373562923], [0.8161805915530321, 39.22907660963679], [1.2242708873295483, 28.033462349864934], [1.6323611831060643, 24.49646088383961], [2.0404514788825803, 26.10750126481392], [2.4485417746590965, 33.88366105104957]]}"
fc8cf7c934d3,2026-09-25T10:50:25,tamzeed,master,paper_asian_geo,call,exact,plain,{},4096,252,13,4266827511,LAPTOP-G689CP2J_AMD64,3.1223686104929658,0.09315530950331077,2.9397875588977946,3.304949662088137,3.000200360178781,0.12216825031418477,0.03635170008055866,
1a3b302af70d,2026-09-25T10:50:25,tamzeed,master,asian_arith,call,exact,control_variate,{},4096,252,13,2252416967,LAPTOP-G689CP2J_AMD64,3.1600746507213633,0.003049102821532126,3.1540985190060007,3.166050782436726,,,0.03988519997801632,"{""control"": ""geometric_asian"", ""control_mean"": 3.000200360178781, ""b_hat"": 1.0431997504121917, ""rho"": 0.999515717155164, ""pilot_rho"": 0.9992518874464955, ""pilot_paths"": 410, ""total_paths_simulated"": 4506, ""plain_std_error"": 0.09795237626998449, ""observed_vrf"": 1032.0145319709059, ""theoretical_vrf"": 1032.7045555452125}"
5baef9f4ba05,2026-09-25T10:50:25,tamzeed,master,asian_arith,call,exact,antithetic,{},4096,252,13,2196175794,LAPTOP-G689CP2J_AMD64,3.2149217520246545,0.08274204593611362,3.052750321982713,3.377093182066596,,,0.02784230001270771,"{""pairs"": 2048, ""rho_pair"": -0.26940070511579656}"
b2d27a24eb3f,2026-09-25T10:50:25,tamzeed,master,paper_asian_geo,call,exact,rqmc,{},4096,252,13,3042612672,LAPTOP-G689CP2J_AMD64,2.9985142781132526,nan,nan,nan,3.000200360178781,0.0016860820655284492,0.07464900007471442,"{""construction"": ""bridge"", ""sobol_dim"": 252, ""naive_iid_se"": 0.09165156152989058, ""se_valid"": false}"
8ea68cf586c2,2026-09-25T10:50:25,tamzeed,master,paper_asian_geo,call,exact,antithetic,{},4096,252,13,3935454805,LAPTOP-G689CP2J_AMD64,3.074772266654768,0.08074548376388256,2.9165140265632945,3.2330305067462413,3.000200360178781,0.07457190647598688,0.029739100020378828,"{""pairs"": 2048, ""rho_pair"": -0.2630980108007198}"
9d4181aecf55,2026-09-25T10:50:25,tamzeed,master,paper_barrier,call,exact,rqmc,{},4096,252,13,1889542092,LAPTOP-G689CP2J_AMD64,7.089641732669746,nan,nan,nan,7.1055282627933245,0.01588653012357888,0.06866700004320592,"{""construction"": ""bridge"", ""sobol_dim"": 252, ""naive_iid_se"": 0.1957749560898953, ""se_valid"": false}"
b9300e6bb37e,2026-09-25T10:50:25,tamzeed,master,deep_barrier,call,exact,antithetic,{},4096,252,13,1421191225,LAPTOP-G689CP2J_AMD64,3.24592764778986,0.166014522047445,2.920545163666237,3.571310131913483,3.545320563728301,0.2993929159384412,0.027539300033822656,"{""pairs"": 2048, ""rho_pair"": -0.08537703649297354}"
05e83dc1e197,2026-09-25T10:50:25,tamzeed,master,asian_arith,call,exact,plain,{},4096,252,13,256465851,LAPTOP-G689CP2J_AMD64,3.1434556578479613,0.09740390619511122,2.9525475097520255,3.334363805943897,,,0.026359399897046387,
e464230fb7ee,2026-09-25T10:50:25,tamzeed,master,asian_arith,call,exact,rqmc,{},4096,252,13,241934964,LAPTOP-G689CP2J_AMD64,3.17025004261311,nan,nan,nan,,,0.06729249993804842,"{""construction"": ""bridge"", ""sobol_dim"": 252, ""naive_iid_se"": 0.09596782373960137, ""se_valid"": false}"
1a949d5dd745,2026-09-25T10:50:25,tamzeed,master,paper_barrier,call,exact,control_variate,{},4096,252,13,3388138349,LAPTOP-G689CP2J_AMD64,7.0866993405317675,0.005593050913304012,7.075737162177993,7.097661518885542,7.1055282627933245,0.01882892226155697,0.02810940006747842,"{""control"": ""european_terminal"", ""control_mean"": 7.1280646692617395, ""b_hat"": 1.0006770443412125, ""rho"": 0.9995880706363578, ""pilot_rho"": 0.9998942656654647, ""pilot_paths"": 410, ""total_paths_simulated"": 4506, ""plain_std_error"": 0.19486451687287654, ""observed_vrf"": 1213.8582790496746, ""theoretical_vrf"": 1214.0503875086401}"
650a712ce214,2026-09-25T10:50:26,tamzeed,master,deep_barrier,call,exact,rqmc,{},4096,252,13,3822526412,LAPTOP-G689CP2J_AMD64,3.344071219749292,nan,nan,nan,3.545320563728301,0.20124934397900907,0.06526609999127686,"{""construction"": ""bridge"", ""sobol_dim"": 252, ""naive_iid_se"": 0.1793159287354261, ""se_valid"": false}"
feca8a2c443f,2026-09-25T10:50:26,tamzeed,master,paper_barrier,call,exact,importance,{},4096,252,13,4177274788,LAPTOP-G689CP2J_AMD64,7.125075793497343,0.09176273418639848,6.9452241393690795,7.304927447625607,7.1055282627933245,0.019547530704018712,0.08825430006254464,"{""theta"": 0.6858575284033614, ""theta0"": 0.45723835226890763, ""ESS"": 2478.3414939351087, ""ESS_frac"": 0.6050638412927511, ""max_weight"": 9.117158792704084, ""max_weight_share"": 0.0022115120511293795, ""mean_weight"": 1.0064918455851548, ""hit_rate_proposal"": 0.673095703125, ""pilot_paths"": 10000, ""total_paths_simulated"": 14096, ""theta_grid"": [[0.0, 206.00837265623542], [0.11430958806722691, 169.64264899195638], [0.22861917613445382, 142.32521439853724], [0.3429287642016807, 121.62784509359699], [0.45723835226890763, 105.85186122465015], [0.5715479403361345, 93.79738816815947], [0.6858575284033614, 84.610614643312]]}"
547b7ba2fb43,2026-09-25T10:50:26,tamzeed,master,paper_barrier,call,exact,antithetic,{},4096,252,13,3266168716,LAPTOP-G689CP2J_AMD64,7.2094822001625305,0.16140430977108014,6.893135566061667,7.525828834263394,7.1055282627933245,0.103953937369206,0.02265649999026209,"{""pairs"": 2048, ""rho_pair"": -0.32790671530511417}"
c94b003cbdb3,2026-09-25T10:50:26,tamzeed,master,deep_barrier,call,exact,plain,{},4096,252,13,3461048701,LAPTOP-G689CP2J_AMD64,3.380345759482207,0.18429124574769423,3.019141555150706,3.741549963813708,3.545320563728301,0.16497480424609412,0.02446300000883639,
a9305923d55e,2026-09-25T10:50:26,tamzeed,master,asian_arith,call,exact,plain,{},16384,252,13,546492665,LAPTOP-G689CP2J_AMD64,3.140983551029211,0.04767448549113565,3.047543276485108,3.234423825573314,,,0.1093329000286758,
2b5f018987f7,2026-09-25T10:50:26,tamzeed,master,paper_barrier,call,exact,plain,{},16384,252,13,19581189,LAPTOP-G689CP2J_AMD64,6.917901087384373,0.09624662071199885,6.729261177155169,7.106540997613577,7.1055282627933245,0.18762717540895135,0.10332250001374632,
999bb12aa679,2026-09-25T10:50:26,tamzeed,master,asian_arith,call,exact,rqmc,{},16384,252,13,1771073644,LAPTOP-G689CP2J_AMD64,3.1651929996510844,nan,nan,nan,,,0.2567290000151843,"{""construction"": ""bridge"", ""sobol_dim"": 252, ""naive_iid_se"": 0.04797123951104699, ""se_valid"": false}"
8d52f4f96f19,2026-09-25T10:50:26,tamzeed,master,paper_asian_geo,call,exact,plain,{},16384,252,13,3989423763,LAPTOP-G689CP2J_AMD64,3.0211262663443685,0.04591956137309311,2.9311255798672295,3.1111269528215075,3.000200360178781,0.020925906165587538,0.14017909998074174,
5f572122708b,2026-09-25T10:50:26,tamzeed,master,paper_barrier,call,exact,antithetic,{},16384,252,13,4145381769,LAPTOP-G689CP2J_AMD64,7.058299145846528,0.08085327835127755,6.899829632246032,7.216768659447023,7.1055282627933245,0.04722911694679688,0.1126947000157088,"{""pairs"": 8192, ""rho_pair"": -0.3175244161549497}"
c73a189e637b,2026-09-25T10:50:27,tamzeed,master,paper_asian_geo,call,exact,antithetic,{},16384,252,13,3005975726,LAPTOP-G689CP2J_AMD64,3.0794338425748737,0.040756297035492405,2.9995529682420923,3.159314716907655,3.000200360178781,0.07923348239609274,0.1287646999116987,"{""pairs"": 8192, ""rho_pair"": -0.2584998829178521}"
a0f96e251198,2026-09-25T10:50:27,tamzeed,master,deep_barrier,call,exact,control_variate,{},16384,252,13,70401365,LAPTOP-G689CP2J_AMD64,3.376094129755595,0.050450728993321856,3.277212517934893,3.4749757415762965,3.545320563728301,0.1692264339727063,0.12040080002043396,"{""control"": ""european_terminal"", ""control_mean"": 7.1280646692617395, ""b_hat"": 0.7568146026734872, ""rho"": 0.8342668490983356, ""pilot_rho"": 0.8245582735858554, ""pilot_paths"": 1639, ""total_paths_simulated"": 18023, ""plain_std_error"": 0.09147063784435142, ""observed_vrf"": 3.287218126328003, ""theoretical_vrf"": 3.289486403966959}"
c730bf598fee,2026-09-25T10:50:27,tamzeed,master,paper_barrier,call,exact,importance,{},16384,252,13,300326008,LAPTOP-G689CP2J_AMD64,6.99669492379306,0.04572125779430967,6.907082905188341,7.086306942397778,7.1055282627933245,0.10883333900026493,0.17587189993355423,"{""theta"": 0.6858575284033614, ""theta0"": 0.45723835226890763, ""ESS"": 10274.0177866848, ""ESS_frac"": 0.627076280925586, ""max_weight"": 9.326464637611481, ""max_weight_share"": 0.0005636419433512665, ""mean_weight"": 1.0099358877236, ""hit_rate_proposal"": 0.6683349609375, ""pilot_paths"": 10000, ""total_paths_simulated"": 26384, ""theta_grid"": [[0.0, 210.96970705916667], [0.11430958806722691, 173.06792632399163], [0.22861917613445382, 144.71190116276313], [0.3429287642016807, 123.30338467594078], [0.45723835226890763, 107.03414268836327], [0.5715479403361345, 94.63288904569268], [0.6858575284033614, 85.19871840156834]]}"
0c6f99185a44,2026-09-25T10:50:27,tamzeed,master,deep_barrier,call,exact,plain,{},16384,252,13,1700911181,LAPTOP-G689CP2J_AMD64,3.3657188247338587,0.0899134153999793,3.18949176882291,3.5419458806448074,3.545320563728301,0.17960173899444243,0.1162292999215424,
aa687b618acb,2026-09-25T10:50:27,tamzeed,master,deep_barrier,call,exact,rqmc,{},16384,252,13,2397932689,LAPTOP-G689CP2J_AMD64,3.4265285099222904,nan,nan,nan,3.545320563728301,0.11879205380601077,0.26770600001327693,"{""construction"": ""bridge"", ""sobol_dim"": 252, ""naive_iid_se"": 0.09033350707424881, ""se_valid"": false}"
3139d8b4d606,2026-09-25T10:50:27,tamzeed,master,deep_barrier,call,exact,antithetic,{},16384,252,13,2342328013,LAPTOP-G689CP2J_AMD64,3.2639341347541637,0.08492646038408336,3.0974813310668927,3.4303869384414347,3.545320563728301,0.28138642897413746,0.08896580000873655,"{""pairs"": 8192, ""rho_pair"": -0.08266932139241669}"
f908f13eadf1,2026-09-25T10:50:28,tamzeed,master,paper_barrier,call,exact,rqmc,{},16384,252,13,2058195317,LAPTOP-G689CP2J_AMD64,7.093367339997041,nan,nan,nan,7.1055282627933245,0.012160922796283558,0.22697620000690222,"{""construction"": ""bridge"", ""sobol_dim"": 252, ""naive_iid_se"": 0.09800926132340727, ""se_valid"": false}"
da808b4b5b31,2026-09-25T10:50:28,tamzeed,master,asian_arith,call,exact,control_variate,{},16384,252,13,3213189365,LAPTOP-G689CP2J_AMD64,3.1661782416379465,0.00156854348272329,3.163103952903624,3.169252530372269,,,0.17501330003142357,"{""control"": ""geometric_asian"", ""control_mean"": 3.000200360178781, ""b_hat"": 1.0462398831725965, ""rho"": 0.9994636383211355, ""pilot_rho"": 0.9995185493866307, ""pilot_paths"": 1639, ""total_paths_simulated"": 18023, ""plain_std_error"": 0.047892489888511885, ""observed_vrf"": 932.2699961302873, ""theoretical_vrf"": 932.4568590519506}"
504bda6b33a6,2026-09-25T10:50:28,tamzeed,master,asian_arith,call,exact,antithetic,{},16384,252,13,209517877,LAPTOP-G689CP2J_AMD64,3.1897621984156976,0.04118168759256579,3.1090475739116887,3.2704768229197065,,,0.10090289998333901,"{""pairs"": 8192, ""rho_pair"": -0.26813339460258107}"
db9add462841,2026-09-25T10:50:28,tamzeed,master,paper_asian_geo,call,exact,rqmc,{},16384,252,13,3482135406,LAPTOP-G689CP2J_AMD64,2.9991343720791086,nan,nan,nan,3.000200360178781,0.0010659880996723992,0.2717301999218762,"{""construction"": ""bridge"", ""sobol_dim"": 252, ""naive_iid_se"": 0.045880908759750615, ""se_valid"": false}"
811fb135321a,2026-09-25T10:50:28,tamzeed,master,deep_barrier,call,exact,importance,{},16384,252,13,3641494421,LAPTOP-G689CP2J_AMD64,3.4023814301194086,0.028775887834870634,3.345981726339898,3.458781133898919,3.545320563728301,0.14293913360889254,0.1706840000115335,"{""theta"": 1.6323611831060643, ""theta0"": 1.6323611831060643, ""ESS"": 1373.098478279139, ""ESS_frac"": 0.08380728016840448, ""max_weight"": 191.31657371398245, ""max_weight_share"": 0.011974856663401468, ""mean_weight"": 0.9751295817624166, ""hit_rate_proposal"": 0.59857177734375, ""pilot_paths"": 10000, ""total_paths_simulated"": 26384, ""theta_grid"": [[0.0, 142.547471400418], [0.40809029577651607, 67.10593296047143], [0.8161805915530321, 39.04821132167129], [1.2242708873295483, 27.934183514209305], [1.6323611831060643, 24.471380867420375], [2.0404514788825803, 26.179559221943823], [2.4485417746590965, 34.13641643434977]]}"
c4a8f3b8ffc6,2026-09-25T10:50:28,tamzeed,master,paper_barrier,call,exact,control_variate,{},16384,252,13,3405842280,LAPTOP-G689CP2J_AMD64,7.098566104846286,0.0022812924792104928,7.094094853748832,7.103037355943741,7.1055282627933245,0.00696215794703825,0.11261199996806681,"{""control"": ""european_terminal"", ""control_mean"": 7.1280646692617395, ""b_hat"": 1.0008700853597752, ""rho"": 0.9997383923183634, ""pilot_rho"": 0.9997039348122997, ""pilot_paths"": 1639, ""total_paths_simulated"": 18023, ""plain_std_error"": 0.09973920858254065, ""observed_vrf"": 1911.4806156307015, ""theoretical_vrf"": 1911.5088951056632}"
a6f5ceeb2bde,2026-09-25T10:50:30,tamzeed,master,paper_asian_geo,call,exact,rqmc,{},65536,252,13,1720878910,LAPTOP-G689CP2J_AMD64,2.9996783539407392,nan,nan,nan,3.000200360178781,0.0005220062380417723,1.1370920001063496,"{""construction"": ""bridge"", ""sobol_dim"": 252, ""naive_iid_se"": 0.022928549453647206, ""se_valid"": false}"
884095759753,2026-09-25T10:50:30,tamzeed,master,deep_barrier,call,exact,importance,{},65536,252,13,3979585603,LAPTOP-G689CP2J_AMD64,3.376210161138791,0.014308628175426406,3.3481657652467804,3.404254557030802,3.545320563728301,0.16911040258951004,0.5918498000828549,"{""theta"": 1.6323611831060643, ""theta0"": 1.6323611831060643, ""ESS"": 6239.9173078821805, ""ESS_frac"": 0.09521358196841706, ""max_weight"": 185.5351711785359, ""max_weight_share"": 0.0028742461609400005, ""mean_weight"": 0.9849685385896934, ""hit_rate_proposal"": 0.5953521728515625, ""pilot_paths"": 10000, ""total_paths_simulated"": 75536, ""theta_grid"": [[0.0, 144.745438682365], [0.40809029577651607, 68.34386405808897], [0.8161805915530321, 39.90318533547256], [1.2242708873295483, 28.644440077702182], [1.6323611831060643, 25.17762555775218], [2.0404514788825803, 27.02111369101], [2.4485417746590965, 35.342973549616524]]}"
ed59af54d5a6,2026-09-25T10:50:31,tamzeed,master,deep_barrier,call,exact,plain,{},65536,252,13,1148328735,LAPTOP-G689CP2J_AMD64,3.458663459702726,0.04567691049294434,3.3691383602114957,3.5481885591939566,3.545320563728301,0.08665710402557503,0.4061944999266416,
8553d057aa97,2026-09-25T10:50:31,tamzeed,master,paper_barrier,call,exact,antithetic,{},65536,252,13,4180786842,LAPTOP-G689CP2J_AMD64,7.05050601965943,0.040001573618466665,6.972104376042307,7.128907663276553,7.1055282627933245,0.05502224313389448,0.4027091000461951,"{""pairs"": 32768, ""rho_pair"": -0.32159624494090816}"
e78883dddccb,2026-09-25T10:50:31,tamzeed,master,deep_barrier,call,exact,control_variate,{},65536,252,13,2025322308,LAPTOP-G689CP2J_AMD64,3.4027680204800825,0.0249111646204077,3.353943035011135,3.45159300594903,3.545320563728301,0.14255254324821864,0.45523650001268834,"{""control"": ""european_terminal"", ""control_mean"": 7.1280646692617395, ""b_hat"": 0.7575388291566912, ""rho"": 0.8326139209357609, ""pilot_rho"": 0.8277659817458253, ""pilot_paths"": 6554, ""total_paths_simulated"": 72090, ""plain_std_error"": 0.04497190464008972, ""observed_vrf"": 3.2590760804199057, ""theoretical_vrf"": 3.2599405672262365}"
10941c1f6b5a,2026-09-25T10:50:32,tamzeed,master,paper_barrier,call,exact,control_variate,{},65536,252,13,2057116022,LAPTOP-G689CP2J_AMD64,7.096571582606911,0.0012088969096069751,7.0942021882030595,7.098940977010763,7.1055282627933245,0.00895668018641338,0.4794471999630332,"{""control"": ""european_terminal"", ""control_mean"": 7.1280646692617395, ""b_hat"": 1.000939069148374, ""rho"": 0.999693767195469, ""pilot_rho"": 0.9996483132343188, ""pilot_paths"": 6554, ""total_paths_simulated"": 72090, ""plain_std_error"": 0.048851325439048, ""observed_vrf"": 1632.9548175299158, ""theoretical_vrf"": 1632.9947756287072}"
645530b0ef4f,2026-09-25T10:50:33,tamzeed,master,deep_barrier,call,exact,rqmc,{},65536,252,13,116752957,LAPTOP-G689CP2J_AMD64,3.377205964940493,nan,nan,nan,3.545320563728301,0.16811459878780832,0.906733899959363,"{""construction"": ""bridge"", ""sobol_dim"": 252, ""naive_iid_se"": 0.04493141251296433, ""se_valid"": false}"
af594894565d,2026-09-25T10:50:33,tamzeed,master,asian_arith,call,exact,plain,{},65536,252,13,1789433168,LAPTOP-G689CP2J_AMD64,3.155239620811401,0.023953584805161632,3.1082914572926583,3.2021877843301434,,,0.4942972999997437,
fc62b3acb2ae,2026-09-25T10:50:34,tamzeed,master,asian_arith,call,exact,rqmc,{},65536,252,13,1700088871,LAPTOP-G689CP2J_AMD64,3.162272712198808,nan,nan,nan,,,1.0040152999572456,"{""construction"": ""bridge"", ""sobol_dim"": 252, ""naive_iid_se"": 0.023985404869767583, ""se_valid"": false}"
77ff1cbe2532,2026-09-25T10:50:35,tamzeed,master,asian_arith,call,exact,antithetic,{},65536,252,13,1507735489,LAPTOP-G689CP2J_AMD64,3.1642645528206255,0.020552576929061404,3.123982242250176,3.2045468633910748,,,0.696955900057219,"{""pairs"": 32768, ""rho_pair"": -0.26562111708856917}"
1cdb564894ef,2026-09-25T10:50:36,tamzeed,master,paper_asian_geo,call,exact,plain,{},65536,252,13,2301711372,LAPTOP-G689CP2J_AMD64,3.0059880184642624,0.02308073198649728,2.960750615033906,3.051225421894619,3.000200360178781,0.005787658285481445,0.8426068000262603,
7a1a4ea3ebbc,2026-09-25T10:50:37,tamzeed,master,paper_barrier,call,exact,rqmc,{},65536,252,13,3853713739,LAPTOP-G689CP2J_AMD64,7.094218987331958,nan,nan,nan,7.1055282627933245,0.011309275461366397,1.4284766999771819,"{""construction"": ""bridge"", ""sobol_dim"": 252, ""naive_iid_se"": 0.0490252056717377, ""se_valid"": false}"
4c35bf2d85f2,2026-09-25T10:50:38,tamzeed,master,paper_barrier,call,exact,importance,{},65536,252,13,3461897789,LAPTOP-G689CP2J_AMD64,7.093802720704698,0.022858187685727407,7.049001496088815,7.138603945320581,7.1055282627933245,0.01172554208862664,0.5666350999381393,"{""theta"": 0.6858575284033614, ""theta0"": 0.45723835226890763, ""ESS"": 40747.495475152435, ""ESS_frac"": 0.6217574382805242, ""max_weight"": 14.484115294187767, ""max_weight_share"": 0.00022080966642012414, ""mean_weight"": 1.000907540027871, ""hit_rate_proposal"": 0.6727142333984375, ""pilot_paths"": 10000, ""total_paths_simulated"": 75536, ""theta_grid"": [[0.0, 207.65335742408794], [0.11430958806722691, 170.47318566265918], [0.22861917613445382, 142.6039744277447], [0.3429287642016807, 121.5278177033544], [0.45723835226890763, 105.48720862306463], [0.5715479403361345, 93.24321508169372], [0.6858575284033614, 83.91573427450201]]}"
092a68e1e7b5,2026-09-25T10:50:38,tamzeed,master,paper_asian_geo,call,exact,antithetic,{},65536,252,13,360535542,LAPTOP-G689CP2J_AMD64,3.0359241687343683,0.01990351715361721,2.9969139919476033,3.0749343455211333,3.000200360178781,0.03572380855558732,0.5681804000632837,"{""pairs"": 32768, ""rho_pair"": -0.2620200552338489}"
9ed61bae5c32,2026-09-25T10:50:39,tamzeed,master,deep_barrier,call,exact,antithetic,{},65536,252,13,1661718090,LAPTOP-G689CP2J_AMD64,3.3080582729689065,0.04235461044714103,3.2250447619132863,3.391071784024527,3.545320563728301,0.23726229075939465,0.36446530011016876,"{""pairs"": 32768, ""rho_pair"": -0.08514673354337092}"
38894c98353a,2026-09-25T10:50:39,tamzeed,master,asian_arith,call,exact,control_variate,{},65536,252,13,1547469446,LAPTOP-G689CP2J_AMD64,3.1631055915765174,0.0007672368351276801,3.1616018350120547,3.16460934814098,,,0.6721584999468178,"{""control"": ""geometric_asian"", ""control_mean"": 3.000200360178781, ""b_hat"": 1.0453110960541716, ""rho"": 0.999486521510853, ""pilot_rho"": 0.9994805867399499, ""pilot_paths"": 6554, ""total_paths_simulated"": 72090, ""plain_std_error"": 0.02393665582175674, ""observed_vrf"": 973.3478190486903, ""theoretical_vrf"": 974.0006897253573}"
98b507b022b3,2026-09-25T10:50:40,tamzeed,master,paper_barrier,call,exact,plain,{},65536,252,13,2797704870,LAPTOP-G689CP2J_AMD64,7.092215379216019,0.04889913398367217,6.996374837732823,7.188055920699215,7.1055282627933245,0.013312883577305534,0.5345241000177339,
5deefdcb5856,2026-09-25T10:50:40,tamzeed,master,asian_arith,call,exact,antithetic,{},256,252,14,644858141,LAPTOP-G689CP2J_AMD64,3.422228341698761,0.3637264808479172,2.7093375390133456,4.135119144384176,,,0.0019153000321239233,"{""pairs"": 128, ""rho_pair"": -0.2581114752455414}"
1a7715c04282,2026-09-25T10:50:40,tamzeed,master,deep_barrier,call,exact,control_variate,{},256,252,14,2465048835,LAPTOP-G689CP2J_AMD64,3.30247693025796,0.40865223170853215,2.5015332739073197,4.1034205866086,3.545320563728301,0.2428436334703412,0.0032753999112173915,"{""control"": ""european_terminal"", ""control_mean"": 7.1280646692617395, ""b_hat"": 0.870419538007604, ""rho"": 0.8241694730932696, ""pilot_rho"": 0.9089655821489165, ""pilot_paths"": 256, ""total_paths_simulated"": 512, ""plain_std_error"": 0.7040050047310357, ""observed_vrf"": 2.9678622722799584, ""theoretical_vrf"": 3.1177446222369736}"
e845ca50a4ee,2026-09-25T10:50:40,tamzeed,master,paper_barrier,call,exact,importance,{},256,252,14,1610947577,LAPTOP-G689CP2J_AMD64,7.032872552922719,0.36199072651312303,6.32338376621951,7.742361339625929,7.1055282627933245,0.0726557098706051,0.07773440005257726,"{""theta"": 0.6858575284033614, ""theta0"": 0.45723835226890763, ""ESS"": 162.20616603835106, ""ESS_frac"": 0.6336178360873088, ""max_weight"": 5.9606249611557205, ""max_weight_share"": 0.022696591874239183, ""mean_weight"": 1.0258672924784673, ""hit_rate_proposal"": 0.69140625, ""pilot_paths"": 10000, ""total_paths_simulated"": 10256, ""theta_grid"": [[0.0, 209.6299796546703], [0.11430958806722691, 172.33390787836845], [0.22861917613445382, 144.36971169658085], [0.3429287642016807, 123.2144892549449], [0.45723835226890763, 107.10880715112302], [0.5715479403361345, 94.81313175372308], [0.6858575284033614, 85.4473277333254]]}"
af66fb9102e2,2026-09-25T10:50:40,tamzeed,master,paper_barrier,call,exact,control_variate,{},256,252,14,2514450625,LAPTOP-G689CP2J_AMD64,7.114227980408858,0.009554584384952642,7.095501339127102,7.1329546216906135,7.1055282627933245,0.008699717615533231,0.0033648000098764896,"{""control"": ""european_terminal"", ""control_mean"": 7.1280646692617395, ""b_hat"": 1.0003400187368776, ""rho"": 0.9999377591011905, ""pilot_rho"": 0.9997912137742414, ""pilot_paths"": 256, ""total_paths_simulated"": 512, ""plain_std_error"": 0.8563291788271935, ""observed_vrf"": 8032.632245114081, ""theoretical_vrf"": 8033.553021780034}"
c665904f3f8f,2026-09-25T10:50:40,tamzeed,master,paper_barrier,call,exact,plain,{},256,252,14,991882419,LAPTOP-G689CP2J_AMD64,7.622236723546289,0.8804611633112079,5.896564553670082,9.347908893422495,7.1055282627933245,0.5167084607529642,0.0013503999216482043,
027c0af0be35,2026-09-25T10:50:40,tamzeed,master,deep_barrier,call,exact,plain,{},256,252,14,1972125155,LAPTOP-G689CP2J_AMD64,4.1754508365276175,0.8151466253968649,2.5777928086303996,5.773108864424835,3.545320563728301,0.6301302727993163,0.0016398000298067927,
4e2cca9108ac,2026-09-25T10:50:40,tamzeed,master,deep_barrier,call,exact,importance,{},256,252,14,1945641782,LAPTOP-G689CP2J_AMD64,3.3443551928483632,0.2198257745886374,2.9135045917810136,3.775205793915713,3.545320563728301,0.20096537087993793,0.06677129992749542,"{""theta"": 1.6323611831060643, ""theta0"": 1.6323611831060643, ""ESS"": 56.33822185217375, ""ESS_frac"": 0.22007117911005372, ""max_weight"": 9.667667445299557, ""max_weight_share"": 0.04950000895470641, ""mean_weight"": 0.762915537909429, ""hit_rate_proposal"": 0.58984375, ""pilot_paths"": 10000, ""total_paths_simulated"": 10256, ""theta_grid"": [[0.0, 143.59508986991105], [0.40809029577651607, 67.73452658264526], [0.8161805915530321, 39.54605596176249], [1.2242708873295483, 28.41634612031174], [1.6323611831060643, 25.03019391332556], [2.0404514788825803, 26.95392604385265], [2.4485417746590965, 35.4246520042412]]}"
851ecd5594af,2026-09-25T10:50:40,tamzeed,master,paper_barrier,call,exact,antithetic,{},256,252,14,1883997140,LAPTOP-G689CP2J_AMD64,7.856295077002304,0.6994256601174953,6.4854459733088605,9.227144180695747,7.1055282627933245,0.7507668142089798,0.0014216999989002943,"{""pairs"": 128, ""rho_pair"": -0.33297424440037804}"
6e7f42383080,2026-09-25T10:50:40,tamzeed,master,deep_barrier,call,exact,antithetic,{},256,252,14,1100197838,LAPTOP-G689CP2J_AMD64,3.194251065461013,0.6701620768806142,1.8807575309704463,4.50774459995158,3.545320563728301,0.35106949826728817,0.001271700020879507,"{""pairs"": 128, ""rho_pair"": -0.08365874229444399}"
24da8fc838cc,2026-09-25T10:50:40,tamzeed,master,paper_barrier,call,exact,rqmc,{},256,252,14,2888888827,LAPTOP-G689CP2J_AMD64,7.042165061488047,nan,nan,nan,7.1055282627933245,0.06336320130527717,0.013280099956318736,"{""construction"": ""bridge"", ""sobol_dim"": 252, ""naive_iid_se"": 0.7771477029076002, ""se_valid"": false}"
9246c892a932,2026-09-25T10:50:40,tamzeed,master,paper_asian_geo,call,exact,rqmc,{},256,252,14,515141412,LAPTOP-G689CP2J_AMD64,3.0616232869393603,nan,nan,nan,3.000200360178781,0.061422926760579255,0.014689399977214634,"{""construction"": ""bridge"", ""sobol_dim"": 252, ""naive_iid_se"": 0.3710884638508489, ""se_valid"": false}"
bbe4b7868352,2026-09-25T10:50:40,tamzeed,master,asian_arith,call,exact,control_variate,{},256,252,14,256035507,LAPTOP-G689CP2J_AMD64,3.177468464571013,0.015150633846489462,3.14777376788894,3.207163161253086,,,0.006403699982911348,"{""control"": ""geometric_asian"", ""control_mean"": 3.000200360178781, ""b_hat"": 1.0412977777632866, ""rho"": 0.9993783900201536, ""pilot_rho"": 0.9995516506718334, ""pilot_paths"": 256, ""total_paths_simulated"": 512, ""plain_std_error"": 0.42509413493860004, ""observed_vrf"": 787.2426616810551, ""theoretical_vrf"": 804.612967979444}"
bf3b8bd6065e,2026-09-25T10:50:40,tamzeed,master,asian_arith,call,exact,rqmc,{},256,252,14,3887556140,LAPTOP-G689CP2J_AMD64,3.126083674861431,nan,nan,nan,,,0.013915299903601408,"{""construction"": ""bridge"", ""sobol_dim"": 252, ""naive_iid_se"": 0.3790888227218023, ""se_valid"": false}"
45688ca6b384,2026-09-25T10:50:40,tamzeed,master,deep_barrier,call,exact,rqmc,{},256,252,14,1915403674,LAPTOP-G689CP2J_AMD64,3.165656259883021,nan,nan,nan,3.545320563728301,0.37966430384528005,0.01639999996405095,"{""construction"": ""bridge"", ""sobol_dim"": 252, ""naive_iid_se"": 0.6963702917713218, ""se_valid"": false}"
737332af0e28,2026-09-25T10:50:40,tamzeed,master,asian_arith,call,exact,plain,{},256,252,14,2325571576,LAPTOP-G689CP2J_AMD64,3.278799105712655,0.4433482743037641,2.4098524554692924,4.147745755956017,,,0.0016450000694021583,
980e16f078c6,2026-09-25T10:50:40,tamzeed,master,paper_asian_geo,call,exact,antithetic,{},256,252,14,2857295795,LAPTOP-G689CP2J_AMD64,2.4573281508515166,0.2787751338653651,1.9109389286900686,3.0037173730129645,3.000200360178781,0.5428722093272644,0.0030109999934211373,"{""pairs"": 128, ""rho_pair"": -0.23449857074290656}"
8d7b42edbb3e,2026-09-25T10:50:40,tamzeed,master,paper_asian_geo,call,exact,plain,{},256,252,14,875426237,LAPTOP-G689CP2J_AMD64,2.6175594165705016,0.36185171703714564,1.9083430834337176,3.3267757497072856,3.000200360178781,0.3826409436082794,0.0021528000943362713,
fbbb70801e61,2026-09-25T10:50:40,tamzeed,master,paper_barrier,call,exact,rqmc,{},1024,252,14,3142015918,LAPTOP-G689CP2J_AMD64,7.131848600432865,nan,nan,nan,7.1055282627933245,0.026320337639540448,0.026242799940519035,"{""construction"": ""bridge"", ""sobol_dim"": 252, ""naive_iid_se"": 0.4003851882427598, ""se_valid"": false}"
1018ea5585c5,2026-09-25T10:50:40,tamzeed,master,asian_arith,call,exact,antithetic,{},1024,252,14,2094884093,LAPTOP-G689CP2J_AMD64,3.14814794058724,0.1664039390797955,2.8220022131052436,3.4742936680692362,,,0.007995399995706975,"{""pairs"": 512, ""rho_pair"": -0.259427777128973}"
4a94687e7c7d,2026-09-25T10:50:40,tamzeed,master,paper_asian_geo,call,exact,rqmc,{},1024,252,14,4249902956,LAPTOP-G689CP2J_AMD64,2.9947410176708007,nan,nan,nan,3.000200360178781,0.005459342507980303,0.03037439996842295,"{""construction"": ""bridge"", ""sobol_dim"": 252, ""naive_iid_se"": 0.18358156299513775, ""se_valid"": false}"
279166e27d38,2026-09-25T10:50:40,tamzeed,master,paper_asian_geo,call,exact,plain,{},1024,252,14,1250889493,LAPTOP-G689CP2J_AMD64,3.1725015985150513,0.18484685827817254,2.8102084136344536,3.534794783395649,3.000200360178781,0.1723012383362703,0.008679299964569509,
e377db61fdc1,2026-09-25T10:50:40,tamzeed,master,deep_barrier,call,exact,antithetic,{},1024,252,14,2214458714,LAPTOP-G689CP2J_AMD64,3.290921627541543,0.3309040559922827,2.6423615954584436,3.9394816596246427,3.545320563728301,0.254398936186758,0.006218400085344911,"{""pairs"": 512, ""rho_pair"": -0.0882367577752469}"
7c5c9ea17e1e,2026-09-25T10:50:40,tamzeed,master,asian_arith,call,exact,plain,{},1024,252,14,2996327459,LAPTOP-G689CP2J_AMD64,3.3628396574854835,0.19861730514514855,2.9735568926945906,3.7521224222763765,,,0.00680199998896569,
d7b00073642f,2026-09-25T10:50:40,tamzeed,master,deep_barrier,call,exact,rqmc,{},1024,252,14,3483150679,LAPTOP-G689CP2J_AMD64,3.353002975874226,nan,nan,nan,3.545320563728301,0.19231758785407527,0.028414699947461486,"{""construction"": ""bridge"", ""sobol_dim"": 252, ""naive_iid_se"": 0.35588465350694826, ""se_valid"": false}"
2348136b32c8,2026-09-25T10:50:40,tamzeed,master,asian_arith,call,exact,rqmc,{},1024,252,14,1539901688,LAPTOP-G689CP2J_AMD64,3.165767259136561,nan,nan,nan,,,0.028283499996177852,"{""construction"": ""bridge"", ""sobol_dim"": 252, ""naive_iid_se"": 0.19172112629770574, ""se_valid"": false}"
1bbc13228f00,2026-09-25T10:50:40,tamzeed,master,paper_barrier,call,exact,control_variate,{},1024,252,14,97780221,LAPTOP-G689CP2J_AMD64,7.104455770532655,0.008002835039786282,7.088770502080459,7.120141038984851,7.1055282627933245,0.0010724922606693,0.008808799902908504,"{""control"": ""european_terminal"", ""control_mean"": 7.1280646692617395, ""b_hat"": 1.0010880020874344, ""rho"": 0.9997918395997673, ""pilot_rho"": 0.999706546225573, ""pilot_paths"": 256, ""total_paths_simulated"": 1280, ""plain_std_error"": 0.39216110302941515, ""observed_vrf"": 2401.2716908850575, ""theoretical_vrf"": 2402.2438703895036}"
d8e14e58d8e2,2026-09-25T10:50:40,tamzeed,master,asian_arith,call,exact,control_variate,{},1024,252,14,815436783,LAPTOP-G689CP2J_AMD64,3.1694330312905032,0.006027300856170563,3.1576197386884215,3.181246323892585,,,0.011883100029081106,"{""control"": ""geometric_asian"", ""control_mean"": 3.000200360178781, ""b_hat"": 1.042014280274861, ""rho"": 0.9995390316661816, ""pilot_rho"": 0.9995518063314556, ""pilot_paths"": 256, ""total_paths_simulated"": 1280, ""plain_std_error"": 0.19685756342197105, ""observed_vrf"": 1066.7397305734514, ""theoretical_vrf"": 1084.9232625339719}"
32706f609793,2026-09-25T10:50:40,tamzeed,master,deep_barrier,call,exact,control_variate,{},1024,252,14,224172433,LAPTOP-G689CP2J_AMD64,3.3932095241814766,0.2051828408705408,2.9910585458296035,3.7953605025333497,3.545320563728301,0.1521110395468246,0.008978400030173361,"{""control"": ""european_terminal"", ""control_mean"": 7.1280646692617395, ""b_hat"": 0.7644502255981074, ""rho"": 0.8321120649761525, ""pilot_rho"": 0.8299459753959799, ""pilot_paths"": 256, ""total_paths_simulated"": 1280, ""plain_std_error"": 0.36994455184217373, ""observed_vrf"": 3.2508070624495486, ""theoretical_vrf"": 3.2510861495403867}"
8bf6bf231954,2026-09-25T10:50:41,tamzeed,master,paper_barrier,call,exact,importance,{},1024,252,14,3270164525,LAPTOP-G689CP2J_AMD64,7.173460631799032,0.1844457664448405,6.811953572466258,7.534967691131806,7.1055282627933245,0.06793236900570765,0.08107809990178794,"{""theta"": 0.6858575284033614, ""theta0"": 0.45723835226890763, ""ESS"": 634.1678762602508, ""ESS_frac"": 0.6193045666604011, ""max_weight"": 8.41471220553873, ""max_weight_share"": 0.008317480304757796, ""mean_weight"": 0.9879785809075877, ""hit_rate_proposal"": 0.67578125, ""pilot_paths"": 10000, ""total_paths_simulated"": 11024, ""theta_grid"": [[0.0, 206.4820615615209], [0.11430958806722691, 170.2049947778156], [0.22861917613445382, 142.90445975186248], [0.3429287642016807, 122.18750828241815], [0.45723835226890763, 106.37530068809181], [0.5715479403361345, 94.2788945887127], [0.6858575284033614, 85.05029754341682]]}"
609bdd83e6bc,2026-09-25T10:50:41,tamzeed,master,paper_barrier,call,exact,antithetic,{},1024,252,14,4112688416,LAPTOP-G689CP2J_AMD64,7.0010497415303545,0.34027751233063136,6.334118072613433,7.667981410447276,7.1055282627933245,0.10447852126296997,0.009246300091035664,"{""pairs"": 512, ""rho_pair"": -0.2935177705436828}"
06adefd148b3,2026-09-25T10:50:41,tamzeed,master,paper_asian_geo,call,exact,antithetic,{},1024,252,14,3692856008,LAPTOP-G689CP2J_AMD64,3.076828568266729,0.15133481750534739,2.7802177763493066,3.3734393601841517,3.000200360178781,0.07662820808794812,0.011433299980126321,"{""pairs"": 512, ""rho_pair"": -0.28792144562150745}"
9c02567c4076,2026-09-25T10:50:41,tamzeed,master,paper_barrier,call,exact,plain,{},1024,252,14,1389917932,LAPTOP-G689CP2J_AMD64,7.091767620003484,0.3892284509405271,6.328893874401736,7.854641365605232,7.1055282627933245,0.01376064278984046,0.008328500087372959,
1f030143ee48,2026-09-25T10:50:41,tamzeed,master,deep_barrier,call,exact,importance,{},1024,252,14,1051544476,LAPTOP-G689CP2J_AMD64,3.213373992993853,0.11409774281774555,2.989746526353758,3.437001459633948,3.545320563728301,0.331946570734448,0.07738949998747557,"{""theta"": 1.6323611831060643, ""theta0"": 1.6323611831060643, ""ESS"": 131.93936561588762, ""ESS_frac"": 0.12884703673426526, ""max_weight"": 58.174682967249225, ""max_weight_share"": 0.053898599859964626, ""mean_weight"": 1.054038768777056, ""hit_rate_proposal"": 0.572265625, ""pilot_paths"": 10000, ""total_paths_simulated"": 11024, ""theta_grid"": [[0.0, 142.03369694664642], [0.40809029577651607, 66.80939232952126], [0.8161805915530321, 38.82453069335182], [1.2242708873295483, 27.71196514173678], [1.6323611831060643, 24.193091051849503], [2.0404514788825803, 25.75756931792237], [2.4485417746590965, 33.37812338413394]]}"
49a779b14a5c,2026-09-25T10:50:41,tamzeed,master,deep_barrier,call,exact,plain,{},1024,252,14,2928108833,LAPTOP-G689CP2J_AMD64,3.3643135383965372,0.3646958109702543,2.649522883582211,4.079104193210863,3.545320563728301,0.18100702533176394,0.006738099968060851,
a5f4ba241511,2026-09-25T10:50:41,tamzeed,master,paper_barrier,call,exact,plain,{},4096,252,14,3681496600,LAPTOP-G689CP2J_AMD64,7.20301122928805,0.1984680688691823,6.814020962223237,7.592001496352863,7.1055282627933245,0.09748296649472543,0.02751800010446459,
25d98a4bcee0,2026-09-25T10:50:41,tamzeed,master,deep_barrier,call,exact,plain,{},4096,252,14,1548918685,LAPTOP-G689CP2J_AMD64,3.277684693078458,0.17746350991999685,2.9298626050651975,3.6255067810917185,3.545320563728301,0.2676358706498432,0.026492099976167083,
49514e4de241,2026-09-25T10:50:41,tamzeed,master,deep_barrier,call,exact,control_variate,{},4096,252,14,3479936477,LAPTOP-G689CP2J_AMD64,3.32592535020191,0.1034681434657619,3.123131515461793,3.5287191849420267,3.545320563728301,0.21939521352639124,0.033304200042039156,"{""control"": ""european_terminal"", ""control_mean"": 7.1280646692617395, ""b_hat"": 0.7762944976624857, ""rho"": 0.8324677298853869, ""pilot_rho"": 0.8327908111877615, ""pilot_paths"": 410, ""total_paths_simulated"": 4506, ""plain_std_error"": 0.1867312554146716, ""observed_vrf"": 3.257022216006231, ""theoretical_vrf"": 3.2573557419308035}"
4d5dd31b467f,2026-09-25T10:50:41,tamzeed,master,paper_asian_geo,call,exact,plain,{},4096,252,14,3806498393,LAPTOP-G689CP2J_AMD64,3.0728371126478145,0.0899647348835078,2.8965094723974447,3.249164752898184,3.000200360178781,0.07263675246903345,0.03375489998143166,
b3efd72a6cd9,2026-09-25T10:50:41,tamzeed,master,paper_barrier,call,exact,rqmc,{},4096,252,14,2872337112,LAPTOP-G689CP2J_AMD64,7.093366996117515,nan,nan,nan,7.1055282627933245,0.012161266675809301,0.06678210000973195,"{""construction"": ""bridge"", ""sobol_dim"": 252, ""naive_iid_se"": 0.19579109792407484, ""se_valid"": false}"
c156fb0bd128,2026-09-25T10:50:41,tamzeed,master,asian_arith,call,exact,antithetic,{},4096,252,14,1511350589,LAPTOP-G689CP2J_AMD64,3.193749694879237,0.08283120669128669,3.031403512968322,3.3560958767901523,,,0.02284480002708733,"{""pairs"": 2048, ""rho_pair"": -0.2664322090779253}"
52fd4bf5ea1d,2026-09-25T10:50:41,tamzeed,master,asian_arith,call,exact,rqmc,{},4096,252,14,2854089808,LAPTOP-G689CP2J_AMD64,3.1666220764995017,nan,nan,nan,,,0.07365269993897527,"{""construction"": ""bridge"", ""sobol_dim"": 252, ""naive_iid_se"": 0.09601032892051689, ""se_valid"": false}"
e3348152e44a,2026-09-25T10:50:41,tamzeed,master,paper_barrier,call,exact,antithetic,{},4096,252,14,1400886547,LAPTOP-G689CP2J_AMD64,7.185890552967014,0.1645296747416097,6.86341831608537,7.5083627898486585,7.1055282627933245,0.08036229017368957,0.025644700042903423,"{""pairs"": 2048, ""rho_pair"": -0.3180902100257375}"
4e69114a70a5,2026-09-25T10:50:41,tamzeed,master,paper_barrier,call,exact,importance,{},4096,252,14,1468183326,LAPTOP-G689CP2J_AMD64,7.022857005344719,0.09185942917234345,6.842815832526518,7.202898178162919,7.1055282627933245,0.08267125744860593,0.0974475999828428,"{""theta"": 0.6858575284033614, ""theta0"": 0.45723835226890763, ""ESS"": 2485.2395331539897, ""ESS_frac"": 0.6067479328989233, ""max_weight"": 11.578926526622139, ""max_weight_share"": 0.00277147696292408, ""mean_weight"": 1.0199927319821802, ""hit_rate_proposal"": 0.66650390625, ""pilot_paths"": 10000, ""total_paths_simulated"": 14096, ""theta_grid"": [[0.0, 208.4606340038485], [0.11430958806722691, 171.17020709868282], [0.22861917613445382, 143.20752839185107], [0.3429287642016807, 122.05671770659231], [0.45723835226890763, 105.95933641200627], [0.5715479403361345, 93.67451468960293], [0.6858575284033614, 84.32011924469207]]}"
5c82f8a00778,2026-09-25T10:50:41,tamzeed,master,paper_asian_geo,call,exact,rqmc,{},4096,252,14,1174797215,LAPTOP-G689CP2J_AMD64,2.9936017793772836,nan,nan,nan,3.000200360178781,0.0065985808014974445,0.0736960000358522,"{""construction"": ""bridge"", ""sobol_dim"": 252, ""naive_iid_se"": 0.09163294071888668, ""se_valid"": false}"
b27ff0e91659,2026-09-25T10:50:41,tamzeed,master,deep_barrier,call,exact,importance,{},4096,252,14,1636757933,LAPTOP-G689CP2J_AMD64,3.376456646854193,0.056940296472299395,3.264855716499453,3.488057577208933,3.545320563728301,0.16886391687410818,0.09138709993567318,"{""theta"": 1.6323611831060643, ""theta0"": 1.6323611831060643, ""ESS"": 324.50797720747266, ""ESS_frac"": 0.07922558037291813, ""max_weight"": 139.36041935667657, ""max_weight_share"": 0.03555843299884068, ""mean_weight"": 0.9568346243803938, ""hit_rate_proposal"": 0.593994140625, ""pilot_paths"": 10000, ""total_paths_simulated"": 14096, ""theta_grid"": [[0.0, 143.18458794843554], [0.40809029577651607, 67.36500787563385], [0.8161805915530321, 39.159814648143175], [1.2242708873295483, 27.97723903264277], [1.6323611831060643, 24.47155733024329], [2.0404514788825803, 26.13748122686471], [2.4485417746590965, 34.030517753833585]]}"
b4d6738d5109,2026-09-25T10:50:41,tamzeed,master,paper_barrier,call,exact,control_variate,{},4096,252,14,4131736291,LAPTOP-G689CP2J_AMD64,7.096585543061716,0.0048934346717339,7.086994587344417,7.106176498779014,7.1055282627933245,0.008942719731608761,0.028953100088983774,"{""control"": ""european_terminal"", ""control_mean"": 7.1280646692617395, ""b_hat"": 1.000517153999831, ""rho"": 0.9997079679825919, ""pilot_rho"": 0.9995610430644611, ""pilot_paths"": 410, ""total_paths_simulated"": 4506, ""plain_std_error"": 0.20248174723195922, ""observed_vrf"": 1712.1593029191956, ""theoretical_vrf"": 1712.3910696662049}"
c08fc2651dc8,2026-09-25T10:50:41,tamzeed,master,deep_barrier,call,exact,antithetic,{},4096,252,14,2635837107,LAPTOP-G689CP2J_AMD64,3.4136359530068425,0.1730085267181306,3.074545471620971,3.7527264343927142,3.545320563728301,0.13168461072145865,0.02791499998420477,"{""pairs"": 2048, ""rho_pair"": -0.08688867346915649}"
6c357c89888e,2026-09-25T10:50:41,tamzeed,master,asian_arith,call,exact,control_variate,{},4096,252,14,1990213677,LAPTOP-G689CP2J_AMD64,3.1643211861152114,0.003224086328131773,3.158002093029025,3.1706402792013977,,,0.03993850003462285,"{""control"": ""geometric_asian"", ""control_mean"": 3.000200360178781, ""b_hat"": 1.0546718283079963, ""rho"": 0.99949306909355, ""pilot_rho"": 0.9993678921743684, ""pilot_paths"": 410, ""total_paths_simulated"": 4506, ""plain_std_error"": 0.09794242537849984, ""observed_vrf"": 922.8441953120306, ""theoretical_vrf"": 986.5777732106087}"
0a64730c69f2,2026-09-25T10:50:41,tamzeed,master,paper_asian_geo,call,exact,antithetic,{},4096,252,14,1458494200,LAPTOP-G689CP2J_AMD64,2.941651986255205,0.07641446896194945,2.79188237919203,3.0914215933183797,3.000200360178781,0.05854837392357615,0.031146499910391867,"{""pairs"": 2048, ""rho_pair"": -0.2658293829364648}"
8ff480c17cb3,2026-09-25T10:50:41,tamzeed,master,deep_barrier,call,exact,rqmc,{},4096,252,14,1940893645,LAPTOP-G689CP2J_AMD64,3.4308973902966584,nan,nan,nan,3.545320563728301,0.11442317343164277,0.07280769990757108,"{""construction"": ""bridge"", ""sobol_dim"": 252, ""naive_iid_se"": 0.1812305873273412, ""se_valid"": false}"
d9221733dd6e,2026-09-25T10:50:41,tamzeed,master,asian_arith,call,exact,plain,{},4096,252,14,2170682131,LAPTOP-G689CP2J_AMD64,3.2256946787575345,0.09821000090473045,3.0332066140626166,3.4181827434524523,,,0.025386400055140257,
f1844c6a2648,2026-09-25T10:50:42,tamzeed,master,deep_barrier,call,exact,antithetic,{},16384,252,14,3844575867,LAPTOP-G689CP2J_AMD64,3.2378517371963857,0.08422781307605254,3.072768257070751,3.4029352173220206,3.545320563728301,0.30746882653191543,0.0989890000782907,"{""pairs"": 8192, ""rho_pair"": -0.08275218561496252}"
bbb9b9f8a089,2026-09-25T10:50:42,tamzeed,master,paper_barrier,call,exact,antithetic,{},16384,252,14,4172210567,LAPTOP-G689CP2J_AMD64,7.043056467612669,0.08034156277759812,6.885589898106913,7.200523037118424,7.1055282627933245,0.06247179518065593,0.09675089991651475,"{""pairs"": 8192, ""rho_pair"": -0.3192269631644323}"
bb63c03cd0a9,2026-09-25T10:50:42,tamzeed,master,paper_asian_geo,call,exact,antithetic,{},16384,252,14,3278901319,LAPTOP-G689CP2J_AMD64,2.965376672889705,0.039503253212899235,2.887951719320256,3.0428016264591538,3.000200360178781,0.034823687289076144,0.1245062000816688,"{""pairs"": 8192, ""rho_pair"": -0.2559221835415193}"
9610a2594841,2026-09-25T10:50:42,tamzeed,master,asian_arith,call,exact,control_variate,{},16384,252,14,2118333523,LAPTOP-G689CP2J_AMD64,3.161079690717706,0.0014555713130606383,3.1582268233671775,3.1639325580682347,,,0.14542590000201017,"{""control"": ""geometric_asian"", ""control_mean"": 3.000200360178781, ""b_hat"": 1.0461600975927674, ""rho"": 0.999545419353032, ""pilot_rho"": 0.9994164516994302, ""pilot_paths"": 1639, ""total_paths_simulated"": 18023, ""plain_std_error"": 0.04823445074549644, ""observed_vrf"": 1098.1146852610934, ""theoretical_vrf"": 1100.164897766191}"
87ffd4d693cb,2026-09-25T10:50:42,tamzeed,master,paper_barrier,call,exact,rqmc,{},16384,252,14,3776223816,LAPTOP-G689CP2J_AMD64,7.095426627385436,nan,nan,nan,7.1055282627933245,0.010101635407888665,0.24424999998882413,"{""construction"": ""bridge"", ""sobol_dim"": 252, ""naive_iid_se"": 0.09802860111001135, ""se_valid"": false}"
3d0ea1843fe8,2026-09-25T10:50:42,tamzeed,master,paper_barrier,call,exact,plain,{},16384,252,14,260856625,LAPTOP-G689CP2J_AMD64,6.958478992276098,0.09672953664105438,6.768892584218384,7.148065400333812,7.1055282627933245,0.14704927051722638,0.10050859989132732,
4f4bee0dd3b8,2026-09-25T10:50:42,tamzeed,master,asian_arith,call,exact,antithetic,{},16384,252,14,3426600486,LAPTOP-G689CP2J_AMD64,3.1287877489323828,0.040671565877830274,3.049072944616987,3.2085025532477784,,,0.10463110008276999,"{""pairs"": 8192, ""rho_pair"": -0.2653610989062531}"
1c1d489a1c3e,2026-09-25T10:50:43,tamzeed,master,deep_barrier,call,exact,importance,{},16384,252,14,1619159134,LAPTOP-G689CP2J_AMD64,3.3972947194212244,0.02867781453906366,3.3410872357693404,3.4535022030731084,3.545320563728301,0.14802584430707677,0.19378640002105385,"{""theta"": 1.6323611831060643, ""theta0"": 1.6323611831060643, ""ESS"": 1019.8052553924917, ""ESS_frac"": 0.06224397310745189, ""max_weight"": 294.8581079289168, ""max_weight_share"": 0.018106170945773856, ""mean_weight"": 0.9939545331212836, ""hit_rate_proposal"": 0.59771728515625, ""pilot_paths"": 10000, ""total_paths_simulated"": 26384, ""theta_grid"": [[0.0, 143.35871654218047], [0.40809029577651607, 67.62109882150443], [0.8161805915530321, 39.40189589774536], [1.2242708873295483, 28.199776189656962], [1.6323611831060643, 24.68579533006276], [2.0404514788825803, 26.35453399855471], [2.4485417746590965, 34.24905243363725]]}"
ba23f79ebcb8,2026-09-25T10:50:43,tamzeed,master,paper_barrier,call,exact,control_variate,{},16384,252,14,3639873131,LAPTOP-G689CP2J_AMD64,7.093864774871564,0.002427880287281301,7.089106216949718,7.0986233327934105,7.1055282627933245,0.011663487921760307,0.19810519996099174,"{""control"": ""european_terminal"", ""control_mean"": 7.1280646692617395, ""b_hat"": 1.0008706027863257, ""rho"": 0.9996944823127659, ""pilot_rho"": 0.9996901351457962, ""pilot_paths"": 1639, ""total_paths_simulated"": 18023, ""plain_std_error"": 0.09822592074531712, ""observed_vrf"": 1636.8077739431033, ""theoretical_vrf"": 1636.816498640486}"
13b1fafd0eca,2026-09-25T10:50:43,tamzeed,master,paper_asian_geo,call,exact,plain,{},16384,252,14,3855892878,LAPTOP-G689CP2J_AMD64,2.9556626819190277,0.04540436145678853,2.8666717687226835,3.044653595115372,3.000200360178781,0.0445376782597533,0.16484099999070168,
568068566834,2026-09-25T10:50:43,tamzeed,master,deep_barrier,call,exact,rqmc,{},16384,252,14,3743056523,LAPTOP-G689CP2J_AMD64,3.387776083543191,nan,nan,nan,3.545320563728301,0.15754448018511003,0.264462299994193,"{""construction"": ""bridge"", ""sobol_dim"": 252, ""naive_iid_se"": 0.08994768153402513, ""se_valid"": false}"
4f24d13dd228,2026-09-25T10:50:43,tamzeed,master,paper_barrier,call,exact,importance,{},16384,252,14,1801774291,LAPTOP-G689CP2J_AMD64,7.110552679086529,0.045529244261198934,7.021317000091253,7.199788358081806,7.1055282627933245,0.005024416293204936,0.17875929991714656,"{""theta"": 0.6858575284033614, ""theta0"": 0.45723835226890763, ""ESS"": 10365.835229658092, ""ESS_frac"": 0.6326803729039363, ""max_weight"": 13.842656534667933, ""max_weight_share"": 0.0008522896607819874, ""mean_weight"": 0.9913163838375605, ""hit_rate_proposal"": 0.6776123046875, ""pilot_paths"": 10000, ""total_paths_simulated"": 26384, ""theta_grid"": [[0.0, 209.63251174409652], [0.11430958806722691, 172.51547263289638], [0.22861917613445382, 144.62097504193105], [0.3429287642016807, 123.47933881740023], [0.45723835226890763, 107.36016329799499], [0.5715479403361345, 95.03954135533704], [0.6858575284033614, 85.64555399331812]]}"
fccfa957e6fc,2026-09-25T10:50:44,tamzeed,master,deep_barrier,call,exact,plain,{},16384,252,14,2596845860,LAPTOP-G689CP2J_AMD64,3.2803173873093705,0.08765248701738976,3.108521669599922,3.452113105018819,3.545320563728301,0.2650031764189307,0.1063342000124976,
4b3e8a252326,2026-09-25T10:50:44,tamzeed,master,deep_barrier,call,exact,control_variate,{},16384,252,14,724366329,LAPTOP-G689CP2J_AMD64,3.4038847254820763,0.04949529975940846,3.3068757205496215,3.500893730414531,3.545320563728301,0.14143583824622485,0.12023939995560795,"{""control"": ""european_terminal"", ""control_mean"": 7.1280646692617395, ""b_hat"": 0.7684260131746342, ""rho"": 0.8297396001971479, ""pilot_rho"": 0.8331659167304827, ""pilot_paths"": 1639, ""total_paths_simulated"": 18023, ""plain_std_error"": 0.08867008676734035, ""observed_vrf"": 3.209418481904997, ""theoretical_vrf"": 3.209941101671489}"
d04bc55f41b1,2026-09-25T10:50:44,tamzeed,master,asian_arith,call,exact,plain,{},16384,252,14,1488998162,LAPTOP-G689CP2J_AMD64,3.219902327742383,0.04809981783170041,3.1256284171293127,3.314176238355453,,,0.13045759999658912,
f1692c9e93f8,2026-09-25T10:50:44,tamzeed,master,paper_asian_geo,call,exact,rqmc,{},16384,252,14,788511214,LAPTOP-G689CP2J_AMD64,3.0000902444847224,nan,nan,nan,3.000200360178781,0.0001101156940586101,0.3702258999692276,"{""construction"": ""bridge"", ""sobol_dim"": 252, ""naive_iid_se"": 0.045853927199474745, ""se_valid"": false}"
cf5ed9c0bcba,2026-09-25T10:50:44,tamzeed,master,asian_arith,call,exact,rqmc,{},16384,252,14,4152935553,LAPTOP-G689CP2J_AMD64,3.1646748326929934,nan,nan,nan,,,0.2786596000660211,"{""construction"": ""bridge"", ""sobol_dim"": 252, ""naive_iid_se"": 0.04796568833653597, ""se_valid"": false}"
fb812a6d1f87,2026-09-25T10:50:45,tamzeed,master,paper_barrier,call,exact,rqmc,{},65536,252,14,2956003753,LAPTOP-G689CP2J_AMD64,7.094514647086589,nan,nan,nan,7.1055282627933245,0.011013615706735536,0.9441425999393687,"{""construction"": ""bridge"", ""sobol_dim"": 252, ""naive_iid_se"": 0.04900476387333678, ""se_valid"": false}"
6e73ed0d7ce8,2026-09-25T10:50:46,tamzeed,master,paper_barrier,call,exact,importance,{},65536,252,14,1835274511,LAPTOP-G689CP2J_AMD64,7.102865152517903,0.022870327352330824,7.058040134592693,7.147690170443113,7.1055282627933245,0.002663110275421765,0.4207691999617964,"{""theta"": 0.6858575284033614, ""theta0"": 0.45723835226890763, ""ESS"": 41078.783862644115, ""ESS_frac"": 0.6268124979041155, ""max_weight"": 12.777615701388957, ""max_weight_share"": 0.0001955076684671383, ""mean_weight"": 0.9972547073873657, ""hit_rate_proposal"": 0.6728363037109375, ""pilot_paths"": 10000, ""total_paths_simulated"": 75536, ""theta_grid"": [[0.0, 216.45980502670767], [0.11430958806722691, 177.42696479411836], [0.22861917613445382, 148.22515647789209], [0.3429287642016807, 126.17694520695977], [0.45723835226890763, 109.41890498206476], [0.5715479403361345, 96.64077833568847], [0.6858575284033614, 86.91381978872957]]}"
9a9c59f604cc,2026-09-25T10:50:46,tamzeed,master,deep_barrier,call,exact,plain,{},65536,252,14,355940127,LAPTOP-G689CP2J_AMD64,3.420693348646498,0.045242250207022584,3.3320201676611836,3.509366529631812,3.545320563728301,0.1246272150818033,0.3712416000198573,
34833263276d,2026-09-25T10:50:47,tamzeed,master,paper_barrier,call,exact,control_variate,{},65536,252,14,2910529218,LAPTOP-G689CP2J_AMD64,7.095312298587471,0.0012091376780028946,7.092942432286235,7.097682164888707,7.1055282627933245,0.010215964205853467,0.4112031999975443,"{""control"": ""european_terminal"", ""control_mean"": 7.1280646692617395, ""b_hat"": 1.0008637244416585, ""rho"": 0.9996969948440655, ""pilot_rho"": 0.9997157533976402, ""pilot_paths"": 6554, ""total_paths_simulated"": 72090, ""plain_std_error"": 0.049121163844767064, ""observed_vrf"": 1650.386974604509, ""theoretical_vrf"": 1650.3869751819009}"
815471f3fa31,2026-09-25T10:50:47,tamzeed,master,paper_barrier,call,exact,plain,{},65536,252,14,3407047151,LAPTOP-G689CP2J_AMD64,7.128134298553347,0.049462127430675164,7.0311903101904925,7.225078286916201,7.1055282627933245,0.02260603576002218,0.37857800000347197,
654309b095b3,2026-09-25T10:50:47,tamzeed,master,deep_barrier,call,exact,importance,{},65536,252,14,4114845395,LAPTOP-G689CP2J_AMD64,3.3576022332926825,0.014296878640979374,3.329580866065023,3.385623600520342,3.545320563728301,0.1877183304356187,0.44518719997722656,"{""theta"": 1.6323611831060643, ""theta0"": 1.6323611831060643, ""ESS"": 5386.745410894223, ""ESS_frac"": 0.08219521195822484, ""max_weight"": 215.42208079322006, ""max_weight_share"": 0.0033742821792095688, ""mean_weight"": 0.9741568474864724, ""hit_rate_proposal"": 0.59332275390625, ""pilot_paths"": 10000, ""total_paths_simulated"": 75536, ""theta_grid"": [[0.0, 145.71980319568536], [0.40809029577651607, 68.66122269357672], [0.8161805915530321, 39.97160893925811], [1.2242708873295483, 28.595405848257837], [1.6323611831060643, 25.03913960409009], [2.0404514788825803, 26.762589343131545], [2.4485417746590965, 34.85595357622514]]}"
fe6536bc3561,2026-09-25T10:50:48,tamzeed,master,paper_asian_geo,call,exact,rqmc,{},65536,252,14,3993417841,LAPTOP-G689CP2J_AMD64,3.0007800774625144,nan,nan,nan,3.000200360178781,0.0005797172837334053,1.0554630000842735,"{""construction"": ""bridge"", ""sobol_dim"": 252, ""naive_iid_se"": 0.022927527548349622, ""se_valid"": false}"
d9a09ca65c73,2026-09-25T10:50:49,tamzeed,master,asian_arith,call,exact,rqmc,{},65536,252,14,1033681687,LAPTOP-G689CP2J_AMD64,3.1623753851876355,nan,nan,nan,,,1.0121427000267431,"{""construction"": ""bridge"", ""sobol_dim"": 252, ""naive_iid_se"": 0.023993499757321533, ""se_valid"": false}"
f1998aa4cb19,2026-09-25T10:50:50,tamzeed,master,asian_arith,call,exact,antithetic,{},65536,252,14,1820267353,LAPTOP-G689CP2J_AMD64,3.1848957884369216,0.0207353532185097,3.144255242921926,3.225536333951917,,,0.35212219995446503,"{""pairs"": 32768, ""rho_pair"": -0.26470525256049077}"
f0e75d2ec1bf,2026-09-25T10:50:50,tamzeed,master,asian_arith,call,exact,control_variate,{},65536,252,14,3568940163,LAPTOP-G689CP2J_AMD64,3.1623479652618345,0.0007546020440082733,3.160868972432918,3.163826958090751,,,0.5253773999866098,"{""control"": ""geometric_asian"", ""control_mean"": 3.000200360178781, ""b_hat"": 1.0462325121593905, ""rho"": 0.9995023606704342, ""pilot_rho"": 0.9993943589544692, ""pilot_paths"": 6554, ""total_paths_simulated"": 72090, ""plain_std_error"": 0.02391262458557561, ""observed_vrf"": 1004.1961152355924, ""theoretical_vrf"": 1004.993799891338}"
30b6ce632b59,2026-09-25T10:50:51,tamzeed,master,paper_asian_geo,call,exact,antithetic,{},65536,252,14,27451024,LAPTOP-G689CP2J_AMD64,2.9969333134025646,0.01978356512858827,2.958158238264729,3.0357083885404004,3.000200360178781,0.0032670467762163646,0.4289778999518603,"{""pairs"": 32768, ""rho_pair"": -0.25935060476827937}"
6f2042147896,2026-09-25T10:50:51,tamzeed,master,asian_arith,call,exact,plain,{},65536,252,14,3904712805,LAPTOP-G689CP2J_AMD64,3.162616106536409,0.024146143120042308,3.1152905356555762,3.2099416774172416,,,0.3458693999564275,
940e438f117b,2026-09-25T10:50:52,tamzeed,master,deep_barrier,call,exact,rqmc,{},65536,252,14,4072890686,LAPTOP-G689CP2J_AMD64,3.3860664638562543,nan,nan,nan,3.545320563728301,0.15925409987204686,0.9325411999598145,"{""construction"": ""bridge"", ""sobol_dim"": 252, ""naive_iid_se"": 0.044976695141353884, ""se_valid"": false}"
87da7dc87fe4,2026-09-25T10:50:53,tamzeed,master,deep_barrier,call,exact,control_variate,{},65536,252,14,2582295211,LAPTOP-G689CP2J_AMD64,3.3712586465347054,0.025061618250933643,3.322138777368584,3.420378515700827,3.545320563728301,0.17406191719359576,0.46239449991844594,"{""control"": ""european_terminal"", ""control_mean"": 7.1280646692617395, ""b_hat"": 0.7523144079569493, ""rho"": 0.8297029361552762, ""pilot_rho"": 0.8252035492371108, ""pilot_paths"": 6554, ""total_paths_simulated"": 72090, ""plain_std_error"": 0.04488995550953423, ""observed_vrf"": 3.208338104131908, ""theoretical_vrf"": 3.2093143263665027}"
70d5236f6f05,2026-09-25T10:50:53,tamzeed,master,deep_barrier,call,exact,antithetic,{},65536,252,14,4100598302,LAPTOP-G689CP2J_AMD64,3.3099634418576884,0.04274969817154919,3.2261755730914943,3.3937513106238826,3.545320563728301,0.23535712187061275,0.34963149996474385,"{""pairs"": 32768, ""rho_pair"": -0.08381078406717858}"
1736be1c3531,2026-09-25T10:50:53,tamzeed,master,paper_barrier,call,exact,antithetic,{},65536,252,14,3474778492,LAPTOP-G689CP2J_AMD64,7.068907128159752,0.040239328739914634,6.990039493067452,7.147774763252053,7.1055282627933245,0.03662113463357208,0.34228330000769347,"{""pairs"": 32768, ""rho_pair"": -0.32014571638811995}"
223445a04022,2026-09-25T10:50:54,tamzeed,master,paper_asian_geo,call,exact,plain,{},65536,252,14,636520223,LAPTOP-G689CP2J_AMD64,3.01588309011431,0.02296099343210281,2.9708803699381274,3.0608858102904923,3.000200360178781,0.015682729935528883,0.45320540003012866,
a2e6e7814fb8,2026-09-25T10:50:54,tamzeed,master,asian_arith,call,exact,rqmc,{},256,252,15,2406165108,LAPTOP-G689CP2J_AMD64,3.1751308550316417,nan,nan,nan,,,0.01128380000591278,"{""construction"": ""bridge"", ""sobol_dim"": 252, ""naive_iid_se"": 0.38552369797367114, ""se_valid"": false}"
225193de2c54,2026-09-25T10:50:54,tamzeed,master,asian_arith,call,exact,antithetic,{},256,252,15,4019239590,LAPTOP-G689CP2J_AMD64,3.195509388607782,0.3611303237011838,2.48770696042817,3.9033118167873937,,,0.001414199941791594,"{""pairs"": 128, ""rho_pair"": -0.23810357911879884}"
2625d90ad41e,2026-09-25T10:50:54,tamzeed,master,asian_arith,call,exact,control_variate,{},256,252,15,517227565,LAPTOP-G689CP2J_AMD64,3.1630098656709356,0.012409333259689431,3.138688019409789,3.187331711932082,,,0.005004799924790859,"{""control"": ""geometric_asian"", ""control_mean"": 3.000200360178781, ""b_hat"": 1.0476583503994839, ""rho"": 0.9995516402313539, ""pilot_rho"": 0.9993923292179542, ""pilot_paths"": 256, ""total_paths_simulated"": 512, ""plain_std_error"": 0.41141892953965364, ""observed_vrf"": 1099.1871530619817, ""theoretical_vrf"": 1115.425937046657}"
e58817128d30,2026-09-25T10:50:54,tamzeed,master,paper_barrier,call,exact,plain,{},256,252,15,687410164,LAPTOP-G689CP2J_AMD64,6.434611363924979,0.7534677307593164,4.957841748123597,7.911380979726362,7.1055282627933245,0.6709168988683452,0.001359799993224442,
6514dd4fc416,2026-09-25T10:50:54,tamzeed,master,paper_barrier,call,exact,rqmc,{},256,252,15,1019580411,LAPTOP-G689CP2J_AMD64,7.127385545728337,nan,nan,nan,7.1055282627933245,0.0218572829350121,0.011033799964934587,"{""construction"": ""bridge"", ""sobol_dim"": 252, ""naive_iid_se"": 0.7889768149607613, ""se_valid"": false}"
2ad85d9df44a,2026-09-25T10:50:54,tamzeed,master,deep_barrier,call,exact,importance,{},256,252,15,3216775158,LAPTOP-G689CP2J_AMD64,2.963108951347506,0.22434790416918796,2.5233951391688545,3.402822763526158,3.545320563728301,0.582211612380795,0.05826419999357313,"{""theta"": 1.6323611831060643, ""theta0"": 1.6323611831060643, ""ESS"": 49.260277668979995, ""ESS_frac"": 0.1924229596444531, ""max_weight"": 19.466495828586197, ""max_weight_share"": 0.09070495058455166, ""mean_weight"": 0.8383335070507794, ""hit_rate_proposal"": 0.53515625, ""pilot_paths"": 10000, ""total_paths_simulated"": 10256, ""theta_grid"": [[0.0, 145.46382383768065], [0.40809029577651607, 68.60216323491693], [0.8161805915530321, 39.979190047492395], [1.2242708873295483, 28.6305932240127], [1.6323611831060643, 25.09661132908981], [2.0404514788825803, 26.854929454514373], [2.4485417746590965, 35.019209840333914]]}"
25a6fec38861,2026-09-25T10:50:54,tamzeed,master,deep_barrier,call,exact,rqmc,{},256,252,15,3102153207,LAPTOP-G689CP2J_AMD64,3.3506533673827397,nan,nan,nan,3.545320563728301,0.1946671963455615,0.011305399937555194,"{""construction"": ""bridge"", ""sobol_dim"": 252, ""naive_iid_se"": 0.747748402656295, ""se_valid"": false}"
bf454c20a7c8,2026-09-25T10:50:54,tamzeed,master,paper_barrier,call,exact,importance,{},256,252,15,764350163,LAPTOP-G689CP2J_AMD64,7.543086344483187,0.36291503430404576,6.831785947799139,8.254386741167234,7.1055282627933245,0.4375580816898621,0.058895699912682176,"{""theta"": 0.6858575284033614, ""theta0"": 0.45723835226890763, ""ESS"": 171.44201726873996, ""ESS_frac"": 0.6696953799560155, ""max_weight"": 3.7030432834633595, ""max_weight_share"": 0.01529399673250357, ""mean_weight"": 0.9457967775870499, ""hit_rate_proposal"": 0.69140625, ""pilot_paths"": 10000, ""total_paths_simulated"": 10256, ""theta_grid"": [[0.0, 206.04122295641704], [0.11430958806722691, 169.41434752467566], [0.22861917613445382, 141.93502336069992], [0.3429287642016807, 121.13803814981588], [0.45723835226890763, 105.30102676729148], [0.5715479403361345, 93.20882274862498], [0.6858575284033614, 83.99764082830548]]}"
fe12afa1b86f,2026-09-25T10:50:54,tamzeed,master,paper_asian_geo,call,exact,antithetic,{},256,252,15,1674752591,LAPTOP-G689CP2J_AMD64,2.740816054978094,0.29110350107840816,2.1702636770908974,3.311368432865291,3.000200360178781,0.2593843052006868,0.001740999985486269,"{""pairs"": 128, ""rho_pair"": -0.26254137056893}"
19b2ee9a53d4,2026-09-25T10:50:54,tamzeed,master,paper_asian_geo,call,exact,rqmc,{},256,252,15,1958889714,LAPTOP-G689CP2J_AMD64,3.014497853474632,nan,nan,nan,3.000200360178781,0.014297493295850838,0.011288499925285578,"{""construction"": ""bridge"", ""sobol_dim"": 252, ""naive_iid_se"": 0.3662227967117835, ""se_valid"": false}"
df4c28dd0517,2026-09-25T10:50:54,tamzeed,master,paper_barrier,call,exact,antithetic,{},256,252,15,791843369,LAPTOP-G689CP2J_AMD64,7.120298563181592,0.6965339680255705,5.7551170718427,8.485480054520483,7.1055282627933245,0.014770300388267543,0.001693699974566698,"{""pairs"": 128, ""rho_pair"": -0.29285914914896627}"
00fde823216a,2026-09-25T10:50:54,tamzeed,master,deep_barrier,call,exact,plain,{},256,252,15,2132624253,LAPTOP-G689CP2J_AMD64,3.260006723792392,0.655251274787907,1.975737824384136,4.544275623200648,3.545320563728301,0.2853138399359092,0.0012214999878779054,
9013b872287f,2026-09-25T10:50:54,tamzeed,master,paper_barrier,call,exact,control_variate,{},256,252,15,1478402244,LAPTOP-G689CP2J_AMD64,7.103130453625434,0.015320860640970792,7.0731021185569745,7.133158788693894,7.1055282627933245,0.0023978091678902302,0.0025275000371038914,"{""control"": ""european_terminal"", ""control_mean"": 7.1280646692617395, ""b_hat"": 1.0014220167206735, ""rho"": 0.9997871459875795, ""pilot_rho"": 0.9993387828033977, ""pilot_paths"": 256, ""total_paths_simulated"": 512, ""plain_std_error"": 0.7422378252014766, ""observed_vrf"": 2347.0364852549465, ""theoretical_vrf"": 2349.2778617632775}"
752faa1f33b5,2026-09-25T10:50:54,tamzeed,master,deep_barrier,call,exact,antithetic,{},256,252,15,4102115595,LAPTOP-G689CP2J_AMD64,3.943840318966382,0.7038475427178178,2.564324484632442,5.323356153300322,3.545320563728301,0.3985197552380808,0.0011970000341534615,"{""pairs"": 128, ""rho_pair"": -0.10206515500869646}"
b766fad0c961,2026-09-25T10:50:54,tamzeed,master,deep_barrier,call,exact,control_variate,{},256,252,15,4071451950,LAPTOP-G689CP2J_AMD64,3.360646192501243,0.42632901243881116,2.5250566825566443,4.196235702445842,3.545320563728301,0.1846743712270582,0.002716299961321056,"{""control"": ""european_terminal"", ""control_mean"": 7.1280646692617395, ""b_hat"": 0.7579262774777303, ""rho"": 0.8170608874733812, ""pilot_rho"": 0.8271788198614419, ""pilot_paths"": 256, ""total_paths_simulated"": 512, ""plain_std_error"": 0.7393050815750947, ""observed_vrf"": 3.007167411486899, ""theoretical_vrf"": 3.0083194518393928}"
b65f12e893ef,2026-09-25T10:50:54,tamzeed,master,asian_arith,call,exact,plain,{},256,252,15,3091938190,LAPTOP-G689CP2J_AMD64,3.4735735263276712,0.47663229555156666,2.53939139317795,4.407755659477393,,,0.0010983999818563461,
59728f3c0310,2026-09-25T10:50:54,tamzeed,master,paper_asian_geo,call,exact,plain,{},256,252,15,344486392,LAPTOP-G689CP2J_AMD64,3.914809032513058,0.4369891513618719,3.058326034209067,4.771292030817049,3.000200360178781,0.914608672334277,0.0013199999229982495,
7dedf42dbba9,2026-09-25T10:50:54,tamzeed,master,paper_barrier,call,exact,rqmc,{},1024,252,15,1126729065,LAPTOP-G689CP2J_AMD64,7.11235918904027,nan,nan,nan,7.1055282627933245,0.006830926246945701,0.021190600004047155,"{""construction"": ""bridge"", ""sobol_dim"": 252, ""naive_iid_se"": 0.3942481445201091, ""se_valid"": false}"
83702ea1a93f,2026-09-25T10:50:54,tamzeed,master,deep_barrier,call,exact,control_variate,{},1024,252,15,1194005590,LAPTOP-G689CP2J_AMD64,3.497445667831268,0.19972990361645146,3.105982250107367,3.888909085555169,3.545320563728301,0.0478748958970332,0.006936399964615703,"{""control"": ""european_terminal"", ""control_mean"": 7.1280646692617395, ""b_hat"": 0.7064431005256039, ""rho"": 0.8348782266736947, ""pilot_rho"": 0.7994415221833346, ""pilot_paths"": 256, ""total_paths_simulated"": 1280, ""plain_std_error"": 0.35978995196626895, ""observed_vrf"": 3.244978890831225, ""theoretical_vrf"": 3.3005659022682403}"
cf915310ad05,2026-09-25T10:50:54,tamzeed,master,deep_barrier,call,exact,antithetic,{},1024,252,15,2229172093,LAPTOP-G689CP2J_AMD64,3.1201150771475925,0.3375057002960482,2.4586160599903684,3.7816140943048167,3.545320563728301,0.42520548658070867,0.004943000036291778,"{""pairs"": 512, ""rho_pair"": -0.07758614206895022}"
23875bd8686a,2026-09-25T10:50:54,tamzeed,master,paper_asian_geo,call,exact,plain,{},1024,252,15,2999234690,LAPTOP-G689CP2J_AMD64,3.0052794464143826,0.1865334656053521,2.6396805719164513,3.370878320912314,3.000200360178781,0.005079086235601604,0.006571699981577694,
f438b1cf44b6,2026-09-25T10:50:54,tamzeed,master,asian_arith,call,exact,antithetic,{},1024,252,15,308274975,LAPTOP-G689CP2J_AMD64,2.7921980317323802,0.14848018528347495,2.501182216158935,3.0832138473058253,,,0.0054908000165596604,"{""pairs"": 512, ""rho_pair"": -0.2571340656739257}"
a9af529fb2e7,2026-09-25T10:50:54,tamzeed,master,deep_barrier,call,exact,importance,{},1024,252,15,2056211998,LAPTOP-G689CP2J_AMD64,3.41547326103632,0.11797494989601008,3.1842466081622227,3.6466999139104175,3.545320563728301,0.12984730269198108,0.06458730006124824,"{""theta"": 1.6323611831060643, ""theta0"": 1.6323611831060643, ""ESS"": 153.55205609390399, ""ESS_frac"": 0.1499531797792031, ""max_weight"": 27.275436351435754, ""max_weight_share"": 0.028399215308872683, ""mean_weight"": 0.9379191650984497, ""hit_rate_proposal"": 0.59765625, ""pilot_paths"": 10000, ""total_paths_simulated"": 11024, ""theta_grid"": [[0.0, 144.56233623260778], [0.40809029577651607, 68.06716031109366], [0.8161805915530321, 39.62181696555168], [1.2242708873295483, 28.35196227964331], [1.6323611831060643, 24.837552229432326], [2.0404514788825803, 26.565127574511116], [2.4485417746590965, 34.63003322538378]]}"
c15ee2c268d0,2026-09-25T10:50:54,tamzeed,master,asian_arith,call,exact,rqmc,{},1024,252,15,3810615287,LAPTOP-G689CP2J_AMD64,3.1732665064887753,nan,nan,nan,,,0.021392500028014183,"{""construction"": ""bridge"", ""sobol_dim"": 252, ""naive_iid_se"": 0.19069591757449705, ""se_valid"": false}"
54e36e694c18,2026-09-25T10:50:54,tamzeed,master,paper_barrier,call,exact,control_variate,{},1024,252,15,3752620605,LAPTOP-G689CP2J_AMD64,7.081843877942568,0.01031297212330016,7.0616308240073336,7.102056931877802,7.1055282627933245,0.023684384850756857,0.00852530007250607,"{""control"": ""european_terminal"", ""control_mean"": 7.1280646692617395, ""b_hat"": 1.0009145207682932, ""rho"": 0.999654187927854, ""pilot_rho"": 0.9997833736510897, ""pilot_paths"": 256, ""total_paths_simulated"": 1280, ""plain_std_error"": 0.3921159192661028, ""observed_vrf"": 1445.6436768168596, ""theoretical_vrf"": 1446.1220652751083}"
69d4e3b6c9a7,2026-09-25T10:50:54,tamzeed,master,asian_arith,call,exact,plain,{},1024,252,15,2146193179,LAPTOP-G689CP2J_AMD64,2.9685632720789865,0.1812089995918659,2.613400159204396,3.323726384953577,,,0.005452600074931979,
e8a2b7b72eff,2026-09-25T10:50:54,tamzeed,master,paper_barrier,call,exact,importance,{},1024,252,15,849148567,LAPTOP-G689CP2J_AMD64,7.131292637485016,0.1836631232773126,6.771319530573344,7.491265744396689,7.1055282627933245,0.02576437469169157,0.06730250001419336,"{""theta"": 0.6858575284033614, ""theta0"": 0.45723835226890763, ""ESS"": 659.4239602153623, ""ESS_frac"": 0.6439687111478147, ""max_weight"": 5.829875841359407, ""max_weight_share"": 0.00577907898034412, ""mean_weight"": 0.9851462742924024, ""hit_rate_proposal"": 0.673828125, ""pilot_paths"": 10000, ""total_paths_simulated"": 11024, ""theta_grid"": [[0.0, 195.68103828433792], [0.11430958806722691, 161.43166263354982], [0.22861917613445382, 135.6727871322358], [0.3429287642016807, 116.14015851126935], [0.45723835226890763, 101.24595681980422], [0.5715479403361345, 89.86649414409679], [0.6858575284033614, 81.2011182652563]]}"
5007fee05832,2026-09-25T10:50:54,tamzeed,master,deep_barrier,call,exact,rqmc,{},1024,252,15,3516012317,LAPTOP-G689CP2J_AMD64,3.3843378607442878,nan,nan,nan,3.545320563728301,0.1609827029840134,0.023241700022481382,"{""construction"": ""bridge"", ""sobol_dim"": 252, ""naive_iid_se"": 0.36015125997029473, ""se_valid"": false}"
cce841436f37,2026-09-25T10:50:54,tamzeed,master,paper_asian_geo,call,exact,rqmc,{},1024,252,15,3317414247,LAPTOP-G689CP2J_AMD64,3.012973235093714,nan,nan,nan,3.000200360178781,0.012772874914932952,0.02340189996175468,"{""construction"": ""bridge"", ""sobol_dim"": 252, ""naive_iid_se"": 0.18409237424329805, ""se_valid"": false}"
2316219cff6c,2026-09-25T10:50:54,tamzeed,master,paper_asian_geo,call,exact,antithetic,{},1024,252,15,1409333940,LAPTOP-G689CP2J_AMD64,3.099421141396472,0.16432433198706228,2.7773513689182265,3.421490913874717,3.000200360178781,0.09922078121769085,0.006869299919344485,"{""pairs"": 512, ""rho_pair"": -0.2575721186034518}"
b78a98af6ee4,2026-09-25T10:50:54,tamzeed,master,paper_barrier,call,exact,plain,{},1024,252,15,78899687,LAPTOP-G689CP2J_AMD64,7.040989748504598,0.3782028876786002,6.299725709805494,7.782253787203701,7.1055282627933245,0.06453851428872692,0.005417300038971007,
6b764647c56b,2026-09-25T10:50:54,tamzeed,master,asian_arith,call,exact,control_variate,{},1024,252,15,354431989,LAPTOP-G689CP2J_AMD64,3.1559012781831153,0.006035551029092311,3.144071815539241,3.1677307408269897,,,0.011406100005842745,"{""control"": ""geometric_asian"", ""control_mean"": 3.000200360178781, ""b_hat"": 1.0446210719169249, ""rho"": 0.9995549475342291, ""pilot_rho"": 0.9994727789039821, ""pilot_paths"": 256, ""total_paths_simulated"": 1280, ""plain_std_error"": 0.20138586091887717, ""observed_vrf"": 1113.3304815187678, ""theoretical_vrf"": 1123.7131042846124}"
8086cda258ed,2026-09-25T10:50:54,tamzeed,master,paper_barrier,call,exact,antithetic,{},1024,252,15,3911172881,LAPTOP-G689CP2J_AMD64,7.440494786316552,0.32519411522914127,6.803126032483067,8.077863540150037,7.1055282627933245,0.3349665235232271,0.005488499999046326,"{""pairs"": 512, ""rho_pair"": -0.338045646404659}"
e826c07bb132,2026-09-25T10:50:54,tamzeed,master,deep_barrier,call,exact,plain,{},1024,252,15,2148513908,LAPTOP-G689CP2J_AMD64,3.4221217794941428,0.3584371789243924,2.7195978180821943,4.124645740906091,3.545320563728301,0.12319878423415842,0.006532300030812621,
cfd461df307b,2026-09-25T10:50:54,tamzeed,master,paper_asian_geo,call,exact,rqmc,{},4096,252,15,3101057864,LAPTOP-G689CP2J_AMD64,3.0015372958719904,nan,nan,nan,3.000200360178781,0.0013369356932093623,0.06979270000010729,"{""construction"": ""bridge"", ""sobol_dim"": 252, ""naive_iid_se"": 0.09176674461822124, ""se_valid"": false}"
3b0906b55b7c,2026-09-25T10:50:54,tamzeed,master,asian_arith,call,exact,antithetic,{},4096,252,15,4223670320,LAPTOP-G689CP2J_AMD64,3.073684271353696,0.08174246459861002,2.91347198473288,3.233896557974512,,,0.02198399999178946,"{""pairs"": 2048, ""rho_pair"": -0.25712994650416965}"
db449fc4fd22,2026-09-25T10:50:54,tamzeed,master,asian_arith,call,exact,rqmc,{},4096,252,15,2273254162,LAPTOP-G689CP2J_AMD64,3.168340669100566,nan,nan,nan,,,0.06433109997306019,"{""construction"": ""bridge"", ""sobol_dim"": 252, ""naive_iid_se"": 0.09606911007691794, ""se_valid"": false}"
ea3fdadb2799,2026-09-25T10:50:54,tamzeed,master,deep_barrier,call,exact,rqmc,{},4096,252,15,1436492985,LAPTOP-G689CP2J_AMD64,3.328531603907905,nan,nan,nan,3.545320563728301,0.21678895982039625,0.06504060002043843,"{""construction"": ""bridge"", ""sobol_dim"": 252, ""naive_iid_se"": 0.17882674800543377, ""se_valid"": false}"
b017acebe6cf,2026-09-25T10:50:54,tamzeed,master,paper_barrier,call,exact,plain,{},4096,252,15,3149981402,LAPTOP-G689CP2J_AMD64,6.757585496305554,0.18916238367192773,6.3868340370788275,7.12833695553228,7.1055282627933245,0.3479427664877708,0.02663490001577884,
b4d4499f9da6,2026-09-25T10:50:55,tamzeed,master,asian_arith,call,exact,control_variate,{},4096,252,15,2834163968,LAPTOP-G689CP2J_AMD64,3.161065213442357,0.003007885807177457,3.15516986559068,3.166960561294034,,,0.032407799968495965,"{""control"": ""geometric_asian"", ""control_mean"": 3.000200360178781, ""b_hat"": 1.0422868293471248, ""rho"": 0.9994975417946966, ""pilot_rho"": 0.9996090430098471, ""pilot_paths"": 410, ""total_paths_simulated"": 4506, ""plain_std_error"": 0.09466362735759848, ""observed_vrf"": 990.4751748219505, ""theoretical_vrf"": 995.3577050559255}"
9a3a808cd72f,2026-09-25T10:50:55,tamzeed,master,paper_asian_geo,call,exact,antithetic,{},4096,252,15,420362652,LAPTOP-G689CP2J_AMD64,2.9449944687866125,0.07786511711899513,2.792381643581389,3.097607293991836,3.000200360178781,0.05520589139216847,0.02816659992095083,"{""pairs"": 2048, ""rho_pair"": -0.2588178689028307}"
f75fcaa71703,2026-09-25T10:50:55,tamzeed,master,paper_asian_geo,call,exact,plain,{},4096,252,15,3808032782,LAPTOP-G689CP2J_AMD64,2.831898015317555,0.08845823897785407,2.658523052785124,3.005272977849986,3.000200360178781,0.16830234486122597,0.029002900002524257,
0cf39cff1e8a,2026-09-25T10:50:55,tamzeed,master,deep_barrier,call,exact,antithetic,{},4096,252,15,3634813742,LAPTOP-G689CP2J_AMD64,3.367219466745939,0.1766370699991057,3.0210171712130114,3.713421762278867,3.545320563728301,0.17810109698236198,0.02143429999705404,"{""pairs"": 2048, ""rho_pair"": -0.08159348945140736}"
fe4622619cfb,2026-09-25T10:50:55,tamzeed,master,deep_barrier,call,exact,importance,{},4096,252,15,1505713777,LAPTOP-G689CP2J_AMD64,3.369969728647263,0.05753406601336095,3.257205031376926,3.4827344259176005,3.545320563728301,0.175350835081038,0.08375150000210851,"{""theta"": 1.6323611831060643, ""theta0"": 1.6323611831060643, ""ESS"": 393.6901072307572, ""ESS_frac"": 0.09611574883563408, ""max_weight"": 75.55036958488725, ""max_weight_share"": 0.017918554688232422, ""mean_weight"": 1.029375123739674, ""hit_rate_proposal"": 0.592041015625, ""pilot_paths"": 10000, ""total_paths_simulated"": 14096, ""theta_grid"": [[0.0, 143.79129581632884], [0.40809029577651607, 68.08173184626598], [0.8161805915530321, 39.88147619408121], [1.2242708873295483, 28.73006464957241], [1.6323611831060643, 25.344405434460707], [2.0404514788825803, 27.300835337122], [2.4485417746590965, 35.846694172124366]]}"
c03e439e2ba0,2026-09-25T10:50:55,tamzeed,master,paper_barrier,call,exact,antithetic,{},4096,252,15,2622421122,LAPTOP-G689CP2J_AMD64,6.874152985373001,0.15741820563486458,6.565618971817746,7.182686998928255,7.1055282627933245,0.23137527742032393,0.02141649997793138,"{""pairs"": 2048, ""rho_pair"": -0.31801828344682814}"
b8e7ba07b59d,2026-09-25T10:50:55,tamzeed,master,deep_barrier,call,exact,control_variate,{},4096,252,15,2455271906,LAPTOP-G689CP2J_AMD64,3.4036692978904464,0.10039570537753115,3.206897331147991,3.600441264632902,3.545320563728301,0.1416512658378548,0.028399100061506033,"{""control"": ""european_terminal"", ""control_mean"": 7.1280646692617395, ""b_hat"": 0.7698297468278983, ""rho"": 0.8283035180375311, ""pilot_rho"": 0.8343530806164552, ""pilot_paths"": 410, ""total_paths_simulated"": 4506, ""plain_std_error"": 0.17915986704478704, ""observed_vrf"": 3.184572878768647, ""theoretical_vrf"": 3.1855931472782277}"
dcb9222fd1f7,2026-09-25T10:50:55,tamzeed,master,paper_barrier,call,exact,control_variate,{},4096,252,15,94211424,LAPTOP-G689CP2J_AMD64,7.092753415151,0.005196669984231325,7.082568129142366,7.102938701159633,7.1055282627933245,0.012774847642324616,0.027882699971087277,"{""control"": ""european_terminal"", ""control_mean"": 7.1280646692617395, ""b_hat"": 1.0008839620262922, ""rho"": 0.9996355745011013, ""pilot_rho"": 0.9998182634118322, ""pilot_paths"": 410, ""total_paths_simulated"": 4506, ""plain_std_error"": 0.19250637792156913, ""observed_vrf"": 1372.2712665275876, ""theoretical_vrf"": 1372.2725892940277}"
5b4c9a3a4f08,2026-09-25T10:50:55,tamzeed,master,paper_barrier,call,exact,rqmc,{},4096,252,15,4022370828,LAPTOP-G689CP2J_AMD64,7.102015099992908,nan,nan,nan,7.1055282627933245,0.0035131628004165805,0.06286049995105714,"{""construction"": ""bridge"", ""sobol_dim"": 252, ""naive_iid_se"": 0.1967768155448053, ""se_valid"": false}"
832c3a0ff6c5,2026-09-25T10:50:55,tamzeed,master,paper_barrier,call,exact,importance,{},4096,252,15,2438267689,LAPTOP-G689CP2J_AMD64,7.2475586753216605,0.09093083339622571,7.0693375167808465,7.4257798338624745,7.1055282627933245,0.14203041252833604,0.10062979999929667,"{""theta"": 0.6858575284033614, ""theta0"": 0.45723835226890763, ""ESS"": 2440.1272259564103, ""ESS_frac"": 0.5957341860245142, ""max_weight"": 11.678303469329641, ""max_weight_share"": 0.002853253621686526, ""mean_weight"": 0.9992621357846644, ""hit_rate_proposal"": 0.69140625, ""pilot_paths"": 10000, ""total_paths_simulated"": 14096, ""theta_grid"": [[0.0, 207.8097362167422], [0.11430958806722691, 170.68295693720498], [0.22861917613445382, 142.85381165766938], [0.3429287642016807, 121.8091694443591], [0.45723835226890763, 105.79491379020891], [0.5715479403361345, 93.57458916393803], [0.6858575284033614, 84.26997552242774]]}"
d0b6d9a4a381,2026-09-25T10:50:55,tamzeed,master,deep_barrier,call,exact,plain,{},4096,252,15,2349600711,LAPTOP-G689CP2J_AMD64,3.3178070762328904,0.177552306903234,2.969810949330549,3.6658032031352317,3.545320563728301,0.22751348749541078,0.04438930004835129,
e0e5ce138f4c,2026-09-25T10:50:55,tamzeed,master,asian_arith,call,exact,plain,{},4096,252,15,2350875761,LAPTOP-G689CP2J_AMD64,3.19673851607132,0.09630928554855457,3.0079757850193696,3.385501247123271,,,0.05460119992494583,
2d1e73b833f5,2026-09-25T10:50:55,tamzeed,master,deep_barrier,call,exact,plain,{},16384,252,15,879348837,LAPTOP-G689CP2J_AMD64,3.49212187521569,0.09204721454842597,3.311712649823544,3.6725311006078365,3.545320563728301,0.053198688512611,0.20623709994833916,
6c1ee2fe9472,2026-09-25T10:50:56,tamzeed,master,deep_barrier,call,exact,rqmc,{},16384,252,15,3841272028,LAPTOP-G689CP2J_AMD64,3.3963365469987075,nan,nan,nan,3.545320563728301,0.14898401672959372,0.44029820000287145,"{""construction"": ""bridge"", ""sobol_dim"": 252, ""naive_iid_se"": 0.09005148094914747, ""se_valid"": false}"
eda87f23ee5c,2026-09-25T10:50:56,tamzeed,master,asian_arith,call,exact,antithetic,{},16384,252,15,388079686,LAPTOP-G689CP2J_AMD64,3.1669003827085334,0.04077285959397454,3.0869870463576348,3.246813719059432,,,0.17053939995821565,"{""pairs"": 8192, ""rho_pair"": -0.26927967566724065}"
83ccd6816e10,2026-09-25T10:50:56,tamzeed,master,paper_asian_geo,call,exact,antithetic,{},16384,252,15,4194973729,LAPTOP-G689CP2J_AMD64,2.9877725184071515,0.03886201163200088,2.911604375241653,3.06394066157265,3.000200360178781,0.012427841771629478,0.17932349990587682,"{""pairs"": 8192, ""rho_pair"": -0.2651649496380193}"
fa886fd5aa7c,2026-09-25T10:50:56,tamzeed,master,paper_barrier,call,exact,control_variate,{},16384,252,15,1718631939,LAPTOP-G689CP2J_AMD64,7.096221903244655,0.0023982326420155385,7.091521453639756,7.100922352849554,7.1055282627933245,0.00930635954866954,0.2418459999607876,"{""control"": ""european_terminal"", ""control_mean"": 7.1280646692617395, ""b_hat"": 1.000927726775403, ""rho"": 0.9997000410054031, ""pilot_rho"": 0.9996274175564773, ""pilot_paths"": 1639, ""total_paths_simulated"": 18023, ""plain_std_error"": 0.09792067481583891, ""observed_vrf"": 1667.1173674255967, ""theoretical_vrf"": 1667.1445431043617}"
e239ee95ae86,2026-09-25T10:50:57,tamzeed,master,paper_barrier,call,exact,rqmc,{},16384,252,15,2546244280,LAPTOP-G689CP2J_AMD64,7.092574235465943,nan,nan,nan,7.1055282627933245,0.012954027327381823,0.39887789997737855,"{""construction"": ""bridge"", ""sobol_dim"": 252, ""naive_iid_se"": 0.09801825958738403, ""se_valid"": false}"
e4f7967a5a94,2026-09-25T10:50:57,tamzeed,master,asian_arith,call,exact,plain,{},16384,252,15,2400717894,LAPTOP-G689CP2J_AMD64,3.1706382387966636,0.04768079210058561,3.077185603525174,3.2640908740681533,,,0.13912920001894236,
e0e121710057,2026-09-25T10:50:57,tamzeed,master,paper_asian_geo,call,exact,rqmc,{},16384,252,15,693946981,LAPTOP-G689CP2J_AMD64,2.9994715210308973,nan,nan,nan,3.000200360178781,0.0007288391478836864,0.39320269995369017,"{""construction"": ""bridge"", ""sobol_dim"": 252, ""naive_iid_se"": 0.04587408632594178, ""se_valid"": false}"
c83d9124b768,2026-09-25T10:50:57,tamzeed,master,paper_barrier,call,exact,plain,{},16384,252,15,1024144278,LAPTOP-G689CP2J_AMD64,7.1034988142667785,0.09885169931040218,6.909753043807807,7.29724458472575,7.1055282627933245,0.0020294485265459627,0.1497349999845028,
9a46c1ec50d3,2026-09-25T10:50:58,tamzeed,master,deep_barrier,call,exact,importance,{},16384,252,15,1132964032,LAPTOP-G689CP2J_AMD64,3.3396754164321156,0.028633805102278767,3.28355418969131,3.3957966431729214,3.545320563728301,0.20564514729618555,0.2555132999550551,"{""theta"": 1.6323611831060643, ""theta0"": 1.6323611831060643, ""ESS"": 1779.5480877013276, ""ESS_frac"": 0.10861499558723924, ""max_weight"": 92.13462896824683, ""max_weight_share"": 0.005751279051575659, ""mean_weight"": 0.9777740611581145, ""hit_rate_proposal"": 0.58905029296875, ""pilot_paths"": 10000, ""total_paths_simulated"": 26384, ""theta_grid"": [[0.0, 142.61577311358164], [0.40809029577651607, 67.254969370428], [0.8161805915530321, 39.266036885925885], [1.2242708873295483, 28.23299224197602], [1.6323611831060643, 24.90722553708684], [2.0404514788825803, 26.892876437110314], [2.4485417746590965, 35.48149721746354]]}"
9c9ad44da7e3,2026-09-25T10:50:58,tamzeed,master,asian_arith,call,exact,control_variate,{},16384,252,15,2585083357,LAPTOP-G689CP2J_AMD64,3.163315441127127,0.0015553252592855778,3.160267059634682,3.1663638226195725,,,0.22902890003751963,"{""control"": ""geometric_asian"", ""control_mean"": 3.000200360178781, ""b_hat"": 1.0438675088178706, ""rho"": 0.9994984055258246, ""pilot_rho"": 0.9995361956768893, ""pilot_paths"": 1639, ""total_paths_simulated"": 18023, ""plain_std_error"": 0.048974340145996775, ""observed_vrf"": 991.5046060453221, ""theoretical_vrf"": 997.0712514292455}"
a34aa44a8f3c,2026-09-25T10:50:58,tamzeed,master,deep_barrier,call,exact,antithetic,{},16384,252,15,1505586433,LAPTOP-G689CP2J_AMD64,3.39450935460742,0.08448738871569991,3.2289171155768126,3.5601015936380276,3.545320563728301,0.15081120912088108,0.19866849994286895,"{""pairs"": 8192, ""rho_pair"": -0.08970047432516359}"
d98ec3b82030,2026-09-25T10:50:58,tamzeed,master,deep_barrier,call,exact,control_variate,{},16384,252,15,2973295437,LAPTOP-G689CP2J_AMD64,3.4329059884078017,0.050071528755306356,3.3347675953965394,3.531044381419064,3.545320563728301,0.11241457532049948,0.2107297999318689,"{""control"": ""european_terminal"", ""control_mean"": 7.1280646692617395, ""b_hat"": 0.7899090522131498, ""rho"": 0.8368973311040769, ""pilot_rho"": 0.8496104205773775, ""pilot_paths"": 1639, ""total_paths_simulated"": 18023, ""plain_std_error"": 0.09142923771362221, ""observed_vrf"": 3.3341758022121586, ""theoretical_vrf"": 3.337751880526671}"
4e0a8f7d023c,2026-09-25T10:50:58,tamzeed,master,paper_barrier,call,exact,antithetic,{},16384,252,15,2584167543,LAPTOP-G689CP2J_AMD64,7.103346451309234,0.08087033102192456,6.944843515088429,7.261849387530038,7.1055282627933245,0.002181811484090801,0.1717847998952493,"{""pairs"": 8192, ""rho_pair"": -0.32016537016451496}"
07944bb13203,2026-09-25T10:50:59,tamzeed,master,paper_asian_geo,call,exact,plain,{},16384,252,15,2678619518,LAPTOP-G689CP2J_AMD64,2.9369369700299797,0.04519925846820635,2.848348051304378,3.025525888755581,3.000200360178781,0.06326339014880134,0.24303670006338507,
d8a1c9ca3969,2026-09-25T10:50:59,tamzeed,master,paper_barrier,call,exact,importance,{},16384,252,15,2108074468,LAPTOP-G689CP2J_AMD64,7.092271304338585,0.04566380582731123,7.002771889520025,7.181770719157145,7.1055282627933245,0.013256958454739731,0.29841610009316355,"{""theta"": 0.6858575284033614, ""theta0"": 0.45723835226890763, ""ESS"": 10024.39239459314, ""ESS_frac"": 0.611840356115304, ""max_weight"": 13.46208545802986, ""max_weight_share"": 0.0008227074761630404, ""mean_weight"": 0.9987273887600754, ""hit_rate_proposal"": 0.67333984375, ""pilot_paths"": 10000, ""total_paths_simulated"": 26384, ""theta_grid"": [[0.0, 213.86344723928357], [0.11430958806722691, 175.54758396505704], [0.22861917613445382, 146.8136658373916], [0.3429287642016807, 125.07617810432956], [0.45723835226890763, 108.52796368151077], [0.5715479403361345, 95.89365663747661], [0.6858575284033614, 86.2664220418882]]}"
0969c31d48a4,2026-09-25T10:50:59,tamzeed,master,asian_arith,call,exact,rqmc,{},16384,252,15,3865031759,LAPTOP-G689CP2J_AMD64,3.160604247556458,nan,nan,nan,,,0.46458150004036725,"{""construction"": ""bridge"", ""sobol_dim"": 252, ""naive_iid_se"": 0.04795257424445077, ""se_valid"": false}"
cf8a9cd9a651,2026-09-25T10:51:00,tamzeed,master,deep_barrier,call,exact,plain,{},65536,252,15,1248098783,LAPTOP-G689CP2J_AMD64,3.336293719954991,0.04458028106541686,3.248917974646101,3.423669465263881,3.545320563728301,0.20902684377331004,0.6896399999968708,
803411fa5472,2026-09-25T10:51:02,tamzeed,master,paper_asian_geo,call,exact,rqmc,{},65536,252,15,1020110166,LAPTOP-G689CP2J_AMD64,3.0005818002304805,nan,nan,nan,3.000200360178781,0.0003814400516994887,1.5504673999967054,"{""construction"": ""bridge"", ""sobol_dim"": 252, ""naive_iid_se"": 0.022926708838745705, ""se_valid"": false}"
6d0fd3c32eb7,2026-09-25T10:51:02,tamzeed,master,paper_barrier,call,exact,plain,{},65536,252,15,1532412387,LAPTOP-G689CP2J_AMD64,7.102275017393104,0.04889761119067485,7.006437460529339,7.19811257425687,7.1055282627933245,0.003253245400220095,0.566153799998574,
747a794d29b0,2026-09-25T10:51:03,tamzeed,master,asian_arith,call,exact,plain,{},65536,252,15,41272,LAPTOP-G689CP2J_AMD64,3.166251731295038,0.023904010340166062,3.1194007319422394,3.213102730647836,,,0.6902186999795958,
759ab1487e41,2026-09-25T10:51:04,tamzeed,master,paper_asian_geo,call,exact,antithetic,{},65536,252,15,825077019,LAPTOP-G689CP2J_AMD64,3.0065960678253454,0.01967212130273462,2.9680394185724825,3.0451527170782082,3.000200360178781,0.006395707646564386,0.661902999971062,"{""pairs"": 32768, ""rho_pair"": -0.26279996272814443}"
7cb224870b4a,2026-09-25T10:51:04,tamzeed,master,paper_barrier,call,exact,importance,{},65536,252,15,718005564,LAPTOP-G689CP2J_AMD64,7.124163139901582,0.0228061906721513,7.0794638275596125,7.168862452243552,7.1055282627933245,0.01863487710825762,0.8204249000409618,"{""theta"": 0.6858575284033614, ""theta0"": 0.45723835226890763, ""ESS"": 41507.919012776925, ""ESS_frac"": 0.6333605806392963, ""max_weight"": 11.025933367183919, ""max_weight_share"": 0.00016930305642196954, ""mean_weight"": 0.9937351104147454, ""hit_rate_proposal"": 0.67584228515625, ""pilot_paths"": 10000, ""total_paths_simulated"": 75536, ""theta_grid"": [[0.0, 209.404732374828], [0.11430958806722691, 172.1578095075598], [0.22861917613445382, 144.2008405272126], [0.3429287642016807, 123.03458343517737], [0.45723835226890763, 106.91111711914854], [0.5715479403361345, 94.5961593844264], [0.6858575284033614, 85.2116562484267]]}"
a89447620297,2026-09-25T10:51:07,tamzeed,master,paper_barrier,call,exact,rqmc,{},65536,252,15,3852648274,LAPTOP-G689CP2J_AMD64,7.093934512478575,nan,nan,nan,7.1055282627933245,0.011593750314749407,2.1034021000377834,"{""construction"": ""bridge"", ""sobol_dim"": 252, ""naive_iid_se"": 0.04900497031613518, ""se_valid"": false}"
4a2d75b9a376,2026-09-25T10:51:08,tamzeed,master,paper_asian_geo,call,exact,plain,{},65536,252,15,416413554,LAPTOP-G689CP2J_AMD64,3.0142047066847906,0.02305972925487087,2.969008467851999,3.059400945517582,3.000200360178781,0.014004346506009568,0.9780678000533953,
17128dce074e,2026-09-25T10:51:09,tamzeed,master,asian_arith,call,exact,control_variate,{},65536,252,15,3715848797,LAPTOP-G689CP2J_AMD64,3.1623581600962645,0.000763039380809411,3.1608626303910925,3.1638536898014364,,,1.0020176999969408,"{""control"": ""geometric_asian"", ""control_mean"": 3.000200360178781, ""b_hat"": 1.046251227076697, ""rho"": 0.9994874826626146, ""pilot_rho"": 0.9994484828040937, ""pilot_paths"": 6554, ""total_paths_simulated"": 72090, ""plain_std_error"": 0.02383139703446189, ""observed_vrf"": 975.4501928301088, ""theoretical_vrf"": 975.8268173489603}"
a3e36d0947d8,2026-09-25T10:51:10,tamzeed,master,deep_barrier,call,exact,rqmc,{},65536,252,15,1110602998,LAPTOP-G689CP2J_AMD64,3.383309144891348,nan,nan,nan,3.545320563728301,0.16201141883695325,1.3479338999604806,"{""construction"": ""bridge"", ""sobol_dim"": 252, ""naive_iid_se"": 0.044957031529372325, ""se_valid"": false}"
201f31f523bb,2026-09-25T10:51:11,tamzeed,master,asian_arith,call,exact,antithetic,{},65536,252,15,1017958033,LAPTOP-G689CP2J_AMD64,3.1594354101563074,0.020530423915342523,3.119196518694896,3.1996743016177187,,,0.6221541999839246,"{""pairs"": 32768, ""rho_pair"": -0.2654469177161691}"
e0552666e6ca,2026-09-25T10:51:11,tamzeed,master,deep_barrier,call,exact,antithetic,{},65536,252,15,3614899533,LAPTOP-G689CP2J_AMD64,3.366117643458892,0.042872607162144,3.2820888774977557,3.4501464094200283,3.545320563728301,0.1792029202694092,0.720777399954386,"{""pairs"": 32768, ""rho_pair"": -0.08597382810280259}"
b0b335a07de8,2026-09-25T10:51:12,tamzeed,master,paper_barrier,call,exact,control_variate,{},65536,252,15,2731925060,LAPTOP-G689CP2J_AMD64,7.09495835006147,0.0012421556845129186,7.092523769656633,7.097392930466307,7.1055282627933245,0.010569912731854814,0.8408587001031265,"{""control"": ""european_terminal"", ""control_mean"": 7.1280646692617395, ""b_hat"": 1.000877519571555, ""rho"": 0.9996857000454336, ""pilot_rho"": 0.9996687873055187, ""pilot_paths"": 6554, ""total_paths_simulated"": 72090, ""plain_std_error"": 0.04954759753529973, ""observed_vrf"": 1591.0841160440114, ""theoretical_vrf"": 1591.087049402933}"
5fc8218b392c,2026-09-25T10:51:13,tamzeed,master,deep_barrier,call,exact,control_variate,{},65536,252,15,524377672,LAPTOP-G689CP2J_AMD64,3.3885372403858387,0.025001886855962798,3.339534442602606,3.4375400381690713,3.545320563728301,0.15678332334246248,0.7423872000072151,"{""control"": ""european_terminal"", ""control_mean"": 7.1280646692617395, ""b_hat"": 0.7702362020792999, ""rho"": 0.8306443231748837, ""pilot_rho"": 0.8330461156778153, ""pilot_paths"": 6554, ""total_paths_simulated"": 72090, ""plain_std_error"": 0.044897892744434925, ""observed_vrf"": 3.2248264356163547, ""theoretical_vrf"": 3.2254942198462735}"
4084efce9e58,2026-09-25T10:51:14,tamzeed,master,deep_barrier,call,exact,importance,{},65536,252,15,2883394029,LAPTOP-G689CP2J_AMD64,3.3815230259017306,0.01434915900089059,3.353399191051546,3.409646860751915,3.545320563728301,0.16379753782657058,0.8231585999019444,"{""theta"": 1.6323611831060643, ""theta0"": 1.6323611831060643, ""ESS"": 4683.881046288712, ""ESS_frac"": 0.07147035287916126, ""max_weight"": 376.3625277174907, ""max_weight_share"": 0.005760089566950944, ""mean_weight"": 0.9970047088192109, ""hit_rate_proposal"": 0.5943603515625, ""pilot_paths"": 10000, ""total_paths_simulated"": 75536, ""theta_grid"": [[0.0, 143.1097748461641], [0.40809029577651607, 67.47405490379212], [0.8161805915530321, 39.293392125268085], [1.2242708873295483, 28.098183338033234], [1.6323611831060643, 24.570871360514523], [2.0404514788825803, 26.20234385039378], [2.4485417746590965, 34.015279610855245]]}"
296ef8fe580d,2026-09-25T10:51:14,tamzeed,master,paper_barrier,call,exact,antithetic,{},65536,252,15,629287835,LAPTOP-G689CP2J_AMD64,7.106870647090799,0.0403245705943959,7.02783594103374,7.1859053531478585,7.1055282627933245,0.0013423842974749078,0.5795062000397593,"{""pairs"": 32768, ""rho_pair"": -0.321571676007667}"
a7afd79e1707,2026-09-25T10:51:16,tamzeed,master,asian_arith,call,exact,rqmc,{},65536,252,15,3990587109,LAPTOP-G689CP2J_AMD64,3.163079582467974,nan,nan,nan,,,1.5994883999228477,"{""construction"": ""bridge"", ""sobol_dim"": 252, ""naive_iid_se"": 0.02398237196899595, ""se_valid"": false}"
fe5e283a2719,2026-09-25T10:51:16,tamzeed,master,paper_barrier,call,exact,plain,{},256,252,16,2376303027,LAPTOP-G689CP2J_AMD64,7.4447803509088475,0.84125050398339,5.795959661125234,9.09360104069246,7.1055282627933245,0.339252088115523,0.003091400023549795,
b0d78d107e5a,2026-09-25T10:51:16,tamzeed,master,paper_barrier,call,exact,control_variate,{},256,252,16,121248393,LAPTOP-G689CP2J_AMD64,7.103316100182292,0.01795979572478913,7.068115547392009,7.138516652972576,7.1055282627933245,0.002212162611032298,0.007549799978733063,"{""control"": ""european_terminal"", ""control_mean"": 7.1280646692617395, ""b_hat"": 1.000688966574607, ""rho"": 0.9998093060794575, ""pilot_rho"": 0.9999012006435082, ""pilot_paths"": 256, ""total_paths_simulated"": 512, ""plain_std_error"": 0.9196403304695586, ""observed_vrf"": 2622.003290031499, ""theoretical_vrf"": 2622.2528573723944}"
e7c615bd8672,2026-09-25T10:51:16,tamzeed,master,asian_arith,call,exact,antithetic,{},256,252,16,4017647407,LAPTOP-G689CP2J_AMD64,2.8723486412292276,0.2771915443344508,2.3290631975146665,3.4156340849437887,,,0.0019104999955743551,"{""pairs"": 128, ""rho_pair"": -0.29667040005384354}"
aaae9fb3b138,2026-09-25T10:51:16,tamzeed,master,deep_barrier,call,exact,plain,{},256,252,16,3307585911,LAPTOP-G689CP2J_AMD64,2.828143401897174,0.7035574339666123,1.4491961702671967,4.207090633527152,3.545320563728301,0.7171771618311271,0.00170700007583946,
3053b0fc02d0,2026-09-25T10:51:16,tamzeed,master,paper_asian_geo,call,exact,rqmc,{},256,252,16,331343748,LAPTOP-G689CP2J_AMD64,2.9703944740233768,nan,nan,nan,3.000200360178781,0.02980588615540425,0.014318499946966767,"{""construction"": ""bridge"", ""sobol_dim"": 252, ""naive_iid_se"": 0.3677611698489204, ""se_valid"": false}"
e4debe1d275f,2026-09-25T10:51:16,tamzeed,master,asian_arith,call,exact,rqmc,{},256,252,16,1368175890,LAPTOP-G689CP2J_AMD64,3.1855399248477827,nan,nan,nan,,,0.018582799937576056,"{""construction"": ""bridge"", ""sobol_dim"": 252, ""naive_iid_se"": 0.39994229937928766, ""se_valid"": false}"
c376ae62f96d,2026-09-25T10:51:16,tamzeed,master,deep_barrier,call,exact,antithetic,{},256,252,16,4192888649,LAPTOP-G689CP2J_AMD64,4.707180938339805,0.7655664260946909,3.206698315421166,6.207663561258444,3.545320563728301,1.161860374611504,0.0016119999345391989,"{""pairs"": 128, ""rho_pair"": -0.12953184380629573}"
3752cc95a878,2026-09-25T10:51:16,tamzeed,master,deep_barrier,call,exact,control_variate,{},256,252,16,2862005845,LAPTOP-G689CP2J_AMD64,3.8396817567862382,0.3797372127921294,3.095410496124042,4.583953017448435,3.545320563728301,0.29436119305793707,0.004448499996215105,"{""control"": ""european_terminal"", ""control_mean"": 7.1280646692617395, ""b_hat"": 0.8913075154305028, ""rho"": 0.8953738920016944, ""pilot_rho"": 0.9096921911014401, ""pilot_paths"": 256, ""total_paths_simulated"": 512, ""plain_std_error"": 0.8520625551526843, ""observed_vrf"": 5.034735310771318, ""theoretical_vrf"": 5.04272210501405}"
1f7e7825fdd7,2026-09-25T10:51:16,tamzeed,master,paper_barrier,call,exact,importance,{},256,252,16,3759392410,LAPTOP-G689CP2J_AMD64,6.774179224537824,0.35971356790123976,6.069153586700991,7.479204862374657,7.1055282627933245,0.33134903825550044,0.13951620005536824,"{""theta"": 0.6858575284033614, ""theta0"": 0.45723835226890763, ""ESS"": 185.4465490173096, ""ESS_frac"": 0.7244005820988656, ""max_weight"": 3.6122860300620787, ""max_weight_share"": 0.014838103085097021, ""mean_weight"": 0.950963355895686, ""hit_rate_proposal"": 0.6640625, ""pilot_paths"": 10000, ""total_paths_simulated"": 10256, ""theta_grid"": [[0.0, 208.91102207004644], [0.11430958806722691, 171.70566155024952], [0.22861917613445382, 143.80732522221757], [0.3429287642016807, 122.70183706281885], [0.45723835226890763, 106.6347424322342], [0.5715479403361345, 94.36942966732536], [0.6858575284033614, 85.02753584845641]]}"
1720624a452e,2026-09-25T10:51:16,tamzeed,master,paper_asian_geo,call,exact,plain,{},256,252,16,679955804,LAPTOP-G689CP2J_AMD64,2.91490066368802,0.3793720364058373,2.1713451355909608,3.658456191785079,3.000200360178781,0.08529969649076108,0.006384899956174195,
d2090529769e,2026-09-25T10:51:16,tamzeed,master,paper_barrier,call,exact,antithetic,{},256,252,16,2301758896,LAPTOP-G689CP2J_AMD64,6.856243960814641,0.623803288255829,5.633611982395559,8.078875939233724,7.1055282627933245,0.24928430197868323,0.002117499941959977,"{""pairs"": 128, ""rho_pair"": -0.31737645132663855}"
52461b9beaaf,2026-09-25T10:51:16,tamzeed,master,asian_arith,call,exact,control_variate,{},256,252,16,3367636364,LAPTOP-G689CP2J_AMD64,3.1668114932281366,0.010526960896152807,3.146179029005016,3.1874439574512574,,,0.008490500040352345,"{""control"": ""geometric_asian"", ""control_mean"": 3.000200360178781, ""b_hat"": 1.0514787707989395, ""rho"": 0.999678908681376, ""pilot_rho"": 0.9996357037002268, ""pilot_paths"": 256, ""total_paths_simulated"": 512, ""plain_std_error"": 0.4154393762625059, ""observed_vrf"": 1557.4327242306322, ""theoretical_vrf"": 1557.4394470153636}"
262b97893bfa,2026-09-25T10:51:16,tamzeed,master,deep_barrier,call,exact,importance,{},256,252,16,1227819618,LAPTOP-G689CP2J_AMD64,3.098969458406691,0.2314038402476618,2.6454262656370138,3.5525126511763685,3.545320563728301,0.44635110532161004,0.0879340999526903,"{""theta"": 1.6323611831060643, ""theta0"": 1.6323611831060643, ""ESS"": 26.703686060298047, ""ESS_frac"": 0.10431127367303925, ""max_weight"": 31.18145965879558, ""max_weight_share"": 0.10767982090747509, ""mean_weight"": 1.1311550833357185, ""hit_rate_proposal"": 0.54296875, ""pilot_paths"": 10000, ""total_paths_simulated"": 10256, ""theta_grid"": [[0.0, 142.45724635589625], [0.40809029577651607, 67.06679647519871], [0.8161805915530321, 39.03439386104724], [1.2242708873295483, 27.94521909089032], [1.6323611831060643, 24.51714182537687], [2.0404514788825803, 26.28989993202964], [2.4485417746590965, 34.39390089964979]]}"
e25109b9583b,2026-09-25T10:51:16,tamzeed,master,deep_barrier,call,exact,rqmc,{},256,252,16,2390714994,LAPTOP-G689CP2J_AMD64,3.067275940691639,nan,nan,nan,3.545320563728301,0.4780446230366624,0.03141840000171214,"{""construction"": ""bridge"", ""sobol_dim"": 252, ""naive_iid_se"": 0.730296695810558, ""se_valid"": false}"
1c7c93db4300,2026-09-25T10:51:16,tamzeed,master,asian_arith,call,exact,plain,{},256,252,16,46240193,LAPTOP-G689CP2J_AMD64,3.7203387372478764,0.47955382562133547,2.780430510381658,4.660246964114095,,,0.0026224999455735087,
08f103495e43,2026-09-25T10:51:16,tamzeed,master,paper_barrier,call,exact,rqmc,{},256,252,16,3642329120,LAPTOP-G689CP2J_AMD64,7.036140618149522,nan,nan,nan,7.1055282627933245,0.0693876446438022,0.03444179997313768,"{""construction"": ""bridge"", ""sobol_dim"": 252, ""naive_iid_se"": 0.7751721978331458, ""se_valid"": false}"
03fb5f7a5c16,2026-09-25T10:51:16,tamzeed,master,paper_asian_geo,call,exact,antithetic,{},256,252,16,3097554112,LAPTOP-G689CP2J_AMD64,2.9510298226182554,0.3021099810954319,2.3589051403011325,3.5431545049353783,3.000200360178781,0.049170537560525585,0.00476500007789582,"{""pairs"": 128, ""rho_pair"": -0.27365013084092094}"
e5cecf188332,2026-09-25T10:51:16,tamzeed,master,asian_arith,call,exact,plain,{},1024,252,16,2112048445,LAPTOP-G689CP2J_AMD64,3.0549383352000934,0.18807575013390135,2.6863166385722925,3.4235600318278943,,,0.01222759997472167,
b6bfff647343,2026-09-25T10:51:16,tamzeed,master,deep_barrier,call,exact,rqmc,{},1024,252,16,1865992134,LAPTOP-G689CP2J_AMD64,3.373969854733825,nan,nan,nan,3.545320563728301,0.17135070899447635,0.035559399984776974,"{""construction"": ""bridge"", ""sobol_dim"": 252, ""naive_iid_se"": 0.359225637799867, ""se_valid"": false}"
5b2f5227c570,2026-09-25T10:51:16,tamzeed,master,deep_barrier,call,exact,antithetic,{},1024,252,16,2508275339,LAPTOP-G689CP2J_AMD64,3.0927548905845397,0.32269023829283644,2.4602936453679325,3.725216135801147,3.545320563728301,0.4525656731437615,0.007402700022794306,"{""pairs"": 512, ""rho_pair"": -0.08206876614731268}"
929fb6bf5261,2026-09-25T10:51:16,tamzeed,master,asian_arith,call,exact,control_variate,{},1024,252,16,3842848795,LAPTOP-G689CP2J_AMD64,3.1633191505716898,0.005891226532357424,3.1517725587435024,3.174865742399877,,,0.013557699974626303,"{""control"": ""geometric_asian"", ""control_mean"": 3.000200360178781, ""b_hat"": 1.0421738323681626, ""rho"": 0.999631297253556, ""pilot_rho"": 0.9995235653991547, ""pilot_paths"": 256, ""total_paths_simulated"": 1280, ""plain_std_error"": 0.20920151005849938, ""observed_vrf"": 1261.0089951523485, ""theoretical_vrf"": 1356.356028008205}"
960b69cbc5fe,2026-09-25T10:51:16,tamzeed,master,paper_barrier,call,exact,control_variate,{},1024,252,16,3100789126,LAPTOP-G689CP2J_AMD64,7.097350757846272,0.009679246657403273,7.0783797830002815,7.116321732692262,7.1055282627933245,0.008177504947052938,0.019930799957364798,"{""control"": ""european_terminal"", ""control_mean"": 7.1280646692617395, ""b_hat"": 1.0009743737943277, ""rho"": 0.9996586181801501, ""pilot_rho"": 0.9985453397933349, ""pilot_paths"": 256, ""total_paths_simulated"": 1280, ""plain_std_error"": 0.3704546458616335, ""observed_vrf"": 1464.8291604223612, ""theoretical_vrf"": 1464.8857406790962}"
66b20e9b42b4,2026-09-25T10:51:16,tamzeed,master,paper_asian_geo,call,exact,rqmc,{},1024,252,16,3522656550,LAPTOP-G689CP2J_AMD64,3.0127893889870605,nan,nan,nan,3.000200360178781,0.012589028808279501,0.041823500068858266,"{""construction"": ""bridge"", ""sobol_dim"": 252, ""naive_iid_se"": 0.18279858120497675, ""se_valid"": false}"
3e7361a4af01,2026-09-25T10:51:17,tamzeed,master,asian_arith,call,exact,rqmc,{},1024,252,16,832366904,LAPTOP-G689CP2J_AMD64,3.1632998565787904,nan,nan,nan,,,0.054469200083985925,"{""construction"": ""bridge"", ""sobol_dim"": 252, ""naive_iid_se"": 0.19284871559257627, ""se_valid"": false}"
369efad0722f,2026-09-25T10:51:17,tamzeed,master,deep_barrier,call,exact,plain,{},1024,252,16,3364518184,LAPTOP-G689CP2J_AMD64,4.0483581693254145,0.39976963942038063,3.2648240739489047,4.831892264701924,3.545320563728301,0.5030376055971133,0.010201599914580584,
9902e4bd54a2,2026-09-25T10:51:17,tamzeed,master,paper_asian_geo,call,exact,antithetic,{},1024,252,16,1677159710,LAPTOP-G689CP2J_AMD64,2.683720108686884,0.14981620098006485,2.3900857504653428,2.9773544669084253,3.000200360178781,0.31648025149189696,0.008336800034157932,"{""pairs"": 512, ""rho_pair"": -0.23902781074763776}"
dd16b4df65ab,2026-09-25T10:51:17,tamzeed,master,paper_barrier,call,exact,importance,{},1024,252,16,3608789867,LAPTOP-G689CP2J_AMD64,7.103191516930433,0.18245390753202986,6.745588429329054,7.460794604531813,7.1055282627933245,0.002336745862891121,0.11598690005484968,"{""theta"": 0.6858575284033614, ""theta0"": 0.45723835226890763, ""ESS"": 645.985439614629, ""ESS_frac"": 0.6308451558736611, ""max_weight"": 5.6448525892940555, ""max_weight_share"": 0.005510754906769744, ""mean_weight"": 1.000325989813215, ""hit_rate_proposal"": 0.671875, ""pilot_paths"": 10000, ""total_paths_simulated"": 11024, ""theta_grid"": [[0.0, 208.5491763847854], [0.11430958806722691, 171.44980518217145], [0.22861917613445382, 143.62846135115535], [0.3429287642016807, 122.58207210581959], [0.45723835226890763, 106.56254419540511], [0.5715479403361345, 94.33710430177314], [0.6858575284033614, 85.02986412686049]]}"
d954367be17d,2026-09-25T10:51:17,tamzeed,master,paper_barrier,call,exact,plain,{},1024,252,16,3767360580,LAPTOP-G689CP2J_AMD64,7.756646106108361,0.4147594447167604,6.943732532215679,8.569559680001044,7.1055282627933245,0.6511178433150366,0.006889099953696132,
493c28af8b76,2026-09-25T10:51:17,tamzeed,master,paper_barrier,call,exact,antithetic,{},1024,252,16,1594766057,LAPTOP-G689CP2J_AMD64,7.2407874837829915,0.3317410164755773,6.590587039296151,7.890987928269832,7.1055282627933245,0.13525922098966703,0.0075011999579146504,"{""pairs"": 512, ""rho_pair"": -0.31873895892293835}"
2cfd1139a59c,2026-09-25T10:51:17,tamzeed,master,deep_barrier,call,exact,importance,{},1024,252,16,1459556067,LAPTOP-G689CP2J_AMD64,3.282217177646203,0.11445257795585644,3.0578942469149615,3.506540108377444,3.545320563728301,0.2631033860820984,0.14886650000698864,"{""theta"": 1.6323611831060643, ""theta0"": 1.6323611831060643, ""ESS"": 159.70348479598115, ""ESS_frac"": 0.15596043437107535, ""max_weight"": 30.288872174061694, ""max_weight_share"": 0.030836478853164373, ""mean_weight"": 0.9592203076534723, ""hit_rate_proposal"": 0.5771484375, ""pilot_paths"": 10000, ""total_paths_simulated"": 11024, ""theta_grid"": [[0.0, 144.45305510996388], [0.40809029577651607, 68.36767067628028], [0.8161805915530321, 39.98973254143731], [1.2242708873295483, 28.7443487435203], [1.6323611831060643, 25.283891592685464], [2.0404514788825803, 27.135959720635864], [2.4485417746590965, 35.466064883094965]]}"
528519fcf9e7,2026-09-25T10:51:17,tamzeed,master,asian_arith,call,exact,antithetic,{},1024,252,16,2152471257,LAPTOP-G689CP2J_AMD64,3.279495000773924,0.16502376403738278,2.9560543666674173,3.6029356348804304,,,0.01046149991452694,"{""pairs"": 512, ""rho_pair"": -0.27762520777433736}"
b75c453174d2,2026-09-25T10:51:17,tamzeed,master,paper_barrier,call,exact,rqmc,{},1024,252,16,990370323,LAPTOP-G689CP2J_AMD64,7.098116673730086,nan,nan,nan,7.1055282627933245,0.007411589063238466,0.040091500035487115,"{""construction"": ""bridge"", ""sobol_dim"": 252, ""naive_iid_se"": 0.39093302404043206, ""se_valid"": false}"
788c081515e6,2026-09-25T10:51:17,tamzeed,master,paper_asian_geo,call,exact,plain,{},1024,252,16,3906923035,LAPTOP-G689CP2J_AMD64,3.0874987912218366,0.19135989479562918,2.71244028933703,3.4625572931066433,3.000200360178781,0.08729843104305557,0.011862699990160763,
0077b9328aec,2026-09-25T10:51:17,tamzeed,master,deep_barrier,call,exact,control_variate,{},1024,252,16,2865772904,LAPTOP-G689CP2J_AMD64,3.478195174175103,0.21188372501796568,3.062910704229702,3.893479644120504,3.545320563728301,0.06712538955319802,0.010713599971495569,"{""control"": ""european_terminal"", ""control_mean"": 7.1280646692617395, ""b_hat"": 0.6882242901024728, ""rho"": 0.8441467311166344, ""pilot_rho"": 0.7849051114194359, ""pilot_paths"": 256, ""total_paths_simulated"": 1280, ""plain_std_error"": 0.38788013158794604, ""observed_vrf"": 3.351196313999853, ""theoretical_vrf"": 3.47927383630085}"
0371c2734045,2026-09-25T10:51:17,tamzeed,master,paper_barrier,call,exact,plain,{},4096,252,16,3934618561,LAPTOP-G689CP2J_AMD64,7.110101876034472,0.19641839195677746,6.725128901897916,7.495074850171028,7.1055282627933245,0.004573613241147356,0.03265299997292459,
e88153510c3f,2026-09-25T10:51:17,tamzeed,master,paper_barrier,call,exact,antithetic,{},4096,252,16,3247613281,LAPTOP-G689CP2J_AMD64,7.1302369321805665,0.16452520710810933,6.807773451699679,7.452700412661454,7.1055282627933245,0.024708669387242033,0.033898400026373565,"{""pairs"": 2048, ""rho_pair"": -0.3149202977030852}"
3417b4b7f4bd,2026-09-25T10:51:17,tamzeed,master,paper_asian_geo,call,exact,rqmc,{},4096,252,16,1729145383,LAPTOP-G689CP2J_AMD64,3.003392542476322,nan,nan,nan,3.000200360178781,0.003192182297540924,0.15862789994571358,"{""construction"": ""bridge"", ""sobol_dim"": 252, ""naive_iid_se"": 0.0916989477182377, ""se_valid"": false}"
399c278c41f9,2026-09-25T10:51:17,tamzeed,master,asian_arith,call,exact,rqmc,{},4096,252,16,990409578,LAPTOP-G689CP2J_AMD64,3.15644606195292,nan,nan,nan,,,0.12660499999765307,"{""construction"": ""bridge"", ""sobol_dim"": 252, ""naive_iid_se"": 0.09603953515108773, ""se_valid"": false}"
56979a373203,2026-09-25T10:51:17,tamzeed,master,deep_barrier,call,exact,control_variate,{},4096,252,16,588144863,LAPTOP-G689CP2J_AMD64,3.1837323890879023,0.1016181504456439,2.9845644740388675,3.382900304136937,3.545320563728301,0.36158817464039883,0.06636429997161031,"{""control"": ""european_terminal"", ""control_mean"": 7.1280646692617395, ""b_hat"": 0.8384341459260463, ""rho"": 0.8105023340315056, ""pilot_rho"": 0.8744498062522981, ""pilot_paths"": 410, ""total_paths_simulated"": 4506, ""plain_std_error"": 0.1701162686521127, ""observed_vrf"": 2.8025226063595077, ""theoretical_vrf"": 2.9147213746909966}"
a4bd8f4a96ce,2026-09-25T10:51:17,tamzeed,master,deep_barrier,call,exact,rqmc,{},4096,252,16,3385261295,LAPTOP-G689CP2J_AMD64,3.421367969149724,nan,nan,nan,3.545320563728301,0.1239525945785771,0.14418020006269217,"{""construction"": ""bridge"", ""sobol_dim"": 252, ""naive_iid_se"": 0.18073245602366525, ""se_valid"": false}"
87b086eceb29,2026-09-25T10:51:18,tamzeed,master,deep_barrier,call,exact,importance,{},4096,252,16,2449498257,LAPTOP-G689CP2J_AMD64,3.328332843555442,0.056919463480091095,3.2167727451151205,3.4398929419957636,3.545320563728301,0.21698772017285917,0.13825009996071458,"{""theta"": 1.6323611831060643, ""theta0"": 1.6323611831060643, ""ESS"": 403.1391171563974, ""ESS_frac"": 0.09842263602451108, ""max_weight"": 82.85548260128516, ""max_weight_share"": 0.0208019855468315, ""mean_weight"": 0.9724258898947037, ""hit_rate_proposal"": 0.586669921875, ""pilot_paths"": 10000, ""total_paths_simulated"": 14096, ""theta_grid"": [[0.0, 143.3831033258141], [0.40809029577651607, 67.66862506138482], [0.8161805915530321, 39.45318842336519], [1.2242708873295483, 28.261951789698198], [1.6323611831060643, 24.77523957161662], [2.0404514788825803, 26.50523071021293], [2.4485417746590965, 34.542921415966326]]}"
5f27ded48de4,2026-09-25T10:51:18,tamzeed,master,deep_barrier,call,exact,plain,{},4096,252,16,402345211,LAPTOP-G689CP2J_AMD64,3.497869049635312,0.18370354422589533,3.137816719120196,3.8579213801504277,3.545320563728301,0.0474515140929892,0.030609400011599064,
61b206a1a992,2026-09-25T10:51:18,tamzeed,master,asian_arith,call,exact,control_variate,{},4096,252,16,3587109118,LAPTOP-G689CP2J_AMD64,3.165869906399363,0.00301642646015969,3.1599578191754363,3.1717819936232896,,,0.07837690005544573,"{""control"": ""geometric_asian"", ""control_mean"": 3.000200360178781, ""b_hat"": 1.0481936999202168, ""rho"": 0.9994886546020991, ""pilot_rho"": 0.9995827185990969, ""pilot_paths"": 410, ""total_paths_simulated"": 4506, ""plain_std_error"": 0.09402043390255538, ""observed_vrf"": 971.536270215692, ""theoretical_vrf"": 978.0627166982522}"
c0bc0e1988ee,2026-09-25T10:51:18,tamzeed,master,paper_asian_geo,call,exact,antithetic,{},4096,252,16,2761770184,LAPTOP-G689CP2J_AMD64,2.9711729108638307,0.07648192761789527,2.8212710872645568,3.1210747344631047,3.000200360178781,0.02902744931495027,0.05925549997482449,"{""pairs"": 2048, ""rho_pair"": -0.26935225851417033}"
f438b8823a1f,2026-09-25T10:51:18,tamzeed,master,paper_barrier,call,exact,control_variate,{},4096,252,16,3397783292,LAPTOP-G689CP2J_AMD64,7.095136880387438,0.004980677442558971,7.085374931981411,7.1048988287934645,7.1055282627933245,0.010391382405886773,0.054872000007890165,"{""control"": ""european_terminal"", ""control_mean"": 7.1280646692617395, ""b_hat"": 1.0011845608181167, ""rho"": 0.9996771280481781, ""pilot_rho"": 0.9996185433118108, ""pilot_paths"": 410, ""total_paths_simulated"": 4506, ""plain_std_error"": 0.19600111614695864, ""observed_vrf"": 1548.603566237902, ""theoretical_vrf"": 1548.8515747465283}"
0411b5df8c33,2026-09-25T10:51:18,tamzeed,master,paper_asian_geo,call,exact,plain,{},4096,252,16,2125175925,LAPTOP-G689CP2J_AMD64,3.00055517986016,0.09127859480800345,2.821652421477048,3.1794579382432717,3.000200360178781,0.00035481968137895947,0.0704413999337703,
09cfe9bac42d,2026-09-25T10:51:18,tamzeed,master,asian_arith,call,exact,plain,{},4096,252,16,2744592586,LAPTOP-G689CP2J_AMD64,3.059405991843664,0.092611308193909,2.877891163222463,3.240920820464865,,,0.048625399940647185,
4fe9e6ed22c3,2026-09-25T10:51:18,tamzeed,master,deep_barrier,call,exact,antithetic,{},4096,252,16,3143491598,LAPTOP-G689CP2J_AMD64,3.4896536287349775,0.17350081960204797,3.1495982710267825,3.8297089864431726,3.545320563728301,0.05566693499332365,0.03556099999696016,"{""pairs"": 2048, ""rho_pair"": -0.08982094023940045}"
7128bdf0349c,2026-09-25T10:51:18,tamzeed,master,asian_arith,call,exact,antithetic,{},4096,252,16,1899762531,LAPTOP-G689CP2J_AMD64,3.1738442076529934,0.07848050205007705,3.0200252501462206,3.327663165159766,,,0.050419799983501434,"{""pairs"": 2048, ""rho_pair"": -0.2864296881796464}"
e168bc2fd42f,2026-09-25T10:51:18,tamzeed,master,paper_barrier,call,exact,importance,{},4096,252,16,2734100536,LAPTOP-G689CP2J_AMD64,7.109930417038335,0.09100116319959031,6.931571414615886,7.288289419460783,7.1055282627933245,0.004402154245010337,0.19397769996430725,"{""theta"": 0.6858575284033614, ""theta0"": 0.45723835226890763, ""ESS"": 2476.3718177702444, ""ESS_frac"": 0.6045829633228136, ""max_weight"": 9.288980878720388, ""max_weight_share"": 0.002244668518471426, ""mean_weight"": 1.0103129164426392, ""hit_rate_proposal"": 0.677001953125, ""pilot_paths"": 10000, ""total_paths_simulated"": 14096, ""theta_grid"": [[0.0, 209.15756550141793], [0.11430958806722691, 171.9911259540805], [0.22861917613445382, 144.07540091917332], [0.3429287642016807, 122.9294296440868], [0.45723835226890763, 106.81528939276032], [0.5715479403361345, 94.50411067532116], [0.6858575284033614, 85.12072076895772]]}"
958bd2ef06d3,2026-09-25T10:51:18,tamzeed,master,paper_barrier,call,exact,rqmc,{},4096,252,16,1839347683,LAPTOP-G689CP2J_AMD64,7.097922385261331,nan,nan,nan,7.1055282627933245,0.007605877531993599,0.14741149998735636,"{""construction"": ""bridge"", ""sobol_dim"": 252, ""naive_iid_se"": 0.1959904045453978, ""se_valid"": false}"
6e4503662e2d,2026-09-25T10:51:19,tamzeed,master,paper_asian_geo,call,exact,rqmc,{},16384,252,16,4196093813,LAPTOP-G689CP2J_AMD64,2.999421198448621,nan,nan,nan,3.000200360178781,0.0007791617301600162,0.4615308000938967,"{""construction"": ""bridge"", ""sobol_dim"": 252, ""naive_iid_se"": 0.0458327178113991, ""se_valid"": false}"
ecba91db4930,2026-09-25T10:51:19,tamzeed,master,asian_arith,call,exact,rqmc,{},16384,252,16,872446811,LAPTOP-G689CP2J_AMD64,3.1626123086384155,nan,nan,nan,,,0.35783570003695786,"{""construction"": ""bridge"", ""sobol_dim"": 252, ""naive_iid_se"": 0.04794929864371806, ""se_valid"": false}"
849a83257c4f,2026-09-25T10:51:19,tamzeed,master,paper_barrier,call,exact,importance,{},16384,252,16,2482587017,LAPTOP-G689CP2J_AMD64,7.115158126640666,0.0456414596068112,7.025702509609476,7.204613743671856,7.1055282627933245,0.009629863847341547,0.2628677000757307,"{""theta"": 0.6858575284033614, ""theta0"": 0.45723835226890763, ""ESS"": 10235.04050711243, ""ESS_frac"": 0.6246972965766864, ""max_weight"": 11.387057437608464, ""max_weight_share"": 0.0006949127905660181, ""mean_weight"": 1.0001410815392522, ""hit_rate_proposal"": 0.6741943359375, ""pilot_paths"": 10000, ""total_paths_simulated"": 26384, ""theta_grid"": [[0.0, 208.23007601608577], [0.11430958806722691, 171.27934212382053], [0.22861917613445382, 143.52380057310998], [0.3429287642016807, 122.49912517565173], [0.45723835226890763, 106.47855098155087], [0.5715479403361345, 94.24089947205717], [0.6858575284033614, 84.91644001642582]]}"
22d3352020b4,2026-09-25T10:51:20,tamzeed,master,paper_asian_geo,call,exact,antithetic,{},16384,252,16,3199766424,LAPTOP-G689CP2J_AMD64,3.0538455302538225,0.04022548442948259,2.97500502951136,3.132686030996285,3.000200360178781,0.05364517007504155,0.16361459996551275,"{""pairs"": 8192, ""rho_pair"": -0.26022975141223886}"
fd1e92aafdbe,2026-09-25T10:51:20,tamzeed,master,paper_asian_geo,call,exact,plain,{},16384,252,16,4062686754,LAPTOP-G689CP2J_AMD64,3.018634247905108,0.04589121671694021,2.928689115933183,3.108579379877033,3.000200360178781,0.018433887726327036,0.18799500004388392,
c8e049cb1f59,2026-09-25T10:51:20,tamzeed,master,paper_barrier,call,exact,control_variate,{},16384,252,16,3519791751,LAPTOP-G689CP2J_AMD64,7.093108452798962,0.00250426193426102,7.088200189599956,7.098016715997968,7.1055282627933245,0.012419809994362652,0.17955460003577173,"{""control"": ""european_terminal"", ""control_mean"": 7.1280646692617395, ""b_hat"": 1.0010397766930808, ""rho"": 0.9996711470259697, ""pilot_rho"": 0.9996272496350571, ""pilot_paths"": 1639, ""total_paths_simulated"": 18023, ""plain_std_error"": 0.09765489040469505, ""observed_vrf"": 1520.6472808101664, ""theoretical_vrf"": 1520.6863439152125}"
1163713590a7,2026-09-25T10:51:20,tamzeed,master,asian_arith,call,exact,control_variate,{},16384,252,16,1764073056,LAPTOP-G689CP2J_AMD64,3.1645803305797107,0.0014993600625483156,3.161641638857258,3.167519022302163,,,0.19810599996708333,"{""control"": ""geometric_asian"", ""control_mean"": 3.000200360178781, ""b_hat"": 1.044555775182415, ""rho"": 0.9995041348287506, ""pilot_rho"": 0.9994898717407985, ""pilot_paths"": 1639, ""total_paths_simulated"": 18023, ""plain_std_error"": 0.04758529395624664, ""observed_vrf"": 1007.2415569788933, ""theoretical_vrf"": 1008.5886769896857}"
dfd5c418a453,2026-09-25T10:51:20,tamzeed,master,asian_arith,call,exact,antithetic,{},16384,252,16,4084231350,LAPTOP-G689CP2J_AMD64,3.196872479731595,0.04102278168401172,3.1164693050852823,3.2772756543779074,,,0.18165340006817132,"{""pairs"": 8192, ""rho_pair"": -0.2705436620886574}"
c4838345eb19,2026-09-25T10:51:21,tamzeed,master,deep_barrier,call,exact,importance,{},16384,252,16,1408374361,LAPTOP-G689CP2J_AMD64,3.3919625130541493,0.028927120396056848,3.3352663989014237,3.448658627206875,3.545320563728301,0.15335805067415187,0.29180130001623183,"{""theta"": 1.6323611831060643, ""theta0"": 1.6323611831060643, ""ESS"": 1112.8576191465975, ""ESS_frac"": 0.06792343866861557, ""max_weight"": 262.61498614420634, ""max_weight_share"": 0.01589130607689913, ""mean_weight"": 1.0086487942110614, ""hit_rate_proposal"": 0.59136962890625, ""pilot_paths"": 10000, ""total_paths_simulated"": 26384, ""theta_grid"": [[0.0, 143.426056750095], [0.40809029577651607, 67.51570239029118], [0.8161805915530321, 39.2892170071843], [1.2242708873295483, 28.10499541718912], [1.6323611831060643, 24.610360075118287], [2.0404514788825803, 26.30155895235964], [2.4485417746590965, 34.23712227006249]]}"
4ac94f4f2c0a,2026-09-25T10:51:21,tamzeed,master,deep_barrier,call,exact,antithetic,{},16384,252,16,2441929687,LAPTOP-G689CP2J_AMD64,3.410421242019954,0.08640336305358204,3.2410737622917942,3.5797687217481133,3.545320563728301,0.1348993217083474,0.16245209996122867,"{""pairs"": 8192, ""rho_pair"": -0.08680307404153993}"
33b7c4632768,2026-09-25T10:51:21,tamzeed,master,paper_barrier,call,exact,antithetic,{},16384,252,16,4014680105,LAPTOP-G689CP2J_AMD64,7.087236658448097,0.08067113773216024,6.929124133901192,7.245349182995001,7.1055282627933245,0.018291604345227697,0.1419393999967724,"{""pairs"": 8192, ""rho_pair"": -0.3201606461234844}"
d2bc5f4a4c3f,2026-09-25T10:51:21,tamzeed,master,asian_arith,call,exact,plain,{},16384,252,16,2034484186,LAPTOP-G689CP2J_AMD64,3.160143465004396,0.047717878934481386,3.06661814087417,3.253668789134622,,,0.16521540004760027,
2344e65d5a88,2026-09-25T10:51:21,tamzeed,master,deep_barrier,call,exact,control_variate,{},16384,252,16,4248778503,LAPTOP-G689CP2J_AMD64,3.358729861290653,0.05022476157598092,3.2602911374696193,3.4571685851116865,3.545320563728301,0.1865907024376483,0.16608220001216978,"{""control"": ""european_terminal"", ""control_mean"": 7.1280646692617395, ""b_hat"": 0.7504350562776118, ""rho"": 0.8266272691743092, ""pilot_rho"": 0.8239018520440254, ""pilot_paths"": 1639, ""total_paths_simulated"": 18023, ""plain_std_error"": 0.08923990973398356, ""observed_vrf"": 3.1570573929332, ""theoretical_vrf"": 3.1576884115791257}"
7aa6d9418e63,2026-09-25T10:51:22,tamzeed,master,deep_barrier,call,exact,plain,{},16384,252,16,1249610362,LAPTOP-G689CP2J_AMD64,3.325344153623117,0.08975436198934945,3.1494288366686214,3.501259470577613,3.545320563728301,0.21997641010518398,0.20097910007461905,
063b30716157,2026-09-25T10:51:22,tamzeed,master,deep_barrier,call,exact,rqmc,{},16384,252,16,3875981288,LAPTOP-G689CP2J_AMD64,3.387925954739361,nan,nan,nan,3.545320563728301,0.1573946089889402,0.37538250000216067,"{""construction"": ""bridge"", ""sobol_dim"": 252, ""naive_iid_se"": 0.08992380133633662, ""se_valid"": false}"
6f54c159acba,2026-09-25T10:51:22,tamzeed,master,paper_barrier,call,exact,rqmc,{},16384,252,16,242216588,LAPTOP-G689CP2J_AMD64,7.09696272306806,nan,nan,nan,7.1055282627933245,0.008565539725264415,0.44906329992227256,"{""construction"": ""bridge"", ""sobol_dim"": 252, ""naive_iid_se"": 0.09803809973886765, ""se_valid"": false}"
c5922f9082f9,2026-09-25T10:51:23,tamzeed,master,paper_barrier,call,exact,plain,{},16384,252,16,2930424760,LAPTOP-G689CP2J_AMD64,7.0722150217332675,0.09821038712221225,6.879726200065996,7.2647038434005395,7.1055282627933245,0.03331324106005695,0.16883430001325905,
987443a4d7f1,2026-09-25T10:51:23,tamzeed,master,paper_barrier,call,exact,importance,{},65536,252,16,580434584,LAPTOP-G689CP2J_AMD64,7.121189165706466,0.022868237672398112,7.0763682434786634,7.166010087934268,7.1055282627933245,0.01566090291314115,0.7362367999739945,"{""theta"": 0.6858575284033614, ""theta0"": 0.45723835226890763, ""ESS"": 40908.36580905454, ""ESS_frac"": 0.6242121247719504, ""max_weight"": 12.669590760928417, ""max_weight_share"": 0.00019393698353525597, ""mean_weight"": 0.9968321121899955, ""hit_rate_proposal"": 0.67364501953125, ""pilot_paths"": 10000, ""total_paths_simulated"": 75536, ""theta_grid"": [[0.0, 209.41903048562406], [0.11430958806722691, 171.89428174499528], [0.22861917613445382, 143.7714285557232], [0.3429287642016807, 122.50955039864506], [0.45723835226890763, 106.33380682869257], [0.5715479403361345, 93.99249149312826], [0.6858575284033614, 84.59622873251135]]}"
42e0ce2d5ce9,2026-09-25T10:51:25,tamzeed,master,paper_barrier,call,exact,rqmc,{},65536,252,16,2688144532,LAPTOP-G689CP2J_AMD64,7.093624402948859,nan,nan,nan,7.1055282627933245,0.011903859844465181,1.4819857999682426,"{""construction"": ""bridge"", ""sobol_dim"": 252, ""naive_iid_se"": 0.04900770425457274, ""se_valid"": false}"
6089eb3dffdb,2026-09-25T10:51:25,tamzeed,master,deep_barrier,call,exact,antithetic,{},65536,252,16,473920531,LAPTOP-G689CP2J_AMD64,3.4009423021219845,0.043168771012094875,3.316333065681422,3.485551538562547,3.545320563728301,0.14437826160631673,0.5475537000456825,"{""pairs"": 32768, ""rho_pair"": -0.08651438341145012}"
a53d42c40434,2026-09-25T10:51:26,tamzeed,master,paper_asian_geo,call,exact,plain,{},65536,252,16,130711376,LAPTOP-G689CP2J_AMD64,3.002760386819294,0.02292544411279189,2.957827342028636,3.0476934316099515,3.000200360178781,0.0025600266405128025,0.8026804000837728,
2c2b251a33c6,2026-09-25T10:51:27,tamzeed,master,asian_arith,call,exact,antithetic,{},65536,252,16,32311740,LAPTOP-G689CP2J_AMD64,3.113319962198963,0.02031311664662059,3.0735069851578256,3.1531329392401,,,0.7538279000436887,"{""pairs"": 32768, ""rho_pair"": -0.2638666856783078}"
cc4ac61d9964,2026-09-25T10:51:28,tamzeed,master,asian_arith,call,exact,control_variate,{},65536,252,16,1691627907,LAPTOP-G689CP2J_AMD64,3.1641681228474154,0.0007777358272923893,3.162643788636436,3.165692457058395,,,0.9891464000102133,"{""control"": ""geometric_asian"", ""control_mean"": 3.000200360178781, ""b_hat"": 1.0452950413275746, ""rho"": 0.9994685917496494, ""pilot_rho"": 0.9995034514308151, ""pilot_paths"": 6554, ""total_paths_simulated"": 72090, ""plain_std_error"": 0.023857293292325457, ""observed_vrf"": 940.9750926037057, ""theoretical_vrf"": 941.1462600389348}"
bec17642b4f6,2026-09-25T10:51:29,tamzeed,master,paper_barrier,call,exact,control_variate,{},65536,252,16,2981577313,LAPTOP-G689CP2J_AMD64,7.094599297505179,0.0012426619417212573,7.092163724854447,7.097034870155912,7.1055282627933245,0.010928965288145243,0.9106147999409586,"{""control"": ""european_terminal"", ""control_mean"": 7.1280646692617395, ""b_hat"": 1.000775417602211, ""rho"": 0.9996760588412862, ""pilot_rho"": 0.999707124008719, ""pilot_paths"": 6554, ""total_paths_simulated"": 72090, ""plain_std_error"": 0.04882434627752266, ""observed_vrf"": 1543.714128318579, ""theoretical_vrf"": 1543.7402286098857}"
91a558cbde73,2026-09-25T10:51:30,tamzeed,master,deep_barrier,call,exact,importance,{},65536,252,16,2539825167,LAPTOP-G689CP2J_AMD64,3.3812729529859205,0.014315837807461014,3.35321442647478,3.409331479497061,3.545320563728301,0.16404761074238072,0.8057745000114664,"{""theta"": 1.6323611831060643, ""theta0"": 1.6323611831060643, ""ESS"": 5377.961380210896, ""ESS_frac"": 0.08206117828690943, ""max_weight"": 253.98983708834513, ""max_weight_share"": 0.003882438166174366, ""mean_weight"": 0.9982328583918365, ""hit_rate_proposal"": 0.59521484375, ""pilot_paths"": 10000, ""total_paths_simulated"": 75536, ""theta_grid"": [[0.0, 144.19056956461702], [0.40809029577651607, 68.0639486733856], [0.8161805915530321, 39.721387356419044], [1.2242708873295483, 28.486145044207404], [1.6323611831060643, 24.9937068024519], [2.0404514788825803, 26.747491876909695], [2.4485417746590965, 34.84340659609398]]}"
5fce31642f3c,2026-09-25T10:51:30,tamzeed,master,paper_barrier,call,exact,plain,{},65536,252,16,1611757952,LAPTOP-G689CP2J_AMD64,7.143155871759299,0.04942689208683427,7.046280943401356,7.240030800117242,7.1055282627933245,0.03762760896597417,0.6493644999573007,
0f43c9ebd65e,2026-09-25T10:51:32,tamzeed,master,deep_barrier,call,exact,rqmc,{},65536,252,16,2340197611,LAPTOP-G689CP2J_AMD64,3.377344412461673,nan,nan,nan,3.545320563728301,0.16797615126662802,1.7689838000806049,"{""construction"": ""bridge"", ""sobol_dim"": 252, ""naive_iid_se"": 0.0449541722561289, ""se_valid"": false}"
af808a057cb6,2026-09-25T10:51:33,tamzeed,master,paper_asian_geo,call,exact,antithetic,{},65536,252,16,1382062361,LAPTOP-G689CP2J_AMD64,3.0119636575856097,0.019785202870850713,2.973185372531924,3.0507419426392954,3.000200360178781,0.011763297406828688,0.8242174000479281,"{""pairs"": 32768, ""rho_pair"": -0.26124627278550505}"
ba1cb3d24058,2026-09-25T10:51:35,tamzeed,master,paper_asian_geo,call,exact,rqmc,{},65536,252,16,2311167267,LAPTOP-G689CP2J_AMD64,2.99966669810855,nan,nan,nan,3.000200360178781,0.000533662070230978,1.8869553999975324,"{""construction"": ""bridge"", ""sobol_dim"": 252, ""naive_iid_se"": 0.022925119573896566, ""se_valid"": false}"
f366b759d54f,2026-09-25T10:51:35,tamzeed,master,asian_arith,call,exact,plain,{},65536,252,16,709555687,LAPTOP-G689CP2J_AMD64,3.149848203447509,0.024028180808890704,3.102753834448067,3.196942572446951,,,0.536006199894473,
9d389de9d58a,2026-09-25T10:51:36,tamzeed,master,deep_barrier,call,exact,control_variate,{},65536,252,16,3515856273,LAPTOP-G689CP2J_AMD64,3.434826113220261,0.02493690536021309,3.3859506768283594,3.4837015496121624,3.545320563728301,0.1104944505080403,0.8576109999557957,"{""control"": ""european_terminal"", ""control_mean"": 7.1280646692617395, ""b_hat"": 0.7599179415399797, ""rho"": 0.835119771406231, ""pilot_rho"": 0.8293270999362214, ""pilot_paths"": 6554, ""total_paths_simulated"": 72090, ""plain_std_error"": 0.04532469782268706, ""observed_vrf"": 3.3035791812979296, ""theoretical_vrf"": 3.3049660669940577}"
ec5dac682431,2026-09-25T10:51:38,tamzeed,master,asian_arith,call,exact,rqmc,{},65536,252,16,275976439,LAPTOP-G689CP2J_AMD64,3.1628142349100523,nan,nan,nan,,,1.3804888000013307,"{""construction"": ""bridge"", ""sobol_dim"": 252, ""naive_iid_se"": 0.023988950243938573, ""se_valid"": false}"
c145e8366b40,2026-09-25T10:51:38,tamzeed,master,paper_barrier,call,exact,antithetic,{},65536,252,16,2373887931,LAPTOP-G689CP2J_AMD64,7.052953931589039,0.040109744973437944,6.974340276012015,7.131567587166064,7.1055282627933245,0.05257433120428523,0.5283870999701321,"{""pairs"": 32768, ""rho_pair"": -0.3205872273188631}"
4692f5263310,2026-09-25T10:51:39,tamzeed,master,deep_barrier,call,exact,plain,{},65536,252,16,1995991079,LAPTOP-G689CP2J_AMD64,3.387767861988238,0.04473494512157269,3.3000889806995795,3.4754467432768963,3.545320563728301,0.1575527017400633,0.714165800018236,
1596038cb975,2026-09-25T10:51:39,tamzeed,master,asian_arith,call,exact,antithetic,{},256,252,17,851050484,LAPTOP-G689CP2J_AMD64,3.14361831752324,0.30270602501144545,2.550325410597526,3.736911224448954,,,0.0032650999492034316,"{""pairs"": 128, ""rho_pair"": -0.29798939808699754}"
ab656ebcb6b9,2026-09-25T10:51:39,tamzeed,master,asian_arith,call,exact,plain,{},256,252,17,3718124969,LAPTOP-G689CP2J_AMD64,3.1155254605727234,0.3747177416637998,2.3810921825434916,3.849958738601955,,,0.002857800107449293,
ac4b27780e1b,2026-09-25T10:51:39,tamzeed,master,deep_barrier,call,exact,importance,{},256,252,17,926984138,LAPTOP-G689CP2J_AMD64,3.485211574491044,0.24580940348123562,3.0034339966065478,3.9669891523755405,3.545320563728301,0.06010898923725705,0.12752360000740737,"{""theta"": 1.6323611831060643, ""theta0"": 1.6323611831060643, ""ESS"": 41.928171783673406, ""ESS_frac"": 0.16378192102997424, ""max_weight"": 19.359178838014632, ""max_weight_share"": 0.07090628919500486, ""mean_weight"": 1.0665033129574915, ""hit_rate_proposal"": 0.56640625, ""pilot_paths"": 10000, ""total_paths_simulated"": 10256, ""theta_grid"": [[0.0, 144.7885084014059], [0.40809029577651607, 68.25190307590923], [0.8161805915530321, 39.770325439203184], [1.2242708873295483, 28.480050598080993], [1.6323611831060643, 24.957829448913863], [2.0404514788825803, 26.68465061422494], [2.4485417746590965, 34.74108739576337]]}"
0e4dd55e739d,2026-09-25T10:51:39,tamzeed,master,paper_barrier,call,exact,plain,{},256,252,17,3480062210,LAPTOP-G689CP2J_AMD64,6.450422849257482,0.7865205224438899,4.90887095216583,7.9919747463491335,7.1055282627933245,0.6551054135358427,0.002031399984844029,
a38fe147da9f,2026-09-25T10:51:39,tamzeed,master,deep_barrier,call,exact,antithetic,{},256,252,17,2695089177,LAPTOP-G689CP2J_AMD64,2.944871673962235,0.602984546801894,1.7630436789963162,4.126699668928154,3.545320563728301,0.6004488897660663,0.0034478000598028302,"{""pairs"": 128, ""rho_pair"": -0.08463270077622422}"
8fd818d1955f,2026-09-25T10:51:39,tamzeed,master,paper_asian_geo,call,exact,rqmc,{},256,252,17,3856379643,LAPTOP-G689CP2J_AMD64,3.0207966769762447,nan,nan,nan,3.000200360178781,0.020596316797463654,0.032206099946051836,"{""construction"": ""bridge"", ""sobol_dim"": 252, ""naive_iid_se"": 0.36746797567791706, ""se_valid"": false}"
7eb7a008198f,2026-09-25T10:51:39,tamzeed,master,paper_asian_geo,call,exact,plain,{},256,252,17,1638408040,LAPTOP-G689CP2J_AMD64,2.7702427955713897,0.31350038065146396,2.155793340354923,3.3846922507878565,3.000200360178781,0.22995756460739125,0.004206599900498986,
b77a2f538dc8,2026-09-25T10:51:39,tamzeed,master,paper_barrier,call,exact,rqmc,{},256,252,17,3736616838,LAPTOP-G689CP2J_AMD64,7.035059015493125,nan,nan,nan,7.1055282627933245,0.0704692473001991,0.028990799910388887,"{""construction"": ""bridge"", ""sobol_dim"": 252, ""naive_iid_se"": 0.7692871526350419, ""se_valid"": false}"
6c604212ad46,2026-09-25T10:51:39,tamzeed,master,paper_barrier,call,exact,control_variate,{},256,252,17,4099935130,LAPTOP-G689CP2J_AMD64,7.11848359722236,0.006375838570084564,7.1059871832537524,7.130980011190967,7.1055282627933245,0.012955334429035403,0.007993799983523786,"{""control"": ""european_terminal"", ""control_mean"": 7.1280646692617395, ""b_hat"": 1.0021548164196452, ""rho"": 0.9999694038171276, ""pilot_rho"": 0.9991023023486537, ""pilot_paths"": 256, ""total_paths_simulated"": 512, ""plain_std_error"": 0.7938325739830436, ""observed_vrf"": 15501.838432519136, ""theoretical_vrf"": 16342.157819107546}"
7b2bfdc7128a,2026-09-25T10:51:39,tamzeed,master,deep_barrier,call,exact,control_variate,{},256,252,17,560587164,LAPTOP-G689CP2J_AMD64,2.8601596937905933,0.3728470525871272,2.1293928989779123,3.5909264886032743,3.545320563728301,0.6851608699377079,0.00802579999435693,"{""control"": ""european_terminal"", ""control_mean"": 7.1280646692617395, ""b_hat"": 0.8139781014797945, ""rho"": 0.7396837788726435, ""pilot_rho"": 0.8685820179657328, ""pilot_paths"": 256, ""total_paths_simulated"": 512, ""plain_std_error"": 0.5219591460178485, ""observed_vrf"": 1.9597992866644096, ""theoretical_vrf"": 2.20814940502699}"
c227d5272bad,2026-09-25T10:51:39,tamzeed,master,deep_barrier,call,exact,rqmc,{},256,252,17,959488860,LAPTOP-G689CP2J_AMD64,3.122224941979033,nan,nan,nan,3.545320563728301,0.42309562174926807,0.02586030005477369,"{""construction"": ""bridge"", ""sobol_dim"": 252, ""naive_iid_se"": 0.6961731438407874, ""se_valid"": false}"
756fea3d8a9b,2026-09-25T10:51:39,tamzeed,master,asian_arith,call,exact,control_variate,{},256,252,17,2003671434,LAPTOP-G689CP2J_AMD64,3.157649676939786,0.010672568221024253,3.1367318276040317,3.1785675262755406,,,0.00978159997612238,"{""control"": ""geometric_asian"", ""control_mean"": 3.000200360178781, ""b_hat"": 1.0413030445070826, ""rho"": 0.9995785868500764, ""pilot_rho"": 0.9996016690891141, ""pilot_paths"": 256, ""total_paths_simulated"": 512, ""plain_std_error"": 0.3609815366413117, ""observed_vrf"": 1144.0160027553004, ""theoretical_vrf"": 1186.734148142828}"
449f6b147210,2026-09-25T10:51:39,tamzeed,master,asian_arith,call,exact,rqmc,{},256,252,17,3819527284,LAPTOP-G689CP2J_AMD64,3.186360543868987,nan,nan,nan,,,0.02932670002337545,"{""construction"": ""bridge"", ""sobol_dim"": 252, ""naive_iid_se"": 0.3799285403225025, ""se_valid"": false}"
a25472a77726,2026-09-25T10:51:39,tamzeed,master,paper_barrier,call,exact,antithetic,{},256,252,17,409944694,LAPTOP-G689CP2J_AMD64,6.760484995711722,0.7012188532932793,5.386121297976419,8.134848693447026,7.1055282627933245,0.3450432670816026,0.0021451000357046723,"{""pairs"": 128, ""rho_pair"": -0.26976220306628174}"
db505390e9bf,2026-09-25T10:51:39,tamzeed,master,paper_asian_geo,call,exact,antithetic,{},256,252,17,511103533,LAPTOP-G689CP2J_AMD64,2.9404829834377564,0.3321779786971743,2.2894261087339816,3.591539858141531,3.000200360178781,0.05971737674102462,0.0041952000465244055,"{""pairs"": 128, ""rho_pair"": -0.23587321396856117}"
6ffd66213739,2026-09-25T10:51:39,tamzeed,master,deep_barrier,call,exact,plain,{},256,252,17,3394350565,LAPTOP-G689CP2J_AMD64,4.254952676206086,0.8222191263798717,2.64343280110155,5.866472551310622,3.545320563728301,0.7096321124777849,0.0015573999844491482,
0aac71f22e2d,2026-09-25T10:51:39,tamzeed,master,paper_barrier,call,exact,importance,{},256,252,17,4286746530,LAPTOP-G689CP2J_AMD64,6.390095568488809,0.3558805610173617,5.692582486096871,7.087608650880748,7.1055282627933245,0.7154326943045151,0.12423189997207373,"{""theta"": 0.6858575284033614, ""theta0"": 0.45723835226890763, ""ESS"": 170.00540897923412, ""ESS_frac"": 0.6640836288251333, ""max_weight"": 4.820822397761472, ""max_weight_share"": 0.017339362325251937, ""mean_weight"": 1.0860455614236169, ""hit_rate_proposal"": 0.63671875, ""pilot_paths"": 10000, ""total_paths_simulated"": 10256, ""theta_grid"": [[0.0, 207.46493954509359], [0.11430958806722691, 170.34978182348522], [0.22861917613445382, 142.54326620662476], [0.3429287642016807, 121.52393889178687], [0.45723835226890763, 105.5337962754962], [0.5715479403361345, 93.33474222811745], [0.6858575284033614, 84.0480197697845]]}"
5d6afbe70cb5,2026-09-25T10:51:39,tamzeed,master,deep_barrier,call,exact,plain,{},1024,252,17,1458816458,LAPTOP-G689CP2J_AMD64,3.7668664487811467,0.3829921894355084,3.0162155511274085,4.517517346434885,3.545320563728301,0.22154588505284556,0.016124599962495267,
e5305041e306,2026-09-25T10:51:39,tamzeed,master,paper_barrier,call,exact,plain,{},1024,252,17,1501565739,LAPTOP-G689CP2J_AMD64,6.9534333919838485,0.4112551914037557,6.147388028377361,7.759478755590336,7.1055282627933245,0.15209487080947603,0.01405460003297776,
c66e3787932c,2026-09-25T10:51:39,tamzeed,master,deep_barrier,call,exact,antithetic,{},1024,252,17,700559216,LAPTOP-G689CP2J_AMD64,3.32477335301747,0.3459735012818103,2.6466777508998995,4.002868955135041,3.545320563728301,0.22054721071083128,0.013113000080920756,"{""pairs"": 512, ""rho_pair"": -0.08270911753494242}"
1f26523b0e11,2026-09-25T10:51:39,tamzeed,master,paper_barrier,call,exact,control_variate,{},1024,252,17,1290190245,LAPTOP-G689CP2J_AMD64,7.084843962827907,0.011503599415811997,7.06229732228034,7.107390603375475,7.1055282627933245,0.020684299965417097,0.01630949997343123,"{""control"": ""european_terminal"", ""control_mean"": 7.1280646692617395, ""b_hat"": 1.0005405202622881, ""rho"": 0.9996420293477989, ""pilot_rho"": 0.9997797667720411, ""pilot_paths"": 256, ""total_paths_simulated"": 1280, ""plain_std_error"": 0.42991092965394295, ""observed_vrf"": 1396.6560679366903, ""theoretical_vrf"": 1397.0125919788272}"
cf6b3467ff44,2026-09-25T10:51:39,tamzeed,master,deep_barrier,call,exact,control_variate,{},1024,252,17,3505354288,LAPTOP-G689CP2J_AMD64,3.330085634737288,0.19559867833449895,2.9467192697780353,3.7134519996965407,3.545320563728301,0.21523492899101315,0.013947400031611323,"{""control"": ""european_terminal"", ""control_mean"": 7.1280646692617395, ""b_hat"": 0.7451230662818278, ""rho"": 0.8264126124615895, ""pilot_rho"": 0.8176508901541495, ""pilot_paths"": 256, ""total_paths_simulated"": 1280, ""plain_std_error"": 0.34724202754620453, ""observed_vrf"": 3.1516119240959473, ""theoretical_vrf"": 3.1541543019736173}"
045873258277,2026-09-25T10:51:39,tamzeed,master,paper_barrier,call,exact,importance,{},1024,252,17,2058433860,LAPTOP-G689CP2J_AMD64,7.107711727097177,0.18251204412024535,6.749994693876711,7.465428760317644,7.1055282627933245,0.0021834643038527446,0.09239040000829846,"{""theta"": 0.6858575284033614, ""theta0"": 0.45723835226890763, ""ESS"": 653.033300629078, ""ESS_frac"": 0.637727832645584, ""max_weight"": 7.002460933856843, ""max_weight_share"": 0.006853237735325719, ""mean_weight"": 0.9978262858839176, ""hit_rate_proposal"": 0.673828125, ""pilot_paths"": 10000, ""total_paths_simulated"": 11024, ""theta_grid"": [[0.0, 205.0473662901838], [0.11430958806722691, 168.48435145528885], [0.22861917613445382, 141.1142241737413], [0.3429287642016807, 120.4436841910135], [0.45723835226890763, 104.73562363529152], [0.5715479403361345, 92.76783210784033], [0.6858575284033614, 83.67386901542142]]}"
08f5428475c4,2026-09-25T10:51:39,tamzeed,master,paper_barrier,call,exact,rqmc,{},1024,252,17,2699076659,LAPTOP-G689CP2J_AMD64,7.0939537333880205,nan,nan,nan,7.1055282627933245,0.011574529405304013,0.027897799969650805,"{""construction"": ""bridge"", ""sobol_dim"": 252, ""naive_iid_se"": 0.39076634518057773, ""se_valid"": false}"
12ab066169f8,2026-09-25T10:51:39,tamzeed,master,paper_barrier,call,exact,antithetic,{},1024,252,17,4170752686,LAPTOP-G689CP2J_AMD64,7.093366259307682,0.341181968119908,6.424661889618169,7.762070628997194,7.1055282627933245,0.012162003485642892,0.007410799968056381,"{""pairs"": 512, ""rho_pair"": -0.29767377888246926}"
7cea773f24d1,2026-09-25T10:51:39,tamzeed,master,paper_asian_geo,call,exact,rqmc,{},1024,252,17,1838320234,LAPTOP-G689CP2J_AMD64,2.9801114242306617,nan,nan,nan,3.000200360178781,0.020088935948119335,0.02843240008223802,"{""construction"": ""bridge"", ""sobol_dim"": 252, ""naive_iid_se"": 0.1826700116878647, ""se_valid"": false}"
a62cc1941aea,2026-09-25T10:51:40,tamzeed,master,asian_arith,call,exact,control_variate,{},1024,252,17,1654205150,LAPTOP-G689CP2J_AMD64,3.1634060724926893,0.0058608642926525276,3.1519189895608135,3.174893155424565,,,0.018451399984769523,"{""control"": ""geometric_asian"", ""control_mean"": 3.000200360178781, ""b_hat"": 1.044415840824634, ""rho"": 0.9994898456271727, ""pilot_rho"": 0.999497385653051, ""pilot_paths"": 256, ""total_paths_simulated"": 1280, ""plain_std_error"": 0.1835051899394882, ""observed_vrf"": 980.3324358849579, ""theoretical_vrf"": 980.3455537623928}"
a534b2bec6b2,2026-09-25T10:51:40,tamzeed,master,paper_asian_geo,call,exact,antithetic,{},1024,252,17,2715191638,LAPTOP-G689CP2J_AMD64,3.073135547733326,0.16592030332149793,2.7479377289192284,3.3983333665474236,3.000200360178781,0.07293518755454498,0.014004800003021955,"{""pairs"": 512, ""rho_pair"": -0.2513340515487453}"
9a4eab595c0d,2026-09-25T10:51:40,tamzeed,master,deep_barrier,call,exact,rqmc,{},1024,252,17,975790788,LAPTOP-G689CP2J_AMD64,3.3533146213210965,nan,nan,nan,3.545320563728301,0.1920059424072047,0.0401837999233976,"{""construction"": ""bridge"", ""sobol_dim"": 252, ""naive_iid_se"": 0.3578383014726171, ""se_valid"": false}"
8810b16e6471,2026-09-25T10:51:40,tamzeed,master,asian_arith,call,exact,rqmc,{},1024,252,17,1042717480,LAPTOP-G689CP2J_AMD64,3.1633361242700517,nan,nan,nan,,,0.03231189993675798,"{""construction"": ""bridge"", ""sobol_dim"": 252, ""naive_iid_se"": 0.19243514111488497, ""se_valid"": false}"
9b869eec3612,2026-09-25T10:51:40,tamzeed,master,asian_arith,call,exact,antithetic,{},1024,252,17,2817896193,LAPTOP-G689CP2J_AMD64,3.230927141263427,0.1637218227200561,2.9100382652488657,3.5518160172779885,,,0.01189279998652637,"{""pairs"": 512, ""rho_pair"": -0.27670776663061375}"
cf803f7f743c,2026-09-25T10:51:40,tamzeed,master,paper_asian_geo,call,exact,plain,{},1024,252,17,1156780965,LAPTOP-G689CP2J_AMD64,2.958737723873754,0.1842913976471071,2.5975332218248743,3.3199422259226337,3.000200360178781,0.041462636305027,0.011632399982772768,
16901a78d311,2026-09-25T10:51:40,tamzeed,master,deep_barrier,call,exact,importance,{},1024,252,17,1834892817,LAPTOP-G689CP2J_AMD64,3.3165005880523277,0.11247816484714661,3.096047435904761,3.5369537401998943,3.545320563728301,0.22881997567597345,0.15044230001512915,"{""theta"": 1.6323611831060643, ""theta0"": 1.6323611831060643, ""ESS"": 39.689148953053696, ""ESS_frac"": 0.0387589345244665, ""max_weight"": 148.6591769809373, ""max_weight_share"": 0.13459970192334136, ""mean_weight"": 1.0785683433617719, ""hit_rate_proposal"": 0.5927734375, ""pilot_paths"": 10000, ""total_paths_simulated"": 11024, ""theta_grid"": [[0.0, 142.71349405375477], [0.40809029577651607, 67.25016530426237], [0.8161805915530321, 39.19564662673004], [1.2242708873295483, 28.098003116579434], [1.6323611831060643, 24.675472590999416], [2.0404514788825803, 26.474139084454684], [2.4485417746590965, 34.64081243394671]]}"
a054280d66f1,2026-09-25T10:51:40,tamzeed,master,asian_arith,call,exact,plain,{},1024,252,17,1623913419,LAPTOP-G689CP2J_AMD64,3.3935746142012757,0.19883584024180526,3.0038635284915776,3.783285699910974,,,0.015898299985565245,
e1964a786a62,2026-09-25T10:51:40,tamzeed,master,deep_barrier,call,exact,rqmc,{},4096,252,17,799082743,LAPTOP-G689CP2J_AMD64,3.4214188855705796,nan,nan,nan,3.545320563728301,0.12390167815772157,0.12546689994633198,"{""construction"": ""bridge"", ""sobol_dim"": 252, ""naive_iid_se"": 0.180499735304114, ""se_valid"": false}"
f25070bc5dff,2026-09-25T10:51:40,tamzeed,master,asian_arith,call,exact,rqmc,{},4096,252,17,2256904398,LAPTOP-G689CP2J_AMD64,3.1674618826223746,nan,nan,nan,,,0.13831059995573014,"{""construction"": ""bridge"", ""sobol_dim"": 252, ""naive_iid_se"": 0.09596863552029361, ""se_valid"": false}"
7f6cada721a4,2026-09-25T10:51:40,tamzeed,master,deep_barrier,call,exact,antithetic,{},4096,252,17,2604264401,LAPTOP-G689CP2J_AMD64,3.337346325133141,0.16600917626395825,3.011974318552621,3.662718331713661,3.545320563728301,0.20797423859516018,0.0368325999006629,"{""pairs"": 2048, ""rho_pair"": -0.08958249928862844}"
070099bf8b34,2026-09-25T10:51:40,tamzeed,master,paper_asian_geo,call,exact,rqmc,{},4096,252,17,3768586422,LAPTOP-G689CP2J_AMD64,3.003230906507898,nan,nan,nan,3.000200360178781,0.0030305463291169232,0.09802709997165948,"{""construction"": ""bridge"", ""sobol_dim"": 252, ""naive_iid_se"": 0.09161991934110451, ""se_valid"": false}"
880aefc0ae05,2026-09-25T10:51:40,tamzeed,master,paper_barrier,call,exact,control_variate,{},4096,252,17,3675062478,LAPTOP-G689CP2J_AMD64,7.088078643066025,0.005725515519686531,7.076856838854514,7.099300447277535,7.1055282627933245,0.017449619727299748,0.0335151000181213,"{""control"": ""european_terminal"", ""control_mean"": 7.1280646692617395, ""b_hat"": 1.0006047203216186, ""rho"": 0.9995586655613861, ""pilot_rho"": 0.9997242954972371, ""pilot_paths"": 410, ""total_paths_simulated"": 4506, ""plain_std_error"": 0.19272612824022584, ""observed_vrf"": 1133.0576337014495, ""theoretical_vrf"": 1133.177731456196}"
2afc23da7208,2026-09-25T10:51:40,tamzeed,master,deep_barrier,call,exact,importance,{},4096,252,17,487110854,LAPTOP-G689CP2J_AMD64,3.481815575398094,0.05697379189059627,3.370148995229845,3.593482155566343,3.545320563728301,0.06350498833020701,0.11070249998010695,"{""theta"": 1.6323611831060643, ""theta0"": 1.6323611831060643, ""ESS"": 234.25578871814028, ""ESS_frac"": 0.05719135466751472, ""max_weight"": 153.189217434637, ""max_weight_share"": 0.03704633846439233, ""mean_weight"": 1.0095386707029224, ""hit_rate_proposal"": 0.621826171875, ""pilot_paths"": 10000, ""total_paths_simulated"": 14096, ""theta_grid"": [[0.0, 146.068502252438], [0.40809029577651607, 68.85516880364851], [0.8161805915530321, 40.106277007940236], [1.2242708873295483, 28.70822044033389], [1.6323611831060643, 25.153575146425272], [2.0404514788825803, 26.902838098571554], [2.4485417746590965, 35.05998519118671]]}"
c0369fd25dcd,2026-09-25T10:51:40,tamzeed,master,paper_barrier,call,exact,rqmc,{},4096,252,17,3154990309,LAPTOP-G689CP2J_AMD64,7.091121477842423,nan,nan,nan,7.1055282627933245,0.014406784950901752,0.08196740003768355,"{""construction"": ""bridge"", ""sobol_dim"": 252, ""naive_iid_se"": 0.1957902000049602, ""se_valid"": false}"
676e6fd8299e,2026-09-25T10:51:40,tamzeed,master,deep_barrier,call,exact,plain,{},4096,252,17,3687674404,LAPTOP-G689CP2J_AMD64,3.4049068520044865,0.18173512280287993,3.048712556584878,3.761101147424095,3.545320563728301,0.14041371172381467,0.03546359995380044,
b2b1633d94a6,2026-09-25T10:51:41,tamzeed,master,paper_barrier,call,exact,plain,{},4096,252,17,3811509685,LAPTOP-G689CP2J_AMD64,6.928103497851757,0.19518783877054158,6.545542363641285,7.310664632062229,7.1055282627933245,0.17742476494156723,0.06196540000382811,
f24b5d52fa7f,2026-09-25T10:51:41,tamzeed,master,paper_asian_geo,call,exact,antithetic,{},4096,252,17,1230934469,LAPTOP-G689CP2J_AMD64,3.006517126763536,0.07890117203622878,2.851873671234529,3.1611605822925433,3.000200360178781,0.006316766584755218,0.04877700004726648,"{""pairs"": 2048, ""rho_pair"": -0.26189618529857206}"
eeabd96ee72c,2026-09-25T10:51:41,tamzeed,master,asian_arith,call,exact,plain,{},4096,252,17,3069055040,LAPTOP-G689CP2J_AMD64,3.339632803711145,0.09926751588559683,3.1450720477406175,3.5341935596816727,,,0.03260270005557686,
8784c8c05741,2026-09-25T10:51:41,tamzeed,master,paper_barrier,call,exact,antithetic,{},4096,252,17,2503183071,LAPTOP-G689CP2J_AMD64,7.292427799728209,0.1681847226353036,6.9627918006131555,7.6220637988432625,7.1055282627933245,0.18689953693488448,0.02838750008959323,"{""pairs"": 2048, ""rho_pair"": -0.3146708529077003}"
cf5b242c8d28,2026-09-25T10:51:41,tamzeed,master,asian_arith,call,exact,control_variate,{},4096,252,17,3530952964,LAPTOP-G689CP2J_AMD64,3.1619466009463015,0.003189599768848501,3.155695100274261,3.168198101618342,,,0.0370460000121966,"{""control"": ""geometric_asian"", ""control_mean"": 3.000200360178781, ""b_hat"": 1.0447326399148864, ""rho"": 0.9994736046549397, ""pilot_rho"": 0.9994780009155415, ""pilot_paths"": 410, ""total_paths_simulated"": 4506, ""plain_std_error"": 0.09830991110975572, ""observed_vrf"": 949.9969795431849, ""theoretical_vrf"": 950.1064896852871}"
60faafb8fd00,2026-09-25T10:51:41,tamzeed,master,asian_arith,call,exact,antithetic,{},4096,252,17,2173669647,LAPTOP-G689CP2J_AMD64,3.1052692203613113,0.08206692939157097,2.9444209944320408,3.2661174462905818,,,0.02546279993839562,"{""pairs"": 2048, ""rho_pair"": -0.25949380827748963}"
688d12c49e8f,2026-09-25T10:51:41,tamzeed,master,paper_barrier,call,exact,importance,{},4096,252,17,4081529211,LAPTOP-G689CP2J_AMD64,7.138747270996365,0.09092228708004371,6.960542862927468,7.316951679065262,7.1055282627933245,0.0332190082030408,0.09360310004558414,"{""theta"": 0.6858575284033614, ""theta0"": 0.45723835226890763, ""ESS"": 2604.485726230485, ""ESS_frac"": 0.6358607730054895, ""max_weight"": 7.42169500728829, ""max_weight_share"": 0.001822795040493969, ""mean_weight"": 0.9940433331153437, ""hit_rate_proposal"": 0.67529296875, ""pilot_paths"": 10000, ""total_paths_simulated"": 14096, ""theta_grid"": [[0.0, 209.78790335725057], [0.11430958806722691, 172.1889126176707], [0.22861917613445382, 144.07216227865402], [0.3429287642016807, 122.8495401499825], [0.45723835226890763, 106.723877455358], [0.5715479403361345, 94.43378503925965], [0.6858575284033614, 85.0865165868579]]}"
ba5a75de1d65,2026-09-25T10:51:41,tamzeed,master,paper_asian_geo,call,exact,plain,{},4096,252,17,1426926604,LAPTOP-G689CP2J_AMD64,2.888469523964794,0.0885486428403563,2.714917373117795,3.0620216748117928,3.000200360178781,0.11173083621398705,0.02877560001797974,
8ec535f01a8f,2026-09-25T10:51:41,tamzeed,master,deep_barrier,call,exact,control_variate,{},4096,252,17,3096625512,LAPTOP-G689CP2J_AMD64,3.214337821538387,0.09966268781946676,3.0190025428097735,3.4096731002670007,3.545320563728301,0.3309827421899141,0.02905110002029687,"{""control"": ""european_terminal"", ""control_mean"": 7.1280646692617395, ""b_hat"": 0.6938403433618264, ""rho"": 0.8175724486776432, ""pilot_rho"": 0.791925458962379, ""pilot_paths"": 410, ""total_paths_simulated"": 4506, ""plain_std_error"": 0.17235333650776524, ""observed_vrf"": 2.990709285803754, ""theoretical_vrf"": 3.0159062712175255}"
e02c8aba30a7,2026-09-25T10:51:41,tamzeed,master,asian_arith,call,exact,antithetic,{},16384,252,17,3975901006,LAPTOP-G689CP2J_AMD64,3.2167537944234836,0.04183946184030442,3.134749956083949,3.298757632763018,,,0.09314710006583482,"{""pairs"": 8192, ""rho_pair"": -0.26522804575251263}"
fa18e8c8e48f,2026-09-25T10:51:41,tamzeed,master,deep_barrier,call,exact,plain,{},16384,252,17,3745473559,LAPTOP-G689CP2J_AMD64,3.4082472616614874,0.09052927704927372,3.2308131390984625,3.5856813842245123,3.545320563728301,0.13707330206681378,0.09198070003185421,
4ab45a064870,2026-09-25T10:51:41,tamzeed,master,paper_barrier,call,exact,antithetic,{},16384,252,17,2593872667,LAPTOP-G689CP2J_AMD64,7.111684470543003,0.08026089777974639,6.95437600152785,7.2689929395581565,7.1055282627933245,0.006156207749678622,0.08654659998137504,"{""pairs"": 8192, ""rho_pair"": -0.32397195246697597}"
aa9bb345b851,2026-09-25T10:51:41,tamzeed,master,paper_barrier,call,exact,rqmc,{},16384,252,17,2478611072,LAPTOP-G689CP2J_AMD64,7.095165522307509,nan,nan,nan,7.1055282627933245,0.010362740485815536,0.2113233000272885,"{""construction"": ""bridge"", ""sobol_dim"": 252, ""naive_iid_se"": 0.0980789504956215, ""se_valid"": false}"
4e28db83bfe3,2026-09-25T10:51:42,tamzeed,master,paper_asian_geo,call,exact,plain,{},16384,252,17,2034898156,LAPTOP-G689CP2J_AMD64,2.952333220610614,0.045595833622753316,2.862967028864937,3.0416994123562913,3.000200360178781,0.047867139568166905,0.10973979998379946,
cfd3f242e29a,2026-09-25T10:51:42,tamzeed,master,asian_arith,call,exact,plain,{},16384,252,17,2076068000,LAPTOP-G689CP2J_AMD64,3.1226641995453748,0.047581366847573754,3.029406434188942,3.2159219649018076,,,0.09194479999132454,
cd2125cc6c00,2026-09-25T10:51:42,tamzeed,master,deep_barrier,call,exact,importance,{},16384,252,17,2259687141,LAPTOP-G689CP2J_AMD64,3.355064192083071,0.02861079990675724,3.298988054696945,3.411140329469197,3.545320563728301,0.19025637164523035,0.15350080002099276,"{""theta"": 1.6323611831060643, ""theta0"": 1.6323611831060643, ""ESS"": 1282.9847988862675, ""ESS_frac"": 0.07830717766639816, ""max_weight"": 216.04579316855015, ""max_weight_share"": 0.01294198040386887, ""mean_weight"": 1.018884925776561, ""hit_rate_proposal"": 0.59197998046875, ""pilot_paths"": 10000, ""total_paths_simulated"": 26384, ""theta_grid"": [[0.0, 142.00775328889875], [0.40809029577651607, 67.3321882106719], [0.8161805915530321, 39.44947823379186], [1.2242708873295483, 28.39287956301209], [1.6323611831060643, 24.99513840742212], [2.0404514788825803, 26.83202406060372], [2.4485417746590965, 35.050635004098815]]}"
01ea20f29741,2026-09-25T10:51:42,tamzeed,master,deep_barrier,call,exact,antithetic,{},16384,252,17,1430991927,LAPTOP-G689CP2J_AMD64,3.4074391152264605,0.08755872381873225,3.235827170009456,3.579051060443465,3.545320563728301,0.1378814485018407,0.08110019995365292,"{""pairs"": 8192, ""rho_pair"": -0.08458753662358261}"
721cd30c5529,2026-09-25T10:51:42,tamzeed,master,paper_asian_geo,call,exact,rqmc,{},16384,252,17,2510882006,LAPTOP-G689CP2J_AMD64,2.999725251361205,nan,nan,nan,3.000200360178781,0.00047510881757606427,0.22852439992129803,"{""construction"": ""bridge"", ""sobol_dim"": 252, ""naive_iid_se"": 0.045845541735335615, ""se_valid"": false}"
18f9dbbaf4b4,2026-09-25T10:51:42,tamzeed,master,paper_barrier,call,exact,control_variate,{},16384,252,17,4179923225,LAPTOP-G689CP2J_AMD64,7.094245147702522,0.002582342934137942,7.08918384855588,7.099306446849164,7.1055282627933245,0.011283115090802376,0.09575729991775006,"{""control"": ""european_terminal"", ""control_mean"": 7.1280646692617395, ""b_hat"": 1.0008601799719419, ""rho"": 0.999644107869635, ""pilot_rho"": 0.9996849949440552, ""pilot_paths"": 1639, ""total_paths_simulated"": 18023, ""plain_std_error"": 0.09680063223374441, ""observed_vrf"": 1405.1689863171791, ""theoretical_vrf"": 1405.1701237532086}"
e890deec10c7,2026-09-25T10:51:42,tamzeed,master,deep_barrier,call,exact,control_variate,{},16384,252,17,3039327979,LAPTOP-G689CP2J_AMD64,3.370400359693679,0.050058725931448264,3.272287059756079,3.4685136596312787,3.545320563728301,0.17492020403462227,0.09631749999243766,"{""control"": ""european_terminal"", ""control_mean"": 7.1280646692617395, ""b_hat"": 0.7842312876953348, ""rho"": 0.8314112176419761, ""pilot_rho"": 0.8456274840540112, ""pilot_paths"": 1639, ""total_paths_simulated"": 18023, ""plain_std_error"": 0.0900338976807004, ""observed_vrf"": 3.234837875499147, ""theoretical_vrf"": 3.2388098848619364}"
408d83269a04,2026-09-25T10:51:42,tamzeed,master,paper_barrier,call,exact,plain,{},16384,252,17,3999803443,LAPTOP-G689CP2J_AMD64,7.267843296263975,0.09905977512666525,7.073689704699075,7.461996887828875,7.1055282627933245,0.16231503347065068,0.08607690001372248,
12178d6d56db,2026-09-25T10:51:43,tamzeed,master,paper_barrier,call,exact,importance,{},16384,252,17,3409681769,LAPTOP-G689CP2J_AMD64,7.1353570434004565,0.045531067724487645,7.046117790482807,7.224596296318106,7.1055282627933245,0.02982878060713201,0.15481470001395792,"{""theta"": 0.6858575284033614, ""theta0"": 0.45723835226890763, ""ESS"": 10398.291841616248, ""ESS_frac"": 0.634661367286148, ""max_weight"": 8.90906126043406, ""max_weight_share"": 0.0005484552817960483, ""mean_weight"": 0.9914499214789633, ""hit_rate_proposal"": 0.68048095703125, ""pilot_paths"": 10000, ""total_paths_simulated"": 26384, ""theta_grid"": [[0.0, 207.76787645395575], [0.11430958806722691, 170.7407672701504], [0.22861917613445382, 142.9879796565748], [0.3429287642016807, 122.00449961977513], [0.45723835226890763, 106.04165654040216], [0.5715479403361345, 93.86683582766571], [0.6858575284033614, 84.60469005864279]]}"
b429d35a6062,2026-09-25T10:51:43,tamzeed,master,deep_barrier,call,exact,rqmc,{},16384,252,17,213059260,LAPTOP-G689CP2J_AMD64,3.380490379031725,nan,nan,nan,3.545320563728301,0.16483018469657607,0.22067900002002716,"{""construction"": ""bridge"", ""sobol_dim"": 252, ""naive_iid_se"": 0.08989552057850006, ""se_valid"": false}"
a55d153e36cb,2026-09-25T10:51:43,tamzeed,master,asian_arith,call,exact,control_variate,{},16384,252,17,627139173,LAPTOP-G689CP2J_AMD64,3.1623290391840255,0.0015544800541050434,3.1592823142632938,3.1653757641047573,,,0.12187639996409416,"{""control"": ""geometric_asian"", ""control_mean"": 3.000200360178781, ""b_hat"": 1.0431484308753827, ""rho"": 0.9994928642947256, ""pilot_rho"": 0.999511022803681, ""pilot_paths"": 1639, ""total_paths_simulated"": 18023, ""plain_std_error"": 0.04864966404465019, ""observed_vrf"": 979.4660413086394, ""theoretical_vrf"": 986.1794602141076}"
4f8f03c764e6,2026-09-25T10:51:43,tamzeed,master,asian_arith,call,exact,rqmc,{},16384,252,17,3846072702,LAPTOP-G689CP2J_AMD64,3.1639710739132854,nan,nan,nan,,,0.21008869993966073,"{""construction"": ""bridge"", ""sobol_dim"": 252, ""naive_iid_se"": 0.048001616145532465, ""se_valid"": false}"
62c5d9f90bde,2026-09-25T10:51:43,tamzeed,master,paper_asian_geo,call,exact,antithetic,{},16384,252,17,1881683137,LAPTOP-G689CP2J_AMD64,3.015205619743058,0.03904731709068965,2.938674284552391,3.091736954933725,3.000200360178781,0.015005259564277118,0.10475810000207275,"{""pairs"": 8192, ""rho_pair"": -0.2670721735959263}"
46c262135781,2026-09-25T10:51:44,tamzeed,master,deep_barrier,call,exact,plain,{},65536,252,17,2412686999,LAPTOP-G689CP2J_AMD64,3.4222391310257176,0.04530697587052599,3.3334390900710615,3.5110391719803737,3.545320563728301,0.12308143270258354,0.35546160000376403,
9228a541d7a7,2026-09-25T10:51:44,tamzeed,master,paper_barrier,call,exact,antithetic,{},65536,252,17,846033330,LAPTOP-G689CP2J_AMD64,7.155426643406779,0.04037771991914542,7.076287766587408,7.234565520226149,7.1055282627933245,0.04989838061345431,0.36042439995799214,"{""pairs"": 32768, ""rho_pair"": -0.3239479163966787}"
d7ce7c7745b2,2026-09-25T10:51:45,tamzeed,master,paper_asian_geo,call,exact,rqmc,{},65536,252,17,2762291804,LAPTOP-G689CP2J_AMD64,2.998918553238193,nan,nan,nan,3.000200360178781,0.0012818069405882149,0.922385299927555,"{""construction"": ""bridge"", ""sobol_dim"": 252, ""naive_iid_se"": 0.022928382537620143, ""se_valid"": false}"
f57aeb4a3184,2026-09-25T10:51:45,tamzeed,master,deep_barrier,call,exact,control_variate,{},65536,252,17,357866235,LAPTOP-G689CP2J_AMD64,3.3698634432797823,0.025051301555814066,3.3207637944645345,3.41896309209503,3.545320563728301,0.1754571204485189,0.4043540999991819,"{""control"": ""european_terminal"", ""control_mean"": 7.1280646692617395, ""b_hat"": 0.7627793009885876, ""rho"": 0.8299769471775974, ""pilot_rho"": 0.8302346350389068, ""pilot_paths"": 6554, ""total_paths_simulated"": 72090, ""plain_std_error"": 0.0449109460369497, ""observed_vrf"": 3.2139847907244534, ""theoretical_vrf"": 3.2140051725165275}"
9104cb33c1db,2026-09-25T10:51:46,tamzeed,master,paper_barrier,call,exact,importance,{},65536,252,17,1613044428,LAPTOP-G689CP2J_AMD64,7.116331306773126,0.022901557004725074,7.071445079853974,7.161217533692278,7.1055282627933245,0.010803043979801252,0.41773560002911836,"{""theta"": 0.6858575284033614, ""theta0"": 0.45723835226890763, ""ESS"": 40757.86440115241, ""ESS_frac"": 0.6219156555351625, ""max_weight"": 14.38804577206858, ""max_weight_share"": 0.00021902790225764964, ""mean_weight"": 1.0023570202454501, ""hit_rate_proposal"": 0.6723785400390625, ""pilot_paths"": 10000, ""total_paths_simulated"": 75536, ""theta_grid"": [[0.0, 208.79397199207565], [0.11430958806722691, 171.3668261887524], [0.22861917613445382, 143.31749656468529], [0.3429287642016807, 122.10997555658717], [0.45723835226890763, 105.97349955410066], [0.5715479403361345, 93.65955407023786], [0.6858575284033614, 84.28116196112443]]}"
75130d09cab9,2026-09-25T10:51:46,tamzeed,master,paper_asian_geo,call,exact,antithetic,{},65536,252,17,1388766336,LAPTOP-G689CP2J_AMD64,3.0158867590599607,0.019843761397057125,2.9769937014039227,3.0547798167159987,3.000200360178781,0.01568639888117973,0.5575651000253856,"{""pairs"": 32768, ""rho_pair"": -0.2606052982925541}"
4d835ef1a169,2026-09-25T10:51:47,tamzeed,master,deep_barrier,call,exact,importance,{},65536,252,17,2470061942,LAPTOP-G689CP2J_AMD64,3.3571545081074063,0.014288853920088723,3.3291488690436783,3.3851601471711343,3.545320563728301,0.18816605562089483,0.4170960000483319,"{""theta"": 1.6323611831060643, ""theta0"": 1.6323611831060643, ""ESS"": 4564.026389243241, ""ESS_frac"": 0.06964151594914614, ""max_weight"": 394.48052585981975, ""max_weight_share"": 0.006011423291209596, ""mean_weight"": 1.0013094805952163, ""hit_rate_proposal"": 0.5927581787109375, ""pilot_paths"": 10000, ""total_paths_simulated"": 75536, ""theta_grid"": [[0.0, 142.86920940581857], [0.40809029577651607, 67.46273062745485], [0.8161805915530321, 39.35799042433607], [1.2242708873295483, 28.2084630765441], [1.6323611831060643, 24.734454256655603], [2.0404514788825803, 26.456572976011433], [2.4485417746590965, 34.45204120725457]]}"
ae3ff61a90fc,2026-09-25T10:51:47,tamzeed,master,asian_arith,call,exact,antithetic,{},65536,252,17,3986210859,LAPTOP-G689CP2J_AMD64,3.151943430471388,0.020465789370756462,3.1118312203895226,3.1920556405532534,,,0.3218142999103293,"{""pairs"": 32768, ""rho_pair"": -0.2657384697853335}"
fa05203e1fbc,2026-09-25T10:51:47,tamzeed,master,paper_asian_geo,call,exact,plain,{},65536,252,17,2240076725,LAPTOP-G689CP2J_AMD64,3.0301289741277904,0.02301229940680877,2.985025696088993,3.075232252166588,3.000200360178781,0.029928613949009364,0.4370561999967322,
61c9a39335b3,2026-09-25T10:51:48,tamzeed,master,deep_barrier,call,exact,antithetic,{},65536,252,17,2886430902,LAPTOP-G689CP2J_AMD64,3.37878597411755,0.043013268808104285,3.2944815163963255,3.4630904318387743,3.545320563728301,0.1665345896107513,0.33245750004425645,"{""pairs"": 32768, ""rho_pair"": -0.08604368188425159}"
3101cfd28bb8,2026-09-25T10:51:49,tamzeed,master,asian_arith,call,exact,rqmc,{},65536,252,17,1428403613,LAPTOP-G689CP2J_AMD64,3.1630499222140678,nan,nan,nan,,,0.8530157000059262,"{""construction"": ""bridge"", ""sobol_dim"": 252, ""naive_iid_se"": 0.023985546776539766, ""se_valid"": false}"
66f4b20c6362,2026-09-25T10:51:49,tamzeed,master,paper_barrier,call,exact,control_variate,{},65536,252,17,1811244946,LAPTOP-G689CP2J_AMD64,7.094900595417488,0.0012334983994076922,7.092482982979661,7.097318207855315,7.1055282627933245,0.010627667375836758,0.4155686000594869,"{""control"": ""european_terminal"", ""control_mean"": 7.1280646692617395, ""b_hat"": 1.0009549309670112, ""rho"": 0.9996851842675792, ""pilot_rho"": 0.99962566882177, ""pilot_paths"": 6554, ""total_paths_simulated"": 72090, ""plain_std_error"": 0.049161638569848294, ""observed_vrf"": 1588.4572040584308, ""theoretical_vrf"": 1588.4807041832}"
a9b0e3b4fa17,2026-09-25T10:51:49,tamzeed,master,paper_barrier,call,exact,plain,{},65536,252,17,563174226,LAPTOP-G689CP2J_AMD64,7.125370514031536,0.04877615796902428,7.029771001108012,7.22097002695506,7.1055282627933245,0.01984225123821126,0.3527662999695167,
1e7f71b4a84d,2026-09-25T10:51:50,tamzeed,master,asian_arith,call,exact,plain,{},65536,252,17,4069324560,LAPTOP-G689CP2J_AMD64,3.1574142791910385,0.023999652029414748,3.110375825571892,3.204452732810185,,,0.35012790001928806,
1e7eff016337,2026-09-25T10:51:50,tamzeed,master,asian_arith,call,exact,control_variate,{},65536,252,17,3819969414,LAPTOP-G689CP2J_AMD64,3.162211738484535,0.0007612595410045128,3.1607196972012788,3.163703779767791,,,0.5001264000311494,"{""control"": ""geometric_asian"", ""control_mean"": 3.000200360178781, ""b_hat"": 1.0442096365448224, ""rho"": 0.9994825756992622, ""pilot_rho"": 0.9994865896419446, ""pilot_paths"": 6554, ""total_paths_simulated"": 72090, ""plain_std_error"": 0.023654033607240613, ""observed_vrf"": 965.4836452938271, ""theoretical_vrf"": 966.5749923935101}"
1470215fa2cd,2026-09-25T10:51:51,tamzeed,master,deep_barrier,call,exact,rqmc,{},65536,252,17,2233450859,LAPTOP-G689CP2J_AMD64,3.382541316379867,nan,nan,nan,3.545320563728301,0.1627792473484342,0.8474182999925688,"{""construction"": ""bridge"", ""sobol_dim"": 252, ""naive_iid_se"": 0.04494830312665948, ""se_valid"": false}"
51914889b1b2,2026-09-25T10:51:52,tamzeed,master,paper_barrier,call,exact,rqmc,{},65536,252,17,3652268333,LAPTOP-G689CP2J_AMD64,7.0943715038396284,nan,nan,nan,7.1055282627933245,0.011156758953696055,0.8306600999785587,"{""construction"": ""bridge"", ""sobol_dim"": 252, ""naive_iid_se"": 0.04900867571396672, ""se_valid"": false}"
d9e4199dc282,2026-09-25T10:51:52,tamzeed,master,deep_barrier,call,exact,rqmc,{},256,252,18,424047526,LAPTOP-G689CP2J_AMD64,3.0910129340426984,nan,nan,nan,3.545320563728301,0.4543076296856028,0.011202400084584951,"{""construction"": ""bridge"", ""sobol_dim"": 252, ""naive_iid_se"": 0.7095551523384764, ""se_valid"": false}"
62002538ec91,2026-09-25T10:51:52,tamzeed,master,deep_barrier,call,exact,importance,{},256,252,18,944505571,LAPTOP-G689CP2J_AMD64,3.1603844374772034,0.22142633006627183,2.726396805318432,3.5943720696359747,3.545320563728301,0.38493612625109774,0.061183399986475706,"{""theta"": 1.6323611831060643, ""theta0"": 1.6323611831060643, ""ESS"": 54.08537589545311, ""ESS_frac"": 0.21127099959161372, ""max_weight"": 16.086751194944522, ""max_weight_share"": 0.0766250810321899, ""mean_weight"": 0.8200822890987047, ""hit_rate_proposal"": 0.5703125, ""pilot_paths"": 10000, ""total_paths_simulated"": 10256, ""theta_grid"": [[0.0, 143.8919033892392], [0.40809029577651607, 67.78758955748538], [0.8161805915530321, 39.47419791868029], [1.2242708873295483, 28.246026808018097], [1.6323611831060643, 24.728945471739603], [2.0404514788825803, 26.409626797020966], [2.4485417746590965, 34.33989478943961]]}"
e91745f5381a,2026-09-25T10:51:52,tamzeed,master,asian_arith,call,exact,rqmc,{},256,252,18,746497461,LAPTOP-G689CP2J_AMD64,3.1275291155665377,nan,nan,nan,,,0.014188700006343424,"{""construction"": ""bridge"", ""sobol_dim"": 252, ""naive_iid_se"": 0.3748503177905813, ""se_valid"": false}"
b0c6812d2135,2026-09-25T10:51:52,tamzeed,master,paper_barrier,call,exact,antithetic,{},256,252,18,299910215,LAPTOP-G689CP2J_AMD64,6.291342062857861,0.6364243966074699,5.0439731666245855,7.538710959091137,7.1055282627933245,0.8141861999354632,0.0017164000310003757,"{""pairs"": 128, ""rho_pair"": -0.27709017611210335}"
ab8a05e69e43,2026-09-25T10:51:52,tamzeed,master,paper_barrier,call,exact,plain,{},256,252,18,1630274697,LAPTOP-G689CP2J_AMD64,7.24022105797475,0.8163697537152589,5.640165742625009,8.840276373324492,7.1055282627933245,0.13469279518142585,0.0015333000337705016,
e1c30a94f4bd,2026-09-25T10:51:52,tamzeed,master,paper_barrier,call,exact,rqmc,{},256,252,18,1103940695,LAPTOP-G689CP2J_AMD64,7.071993374738103,nan,nan,nan,7.1055282627933245,0.03353488805522176,0.012714199954643846,"{""construction"": ""bridge"", ""sobol_dim"": 252, ""naive_iid_se"": 0.7793919883973809, ""se_valid"": false}"
34c156d2d43d,2026-09-25T10:51:52,tamzeed,master,paper_barrier,call,exact,importance,{},256,252,18,823172596,LAPTOP-G689CP2J_AMD64,7.407493649217006,0.3571645954284082,6.707463905624507,8.107523392809505,7.1055282627933245,0.30196538642368154,0.05943350004963577,"{""theta"": 0.6858575284033614, ""theta0"": 0.45723835226890763, ""ESS"": 169.13317728389413, ""ESS_frac"": 0.6606764737652114, ""max_weight"": 4.03462060451652, ""max_weight_share"": 0.01677850645632686, ""mean_weight"": 0.9393110630803354, ""hit_rate_proposal"": 0.71875, ""pilot_paths"": 10000, ""total_paths_simulated"": 10256, ""theta_grid"": [[0.0, 204.19528618692266], [0.11430958806722691, 167.96061616744691], [0.22861917613445382, 140.76561333741037], [0.3429287642016807, 120.17841630447151], [0.45723835226890763, 104.49868622476006], [0.5715479403361345, 92.5260759764422], [0.6858575284033614, 83.4069507987649]]}"
8ac893b0e1ad,2026-09-25T10:51:52,tamzeed,master,deep_barrier,call,exact,antithetic,{},256,252,18,2197270034,LAPTOP-G689CP2J_AMD64,4.224346494345994,0.7240621303405796,2.8052107963091117,5.643482192382876,3.545320563728301,0.6790259306176929,0.0019781000446528196,"{""pairs"": 128, ""rho_pair"": -0.11662393514429997}"
aab8fe8947de,2026-09-25T10:51:52,tamzeed,master,asian_arith,call,exact,plain,{},256,252,18,1155167159,LAPTOP-G689CP2J_AMD64,3.366343422684964,0.4201262391035059,2.542911125081829,4.1897757202880985,,,0.0012898999266326427,
318642db7bfa,2026-09-25T10:51:52,tamzeed,master,asian_arith,call,exact,antithetic,{},256,252,18,534207477,LAPTOP-G689CP2J_AMD64,2.720377346146491,0.30692469876575545,2.1188159905998054,3.3219387016931767,,,0.001214299933053553,"{""pairs"": 128, ""rho_pair"": -0.23633574817365482}"
6763ece90061,2026-09-25T10:51:52,tamzeed,master,paper_asian_geo,call,exact,plain,{},256,252,18,946304839,LAPTOP-G689CP2J_AMD64,2.790891505127049,0.3489095126800027,2.1070414264108224,3.4747415838432754,3.000200360178781,0.20930885505173213,0.0014998000115156174,
f82379e4cf3a,2026-09-25T10:51:52,tamzeed,master,paper_asian_geo,call,exact,antithetic,{},256,252,18,2133914373,LAPTOP-G689CP2J_AMD64,2.5469159498950082,0.28510609439087575,1.9881182731160147,3.1057136266740017,3.000200360178781,0.45328441028377275,0.0014202999882400036,"{""pairs"": 128, ""rho_pair"": -0.23910137130615722}"
d15c48196c97,2026-09-25T10:51:52,tamzeed,master,asian_arith,call,exact,control_variate,{},256,252,18,4171773721,LAPTOP-G689CP2J_AMD64,3.1666326004059133,0.011526437015433605,3.1440411989855943,3.1892240018262323,,,0.003407499985769391,"{""control"": ""geometric_asian"", ""control_mean"": 3.000200360178781, ""b_hat"": 1.046348415047834, ""rho"": 0.9995971894164805, ""pilot_rho"": 0.9994165385973653, ""pilot_paths"": 256, ""total_paths_simulated"": 512, ""plain_std_error"": 0.4060528560886821, ""observed_vrf"": 1241.0091288813335, ""theoretical_vrf"": 1241.5282601624406}"
2009d8865a68,2026-09-25T10:51:52,tamzeed,master,paper_asian_geo,call,exact,rqmc,{},256,252,18,4121476072,LAPTOP-G689CP2J_AMD64,2.9713445333945905,nan,nan,nan,3.000200360178781,0.02885582678419052,0.01150040002539754,"{""construction"": ""bridge"", ""sobol_dim"": 252, ""naive_iid_se"": 0.36132729096167615, ""se_valid"": false}"
906d1be45924,2026-09-25T10:51:52,tamzeed,master,deep_barrier,call,exact,control_variate,{},256,252,18,1148106376,LAPTOP-G689CP2J_AMD64,3.5586720042648827,0.3924552327687814,2.7894738824937875,4.327870126035978,3.545320563728301,0.01335144053658155,0.0027520000003278255,"{""control"": ""european_terminal"", ""control_mean"": 7.1280646692617395, ""b_hat"": 0.7695661160217846, ""rho"": 0.8473313876815782, ""pilot_rho"": 0.8336955425968764, ""pilot_paths"": 256, ""total_paths_simulated"": 512, ""plain_std_error"": 0.7377595350167916, ""observed_vrf"": 3.5338606017760927, ""theoretical_vrf"": 3.545728127862395}"
52d451484ce8,2026-09-25T10:51:52,tamzeed,master,deep_barrier,call,exact,plain,{},256,252,18,2615966667,LAPTOP-G689CP2J_AMD64,2.853839788445869,0.6800166297027398,1.5210316853401884,4.18664789155155,3.545320563728301,0.6914807752824323,0.0011032000184059143,
49170d014c24,2026-09-25T10:51:52,tamzeed,master,paper_barrier,call,exact,control_variate,{},256,252,18,58412365,LAPTOP-G689CP2J_AMD64,7.084184249464396,0.021036820556051647,7.042952838825303,7.1254156601034895,7.1055282627933245,0.021344013328928213,0.0029770999681204557,"{""control"": ""european_terminal"", ""control_mean"": 7.1280646692617395, ""b_hat"": 1.0011120873733335, ""rho"": 0.9994893794173964, ""pilot_rho"": 0.9996535087505543, ""pilot_paths"": 256, ""total_paths_simulated"": 512, ""plain_std_error"": 0.6582863616596774, ""observed_vrf"": 979.1957280934092, ""theoretical_vrf"": 979.4507013318527}"
23e2389d1d43,2026-09-25T10:51:52,tamzeed,master,asian_arith,call,exact,control_variate,{},1024,252,18,293336153,LAPTOP-G689CP2J_AMD64,3.1553916312132237,0.0061869350344070624,3.143265461371097,3.1675178010553506,,,0.009280400001443923,"{""control"": ""geometric_asian"", ""control_mean"": 3.000200360178781, ""b_hat"": 1.0536493141515804, ""rho"": 0.9995573458880082, ""pilot_rho"": 0.9991555171828543, ""pilot_paths"": 256, ""total_paths_simulated"": 1280, ""plain_std_error"": 0.20089359378097332, ""observed_vrf"": 1054.340925061108, ""theoretical_vrf"": 1129.8001633281328}"
c310e6761935,2026-09-25T10:51:52,tamzeed,master,paper_asian_geo,call,exact,antithetic,{},1024,252,18,4164875929,LAPTOP-G689CP2J_AMD64,3.0232239527625664,0.16390443768739238,2.701977157988988,3.344470747536145,3.000200360178781,0.02302359258378539,0.006708499975502491,"{""pairs"": 512, ""rho_pair"": -0.25004390934773624}"
b4363f813138,2026-09-25T10:51:52,tamzeed,master,paper_barrier,call,exact,importance,{},1024,252,18,3069813062,LAPTOP-G689CP2J_AMD64,6.931255418364807,0.1829359545493532,6.572707535970618,7.2898033007589955,7.1055282627933245,0.17427284442851754,0.06340530002489686,"{""theta"": 0.6858575284033614, ""theta0"": 0.45723835226890763, ""ESS"": 621.870445121899, ""ESS_frac"": 0.6072953565643545, ""max_weight"": 12.48147155942542, ""max_weight_share"": 0.01222930655631083, ""mean_weight"": 0.9966989553844645, ""hit_rate_proposal"": 0.66015625, ""pilot_paths"": 10000, ""total_paths_simulated"": 11024, ""theta_grid"": [[0.0, 211.82357003316605], [0.11430958806722691, 173.95553002381322], [0.22861917613445382, 145.5813393307166], [0.3429287642016807, 124.12925912246267], [0.45723835226890763, 107.80639614913007], [0.5715479403361345, 95.35011915358557], [0.6858575284033614, 85.86422196658577]]}"
a35f16d50368,2026-09-25T10:51:52,tamzeed,master,asian_arith,call,exact,rqmc,{},1024,252,18,3024090702,LAPTOP-G689CP2J_AMD64,3.153307600805193,nan,nan,nan,,,0.02088470000308007,"{""construction"": ""bridge"", ""sobol_dim"": 252, ""naive_iid_se"": 0.19262129762341088, ""se_valid"": false}"
92b0f84ae187,2026-09-25T10:51:52,tamzeed,master,paper_barrier,call,exact,control_variate,{},1024,252,18,3170710692,LAPTOP-G689CP2J_AMD64,7.107745914997161,0.006666179225016358,7.09468044380164,7.120811386192682,7.1055282627933245,0.0022176522038366286,0.006888899952173233,"{""control"": ""european_terminal"", ""control_mean"": 7.1280646692617395, ""b_hat"": 1.0005989879513164, ""rho"": 0.9998489240068424, ""pilot_rho"": 0.9999540647096038, ""pilot_paths"": 256, ""total_paths_simulated"": 1280, ""plain_std_error"": 0.3835129127992712, ""observed_vrf"": 3309.8324587495454, ""theoretical_vrf"": 3309.8426917507622}"
8d7e76acc682,2026-09-25T10:51:52,tamzeed,master,paper_barrier,call,exact,plain,{},1024,252,18,1802518988,LAPTOP-G689CP2J_AMD64,6.937941777500495,0.38211432280367763,6.189011466828374,7.686872088172615,7.1055282627933245,0.16758648529282993,0.005372800049372017,
e6f8eda01c68,2026-09-25T10:51:52,tamzeed,master,deep_barrier,call,exact,plain,{},1024,252,18,386989374,LAPTOP-G689CP2J_AMD64,2.991993417188434,0.3570631491341207,2.292162504679103,3.6918243296977646,3.545320563728301,0.5533271465398673,0.00516790000256151,
5f651e0e6e5a,2026-09-25T10:51:52,tamzeed,master,asian_arith,call,exact,antithetic,{},1024,252,18,797349110,LAPTOP-G689CP2J_AMD64,3.374415082743332,0.17198453584794335,3.0373315865835253,3.711498578903139,,,0.004779799957759678,"{""pairs"": 512, ""rho_pair"": -0.2716851010590913}"
5eabe53a800b,2026-09-25T10:51:52,tamzeed,master,deep_barrier,call,exact,rqmc,{},1024,252,18,1723982915,LAPTOP-G689CP2J_AMD64,3.333713456061581,nan,nan,nan,3.545320563728301,0.2116071076667203,0.02083880000282079,"{""construction"": ""bridge"", ""sobol_dim"": 252, ""naive_iid_se"": 0.3587892188554317, ""se_valid"": false}"
d8ddbeffec7d,2026-09-25T10:51:52,tamzeed,master,paper_asian_geo,call,exact,rqmc,{},1024,252,18,284332886,LAPTOP-G689CP2J_AMD64,2.9924886348156017,nan,nan,nan,3.000200360178781,0.0077117253631793226,0.022147499956190586,"{""construction"": ""bridge"", ""sobol_dim"": 252, ""naive_iid_se"": 0.18377964572417008, ""se_valid"": false}"
be6119c2fcd8,2026-09-25T10:51:52,tamzeed,master,deep_barrier,call,exact,control_variate,{},1024,252,18,1222626419,LAPTOP-G689CP2J_AMD64,3.2204858136719894,0.19973546272590798,2.8290115002937672,3.6119601270502115,3.545320563728301,0.3248347500563118,0.007154299993999302,"{""control"": ""european_terminal"", ""control_mean"": 7.1280646692617395, ""b_hat"": 0.7451600461436756, ""rho"": 0.8028558629625863, ""pilot_rho"": 0.8251554434469668, ""pilot_paths"": 256, ""total_paths_simulated"": 1280, ""plain_std_error"": 0.334619975980627, ""observed_vrf"": 2.8066830205971804, ""theoretical_vrf"": 2.8135531747113074}"
83039541c64a,2026-09-25T10:51:52,tamzeed,master,asian_arith,call,exact,plain,{},1024,252,18,1942593538,LAPTOP-G689CP2J_AMD64,3.297677060841881,0.2096560476074373,2.8867587583902887,3.7085953632934734,,,0.005564700113609433,
7b0e2892f8b5,2026-09-25T10:51:52,tamzeed,master,paper_asian_geo,call,exact,plain,{},1024,252,18,2088692148,LAPTOP-G689CP2J_AMD64,3.1846683186538307,0.1955350483268288,2.8014266662179472,3.567909971089714,3.000200360178781,0.1844679584750497,0.006905800080858171,
6a0dc9468cb2,2026-09-25T10:51:52,tamzeed,master,deep_barrier,call,exact,antithetic,{},1024,252,18,1684266764,LAPTOP-G689CP2J_AMD64,3.6942890337249072,0.3464296283242407,3.0152994390317986,4.373278628418016,3.545320563728301,0.14896846999660607,0.004836400039494038,"{""pairs"": 512, ""rho_pair"": -0.09765709365498855}"
4ebe64e50076,2026-09-25T10:51:52,tamzeed,master,paper_barrier,call,exact,rqmc,{},1024,252,18,1031553093,LAPTOP-G689CP2J_AMD64,7.0678103309120495,nan,nan,nan,7.1055282627933245,0.037717931881275035,0.020924300071783364,"{""construction"": ""bridge"", ""sobol_dim"": 252, ""naive_iid_se"": 0.38915951170612867, ""se_valid"": false}"
1bbc794f522c,2026-09-25T10:51:52,tamzeed,master,paper_barrier,call,exact,antithetic,{},1024,252,18,3563553877,LAPTOP-G689CP2J_AMD64,7.152960622141878,0.3154221654447998,6.5347445379444355,7.77117670633932,7.1055282627933245,0.04743235934855328,0.005094200023449957,"{""pairs"": 512, ""rho_pair"": -0.3352793682015162}"
54bece9b9128,2026-09-25T10:51:52,tamzeed,master,deep_barrier,call,exact,importance,{},1024,252,18,1263387564,LAPTOP-G689CP2J_AMD64,3.3174563936420336,0.11465054904318475,3.0927454467096482,3.542167340574419,3.545320563728301,0.22786417008626758,0.06057990004774183,"{""theta"": 1.6323611831060643, ""theta0"": 1.6323611831060643, ""ESS"": 8.843167630667457, ""ESS_frac"": 0.008635905889323689, ""max_weight"": 537.4460444673704, ""max_weight_share"": 0.3297121779906832, ""mean_weight"": 1.5918418785702153, ""hit_rate_proposal"": 0.599609375, ""pilot_paths"": 10000, ""total_paths_simulated"": 11024, ""theta_grid"": [[0.0, 142.88146144048795], [0.40809029577651607, 67.42533433075717], [0.8161805915530321, 39.280032455551975], [1.2242708873295483, 28.0962142514463], [1.6323611831060643, 24.572494082903575], [2.0404514788825803, 26.197043120148905], [2.4485417746590965, 33.972158947009135]]}"
b8b2d5330dff,2026-09-25T10:51:52,tamzeed,master,paper_barrier,call,exact,importance,{},4096,252,18,2285938004,LAPTOP-G689CP2J_AMD64,7.0304661500057435,0.09187355193867372,6.850397297074173,7.210535002937314,7.1055282627933245,0.07506211278758101,0.07883239991497248,"{""theta"": 0.6858575284033614, ""theta0"": 0.45723835226890763, ""ESS"": 2531.343769810424, ""ESS_frac"": 0.618003850051373, ""max_weight"": 10.316024443140309, ""max_weight_share"": 0.0025065443476169715, ""mean_weight"": 1.0047939736067326, ""hit_rate_proposal"": 0.6669921875, ""pilot_paths"": 10000, ""total_paths_simulated"": 14096, ""theta_grid"": [[0.0, 208.9717018952333], [0.11430958806722691, 171.68315766756442], [0.22861917613445382, 143.75662040076483], [0.3429287642016807, 122.65354094822811], [0.45723835226890763, 106.60539050809375], [0.5715479403361345, 94.36762480708661], [0.6858575284033614, 85.05760983164127]]}"
e183f4dc451f,2026-09-25T10:51:52,tamzeed,master,paper_barrier,call,exact,antithetic,{},4096,252,18,3314048844,LAPTOP-G689CP2J_AMD64,7.057246170427377,0.15966421084740695,6.74431006754645,7.370182273308305,7.1055282627933245,0.04828209236594727,0.022313699941150844,"{""pairs"": 2048, ""rho_pair"": -0.32334302696144884}"
e037c8e0a6b9,2026-09-25T10:51:53,tamzeed,master,deep_barrier,call,exact,importance,{},4096,252,18,1315211223,LAPTOP-G689CP2J_AMD64,3.4841574503482615,0.057807855296606626,3.3708561359434097,3.5974587647531133,3.545320563728301,0.06116311338003966,0.08107179997023195,"{""theta"": 1.6323611831060643, ""theta0"": 1.6323611831060643, ""ESS"": 493.9122209530835, ""ESS_frac"": 0.1205840383186239, ""max_weight"": 55.91014786087513, ""max_weight_share"": 0.01550307734424237, ""mean_weight"": 0.8804663835122946, ""hit_rate_proposal"": 0.603759765625, ""pilot_paths"": 10000, ""total_paths_simulated"": 14096, ""theta_grid"": [[0.0, 144.61749537599516], [0.40809029577651607, 68.25453743551348], [0.8161805915530321, 39.82003237862405], [1.2242708873295483, 28.555572136759498], [1.6323611831060643, 25.06618331357774], [2.0404514788825803, 26.853213284377997], [2.4485417746590965, 35.036658122261]]}"
b6e6cebbb2b6,2026-09-25T10:51:53,tamzeed,master,paper_asian_geo,call,exact,rqmc,{},4096,252,18,980120065,LAPTOP-G689CP2J_AMD64,3.007929871840623,nan,nan,nan,3.000200360178781,0.007729511661842103,0.06541799998376518,"{""construction"": ""bridge"", ""sobol_dim"": 252, ""naive_iid_se"": 0.09171224983199257, ""se_valid"": false}"
06fc28eed841,2026-09-25T10:51:53,tamzeed,master,asian_arith,call,exact,rqmc,{},4096,252,18,3638279989,LAPTOP-G689CP2J_AMD64,3.1627481894000713,nan,nan,nan,,,0.05867030005902052,"{""construction"": ""bridge"", ""sobol_dim"": 252, ""naive_iid_se"": 0.09590475850751326, ""se_valid"": false}"
a003ccc7c267,2026-09-25T10:51:53,tamzeed,master,paper_barrier,call,exact,plain,{},4096,252,18,621924078,LAPTOP-G689CP2J_AMD64,7.019270013962965,0.19329980647866693,6.6404093550462155,7.398130672879714,7.1055282627933245,0.08625824883035982,0.02137670002412051,
5433019e9b6c,2026-09-25T10:51:53,tamzeed,master,paper_asian_geo,call,exact,antithetic,{},4096,252,18,2398695943,LAPTOP-G689CP2J_AMD64,2.87965302314969,0.0767474994291742,2.729230688365,3.03007535793438,3.000200360178781,0.12054733702909104,0.02556990005541593,"{""pairs"": 2048, ""rho_pair"": -0.2559788464861872}"
ee757b860681,2026-09-25T10:51:53,tamzeed,master,deep_barrier,call,exact,control_variate,{},4096,252,18,2300998808,LAPTOP-G689CP2J_AMD64,3.197634215741858,0.10187943998528008,2.997954182605599,3.397314248878117,3.545320563728301,0.34768634798644316,0.031178100034594536,"{""control"": ""european_terminal"", ""control_mean"": 7.1280646692617395, ""b_hat"": 0.7141523412941105, ""rho"": 0.8155164318400354, ""pilot_rho"": 0.7965712017989188, ""pilot_paths"": 410, ""total_paths_simulated"": 4506, ""plain_std_error"": 0.17582675129327618, ""observed_vrf"": 2.9784945210308664, ""theoretical_vrf"": 2.985672212288152}"
2168a773333d,2026-09-25T10:51:53,tamzeed,master,asian_arith,call,exact,plain,{},4096,252,18,3403314168,LAPTOP-G689CP2J_AMD64,2.981286755548597,0.09327277811093115,2.7984754697131757,3.164098041384018,,,0.023173999972641468,
70ea22e1e8e5,2026-09-25T10:51:53,tamzeed,master,deep_barrier,call,exact,rqmc,{},4096,252,18,637462892,LAPTOP-G689CP2J_AMD64,3.3997003174847036,nan,nan,nan,3.545320563728301,0.1456202462435976,0.06203949998598546,"{""construction"": ""bridge"", ""sobol_dim"": 252, ""naive_iid_se"": 0.17945610230923592, ""se_valid"": false}"
6d53b3db8c73,2026-09-25T10:51:53,tamzeed,master,deep_barrier,call,exact,antithetic,{},4096,252,18,934650052,LAPTOP-G689CP2J_AMD64,2.9836099603463158,0.16273464388014816,2.664655919304274,3.3025640013883577,3.545320563728301,0.5617106033819854,0.020377799984999,"{""pairs"": 2048, ""rho_pair"": -0.07615794623992377}"
863cda2d41bf,2026-09-25T10:51:53,tamzeed,master,asian_arith,call,exact,control_variate,{},4096,252,18,1040049128,LAPTOP-G689CP2J_AMD64,3.1637022520745526,0.003189815079669936,3.1574503294010565,3.1699541747480486,,,0.03198670002166182,"{""control"": ""geometric_asian"", ""control_mean"": 3.000200360178781, ""b_hat"": 1.0475423997725706, ""rho"": 0.9994885683848816, ""pilot_rho"": 0.9995174912724524, ""pilot_paths"": 410, ""total_paths_simulated"": 4506, ""plain_std_error"": 0.09960935986727969, ""observed_vrf"": 975.1451939382858, ""theoretical_vrf"": 977.8978769071379}"
0c8c7e4153bc,2026-09-25T10:51:53,tamzeed,master,paper_asian_geo,call,exact,plain,{},4096,252,18,1690078583,LAPTOP-G689CP2J_AMD64,2.947400727373261,0.09060016368060896,2.7698276695658337,3.1249737851806887,3.000200360178781,0.0527996328055198,0.03071359999012202,
189b2fed47a4,2026-09-25T10:51:53,tamzeed,master,paper_barrier,call,exact,control_variate,{},4096,252,18,2939821332,LAPTOP-G689CP2J_AMD64,7.09736894871896,0.004679051529492707,7.088198176239347,7.106539721198573,7.1055282627933245,0.008159314074364765,0.0632862999336794,"{""control"": ""european_terminal"", ""control_mean"": 7.1280646692617395, ""b_hat"": 1.0005727741162844, ""rho"": 0.9997199662986476, ""pilot_rho"": 0.999915488473058, ""pilot_paths"": 410, ""total_paths_simulated"": 4506, ""plain_std_error"": 0.19771735072932398, ""observed_vrf"": 1785.557783202387, ""theoretical_vrf"": 1785.749414495164}"
1c17baf02930,2026-09-25T10:51:53,tamzeed,master,asian_arith,call,exact,antithetic,{},4096,252,18,161171482,LAPTOP-G689CP2J_AMD64,3.091047147874964,0.08074942456756051,2.9327811839502114,3.2493131117997165,,,0.02105229999870062,"{""pairs"": 2048, ""rho_pair"": -0.26360703258221724}"
e1d115ecbcc5,2026-09-25T10:51:53,tamzeed,master,paper_barrier,call,exact,rqmc,{},4096,252,18,4168964166,LAPTOP-G689CP2J_AMD64,7.092923462238838,nan,nan,nan,7.1055282627933245,0.012604800554486317,0.060067799990065396,"{""construction"": ""bridge"", ""sobol_dim"": 252, ""naive_iid_se"": 0.19574834886150644, ""se_valid"": false}"
0b459ddec8cb,2026-09-25T10:51:53,tamzeed,master,deep_barrier,call,exact,plain,{},4096,252,18,1542579398,LAPTOP-G689CP2J_AMD64,3.3959617875348576,0.18112489686686098,3.0409635129722785,3.7509600620974366,3.545320563728301,0.14935877619344362,0.022434599930420518,
776d19001de5,2026-09-25T10:51:53,tamzeed,master,asian_arith,call,exact,antithetic,{},16384,252,18,2185143541,LAPTOP-G689CP2J_AMD64,3.199346010162506,0.042163973992000794,3.1167061396931013,3.281985880631911,,,0.08475249994080514,"{""pairs"": 8192, ""rho_pair"": -0.26007531819058144}"
1481702d7657,2026-09-25T10:51:53,tamzeed,master,deep_barrier,call,exact,antithetic,{},16384,252,18,869431830,LAPTOP-G689CP2J_AMD64,3.393596281166711,0.08666313124697374,3.2237396651351746,3.563452897198247,3.545320563728301,0.15172428256159032,0.09430449991486967,"{""pairs"": 8192, ""rho_pair"": -0.08560833765111234}"
e24d425d687c,2026-09-25T10:51:53,tamzeed,master,paper_barrier,call,exact,importance,{},16384,252,18,4265300884,LAPTOP-G689CP2J_AMD64,7.076718359125472,0.045633206007508365,6.987278918851659,7.1661577993992855,7.1055282627933245,0.02880990366785241,0.15612749999854714,"{""theta"": 0.6858575284033614, ""theta0"": 0.45723835226890763, ""ESS"": 10128.455988413883, ""ESS_frac"": 0.6181918938240896, ""max_weight"": 18.25176081803308, ""max_weight_share"": 0.0011144946770072913, ""mean_weight"": 0.9995553108944897, ""hit_rate_proposal"": 0.6734619140625, ""pilot_paths"": 10000, ""total_paths_simulated"": 26384, ""theta_grid"": [[0.0, 207.7646191415634], [0.11430958806722691, 170.76935332445478], [0.22861917613445382, 143.0283114429913], [0.3429287642016807, 122.0434596034474], [0.45723835226890763, 106.07078343008277], [0.5715479403361345, 93.88065572033658], [0.6858575284033614, 84.59954076180671]]}"
f0d83ae9c59d,2026-09-25T10:51:54,tamzeed,master,asian_arith,call,exact,control_variate,{},16384,252,18,1539528904,LAPTOP-G689CP2J_AMD64,3.1630408941100865,0.0015148708352339226,3.1600718018317977,3.1660099863883753,,,0.13050770002882928,"{""control"": ""geometric_asian"", ""control_mean"": 3.000200360178781, ""b_hat"": 1.043457918890113, ""rho"": 0.9994879715240252, ""pilot_rho"": 0.999555647065375, ""pilot_paths"": 1639, ""total_paths_simulated"": 18023, ""plain_std_error"": 0.047226129705316, ""observed_vrf"": 971.8819180767592, ""theoretical_vrf"": 976.7582534290016}"
b37deef5c65a,2026-09-25T10:51:54,tamzeed,master,paper_asian_geo,call,exact,plain,{},16384,252,18,62254070,LAPTOP-G689CP2J_AMD64,2.9841871274054013,0.045277135039368796,2.895445573405082,3.0729286814057204,3.000200360178781,0.016013232773379737,0.12236660008784384,
258ff33f5406,2026-09-25T10:51:54,tamzeed,master,paper_barrier,call,exact,antithetic,{},16384,252,18,2699149912,LAPTOP-G689CP2J_AMD64,7.112248480441444,0.08097456896327006,6.95354124160978,7.2709557192731085,7.1055282627933245,0.006720217648119586,0.09259910008404404,"{""pairs"": 8192, ""rho_pair"": -0.3201654384953812}"
89ae9c52c563,2026-09-25T10:51:54,tamzeed,master,deep_barrier,call,exact,importance,{},16384,252,18,766226943,LAPTOP-G689CP2J_AMD64,3.4329627072271127,0.028898298339430327,3.3763230832673354,3.48960233118689,3.545320563728301,0.11235785650118846,0.15910879999864846,"{""theta"": 1.6323611831060643, ""theta0"": 1.6323611831060643, ""ESS"": 1058.0336982393533, ""ESS_frac"": 0.06457725208980428, ""max_weight"": 277.49851687007396, ""max_weight_share"": 0.017631023013528535, ""mean_weight"": 0.9606456371426716, ""hit_rate_proposal"": 0.599853515625, ""pilot_paths"": 10000, ""total_paths_simulated"": 26384, ""theta_grid"": [[0.0, 145.04589654293818], [0.40809029577651607, 68.56166893132459], [0.8161805915530321, 40.03574630784637], [1.2242708873295483, 28.72041802256544], [1.6323611831060643, 25.207726249627576], [2.0404514788825803, 26.990324338298507], [2.4485417746590965, 35.183013944578896]]}"
4da6239e20f0,2026-09-25T10:51:54,tamzeed,master,paper_barrier,call,exact,plain,{},16384,252,18,1759676508,LAPTOP-G689CP2J_AMD64,6.979506957171108,0.09758118169735047,6.788251355475443,7.170762558866774,7.1055282627933245,0.12602130562221614,0.11231520003639162,
79cd814f15e5,2026-09-25T10:51:54,tamzeed,master,deep_barrier,call,exact,plain,{},16384,252,18,1328336856,LAPTOP-G689CP2J_AMD64,3.484538807689398,0.09172269240433828,3.3047656340118494,3.664311981366947,3.545320563728301,0.06078175603890301,0.10620579996611923,
36623cf18f25,2026-09-25T10:51:54,tamzeed,master,paper_barrier,call,exact,control_variate,{},16384,252,18,2425220305,LAPTOP-G689CP2J_AMD64,7.096204397427899,0.00240824925318768,7.091484315625856,7.100924479229942,7.1055282627933245,0.009323865365425732,0.11546669993549585,"{""control"": ""european_terminal"", ""control_mean"": 7.1280646692617395, ""b_hat"": 1.000749266063736, ""rho"": 0.9996996042011558, ""pilot_rho"": 0.9997659824923072, ""pilot_paths"": 1639, ""total_paths_simulated"": 18023, ""plain_std_error"": 0.09825848783487162, ""observed_vrf"": 1664.7049995845216, ""theoretical_vrf"": 1664.7207189818268}"
f7773f83dae5,2026-09-25T10:51:55,tamzeed,master,paper_asian_geo,call,exact,rqmc,{},16384,252,18,3792806352,LAPTOP-G689CP2J_AMD64,2.998486740332618,nan,nan,nan,3.000200360178781,0.001713619846162917,0.26376150001306087,"{""construction"": ""bridge"", ""sobol_dim"": 252, ""naive_iid_se"": 0.04583416061693734, ""se_valid"": false}"
a5775206a5e8,2026-09-25T10:51:55,tamzeed,master,deep_barrier,call,exact,control_variate,{},16384,252,18,2976152489,LAPTOP-G689CP2J_AMD64,3.3497024047617026,0.04997021907938851,3.251762575066525,3.4476422344568802,3.545320563728301,0.19561815896659862,0.1206011000322178,"{""control"": ""european_terminal"", ""control_mean"": 7.1280646692617395, ""b_hat"": 0.7755837960066487, ""rho"": 0.8283486869240427, ""pilot_rho"": 0.8413348523885505, ""pilot_paths"": 1639, ""total_paths_simulated"": 18023, ""plain_std_error"": 0.08914880478273576, ""observed_vrf"": 3.1827940900687475, ""theoretical_vrf"": 3.1863526946787393}"
74056863cba5,2026-09-25T10:51:55,tamzeed,master,asian_arith,call,exact,plain,{},16384,252,18,68230675,LAPTOP-G689CP2J_AMD64,3.1298571319951836,0.0475301913477765,3.0366996687752446,3.2230145952151226,,,0.10829900007229298,
8a959a193eaa,2026-09-25T10:51:55,tamzeed,master,paper_asian_geo,call,exact,antithetic,{},16384,252,18,2819722473,LAPTOP-G689CP2J_AMD64,2.9490727508218204,0.03892194054345504,2.8727871491482393,3.0253583524954015,3.000200360178781,0.05112760935696059,0.1310622999444604,"{""pairs"": 8192, ""rho_pair"": -0.2595585372957569}"
8c30cf384a05,2026-09-25T10:51:55,tamzeed,master,deep_barrier,call,exact,rqmc,{},16384,252,18,72272879,LAPTOP-G689CP2J_AMD64,3.390624145508676,nan,nan,nan,3.545320563728301,0.1546964182196251,0.2644063000334427,"{""construction"": ""bridge"", ""sobol_dim"": 252, ""naive_iid_se"": 0.09002202540960935, ""se_valid"": false}"
b74026fa6016,2026-09-25T10:51:55,tamzeed,master,paper_barrier,call,exact,rqmc,{},16384,252,18,3184582541,LAPTOP-G689CP2J_AMD64,7.093279099612401,nan,nan,nan,7.1055282627933245,0.012249163180923617,0.2489750999957323,"{""construction"": ""bridge"", ""sobol_dim"": 252, ""naive_iid_se"": 0.09797321585962422, ""se_valid"": false}"
34ddafa0b576,2026-09-25T10:51:56,tamzeed,master,asian_arith,call,exact,rqmc,{},16384,252,18,2613210107,LAPTOP-G689CP2J_AMD64,3.1637159450722896,nan,nan,nan,,,0.26374419999774545,"{""construction"": ""bridge"", ""sobol_dim"": 252, ""naive_iid_se"": 0.04793593013443999, ""se_valid"": false}"
be1043bcf8a9,2026-09-25T10:51:56,tamzeed,master,deep_barrier,call,exact,antithetic,{},65536,252,18,2937265391,LAPTOP-G689CP2J_AMD64,3.384733137039804,0.04287758091280424,3.300694622706506,3.4687716513731024,3.545320563728301,0.16058742668849701,0.3849584999261424,"{""pairs"": 32768, ""rho_pair"": -0.08682937770969178}"
023d4918295f,2026-09-25T10:51:57,tamzeed,master,paper_barrier,call,exact,importance,{},65536,252,18,3891971594,LAPTOP-G689CP2J_AMD64,7.083521354155594,0.02288490106142088,7.0386677722854465,7.128374936025741,7.1055282627933245,0.022006908637730582,0.46294880006462336,"{""theta"": 0.6858575284033614, ""theta0"": 0.45723835226890763, ""ESS"": 41168.13287247166, ""ESS_frac"": 0.6281758555980173, ""max_weight"": 13.926096096092323, ""max_weight_share"": 0.0002127600224304476, ""mean_weight"": 0.9987560650114302, ""hit_rate_proposal"": 0.6708984375, ""pilot_paths"": 10000, ""total_paths_simulated"": 75536, ""theta_grid"": [[0.0, 204.94048357649933], [0.11430958806722691, 168.49100320114846], [0.22861917613445382, 141.19190173327232], [0.3429287642016807, 120.55874707358687], [0.45723835226890763, 104.86373765913763], [0.5715479403361345, 92.8922844639844], [0.6858575284033614, 83.78351896346481]]}"
b37ed41e960b,2026-09-25T10:51:57,tamzeed,master,asian_arith,call,exact,rqmc,{},65536,252,18,1868088483,LAPTOP-G689CP2J_AMD64,3.162625227318818,nan,nan,nan,,,0.8707651000004262,"{""construction"": ""bridge"", ""sobol_dim"": 252, ""naive_iid_se"": 0.023986172345680828, ""se_valid"": false}"
5ac4b3ec403d,2026-09-25T10:51:58,tamzeed,master,deep_barrier,call,exact,control_variate,{},65536,252,18,222874809,LAPTOP-G689CP2J_AMD64,3.4009072866260492,0.025033904527728752,3.3518417353592866,3.449972837892812,3.545320563728301,0.14441327710225194,0.4360815000254661,"{""control"": ""european_terminal"", ""control_mean"": 7.1280646692617395, ""b_hat"": 0.7742069664507026, ""rho"": 0.8315388056562691, ""pilot_rho"": 0.8379744465657576, ""pilot_paths"": 6554, ""total_paths_simulated"": 72090, ""plain_std_error"": 0.04505951647808862, ""observed_vrf"": 3.239782617718503, ""theoretical_vrf"": 3.2410370813437868}"
ba9683cb308b,2026-09-25T10:51:58,tamzeed,master,paper_barrier,call,exact,antithetic,{},65536,252,18,3982778804,LAPTOP-G689CP2J_AMD64,7.097419317803412,0.04067215818678622,7.017703352583795,7.17713528302303,7.1055282627933245,0.008108944989912104,0.33307829999830574,"{""pairs"": 32768, ""rho_pair"": -0.31724376649113706}"
7212700afcbe,2026-09-25T10:51:59,tamzeed,master,deep_barrier,call,exact,importance,{},65536,252,18,3502219984,LAPTOP-G689CP2J_AMD64,3.3841476239591533,0.014348227534586705,3.3560256147493774,3.412269633168929,3.545320563728301,0.16117293976914793,0.4224516999674961,"{""theta"": 1.6323611831060643, ""theta0"": 1.6323611831060643, ""ESS"": 5415.896747042228, ""ESS_frac"": 0.08264002604739727, ""max_weight"": 224.55643235490592, ""max_weight_share"": 0.0034468551316620727, ""mean_weight"": 0.9940827516817691, ""hit_rate_proposal"": 0.594818115234375, ""pilot_paths"": 10000, ""total_paths_simulated"": 75536, ""theta_grid"": [[0.0, 144.01451452924317], [0.40809029577651607, 68.08992109301401], [0.8161805915530321, 39.76628607410078], [1.2242708873295483, 28.533995037509257], [1.6323611831060643, 25.057497947438154], [2.0404514788825803, 26.858220071302966], [2.4485417746590965, 35.076679417742]]}"
8b73c2f80c22,2026-09-25T10:51:59,tamzeed,master,asian_arith,call,exact,antithetic,{},65536,252,18,3049325023,LAPTOP-G689CP2J_AMD64,3.162209254851309,0.02059334042035989,3.121847049306031,3.2025714603965874,,,0.3479343999642879,"{""pairs"": 32768, ""rho_pair"": -0.2645896390258983}"
3a57f0978c50,2026-09-25T10:52:00,tamzeed,master,asian_arith,call,exact,control_variate,{},65536,252,18,2071836567,LAPTOP-G689CP2J_AMD64,3.162596151338808,0.0007546497507897206,3.161117065006318,3.1640752376712977,,,0.6485181000316516,"{""control"": ""geometric_asian"", ""control_mean"": 3.000200360178781, ""b_hat"": 1.0446946072833856, ""rho"": 0.9994919922693428, ""pilot_rho"": 0.9994943305300453, ""pilot_paths"": 6554, ""total_paths_simulated"": 72090, ""plain_std_error"": 0.02366239249739269, ""observed_vrf"": 983.1650731194753, ""theoretical_vrf"": 984.4870540707628}"
16c96470862d,2026-09-25T10:52:00,tamzeed,master,paper_asian_geo,call,exact,antithetic,{},65536,252,18,4192581351,LAPTOP-G689CP2J_AMD64,2.9945515823456423,0.019633193861837546,2.956071229474948,3.0330319352163366,3.000200360178781,0.005648777833138663,0.49188650003634393,"{""pairs"": 32768, ""rho_pair"": -0.26203960606199267}"
1cf87412ec35,2026-09-25T10:52:01,tamzeed,master,paper_barrier,call,exact,control_variate,{},65536,252,18,2444923795,LAPTOP-G689CP2J_AMD64,7.094166535256023,0.0012525665190857111,7.091711549990374,7.096621520521672,7.1055282627933245,0.01136172753730147,0.5093165000434965,"{""control"": ""european_terminal"", ""control_mean"": 7.1280646692617395, ""b_hat"": 1.0008536213998638, ""rho"": 0.9996756262239513, ""pilot_rho"": 0.9996604796330815, ""pilot_paths"": 6554, ""total_paths_simulated"": 72090, ""plain_std_error"": 0.04918108199829153, ""observed_vrf"": 1541.6811431952553, ""theoretical_vrf"": 1541.6816756587161}"
9729a9c6a5ac,2026-09-25T10:52:02,tamzeed,master,deep_barrier,call,exact,rqmc,{},65536,252,18,4045632086,LAPTOP-G689CP2J_AMD64,3.3882036141531673,nan,nan,nan,3.545320563728301,0.1571169495751339,0.923086000024341,"{""construction"": ""bridge"", ""sobol_dim"": 252, ""naive_iid_se"": 0.044989653521144736, ""se_valid"": false}"
17bff7a3ac2c,2026-09-25T10:52:02,tamzeed,master,paper_asian_geo,call,exact,plain,{},65536,252,18,4096128043,LAPTOP-G689CP2J_AMD64,3.008858205433824,0.02302503327177118,2.963729969478316,3.0539864413893323,3.000200360178781,0.008657845255043206,0.5501787000102922,
1eef05c39fce,2026-09-25T10:52:03,tamzeed,master,paper_barrier,call,exact,plain,{},65536,252,18,576525737,LAPTOP-G689CP2J_AMD64,7.033388895567405,0.04874966745763842,6.937841303092129,7.12893648804268,7.1055282627933245,0.07213936722591985,0.4250928999390453,
4d7dbed9f8cc,2026-09-25T10:52:04,tamzeed,master,paper_barrier,call,exact,rqmc,{},65536,252,18,1321075558,LAPTOP-G689CP2J_AMD64,7.092960108023966,nan,nan,nan,7.1055282627933245,0.01256815476935813,0.9494192000711337,"{""construction"": ""bridge"", ""sobol_dim"": 252, ""naive_iid_se"": 0.04900779317382199, ""se_valid"": false}"
17a21bd26177,2026-09-25T10:52:04,tamzeed,master,asian_arith,call,exact,plain,{},65536,252,18,140829692,LAPTOP-G689CP2J_AMD64,3.176076202155856,0.024011255323090612,3.129015006499003,3.2231373978127094,,,0.4307307000271976,
8ae8643c6d9f,2026-09-25T10:52:06,tamzeed,master,paper_asian_geo,call,exact,rqmc,{},65536,252,18,1591821838,LAPTOP-G689CP2J_AMD64,3.0000039439208055,nan,nan,nan,3.000200360178781,0.00019641625797550688,1.5564262000843883,"{""construction"": ""bridge"", ""sobol_dim"": 252, ""naive_iid_se"": 0.02292744720917845, ""se_valid"": false}"
e51dfab5b6a0,2026-09-25T10:52:06,tamzeed,master,deep_barrier,call,exact,plain,{},65536,252,18,648688066,LAPTOP-G689CP2J_AMD64,3.4081415618099595,0.04523925960881814,3.3194742422894183,3.4968088813305007,3.545320563728301,0.13717900191834165,0.8365702999290079,
83fa25a1ec71,2026-09-25T10:52:06,tamzeed,master,deep_barrier,call,exact,plain,{},256,252,19,816443912,LAPTOP-G689CP2J_AMD64,2.923824410244835,0.677884695695308,1.5951948210111373,4.252453999478533,3.545320563728301,0.621496153483466,0.0020463999826461077,
7adff2cbfb53,2026-09-25T10:52:06,tamzeed,master,asian_arith,call,exact,plain,{},256,252,19,3191748096,LAPTOP-G689CP2J_AMD64,2.926589930268566,0.32571215654621044,2.2882058341111216,3.5649740264260106,,,0.003332899999804795,
2bcb8d12df05,2026-09-25T10:52:06,tamzeed,master,asian_arith,call,exact,antithetic,{},256,252,19,3810472304,LAPTOP-G689CP2J_AMD64,3.085673030011969,0.34317566028009705,2.4130610954922256,3.758284964531712,,,0.001657899934798479,"{""pairs"": 128, ""rho_pair"": -0.24844612848022954}"
75fbc1b47eb3,2026-09-25T10:52:06,tamzeed,master,asian_arith,call,exact,rqmc,{},256,252,19,457303185,LAPTOP-G689CP2J_AMD64,3.1816464312482866,nan,nan,nan,,,0.023257100023329258,"{""construction"": ""bridge"", ""sobol_dim"": 252, ""naive_iid_se"": 0.3844716851843299, ""se_valid"": false}"
22b0f045f525,2026-09-25T10:52:06,tamzeed,master,paper_barrier,call,exact,antithetic,{},256,252,19,709889348,LAPTOP-G689CP2J_AMD64,6.988824900660346,0.6550675710730364,5.704916053917062,8.27273374740363,7.1055282627933245,0.11670336213297894,0.0033768999855965376,"{""pairs"": 128, ""rho_pair"": -0.30976933318351213}"
7542e3f6f139,2026-09-25T10:52:06,tamzeed,master,paper_barrier,call,exact,plain,{},256,252,19,3292802626,LAPTOP-G689CP2J_AMD64,5.635412940789899,0.6300227795692763,4.4005909833943,6.8702348981854975,7.1055282627933245,1.4701153220034255,0.001473700045607984,
6017ae595dbd,2026-09-25T10:52:07,tamzeed,master,deep_barrier,call,exact,importance,{},256,252,19,2656316061,LAPTOP-G689CP2J_AMD64,3.202454747399532,0.22735454279281347,2.756848031804047,3.6480614629950168,3.545320563728301,0.3428658163287692,0.13899900007527322,"{""theta"": 1.6323611831060643, ""theta0"": 1.6323611831060643, ""ESS"": 32.37303811473877, ""ESS_frac"": 0.12645718013569832, ""max_weight"": 31.98790166276293, ""max_weight_share"": 0.11870451863715598, ""mean_weight"": 1.0526367682102369, ""hit_rate_proposal"": 0.546875, ""pilot_paths"": 10000, ""total_paths_simulated"": 10256, ""theta_grid"": [[0.0, 144.78280387847786], [0.40809029577651607, 68.31842492366282], [0.8161805915530321, 39.832037085706254], [1.2242708873295483, 28.53287749017741], [1.6323611831060643, 25.006935981564578], [2.0404514788825803, 26.735495401063044], [2.4485417746590965, 34.7984493399777]]}"
b488f4b1d456,2026-09-25T10:52:07,tamzeed,master,paper_barrier,call,exact,rqmc,{},256,252,19,2540476073,LAPTOP-G689CP2J_AMD64,7.075564603640538,nan,nan,nan,7.1055282627933245,0.029963659152786093,0.022096000029705465,"{""construction"": ""bridge"", ""sobol_dim"": 252, ""naive_iid_se"": 0.7729781276593147, ""se_valid"": false}"
a977712ed35c,2026-09-25T10:52:07,tamzeed,master,asian_arith,call,exact,control_variate,{},256,252,19,231938699,LAPTOP-G689CP2J_AMD64,3.1619653523547204,0.010453968173270364,3.1414759512395825,3.1824547534698584,,,0.008801199961453676,"{""control"": ""geometric_asian"", ""control_mean"": 3.000200360178781, ""b_hat"": 1.0417487100777723, ""rho"": 0.999606811947824, ""pilot_rho"": 0.9995381145664054, ""pilot_paths"": 256, ""total_paths_simulated"": 512, ""plain_std_error"": 0.36841750312353955, ""observed_vrf"": 1241.9901816997935, ""theoretical_vrf"": 1271.9061873160003}"
827b5eef73bf,2026-09-25T10:52:07,tamzeed,master,paper_barrier,call,exact,importance,{},256,252,19,359534587,LAPTOP-G689CP2J_AMD64,7.347413461968547,0.3688737059571653,6.624434283448686,8.070392640488409,7.1055282627933245,0.2418851991752229,0.11772520001977682,"{""theta"": 0.6858575284033614, ""theta0"": 0.45723835226890763, ""ESS"": 177.2670375074825, ""ESS_frac"": 0.6924493652636036, ""max_weight"": 4.431160471331708, ""max_weight_share"": 0.01875736091712535, ""mean_weight"": 0.9227961581384447, ""hit_rate_proposal"": 0.69140625, ""pilot_paths"": 10000, ""total_paths_simulated"": 10256, ""theta_grid"": [[0.0, 211.57860006514107], [0.11430958806722691, 173.71441931154837], [0.22861917613445382, 145.36999103675691], [0.3429287642016807, 123.95619708158104], [0.45723835226890763, 107.67190912055545], [0.5715479403361345, 95.25097574384641], [0.6858575284033614, 85.79603783979697]]}"
747f03acc92d,2026-09-25T10:52:07,tamzeed,master,paper_asian_geo,call,exact,rqmc,{},256,252,19,1175347249,LAPTOP-G689CP2J_AMD64,2.9829249300228478,nan,nan,nan,3.000200360178781,0.017275430155933247,0.043598399963229895,"{""construction"": ""bridge"", ""sobol_dim"": 252, ""naive_iid_se"": 0.3589821351410629, ""se_valid"": false}"
a5fbf5b06e9f,2026-09-25T10:52:07,tamzeed,master,paper_asian_geo,call,exact,plain,{},256,252,19,1761608983,LAPTOP-G689CP2J_AMD64,3.1159073232037278,0.378431241701113,2.374195718844774,3.8576189275626813,3.000200360178781,0.11570696302494676,0.005958199966698885,
d5d4d5f9bf5f,2026-09-25T10:52:07,tamzeed,master,deep_barrier,call,exact,control_variate,{},256,252,19,3492176646,LAPTOP-G689CP2J_AMD64,3.342087110278282,0.3983728729250731,2.561290626927387,4.122883593629177,3.545320563728301,0.2032334534500193,0.01005399995483458,"{""control"": ""european_terminal"", ""control_mean"": 7.1280646692617395, ""b_hat"": 0.7189909797755181, ""rho"": 0.819088376469824, ""pilot_rho"": 0.8126373954228411, ""pilot_paths"": 256, ""total_paths_simulated"": 512, ""plain_std_error"": 0.6936848589660863, ""observed_vrf"": 3.0321097387462337, ""theoretical_vrf"": 3.038643355566318}"
e37aa6cddf0e,2026-09-25T10:52:07,tamzeed,master,deep_barrier,call,exact,antithetic,{},256,252,19,3875419669,LAPTOP-G689CP2J_AMD64,3.0061524567676057,0.7751100631226701,1.4869646489926045,4.525340264542606,3.545320563728301,0.5391681069606955,0.004118400043807924,"{""pairs"": 128, ""rho_pair"": -0.0541302670776732}"
f46062048e3d,2026-09-25T10:52:07,tamzeed,master,paper_barrier,call,exact,control_variate,{},256,252,19,1313734326,LAPTOP-G689CP2J_AMD64,7.089807662919954,0.022503036645272905,7.0457025215524345,7.1339128042874735,7.1055282627933245,0.01572059987337049,0.011711900006048381,"{""control"": ""european_terminal"", ""control_mean"": 7.1280646692617395, ""b_hat"": 1.0004916709597862, ""rho"": 0.9994246677372463, ""pilot_rho"": 0.9998005711284237, ""pilot_paths"": 256, ""total_paths_simulated"": 512, ""plain_std_error"": 0.6633741471516884, ""observed_vrf"": 869.0301214148298, ""theoretical_vrf"": 869.3131027618916}"
d68ebea50432,2026-09-25T10:52:07,tamzeed,master,deep_barrier,call,exact,rqmc,{},256,252,19,3771902867,LAPTOP-G689CP2J_AMD64,3.2051357057340644,nan,nan,nan,3.545320563728301,0.3401848579942368,0.0357694000704214,"{""construction"": ""bridge"", ""sobol_dim"": 252, ""naive_iid_se"": 0.699733955209328, ""se_valid"": false}"
2533dee63c0b,2026-09-25T10:52:07,tamzeed,master,paper_asian_geo,call,exact,antithetic,{},256,252,19,2781561265,LAPTOP-G689CP2J_AMD64,3.0244479945510134,0.3056333352064754,2.425417665071464,3.623478324030563,3.000200360178781,0.02424763437223243,0.002540700021199882,"{""pairs"": 128, ""rho_pair"": -0.2784900263773016}"
e59006c1bf75,2026-09-25T10:52:07,tamzeed,master,deep_barrier,call,exact,plain,{},1024,252,19,2391417214,LAPTOP-G689CP2J_AMD64,3.750219173712966,0.37455710666940234,3.0161007344874102,4.484337612938522,3.545320563728301,0.20489860998466503,0.008730300003662705,
daaf14514e0c,2026-09-25T10:52:07,tamzeed,master,deep_barrier,call,exact,control_variate,{},1024,252,19,2569407552,LAPTOP-G689CP2J_AMD64,3.5138241879743273,0.18930023107234634,3.142802552807418,3.8848458231412364,3.545320563728301,0.031496375753973904,0.013201799942180514,"{""control"": ""european_terminal"", ""control_mean"": 7.1280646692617395, ""b_hat"": 0.7979318804444862, ""rho"": 0.8200645588379968, ""pilot_rho"": 0.8499716040840892, ""pilot_paths"": 256, ""total_paths_simulated"": 1280, ""plain_std_error"": 0.3291141395208079, ""observed_vrf"": 3.0226704048834505, ""theoretical_vrf"": 3.0534899436420226}"
ad8cc74d10a5,2026-09-25T10:52:07,tamzeed,master,paper_barrier,call,exact,control_variate,{},1024,252,19,3591117646,LAPTOP-G689CP2J_AMD64,7.085586489285857,0.012400141470044593,7.061282658601368,7.109890319970346,7.1055282627933245,0.019941773507467175,0.008933300036005676,"{""control"": ""european_terminal"", ""control_mean"": 7.1280646692617395, ""b_hat"": 1.0005935195310431, ""rho"": 0.9994452211502808, ""pilot_rho"": 0.9998466961900818, ""pilot_paths"": 256, ""total_paths_simulated"": 1280, ""plain_std_error"": 0.3722978355906408, ""observed_vrf"": 901.4211483480855, ""theoretical_vrf"": 901.5100944252996}"
e1c12257acae,2026-09-25T10:52:07,tamzeed,master,deep_barrier,call,exact,antithetic,{},1024,252,19,2045686002,LAPTOP-G689CP2J_AMD64,3.317621127621831,0.3262309397457269,2.6782202350775495,3.957022020166112,3.545320563728301,0.22769943610647037,0.006297099986113608,"{""pairs"": 512, ""rho_pair"": -0.09157387012620428}"
83a34d3bac52,2026-09-25T10:52:07,tamzeed,master,paper_asian_geo,call,exact,antithetic,{},1024,252,19,685388407,LAPTOP-G689CP2J_AMD64,3.095538392927307,0.15336497524733625,2.794948564952651,3.396128220901963,3.000200360178781,0.09533803274852604,0.007813300006091595,"{""pairs"": 512, ""rho_pair"": -0.28545321385491795}"
d47126b31309,2026-09-25T10:52:07,tamzeed,master,asian_arith,call,exact,antithetic,{},1024,252,19,4145454151,LAPTOP-G689CP2J_AMD64,3.3189447175755094,0.17330179081493463,2.979279449121943,3.6586099860290755,,,0.012566399993374944,"{""pairs"": 512, ""rho_pair"": -0.2635250653277642}"
b7153100bb8c,2026-09-25T10:52:07,tamzeed,master,paper_asian_geo,call,exact,plain,{},1024,252,19,2042907397,LAPTOP-G689CP2J_AMD64,2.912044635071819,0.17844578906493916,2.562297315311707,3.261791954831931,3.000200360178781,0.08815572510696201,0.0170692999381572,
968caa082331,2026-09-25T10:52:07,tamzeed,master,paper_barrier,call,exact,rqmc,{},1024,252,19,3918911511,LAPTOP-G689CP2J_AMD64,7.107820999069712,nan,nan,nan,7.1055282627933245,0.002292736276387153,0.05872319999616593,"{""construction"": ""bridge"", ""sobol_dim"": 252, ""naive_iid_se"": 0.3949881351241864, ""se_valid"": false}"
e1cb78efd35c,2026-09-25T10:52:07,tamzeed,master,deep_barrier,call,exact,rqmc,{},1024,252,19,4289933491,LAPTOP-G689CP2J_AMD64,3.400043598772073,nan,nan,nan,3.545320563728301,0.14527696495622822,0.03327720006927848,"{""construction"": ""bridge"", ""sobol_dim"": 252, ""naive_iid_se"": 0.3596339651884463, ""se_valid"": false}"
c759efb6ece3,2026-09-25T10:52:07,tamzeed,master,asian_arith,call,exact,plain,{},1024,252,19,800668885,LAPTOP-G689CP2J_AMD64,3.259979721479816,0.2012961323541764,2.865446551838422,3.6545128911212097,,,0.010021299938671291,
915d265a73f9,2026-09-25T10:52:07,tamzeed,master,deep_barrier,call,exact,importance,{},1024,252,19,2832094432,LAPTOP-G689CP2J_AMD64,3.3022492886467085,0.11250750138592003,3.081738637939715,3.522759939353702,3.545320563728301,0.24307127508159265,0.08817020000424236,"{""theta"": 1.6323611831060643, ""theta0"": 1.6323611831060643, ""ESS"": 55.292297474589326, ""ESS_frac"": 0.05399638425252864, ""max_weight"": 86.78265013681843, ""max_weight_share"": 0.08405228809605707, ""mean_weight"": 1.0082852435543912, ""hit_rate_proposal"": 0.5908203125, ""pilot_paths"": 10000, ""total_paths_simulated"": 11024, ""theta_grid"": [[0.0, 143.1740921907517], [0.40809029577651607, 67.40445694417075], [0.8161805915530321, 39.243112626818906], [1.2242708873295483, 28.090478222181567], [1.6323611831060643, 24.61463316529882], [2.0404514788825803, 26.322636915797442], [2.4485417746590965, 34.28261457065881]]}"
05a6b803a1d5,2026-09-25T10:52:07,tamzeed,master,paper_asian_geo,call,exact,rqmc,{},1024,252,19,2923856403,LAPTOP-G689CP2J_AMD64,3.0058083000543787,nan,nan,nan,3.000200360178781,0.005607939875597712,0.026675399974919856,"{""construction"": ""bridge"", ""sobol_dim"": 252, ""naive_iid_se"": 0.1831667807423912, ""se_valid"": false}"
d6782de6da40,2026-09-25T10:52:07,tamzeed,master,paper_barrier,call,exact,antithetic,{},1024,252,19,70329846,LAPTOP-G689CP2J_AMD64,7.172867510944819,0.3126775755326097,6.560030724127602,7.785704297762036,7.1055282627933245,0.0673392481514945,0.005421999958343804,"{""pairs"": 512, ""rho_pair"": -0.3423931543930662}"
9a4644e5e46e,2026-09-25T10:52:07,tamzeed,master,paper_barrier,call,exact,importance,{},1024,252,19,3600339968,LAPTOP-G689CP2J_AMD64,7.318197088007719,0.1819600513819324,6.961561940674073,7.6748322353413645,7.1055282627933245,0.21266882521439445,0.08330369996838272,"{""theta"": 0.6858575284033614, ""theta0"": 0.45723835226890763, ""ESS"": 664.0764086518572, ""ESS_frac"": 0.6485121178240792, ""max_weight"": 5.851047363092747, ""max_weight_share"": 0.005789331054135165, ""mean_weight"": 0.9869730003501812, ""hit_rate_proposal"": 0.67578125, ""pilot_paths"": 10000, ""total_paths_simulated"": 11024, ""theta_grid"": [[0.0, 200.05804772450713], [0.11430958806722691, 164.85854350845028], [0.22861917613445382, 138.42004639344603], [0.3429287642016807, 118.39437065365306], [0.45723835226890763, 103.13824851664492], [0.5715479403361345, 91.4908341810659], [0.6858575284033614, 82.62625879868374]]}"
0f262e5be8d3,2026-09-25T10:52:07,tamzeed,master,paper_barrier,call,exact,plain,{},1024,252,19,529418164,LAPTOP-G689CP2J_AMD64,7.024929189621377,0.3714255081170817,6.296948570772407,7.7529098084703465,7.1055282627933245,0.08059907317194792,0.010287899989634752,
2df7c7bc4d92,2026-09-25T10:52:07,tamzeed,master,asian_arith,call,exact,control_variate,{},1024,252,19,2690300742,LAPTOP-G689CP2J_AMD64,3.168743987164886,0.006559928472183474,3.1558867636182475,3.1816012107115244,,,0.01122320001013577,"{""control"": ""geometric_asian"", ""control_mean"": 3.000200360178781, ""b_hat"": 1.041214903251861, ""rho"": 0.9994958357607137, ""pilot_rho"": 0.9996533495047079, ""pilot_paths"": 256, ""total_paths_simulated"": 1280, ""plain_std_error"": 0.20514673098678401, ""observed_vrf"": 977.9822978349871, ""theoretical_vrf"": 991.9903750978024}"
1268e5692298,2026-09-25T10:52:07,tamzeed,master,asian_arith,call,exact,rqmc,{},1024,252,19,2376517209,LAPTOP-G689CP2J_AMD64,3.1670265712168413,nan,nan,nan,,,0.022357800044119358,"{""construction"": ""bridge"", ""sobol_dim"": 252, ""naive_iid_se"": 0.19176467569950914, ""se_valid"": false}"
7fcbd145e84e,2026-09-25T10:52:07,tamzeed,master,paper_barrier,call,exact,plain,{},4096,252,19,1538025781,LAPTOP-G689CP2J_AMD64,6.8132472613012025,0.18787798364477876,6.445013179869431,7.181481342732974,7.1055282627933245,0.292281001492122,0.022798600024543703,
21f72a708a07,2026-09-25T10:52:07,tamzeed,master,paper_barrier,call,exact,control_variate,{},4096,252,19,3674964223,LAPTOP-G689CP2J_AMD64,7.094363052393777,0.005079657932627847,7.084407105792043,7.1043189989955104,7.1055282627933245,0.011165210399547654,0.03233179997187108,"{""control"": ""european_terminal"", ""control_mean"": 7.1280646692617395, ""b_hat"": 1.0017640152728458, ""rho"": 0.9996684560371228, ""pilot_rho"": 0.9993339942111468, ""pilot_paths"": 410, ""total_paths_simulated"": 4506, ""plain_std_error"": 0.1971604312299891, ""observed_vrf"": 1506.5050212680108, ""theoretical_vrf"": 1508.3456667207042}"
f32dcae09a6d,2026-09-25T10:52:07,tamzeed,master,paper_asian_geo,call,exact,rqmc,{},4096,252,19,2178597005,LAPTOP-G689CP2J_AMD64,3.0035508381036027,nan,nan,nan,3.000200360178781,0.003350477924821682,0.0727885999949649,"{""construction"": ""bridge"", ""sobol_dim"": 252, ""naive_iid_se"": 0.0920282483741618, ""se_valid"": false}"
2f6bf640256b,2026-09-25T10:52:07,tamzeed,master,deep_barrier,call,exact,control_variate,{},4096,252,19,2086951097,LAPTOP-G689CP2J_AMD64,3.301395915945803,0.09996476820715691,3.105468570536881,3.497323261354725,3.545320563728301,0.24392464778249812,0.028238900005817413,"{""control"": ""european_terminal"", ""control_mean"": 7.1280646692617395, ""b_hat"": 0.7800631587319867, ""rho"": 0.8282744884880525, ""pilot_rho"": 0.8365353993547555, ""pilot_paths"": 410, ""total_paths_simulated"": 4506, ""plain_std_error"": 0.17823668240919996, ""observed_vrf"": 3.179071188563276, ""theoretical_vrf"": 3.185105207440269}"
d6cbd7bcc936,2026-09-25T10:52:08,tamzeed,master,asian_arith,call,exact,control_variate,{},4096,252,19,1936195284,LAPTOP-G689CP2J_AMD64,3.156222513206878,0.003077774435826308,3.1501901861601205,3.1622548402536355,,,0.034953400027006865,"{""control"": ""geometric_asian"", ""control_mean"": 3.000200360178781, ""b_hat"": 1.0498260809884654, ""rho"": 0.9995364404365962, ""pilot_rho"": 0.9994849166604572, ""pilot_paths"": 410, ""total_paths_simulated"": 4506, ""plain_std_error"": 0.09927755617490698, ""observed_vrf"": 1040.4676454693592, ""theoretical_vrf"": 1078.8600996293933}"
bfa8b018c117,2026-09-25T10:52:08,tamzeed,master,asian_arith,call,exact,plain,{},4096,252,19,987394307,LAPTOP-G689CP2J_AMD64,2.95980443172689,0.09361245949737047,2.776327382607829,3.1432814808459506,,,0.02475920005235821,
a650700527b2,2026-09-25T10:52:08,tamzeed,master,paper_barrier,call,exact,importance,{},4096,252,19,4014147072,LAPTOP-G689CP2J_AMD64,7.324581453044482,0.0914345728987201,7.145372983221189,7.503789922867775,7.1055282627933245,0.21905319025115766,0.07895170000847429,"{""theta"": 0.6858575284033614, ""theta0"": 0.45723835226890763, ""ESS"": 2516.038111330953, ""ESS_frac"": 0.6142671170241585, ""max_weight"": 10.060260884729516, ""max_weight_share"": 0.0025119651008858224, ""mean_weight"": 0.9777677162771045, ""hit_rate_proposal"": 0.682373046875, ""pilot_paths"": 10000, ""total_paths_simulated"": 14096, ""theta_grid"": [[0.0, 205.95309226552482], [0.11430958806722691, 169.58769259763835], [0.22861917613445382, 142.27946859189822], [0.3429287642016807, 121.5941273191076], [0.45723835226890763, 105.83026866249712], [0.5715479403361345, 93.7869605009733], [0.6858575284033614, 84.61013543166462]]}"
2e1037af8bf9,2026-09-25T10:52:08,tamzeed,master,paper_asian_geo,call,exact,plain,{},4096,252,19,3972989347,LAPTOP-G689CP2J_AMD64,2.9854357248997703,0.08985705241872763,2.8093191384021363,3.1615523113974042,3.000200360178781,0.01476463527901073,0.027059300104156137,
ccf154187367,2026-09-25T10:52:08,tamzeed,master,paper_barrier,call,exact,antithetic,{},4096,252,19,2116090903,LAPTOP-G689CP2J_AMD64,6.946934760054402,0.1600832567580271,6.633177342280791,7.260692177828013,7.1055282627933245,0.15859350273892225,0.026739199995063245,"{""pairs"": 2048, ""rho_pair"": -0.31491992793359413}"
b4b7d2b38550,2026-09-25T10:52:08,tamzeed,master,deep_barrier,call,exact,rqmc,{},4096,252,19,2419943376,LAPTOP-G689CP2J_AMD64,3.4748915825286115,nan,nan,nan,3.545320563728301,0.07042898119968966,0.06353089993353933,"{""construction"": ""bridge"", ""sobol_dim"": 252, ""naive_iid_se"": 0.18124801584899827, ""se_valid"": false}"
eefc61f2c2e9,2026-09-25T10:52:08,tamzeed,master,paper_asian_geo,call,exact,antithetic,{},4096,252,19,2072431895,LAPTOP-G689CP2J_AMD64,3.0879712730247375,0.07995012816397201,2.9312719012639907,3.2446706447854843,3.000200360178781,0.0877709128459565,0.028106399928219616,"{""pairs"": 2048, ""rho_pair"": -0.2670707553838511}"
3389d6f0f331,2026-09-25T10:52:08,tamzeed,master,deep_barrier,call,exact,importance,{},4096,252,19,3174956648,LAPTOP-G689CP2J_AMD64,3.3982755128370075,0.05727024010012662,3.2860279048547976,3.5105231208192174,3.545320563728301,0.14704505089129372,0.09074180002789944,"{""theta"": 1.6323611831060643, ""theta0"": 1.6323611831060643, ""ESS"": 404.31907475489635, ""ESS_frac"": 0.09871071161008212, ""max_weight"": 76.12005159374928, ""max_weight_share"": 0.01841100261994961, ""mean_weight"": 1.0093962482517456, ""hit_rate_proposal"": 0.59326171875, ""pilot_paths"": 10000, ""total_paths_simulated"": 14096, ""theta_grid"": [[0.0, 143.4699461278822], [0.40809029577651607, 67.93805455836964], [0.8161805915530321, 39.77035724948959], [1.2242708873295483, 28.615124259447935], [1.6323611831060643, 25.199141948490475], [2.0404514788825803, 27.0784732873356], [2.4485417746590965, 35.43300893286585]]}"
0b7e92a8009d,2026-09-25T10:52:08,tamzeed,master,deep_barrier,call,exact,plain,{},4096,252,19,771256994,LAPTOP-G689CP2J_AMD64,3.2969577478177823,0.17762493613415942,2.9488192702386025,3.645096225396962,3.545320563728301,0.2483628159105189,0.025639700004830956,
472e539faf23,2026-09-25T10:52:08,tamzeed,master,deep_barrier,call,exact,antithetic,{},4096,252,19,2469849249,LAPTOP-G689CP2J_AMD64,3.2283208964279813,0.16693273085436725,2.9011387561125033,3.5555030367434592,3.545320563728301,0.3169996673003199,0.02302550000604242,"{""pairs"": 2048, ""rho_pair"": -0.08368145403338334}"
600902b847fb,2026-09-25T10:52:08,tamzeed,master,asian_arith,call,exact,antithetic,{},4096,252,19,3781685716,LAPTOP-G689CP2J_AMD64,3.1173030458696864,0.0829830409829325,2.9546592742155275,3.2799468175238453,,,0.024080200004391372,"{""pairs"": 2048, ""rho_pair"": -0.2564722334310566}"
74bf4af34fc8,2026-09-25T10:52:08,tamzeed,master,asian_arith,call,exact,rqmc,{},4096,252,19,3570244473,LAPTOP-G689CP2J_AMD64,3.1680046520739573,nan,nan,nan,,,0.0693699000403285,"{""construction"": ""bridge"", ""sobol_dim"": 252, ""naive_iid_se"": 0.09602835592650541, ""se_valid"": false}"
6d44c4357099,2026-09-25T10:52:08,tamzeed,master,paper_barrier,call,exact,rqmc,{},4096,252,19,551796326,LAPTOP-G689CP2J_AMD64,7.095575071404186,nan,nan,nan,7.1055282627933245,0.009953191389138638,0.06892810005228966,"{""construction"": ""bridge"", ""sobol_dim"": 252, ""naive_iid_se"": 0.19577429846248884, ""se_valid"": false}"
1739365a314d,2026-09-25T10:52:08,tamzeed,master,paper_asian_geo,call,exact,rqmc,{},16384,252,19,1987210442,LAPTOP-G689CP2J_AMD64,2.9988197603536264,nan,nan,nan,3.000200360178781,0.0013805998251545937,0.29863610002212226,"{""construction"": ""bridge"", ""sobol_dim"": 252, ""naive_iid_se"": 0.045853428866834134, ""se_valid"": false}"
823257b7bf65,2026-09-25T10:52:09,tamzeed,master,asian_arith,call,exact,plain,{},16384,252,19,1110864915,LAPTOP-G689CP2J_AMD64,3.1503510784713926,0.04761981297094552,3.0570179600978062,3.243684196844979,,,0.1864454000024125,
c821db87f7c9,2026-09-25T10:52:09,tamzeed,master,paper_asian_geo,call,exact,plain,{},16384,252,19,3232677679,LAPTOP-G689CP2J_AMD64,2.957982652179667,0.04577736278295961,2.868260669817842,3.047704634541492,3.000200360178781,0.04221770799911395,0.14720959996338934,
517558349e6b,2026-09-25T10:52:09,tamzeed,master,asian_arith,call,exact,rqmc,{},16384,252,19,3681830483,LAPTOP-G689CP2J_AMD64,3.1619584516709733,nan,nan,nan,,,0.2487647000234574,"{""construction"": ""bridge"", ""sobol_dim"": 252, ""naive_iid_se"": 0.04797863846095195, ""se_valid"": false}"
9f2c489876b9,2026-09-25T10:52:09,tamzeed,master,paper_barrier,call,exact,control_variate,{},16384,252,19,824632900,LAPTOP-G689CP2J_AMD64,7.09543884922256,0.002457145958424959,7.090622931639289,7.100254766805832,7.1055282627933245,0.010089413570764094,0.10700120008550584,"{""control"": ""european_terminal"", ""control_mean"": 7.1280646692617395, ""b_hat"": 1.0010825748362877, ""rho"": 0.9996893388225785, ""pilot_rho"": 0.999602343929005, ""pilot_paths"": 1639, ""total_paths_simulated"": 18023, ""plain_std_error"": 0.098579211666466, ""observed_vrf"": 1609.5659331390464, ""theoretical_vrf"": 1609.720537051521}"
cc274d85d622,2026-09-25T10:52:09,tamzeed,master,paper_barrier,call,exact,importance,{},16384,252,19,4034184433,LAPTOP-G689CP2J_AMD64,7.172382075381931,0.045729985348129096,7.082752951086054,7.262011199677808,7.1055282627933245,0.06685381258860623,0.16470780002418905,"{""theta"": 0.6858575284033614, ""theta0"": 0.45723835226890763, ""ESS"": 10196.478831932369, ""ESS_frac"": 0.6223436787068096, ""max_weight"": 11.861574016072948, ""max_weight_share"": 0.0007279062048528398, ""mean_weight"": 0.9945965821081542, ""hit_rate_proposal"": 0.67657470703125, ""pilot_paths"": 10000, ""total_paths_simulated"": 26384, ""theta_grid"": [[0.0, 212.49432762614555], [0.11430958806722691, 174.22145140736455], [0.22861917613445382, 145.57022769148108], [0.3429287642016807, 123.92779061413684], [0.45723835226890763, 107.4728053882174], [0.5715479403361345, 94.92300012616465], [0.6858575284033614, 85.36856072706932]]}"
8679005113ff,2026-09-25T10:52:09,tamzeed,master,deep_barrier,call,exact,plain,{},16384,252,19,471205523,LAPTOP-G689CP2J_AMD64,3.3763212705693073,0.08984527530331206,3.2002277667937298,3.552414774344885,3.545320563728301,0.16899929315899387,0.09675979998428375,
90713989e7c3,2026-09-25T10:52:09,tamzeed,master,asian_arith,call,exact,antithetic,{},16384,252,19,1576561576,LAPTOP-G689CP2J_AMD64,3.191507864573227,0.041172915497251765,3.1108104330601023,3.2722052960863515,,,0.08899819990620017,"{""pairs"": 8192, ""rho_pair"": -0.2683757969479583}"
fcad91bbd9d2,2026-09-25T10:52:10,tamzeed,master,deep_barrier,call,exact,control_variate,{},16384,252,19,1570839699,LAPTOP-G689CP2J_AMD64,3.3434969449928458,0.05060098392536635,3.2443208389168374,3.442673051068854,3.545320563728301,0.2018236187354554,0.12236929999198765,"{""control"": ""european_terminal"", ""control_mean"": 7.1280646692617395, ""b_hat"": 0.7751317671730672, ""rho"": 0.8263293268537023, ""pilot_rho"": 0.8385798754137461, ""pilot_paths"": 1639, ""total_paths_simulated"": 18023, ""plain_std_error"": 0.08979440381239955, ""observed_vrf"": 3.149057707148415, ""theoretical_vrf"": 3.152785462998771}"
26dea8a47589,2026-09-25T10:52:10,tamzeed,master,paper_asian_geo,call,exact,antithetic,{},16384,252,19,899548324,LAPTOP-G689CP2J_AMD64,2.9943858190893353,0.03919260763576738,2.917569719663022,3.0712019185156487,3.000200360178781,0.0058145410894456795,0.11775790003594011,"{""pairs"": 8192, ""rho_pair"": -0.26266758132311196}"
3387c07b53fd,2026-09-25T10:52:10,tamzeed,master,asian_arith,call,exact,control_variate,{},16384,252,19,4092333765,LAPTOP-G689CP2J_AMD64,3.1608176887770805,0.0015304007507952943,3.1578181584236087,3.1638172191305522,,,0.13882880005985498,"{""control"": ""geometric_asian"", ""control_mean"": 3.000200360178781, ""b_hat"": 1.0478503081392592, ""rho"": 0.9995010531966545, ""pilot_rho"": 0.9993941580637014, ""pilot_paths"": 1639, ""total_paths_simulated"": 18023, ""plain_std_error"": 0.048248797257064276, ""observed_vrf"": 993.9456636797462, ""theoretical_vrf"": 1002.3609019513011}"
5fa5f93514ad,2026-09-25T10:52:10,tamzeed,master,paper_barrier,call,exact,antithetic,{},16384,252,19,3620105793,LAPTOP-G689CP2J_AMD64,6.95938256246179,0.0797258132528093,6.803122839848117,7.115642285075462,7.1055282627933245,0.14614570033153473,0.08816099993418902,"{""pairs"": 8192, ""rho_pair"": -0.3174558802630818}"
c3029c635d37,2026-09-25T10:52:10,tamzeed,master,deep_barrier,call,exact,importance,{},16384,252,19,3589177632,LAPTOP-G689CP2J_AMD64,3.4199764111414845,0.02869332651696911,3.363738524571577,3.476214297711392,3.545320563728301,0.12534415258681664,0.17805639992002398,"{""theta"": 1.6323611831060643, ""theta0"": 1.6323611831060643, ""ESS"": 867.182164443313, ""ESS_frac"": 0.052928598904010804, ""max_weight"": 300.8542233364983, ""max_weight_share"": 0.018150328999302, ""mean_weight"": 1.0116998171505176, ""hit_rate_proposal"": 0.59698486328125, ""pilot_paths"": 10000, ""total_paths_simulated"": 26384, ""theta_grid"": [[0.0, 143.9590994327925], [0.40809029577651607, 67.73357732373711], [0.8161805915530321, 39.38908108871988], [1.2242708873295483, 28.150006840491404], [1.6323611831060643, 24.62255885780562], [2.0404514788825803, 26.28580804407174], [2.4485417746590965, 34.18706321337613]]}"
48ea3bc5ccb3,2026-09-25T10:52:10,tamzeed,master,deep_barrier,call,exact,antithetic,{},16384,252,19,2824303024,LAPTOP-G689CP2J_AMD64,3.4147258623537757,0.08626205819538307,3.245655335058527,3.5837963896490246,3.545320563728301,0.13059470137452545,0.09335539990570396,"{""pairs"": 8192, ""rho_pair"": -0.08730315604017044}"
472bc2f54fc9,2026-09-25T10:52:10,tamzeed,master,paper_barrier,call,exact,rqmc,{},16384,252,19,2470282842,LAPTOP-G689CP2J_AMD64,7.096047026638691,nan,nan,nan,7.1055282627933245,0.009481236154633699,0.21433290001004934,"{""construction"": ""bridge"", ""sobol_dim"": 252, ""naive_iid_se"": 0.09805652850073131, ""se_valid"": false}"
16193dc2c7b6,2026-09-25T10:52:11,tamzeed,master,deep_barrier,call,exact,rqmc,{},16384,252,19,3304407885,LAPTOP-G689CP2J_AMD64,3.384247006669996,nan,nan,nan,3.545320563728301,0.16107355705830528,0.2084246000740677,"{""construction"": ""bridge"", ""sobol_dim"": 252, ""naive_iid_se"": 0.08989043522016837, ""se_valid"": false}"
e31d5223eecc,2026-09-25T10:52:11,tamzeed,master,paper_barrier,call,exact,plain,{},16384,252,19,3871789282,LAPTOP-G689CP2J_AMD64,7.111850032815374,0.09862720439224033,6.918544264310713,7.305155801320035,7.1055282627933245,0.006321770022049478,0.0938477999297902,
509ecc78f48b,2026-09-25T10:52:11,tamzeed,master,paper_barrier,call,exact,plain,{},65536,252,19,536376746,LAPTOP-G689CP2J_AMD64,7.127665333690667,0.04945252799561667,7.030740159874799,7.224590507506534,7.1055282627933245,0.02213707089734207,0.3707438000710681,
f11610890cf1,2026-09-25T10:52:12,tamzeed,master,paper_asian_geo,call,exact,plain,{},65536,252,19,856222764,LAPTOP-G689CP2J_AMD64,2.987996903855897,0.022850382194907766,2.9432109777209026,3.0327828299908917,3.000200360178781,0.012203456322883888,0.46908200008329004,
43e56c5fca25,2026-09-25T10:52:12,tamzeed,master,paper_asian_geo,call,exact,antithetic,{},65536,252,19,2640662552,LAPTOP-G689CP2J_AMD64,3.006281652407851,0.01984544324348738,2.9673852983933817,3.04517800642232,3.000200360178781,0.006081292229069835,0.5151442000642419,"{""pairs"": 32768, ""rho_pair"": -0.25934929235907367}"
b0d0278f4ac2,2026-09-25T10:52:13,tamzeed,master,paper_asian_geo,call,exact,rqmc,{},65536,252,19,1799336339,LAPTOP-G689CP2J_AMD64,2.9993012623380233,nan,nan,nan,3.000200360178781,0.000899097840757701,1.0205010999925435,"{""construction"": ""bridge"", ""sobol_dim"": 252, ""naive_iid_se"": 0.02292731487129075, ""se_valid"": false}"
c28264e2e432,2026-09-25T10:52:14,tamzeed,master,asian_arith,call,exact,control_variate,{},65536,252,19,3847425852,LAPTOP-G689CP2J_AMD64,3.163111441467756,0.0007685258720164104,3.1616051584374163,3.1646177244980955,,,0.5630615999689326,"{""control"": ""geometric_asian"", ""control_mean"": 3.000200360178781, ""b_hat"": 1.046365332237353, ""rho"": 0.9994953086356417, ""pilot_rho"": 0.9995175389556359, ""pilot_paths"": 6554, ""total_paths_simulated"": 72090, ""plain_std_error"": 0.02419174613528127, ""observed_vrf"": 990.8717530729556, ""theoretical_vrf"": 990.9545516480904}"
17eeb58ddb8e,2026-09-25T10:52:14,tamzeed,master,asian_arith,call,exact,antithetic,{},65536,252,19,4132810273,LAPTOP-G689CP2J_AMD64,3.1642241236995976,0.020566595004069595,3.123914338207,3.2045339091921954,,,0.3720519000198692,"{""pairs"": 32768, ""rho_pair"": -0.2653257395534158}"
0b3a22830d72,2026-09-25T10:52:15,tamzeed,master,paper_barrier,call,exact,control_variate,{},65536,252,19,1349464335,LAPTOP-G689CP2J_AMD64,7.094101331786921,0.0012459305884304252,7.09165935270636,7.096543310867482,7.1055282627933245,0.011426931006403684,0.5073106000199914,"{""control"": ""european_terminal"", ""control_mean"": 7.1280646692617395, ""b_hat"": 1.0008873006179646, ""rho"": 0.9996758330945693, ""pilot_rho"": 0.9996800932336569, ""pilot_paths"": 6554, ""total_paths_simulated"": 72090, ""plain_std_error"": 0.04893613988477856, ""observed_vrf"": 1542.6653379518252, ""theoretical_vrf"": 1542.6653569080445}"
99a5221cd7d1,2026-09-25T10:52:15,tamzeed,master,asian_arith,call,exact,rqmc,{},65536,252,19,2390889947,LAPTOP-G689CP2J_AMD64,3.1633552372626115,nan,nan,nan,,,0.8940146999666467,"{""construction"": ""bridge"", ""sobol_dim"": 252, ""naive_iid_se"": 0.02398807940146433, ""se_valid"": false}"
045a523731dc,2026-09-25T10:52:16,tamzeed,master,deep_barrier,call,exact,importance,{},65536,252,19,1793321218,LAPTOP-G689CP2J_AMD64,3.3790234389320464,0.014352190077965909,3.35089366327996,3.407153214584133,3.545320563728301,0.1662971247962548,0.5355762999970466,"{""theta"": 1.6323611831060643, ""theta0"": 1.6323611831060643, ""ESS"": 5003.828544350623, ""ESS_frac"": 0.07635236426316258, ""max_weight"": 246.86259824168968, ""max_weight_share"": 0.003811986050718437, ""mean_weight"": 0.9881527014719009, ""hit_rate_proposal"": 0.5926513671875, ""pilot_paths"": 10000, ""total_paths_simulated"": 75536, ""theta_grid"": [[0.0, 143.36625777139912], [0.40809029577651607, 67.54464749219828], [0.8161805915530321, 39.345563808456866], [1.2242708873295483, 28.180420244541654], [1.6323611831060643, 24.714120326407645], [2.0404514788825803, 26.46039954598971], [2.4485417746590965, 34.51528254676449]]}"
6f38bfcdb4b7,2026-09-25T10:52:16,tamzeed,master,asian_arith,call,exact,plain,{},65536,252,19,2495143841,LAPTOP-G689CP2J_AMD64,3.173320868712862,0.024033590715520026,3.1262158964912667,3.2204258409344573,,,0.4282072000205517,
1aa120e3af36,2026-09-25T10:52:17,tamzeed,master,deep_barrier,call,exact,antithetic,{},65536,252,19,1460369041,LAPTOP-G689CP2J_AMD64,3.4659334695699333,0.04328738355102515,3.3810917568249526,3.550775182314914,3.545320563728301,0.07938709415836787,0.40584740007761866,"{""pairs"": 32768, ""rho_pair"": -0.08910839322956207}"
1305db8b8942,2026-09-25T10:52:18,tamzeed,master,paper_barrier,call,exact,rqmc,{},65536,252,19,847080780,LAPTOP-G689CP2J_AMD64,7.093922654949193,nan,nan,nan,7.1055282627933245,0.011605607844131782,0.9661635999800637,"{""construction"": ""bridge"", ""sobol_dim"": 252, ""naive_iid_se"": 0.049013628099411934, ""se_valid"": false}"
dd9036175c1b,2026-09-25T10:52:18,tamzeed,master,paper_barrier,call,exact,antithetic,{},65536,252,19,2294668603,LAPTOP-G689CP2J_AMD64,7.046944336597328,0.04032597103484231,6.967906885727431,7.125981787467224,7.1055282627933245,0.05858392619599684,0.34023339999839664,"{""pairs"": 32768, ""rho_pair"": -0.31786134794621046}"
c32ad333670c,2026-09-25T10:52:19,tamzeed,master,deep_barrier,call,exact,rqmc,{},65536,252,19,2349934466,LAPTOP-G689CP2J_AMD64,3.3799964380348553,nan,nan,nan,3.545320563728301,0.1653241256934459,0.8978266000049189,"{""construction"": ""bridge"", ""sobol_dim"": 252, ""naive_iid_se"": 0.04496192802060917, ""se_valid"": false}"
2fea69965fc4,2026-09-25T10:52:19,tamzeed,master,paper_barrier,call,exact,importance,{},65536,252,19,3093962452,LAPTOP-G689CP2J_AMD64,7.12001392554733,0.022836889533624356,7.075254444542506,7.164773406552153,7.1055282627933245,0.01448566275400509,0.4570028999587521,"{""theta"": 0.6858575284033614, ""theta0"": 0.45723835226890763, ""ESS"": 40776.62255890155, ""ESS_frac"": 0.6222018823074578, ""max_weight"": 15.174511977142783, ""max_weight_share"": 0.0002322369585573592, ""mean_weight"": 0.9970190740696139, ""hit_rate_proposal"": 0.6754150390625, ""pilot_paths"": 10000, ""total_paths_simulated"": 75536, ""theta_grid"": [[0.0, 202.81104559823274], [0.11430958806722691, 167.37689423710202], [0.22861917613445382, 140.69480465871015], [0.3429287642016807, 120.43683299847957], [0.45723835226890763, 104.96900330490139], [0.5715479403361345, 93.1337247081006], [0.6858575284033614, 84.10517485514401]]}"
73462089a7c7,2026-09-25T10:52:20,tamzeed,master,deep_barrier,call,exact,plain,{},65536,252,19,3748572660,LAPTOP-G689CP2J_AMD64,3.358545639798029,0.04461489703657127,3.2711020484323865,3.4459892311636717,3.545320563728301,0.18677492393027206,0.3957378000486642,
ccd0106e590d,2026-09-25T10:52:20,tamzeed,master,deep_barrier,call,exact,control_variate,{},65536,252,19,2877691758,LAPTOP-G689CP2J_AMD64,3.3745675151364605,0.02505151725197703,3.3254674435645017,3.423667586708419,3.545320563728301,0.1707530485918407,0.4520384999923408,"{""control"": ""european_terminal"", ""control_mean"": 7.1280646692617395, ""b_hat"": 0.7385574686817452, ""rho"": 0.831110433562126, ""pilot_rho"": 0.8153991807103133, ""pilot_paths"": 6554, ""total_paths_simulated"": 72090, ""plain_std_error"": 0.0449923608067534, ""observed_vrf"": 3.225592459486819, ""theoretical_vrf"": 3.2335727922525934}"
