run_id,timestamp,person,experiment_id,scenario,option_type,scheme,method,method_params,n_paths,n_steps,replicate_id,seed,machine_id,price,std_error,ci_low,ci_high,exact_price,abs_error,runtime_sec,extra_json
13442935d188,2026-09-25T10:56:59,tamzeed,importance,deep_barrier,call,exact,plain,{},256,252,0,2218750657,LAPTOP-G689CP2J_AMD64,3.3270433960772006,0.7784770147788247,1.8012564843184489,4.852830307835952,3.545320563728301,0.2182771676511006,0.0016329999780282378,
5073f8b5d0e8,2026-09-25T10:56:59,tamzeed,importance,deep_barrier,call,exact,plain,{},256,252,1,2600617221,LAPTOP-G689CP2J_AMD64,3.3429064458950424,0.7638401418948698,1.845807277835133,4.840005613954951,3.545320563728301,0.2024141178332588,0.0011631000088527799,
52acb013c189,2026-09-25T10:56:59,tamzeed,importance,deep_barrier,call,exact,plain,{},256,252,2,2476107983,LAPTOP-G689CP2J_AMD64,3.8918616969437494,0.7411441174980165,2.4392459192939153,5.3444774745935835,3.545320563728301,0.3465411332154482,0.0010997999925166368,
3555fff0ce99,2026-09-25T10:56:59,tamzeed,importance,deep_barrier,call,exact,plain,{},256,252,3,3920014039,LAPTOP-G689CP2J_AMD64,4.133097198212221,0.8314208636960619,2.5035422493727544,5.762652147051687,3.545320563728301,0.5877766344839199,0.001101300003938377,
a65f41359df7,2026-09-25T10:56:59,tamzeed,importance,deep_barrier,call,exact,plain,{},256,252,4,2547304496,LAPTOP-G689CP2J_AMD64,4.268463733535758,0.8133616089050415,2.674304273674324,5.862623193397193,3.545320563728301,0.7231431698074569,0.0011362000368535519,
54e7e1ea18f6,2026-09-25T10:56:59,tamzeed,importance,deep_barrier,call,exact,plain,{},256,252,5,3259067937,LAPTOP-G689CP2J_AMD64,3.4850006259203727,0.6729154003997705,2.1661106764944726,4.803890575346273,3.545320563728301,0.060319937807928437,0.0018285000696778297,
2ba6910d902a,2026-09-25T10:56:59,tamzeed,importance,deep_barrier,call,exact,plain,{},256,252,6,2818861659,LAPTOP-G689CP2J_AMD64,4.367628132199078,0.8548052801482281,2.6922405693138796,6.043015695084277,3.545320563728301,0.822307568470777,0.0012617999454960227,
0f711fd2e283,2026-09-25T10:56:59,tamzeed,importance,deep_barrier,call,exact,plain,{},256,252,7,211602916,LAPTOP-G689CP2J_AMD64,4.79230209282298,0.8479014319055511,3.1304458238481585,6.454158361797801,3.545320563728301,1.2469815290946786,0.0011888999724760652,
72895444e9d3,2026-09-25T10:56:59,tamzeed,importance,deep_barrier,call,exact,plain,{},256,252,8,3309077905,LAPTOP-G689CP2J_AMD64,3.7005231229355644,0.7818587840472159,2.1681080652067415,5.232938180664387,3.545320563728301,0.15520255920726322,0.0011537999380379915,
6f90e20d87ad,2026-09-25T10:56:59,tamzeed,importance,deep_barrier,call,exact,plain,{},256,252,9,4213180609,LAPTOP-G689CP2J_AMD64,3.8998639185689417,0.7677510800019299,2.3950994526734295,5.404628384464454,3.545320563728301,0.3545433548406405,0.001084199990145862,
65738d6a77c4,2026-09-25T10:56:59,tamzeed,importance,deep_barrier,call,exact,plain,{},256,252,10,3146718625,LAPTOP-G689CP2J_AMD64,2.015799178429204,0.5300328381097956,0.9769539051104557,3.0546444517479525,3.545320563728301,1.529521385299097,0.001157199963927269,
37b839524609,2026-09-25T10:56:59,tamzeed,importance,deep_barrier,call,exact,plain,{},256,252,11,3812374893,LAPTOP-G689CP2J_AMD64,3.657320505267989,0.8115084774141879,2.0667931163872453,5.247847894148733,3.545320563728301,0.11199994153968795,0.001145999995060265,
f91e3e0d2592,2026-09-25T10:56:59,tamzeed,importance,deep_barrier,call,exact,plain,{},256,252,12,4155918481,LAPTOP-G689CP2J_AMD64,4.0214604752281256,0.8252157599915088,2.404067306169919,5.638853644286332,3.545320563728301,0.4761399114998244,0.0011389999417588115,
ae7c432b755a,2026-09-25T10:56:59,tamzeed,importance,deep_barrier,call,exact,plain,{},256,252,13,1805716653,LAPTOP-G689CP2J_AMD64,1.474624577301844,0.48884605939407405,0.5165039069051307,2.4327452476985574,3.545320563728301,2.070695986426457,0.0011081999400630593,
921b6f165ac0,2026-09-25T10:56:59,tamzeed,importance,deep_barrier,call,exact,plain,{},256,252,14,3443121333,LAPTOP-G689CP2J_AMD64,4.012689844814042,0.8636846495452599,2.319899037705234,5.70548065192285,3.545320563728301,0.4673692810857406,0.002060699975118041,
e15556eae9f7,2026-09-25T10:56:59,tamzeed,importance,deep_barrier,call,exact,plain,{},256,252,15,1725201848,LAPTOP-G689CP2J_AMD64,3.0253346990744308,0.7036785635313753,1.646150057860055,4.4045193402888065,3.545320563728301,0.5199858646538704,0.001244500046595931,
643b890d699b,2026-09-25T10:56:59,tamzeed,importance,deep_barrier,call,exact,plain,{},256,252,16,2369303121,LAPTOP-G689CP2J_AMD64,2.833592027142554,0.7026830339889633,1.4563585879768512,4.210825466308257,3.545320563728301,0.7117285365857473,0.0015043000457808375,
ac671f127ce9,2026-09-25T10:56:59,tamzeed,importance,deep_barrier,call,exact,plain,{},256,252,17,1530507833,LAPTOP-G689CP2J_AMD64,3.818879517727829,0.8452818463508567,2.16215754209463,5.475601493361028,3.545320563728301,0.2735589539995278,0.001124400063417852,
531c3ac87603,2026-09-25T10:56:59,tamzeed,importance,deep_barrier,call,exact,plain,{},256,252,18,591591750,LAPTOP-G689CP2J_AMD64,3.4793619949313594,0.7320743540107846,2.0445226270647963,4.914201362797923,3.545320563728301,0.06595856879694173,0.0011309999972581863,
df9e8c6be369,2026-09-25T10:56:59,tamzeed,importance,deep_barrier,call,exact,plain,{},256,252,19,2337758514,LAPTOP-G689CP2J_AMD64,2.90330867476783,0.6306413457409286,1.667274349953738,4.139342999581922,3.545320563728301,0.6420118889604711,0.0011538000544533134,
83ae1ea53d7e,2026-09-25T10:56:59,tamzeed,importance,deep_barrier,call,exact,plain,{},1024,252,0,4209462998,LAPTOP-G689CP2J_AMD64,3.1611315184107083,0.34410271643825424,2.486702587209331,3.8355604496120854,3.545320563728301,0.3841890453175929,0.010293399915099144,
f84e396c1214,2026-09-25T10:56:59,tamzeed,importance,deep_barrier,call,exact,plain,{},1024,252,1,3457787121,LAPTOP-G689CP2J_AMD64,3.816255837984584,0.37401182405709066,3.0832061330405547,4.549305542928613,3.545320563728301,0.2709352742562827,0.006712100002914667,
1cd8fad99471,2026-09-25T10:56:59,tamzeed,importance,deep_barrier,call,exact,plain,{},1024,252,2,3455732733,LAPTOP-G689CP2J_AMD64,3.300217704524094,0.34417864898026823,2.625639948275115,3.9747954607730733,3.545320563728301,0.24510285920420705,0.007535299984738231,
e373b413a881,2026-09-25T10:56:59,tamzeed,importance,deep_barrier,call,exact,plain,{},1024,252,3,143946731,LAPTOP-G689CP2J_AMD64,4.028287434370477,0.40377700499069286,3.2368990468032695,4.819675821937684,3.545320563728301,0.4829668706421759,0.006528600002638996,
fbcf9cd7b228,2026-09-25T10:56:59,tamzeed,importance,deep_barrier,call,exact,plain,{},1024,252,4,1216920617,LAPTOP-G689CP2J_AMD64,3.1973384003756142,0.35596848902641604,2.499652982252697,3.8950238184985313,3.545320563728301,0.34798216335268695,0.007534899981692433,
4d186f9cef99,2026-09-25T10:56:59,tamzeed,importance,deep_barrier,call,exact,plain,{},1024,252,5,665066998,LAPTOP-G689CP2J_AMD64,3.572074118302421,0.35776921300814535,2.870859346029217,4.273288890575625,3.545320563728301,0.026753554574119764,0.006516499910503626,
c8b6bcd88d0d,2026-09-25T10:56:59,tamzeed,importance,deep_barrier,call,exact,plain,{},1024,252,6,1470702389,LAPTOP-G689CP2J_AMD64,3.0862574675571763,0.3280564514361964,2.443278637846218,3.7292362972681348,3.545320563728301,0.45906309617112484,0.00678269995842129,
ecc576f4f0cb,2026-09-25T10:57:00,tamzeed,importance,deep_barrier,call,exact,plain,{},1024,252,7,1589458647,LAPTOP-G689CP2J_AMD64,3.364549383118022,0.35203446603602606,2.674574508370622,4.054524257865422,3.545320563728301,0.1807711806102792,0.006135000032372773,
374bcead1734,2026-09-25T10:57:00,tamzeed,importance,deep_barrier,call,exact,plain,{},1024,252,8,4087455474,LAPTOP-G689CP2J_AMD64,3.2309482092569137,0.35581704648719237,2.5335596130566023,3.928336805457225,3.545320563728301,0.31437235447138745,0.0062188999727368355,
f9a67dc20f7f,2026-09-25T10:57:00,tamzeed,importance,deep_barrier,call,exact,plain,{},1024,252,9,1972677952,LAPTOP-G689CP2J_AMD64,2.7237101405893824,0.31883377736728064,2.0988074198946505,3.3486128612841144,3.545320563728301,0.8216104231389187,0.009087900049053133,
51ae7f67538e,2026-09-25T10:57:00,tamzeed,importance,deep_barrier,call,exact,plain,{},1024,252,10,699034023,LAPTOP-G689CP2J_AMD64,3.2415356971819445,0.3443222818957416,2.566676425591643,3.916394968772246,3.545320563728301,0.3037848665463567,0.007063299999572337,
2fdfc9dd2156,2026-09-25T10:57:00,tamzeed,importance,deep_barrier,call,exact,plain,{},1024,252,11,3123187714,LAPTOP-G689CP2J_AMD64,3.485573492424549,0.3508134125678724,2.797991838497928,4.173155146351171,3.545320563728301,0.05974707130375201,0.0064495999831706285,
4b512816b91c,2026-09-25T10:57:00,tamzeed,importance,deep_barrier,call,exact,plain,{},1024,252,12,232060754,LAPTOP-G689CP2J_AMD64,3.3714447565855328,0.35777252537387416,2.670223492194797,4.072666020976269,3.545320563728301,0.1738758071427684,0.00795180001296103,
614bd038f16b,2026-09-25T10:57:00,tamzeed,importance,deep_barrier,call,exact,plain,{},1024,252,13,1845995457,LAPTOP-G689CP2J_AMD64,3.9026837085605903,0.3943603097642278,3.129751704490644,4.675615712630536,3.545320563728301,0.35736314483228915,0.007447300013154745,
fc4316979d6f,2026-09-25T10:57:00,tamzeed,importance,deep_barrier,call,exact,plain,{},1024,252,14,1064925151,LAPTOP-G689CP2J_AMD64,3.4684638070201643,0.36213572341557787,2.7586908316102736,4.178236782430055,3.545320563728301,0.07685675670813685,0.006296599982306361,
c22926a448bb,2026-09-25T10:57:00,tamzeed,importance,deep_barrier,call,exact,plain,{},1024,252,15,2657595013,LAPTOP-G689CP2J_AMD64,3.272785302692533,0.34686519525599396,2.5929420125003313,3.952628592884735,3.545320563728301,0.2725352610357681,0.006922199972905219,
f652db60ddad,2026-09-25T10:57:00,tamzeed,importance,deep_barrier,call,exact,plain,{},1024,252,16,1590088189,LAPTOP-G689CP2J_AMD64,3.4894519010884695,0.36466345216450335,2.7747246683679982,4.204179133808941,3.545320563728301,0.0558686626398317,0.006041900021955371,
a895afe0ecf6,2026-09-25T10:57:00,tamzeed,importance,deep_barrier,call,exact,plain,{},1024,252,17,3459141084,LAPTOP-G689CP2J_AMD64,3.784381641549631,0.3825183816409885,3.034659390108746,4.534103892990516,3.545320563728301,0.2390610778213298,0.006444100057706237,
d64da696afdc,2026-09-25T10:57:00,tamzeed,importance,deep_barrier,call,exact,plain,{},1024,252,18,991662645,LAPTOP-G689CP2J_AMD64,3.6001593574003463,0.3696451539200821,2.8756681686572207,4.324650546143472,3.545320563728301,0.05483879367204514,0.009681300027295947,
d79731915367,2026-09-25T10:57:00,tamzeed,importance,deep_barrier,call,exact,plain,{},1024,252,19,3653351650,LAPTOP-G689CP2J_AMD64,2.7551131065344343,0.3328159335657522,2.102805863264485,3.407420349804384,3.545320563728301,0.7902074571938669,0.006823200033977628,
c07db574af0b,2026-09-25T10:57:00,tamzeed,importance,deep_barrier,call,exact,plain,{},4096,252,0,3443397222,LAPTOP-G689CP2J_AMD64,3.6871232584255225,0.18469343144807526,3.3251307846061775,4.049115732244867,3.545320563728301,0.1418026946972213,0.02516650001052767,
d97c30fa8e92,2026-09-25T10:57:00,tamzeed,importance,deep_barrier,call,exact,plain,{},4096,252,1,527847653,LAPTOP-G689CP2J_AMD64,3.5100167495634613,0.1841824836408444,3.1490257150442686,3.871007784082654,3.545320563728301,0.03530381416483985,0.02659039990976453,
07895a46caba,2026-09-25T10:57:00,tamzeed,importance,deep_barrier,call,exact,plain,{},4096,252,2,887838974,LAPTOP-G689CP2J_AMD64,3.192378939031987,0.17371407139828196,2.8519056154835347,3.5328522625804393,3.545320563728301,0.3529416246963142,0.02809539996087551,
6fabb202624e,2026-09-25T10:57:00,tamzeed,importance,deep_barrier,call,exact,plain,{},4096,252,3,671986384,LAPTOP-G689CP2J_AMD64,3.3355613035542504,0.17605692170293613,2.9904960777875074,3.6806265293209934,3.545320563728301,0.20975926017405078,0.027264000033028424,
72afb2ab809d,2026-09-25T10:57:00,tamzeed,importance,deep_barrier,call,exact,plain,{},4096,252,4,3258622656,LAPTOP-G689CP2J_AMD64,3.4158724211968043,0.18252597840200438,3.05812807728594,3.773616765107669,3.545320563728301,0.12944814253149683,0.03335809998679906,
0b831bc039f5,2026-09-25T10:57:00,tamzeed,importance,deep_barrier,call,exact,plain,{},4096,252,5,2594763370,LAPTOP-G689CP2J_AMD64,3.213405413117979,0.17533357147251702,2.869757927751066,3.5570528984848915,3.545320563728301,0.3319151506103224,0.03385149990208447,
daf2a78a76ca,2026-09-25T10:57:00,tamzeed,importance,deep_barrier,call,exact,plain,{},4096,252,6,2482607122,LAPTOP-G689CP2J_AMD64,3.585521597387787,0.18492875841130987,3.223067891195911,3.947975303579663,3.545320563728301,0.04020103365948602,0.030567700043320656,
1bfe6999fab5,2026-09-25T10:57:00,tamzeed,importance,deep_barrier,call,exact,plain,{},4096,252,7,3257197326,LAPTOP-G689CP2J_AMD64,3.2963510189115435,0.17752525610038897,2.9484079106085317,3.6442941272145553,3.545320563728301,0.2489695448167577,0.029450400033965707,
8ece5f1176fb,2026-09-25T10:57:00,tamzeed,importance,deep_barrier,call,exact,plain,{},4096,252,8,1481866322,LAPTOP-G689CP2J_AMD64,3.7663099127545534,0.18972406115503937,3.3944575858900015,4.138162239619105,3.545320563728301,0.22098934902625222,0.03271540009882301,
f25fe5106a6e,2026-09-25T10:57:00,tamzeed,importance,deep_barrier,call,exact,plain,{},4096,252,9,1643198988,LAPTOP-G689CP2J_AMD64,3.3319576228791363,0.1763457685515621,2.9863262676920383,3.6775889780662343,3.545320563728301,0.21336294084916485,0.027865099953487515,
c5a684d13f84,2026-09-25T10:57:00,tamzeed,importance,deep_barrier,call,exact,plain,{},4096,252,10,1397952663,LAPTOP-G689CP2J_AMD64,3.3597860432577873,0.18110462850341935,3.0048274939575794,3.714744592557995,3.545320563728301,0.1855345204705139,0.026177299907431006,
62fc518b3b54,2026-09-25T10:57:00,tamzeed,importance,deep_barrier,call,exact,plain,{},4096,252,11,457186365,LAPTOP-G689CP2J_AMD64,3.6003876740827323,0.18359996644029838,3.240538352296985,3.9602369958684798,3.545320563728301,0.055067110354431126,0.027535900007933378,
4e80e2081237,2026-09-25T10:57:00,tamzeed,importance,deep_barrier,call,exact,plain,{},4096,252,12,2034206832,LAPTOP-G689CP2J_AMD64,3.58539496458837,0.18385046827142906,3.225054668235545,3.945735260941195,3.545320563728301,0.04007440086006886,0.026967700105160475,
1737214a1afe,2026-09-25T10:57:00,tamzeed,importance,deep_barrier,call,exact,plain,{},4096,252,13,809133109,LAPTOP-G689CP2J_AMD64,3.551896710911164,0.18735350301964676,3.18469059261524,3.919102829207088,3.545320563728301,0.006576147182862702,0.02763340005185455,
a73c1b8b914d,2026-09-25T10:57:00,tamzeed,importance,deep_barrier,call,exact,plain,{},4096,252,14,2881373328,LAPTOP-G689CP2J_AMD64,3.5573587316191198,0.18369501546373967,3.1973231171706615,3.917394346067578,3.545320563728301,0.012038167890818574,0.02742159995250404,
a60f7a66e6b8,2026-09-25T10:57:00,tamzeed,importance,deep_barrier,call,exact,plain,{},4096,252,15,3188988518,LAPTOP-G689CP2J_AMD64,3.2471813892402857,0.1755132224569016,2.9031817944141918,3.5911809840663795,3.545320563728301,0.2981391744880155,0.02825570001732558,
ca57879885ee,2026-09-25T10:57:00,tamzeed,importance,deep_barrier,call,exact,plain,{},4096,252,16,21007997,LAPTOP-G689CP2J_AMD64,2.9691463135256635,0.16912460304561308,2.6376681826566286,3.3006244443946984,3.545320563728301,0.5761742502026377,0.026515200035646558,
fb55bec16ec2,2026-09-25T10:57:00,tamzeed,importance,deep_barrier,call,exact,plain,{},4096,252,17,423886886,LAPTOP-G689CP2J_AMD64,3.549924727231722,0.1853095126132283,3.1867247565171235,3.91312469794632,3.545320563728301,0.004604163503420633,0.02630580007098615,
05e329666221,2026-09-25T10:57:00,tamzeed,importance,deep_barrier,call,exact,plain,{},4096,252,18,1753345191,LAPTOP-G689CP2J_AMD64,3.3322980228883203,0.1769637310920191,2.985455483378132,3.6791405623985085,3.545320563728301,0.21302254083998085,0.028078699950128794,
2900a3122883,2026-09-25T10:57:00,tamzeed,importance,deep_barrier,call,exact,plain,{},4096,252,19,3085657562,LAPTOP-G689CP2J_AMD64,3.2913953371649844,0.17930224116444043,2.939969402135366,3.642821272194603,3.545320563728301,0.25392522656331673,0.028274100041016936,
c99c22cd5464,2026-09-25T10:57:00,tamzeed,importance,deep_barrier,call,exact,plain,{},16384,252,0,367068113,LAPTOP-G689CP2J_AMD64,3.2412448910202376,0.08855240124299944,3.067685373839419,3.4148044082010562,3.545320563728301,0.30407567270806357,0.11391830001957715,
c8e3663438aa,2026-09-25T10:57:00,tamzeed,importance,deep_barrier,call,exact,plain,{},16384,252,1,1943279789,LAPTOP-G689CP2J_AMD64,3.403056652958609,0.09053675804879614,3.2256078679059517,3.580505438011266,3.545320563728301,0.14226391076969236,0.10743070009630173,
a9c9f1e94d47,2026-09-25T10:57:01,tamzeed,importance,deep_barrier,call,exact,plain,{},16384,252,2,3083016883,LAPTOP-G689CP2J_AMD64,3.544995632151073,0.09324310961090448,3.3622424955071795,3.7277487687949664,3.545320563728301,0.00032493157722823796,0.09745549992658198,
334076ff5de0,2026-09-25T10:57:01,tamzeed,importance,deep_barrier,call,exact,plain,{},16384,252,3,1697304464,LAPTOP-G689CP2J_AMD64,3.3262515906191172,0.0894014977502431,3.151027874864702,3.5014753063735324,3.545320563728301,0.21906897310918394,0.09943569998722523,
9c8a61802281,2026-09-25T10:57:01,tamzeed,importance,deep_barrier,call,exact,plain,{},16384,252,4,2577691530,LAPTOP-G689CP2J_AMD64,3.5143476533542843,0.09144886218915596,3.3351111770363717,3.693584129672197,3.545320563728301,0.030972910374016838,0.10127829993143678,
99c7945f2ba6,2026-09-25T10:57:01,tamzeed,importance,deep_barrier,call,exact,plain,{},16384,252,5,136999605,LAPTOP-G689CP2J_AMD64,3.44921273447145,0.09008260737394205,3.2726540683850613,3.6257714005578388,3.545320563728301,0.09610782925685113,0.11098499991931021,
e39138b75358,2026-09-25T10:57:01,tamzeed,importance,deep_barrier,call,exact,plain,{},16384,252,6,1207019700,LAPTOP-G689CP2J_AMD64,3.4560658921328464,0.09012403866739932,3.2794260222034484,3.6327057620622445,3.545320563728301,0.08925467159545475,0.09897809999529272,
0f851bc4bbf7,2026-09-25T10:57:01,tamzeed,importance,deep_barrier,call,exact,plain,{},16384,252,7,1517615189,LAPTOP-G689CP2J_AMD64,3.3452533770178476,0.09074281752510771,3.1674007228129466,3.5231060312227487,3.545320563728301,0.20006718671045354,0.10009110008832067,
79e0bea74c28,2026-09-25T10:57:01,tamzeed,importance,deep_barrier,call,exact,plain,{},16384,252,8,1338161932,LAPTOP-G689CP2J_AMD64,3.4451121325494936,0.09018590057172829,3.268351015515596,3.621873249583391,3.545320563728301,0.10020843117880762,0.09736979997251183,
5d5c177decd8,2026-09-25T10:57:01,tamzeed,importance,deep_barrier,call,exact,plain,{},16384,252,9,2991680178,LAPTOP-G689CP2J_AMD64,3.3811219922193674,0.0897356410776359,3.2052433675775878,3.557000616861147,3.545320563728301,0.1641985715089338,0.09316869999747723,
410f7bd1015d,2026-09-25T10:57:01,tamzeed,importance,deep_barrier,call,exact,plain,{},16384,252,10,2031706621,LAPTOP-G689CP2J_AMD64,3.327971337707697,0.08914271332467485,3.1532548301071555,3.502687845308239,3.545320563728301,0.21734922602060402,0.10002350003924221,
c2c6b3928df0,2026-09-25T10:57:01,tamzeed,importance,deep_barrier,call,exact,plain,{},16384,252,11,2639932613,LAPTOP-G689CP2J_AMD64,3.453045647429439,0.09072573610431396,3.275226472194098,3.6308648226647797,3.545320563728301,0.09227491629886231,0.09914730000309646,
ee81eca01037,2026-09-25T10:57:02,tamzeed,importance,deep_barrier,call,exact,plain,{},16384,252,12,283292895,LAPTOP-G689CP2J_AMD64,3.237031898254923,0.08710174748036513,3.066315610202905,3.4077481863069408,3.545320563728301,0.3082886654733783,0.10457149997819215,
c9af53ffd788,2026-09-25T10:57:02,tamzeed,importance,deep_barrier,call,exact,plain,{},16384,252,13,876715516,LAPTOP-G689CP2J_AMD64,3.3371678007835124,0.08907348140964079,3.1625869852430184,3.5117486163240064,3.545320563728301,0.2081527629447888,0.09852949995547533,
be0f39dadeb6,2026-09-25T10:57:02,tamzeed,importance,deep_barrier,call,exact,plain,{},16384,252,14,2605832770,LAPTOP-G689CP2J_AMD64,3.445006688746913,0.09096477067800085,3.2667190143560862,3.62329436313774,3.545320563728301,0.10031387498138811,0.10481330007314682,
4173a7127c25,2026-09-25T10:57:02,tamzeed,importance,deep_barrier,call,exact,plain,{},16384,252,15,1442625779,LAPTOP-G689CP2J_AMD64,3.3315612573867437,0.08996627488429003,3.155230598790305,3.5078919159831825,3.545320563728301,0.2137593063415575,0.1603352000238374,
462f7461cee2,2026-09-25T10:57:02,tamzeed,importance,deep_barrier,call,exact,plain,{},16384,252,16,2498346335,LAPTOP-G689CP2J_AMD64,3.4561192187850542,0.09043818087165276,3.2788636414492958,3.6333747961208127,3.545320563728301,0.08920134494324694,0.09300699993036687,
ce1380268ac2,2026-09-25T10:57:02,tamzeed,importance,deep_barrier,call,exact,plain,{},16384,252,17,3910968565,LAPTOP-G689CP2J_AMD64,3.3662677341269998,0.08976958083553113,3.190322588782102,3.5422128794718977,3.545320563728301,0.17905282960130142,0.09232450008857995,
39023cdd5366,2026-09-25T10:57:02,tamzeed,importance,deep_barrier,call,exact,plain,{},16384,252,18,2532606830,LAPTOP-G689CP2J_AMD64,3.3542036402560353,0.08934887399355618,3.1790830651694577,3.529324215342613,3.545320563728301,0.19111692347226583,0.09515840001404285,
073b9b3e3ae8,2026-09-25T10:57:02,tamzeed,importance,deep_barrier,call,exact,plain,{},16384,252,19,3386391628,LAPTOP-G689CP2J_AMD64,3.33318900739927,0.09044563364960383,3.1559188228871426,3.5104591919113974,3.545320563728301,0.21213155632903113,0.0914609000319615,
f78572df6250,2026-09-25T10:57:03,tamzeed,importance,deep_barrier,call,exact,plain,{},65536,252,0,1214318734,LAPTOP-G689CP2J_AMD64,3.451449105448089,0.04540560634316479,3.3624557523192826,3.5404424585768957,3.545320563728301,0.09387145828021204,0.37914330000057817,
3392c54d766a,2026-09-25T10:57:03,tamzeed,importance,deep_barrier,call,exact,plain,{},65536,252,1,2704599808,LAPTOP-G689CP2J_AMD64,3.358354750485005,0.044805210470943296,3.2705381516422194,3.446171349327791,3.545320563728301,0.1869658132432961,0.3816260000457987,
cdc6c1f159ec,2026-09-25T10:57:03,tamzeed,importance,deep_barrier,call,exact,plain,{},65536,252,2,1227474036,LAPTOP-G689CP2J_AMD64,3.4424314347534923,0.04529838775509832,3.3536482261957694,3.5312146433112153,3.545320563728301,0.10288912897480884,0.4129217000445351,
cf0031b38b87,2026-09-25T10:57:04,tamzeed,importance,deep_barrier,call,exact,plain,{},65536,252,3,3114741963,LAPTOP-G689CP2J_AMD64,3.4047374543611046,0.04507971544756378,3.3163828356505656,3.4930920730716437,3.545320563728301,0.14058310936719653,0.4027908999705687,
729c76688ca4,2026-09-25T10:57:04,tamzeed,importance,deep_barrier,call,exact,plain,{},65536,252,4,2221192327,LAPTOP-G689CP2J_AMD64,3.2748605226003837,0.04425380706799069,3.188124654568338,3.3615963906324295,3.545320563728301,0.27046004112791744,0.3940831000218168,
0f0ef5d4afa7,2026-09-25T10:57:05,tamzeed,importance,deep_barrier,call,exact,plain,{},65536,252,5,907803241,LAPTOP-G689CP2J_AMD64,3.429873138881275,0.045312826445654084,3.341061631010079,3.518684646752471,3.545320563728301,0.11544742484702608,0.39013239997439086,
33164ba4aeac,2026-09-25T10:57:05,tamzeed,importance,deep_barrier,call,exact,plain,{},65536,252,6,2028038129,LAPTOP-G689CP2J_AMD64,3.4106877483052718,0.044947933036283125,3.3225914183746386,3.498784078235905,3.545320563728301,0.1346328154230294,0.46148910000920296,
b6a29426a73a,2026-09-25T10:57:06,tamzeed,importance,deep_barrier,call,exact,plain,{},65536,252,7,4282539623,LAPTOP-G689CP2J_AMD64,3.440670728403432,0.04537280708091743,3.3517416606473502,3.529599796159514,3.545320563728301,0.10464983532486904,0.5112623000750318,
6e2c0393128a,2026-09-25T10:57:06,tamzeed,importance,deep_barrier,call,exact,plain,{},65536,252,8,770264760,LAPTOP-G689CP2J_AMD64,3.3918673103384234,0.04511097619771576,3.303451421683457,3.48028319899339,3.545320563728301,0.1534532533898778,0.3998553999699652,
ba1b5ca8f8b6,2026-09-25T10:57:06,tamzeed,importance,deep_barrier,call,exact,plain,{},65536,252,9,3759389935,LAPTOP-G689CP2J_AMD64,3.3881263558569836,0.044963222874642536,3.3000000583938367,3.4762526533201306,3.545320563728301,0.15719420787131755,0.41174400004092604,
0db2ec269ab7,2026-09-25T10:57:07,tamzeed,importance,deep_barrier,call,exact,plain,{},65536,252,10,402741110,LAPTOP-G689CP2J_AMD64,3.388110660273737,0.04533487575217998,3.2992559365558662,3.476965383991608,3.545320563728301,0.15720990345456398,0.3971505999797955,
9b4f811ee88b,2026-09-25T10:57:07,tamzeed,importance,deep_barrier,call,exact,plain,{},65536,252,11,4107386251,LAPTOP-G689CP2J_AMD64,3.4365556529609327,0.04530325071843693,3.347762913170208,3.5253483927516576,3.545320563728301,0.1087649107673685,0.43779320002067834,
ef616b27b48e,2026-09-25T10:57:08,tamzeed,importance,deep_barrier,call,exact,plain,{},65536,252,12,840136749,LAPTOP-G689CP2J_AMD64,3.4418391320033352,0.04525099268904062,3.3531488160681304,3.53052944793854,3.545320563728301,0.10348143172496593,0.395006800070405,
ed71e637edc2,2026-09-25T10:57:08,tamzeed,importance,deep_barrier,call,exact,plain,{},65536,252,13,3681320770,LAPTOP-G689CP2J_AMD64,3.4048561905557744,0.045204013562652065,3.3162579520163162,3.4934544290952325,3.545320563728301,0.1404643731725268,0.4022292000008747,
a4ae57f8b369,2026-09-25T10:57:09,tamzeed,importance,deep_barrier,call,exact,plain,{},65536,252,14,1911870635,LAPTOP-G689CP2J_AMD64,3.4642123219731396,0.045507108485946655,3.375020028300127,3.5534046156461523,3.545320563728301,0.08110824175516163,0.43626949994359165,
fb989112a805,2026-09-25T10:57:09,tamzeed,importance,deep_barrier,call,exact,plain,{},65536,252,15,1895221812,LAPTOP-G689CP2J_AMD64,3.4197214781601675,0.045175624360190174,3.3311788814350844,3.5082640748852505,3.545320563728301,0.1255990855681337,0.39623449998907745,
a740054bb9ad,2026-09-25T10:57:09,tamzeed,importance,deep_barrier,call,exact,plain,{},65536,252,16,2252869661,LAPTOP-G689CP2J_AMD64,3.424690401641862,0.045256027468853544,3.3359902177195537,3.5133905855641703,3.545320563728301,0.12063016208643917,0.4011783000314608,
1b5867946898,2026-09-25T10:57:10,tamzeed,importance,deep_barrier,call,exact,plain,{},65536,252,17,3741947547,LAPTOP-G689CP2J_AMD64,3.4488914674721625,0.045449516357518184,3.359812052296663,3.537970882647662,3.545320563728301,0.09642909625613871,0.4342889999970794,
ab7426881aad,2026-09-25T10:57:10,tamzeed,importance,deep_barrier,call,exact,plain,{},65536,252,18,3864152805,LAPTOP-G689CP2J_AMD64,3.3630825813029923,0.04480321494808858,3.275269893613132,3.4508952689928525,3.545320563728301,0.18223798242530886,0.40850179991684854,
eab7534a09f5,2026-09-25T10:57:11,tamzeed,importance,deep_barrier,call,exact,plain,{},65536,252,19,2576173916,LAPTOP-G689CP2J_AMD64,3.4281737594364157,0.04508271703180115,3.339813257728875,3.5165342611439563,3.545320563728301,0.11714680429188551,0.4063427000073716,
e93330bbd1f0,2026-09-25T10:57:11,tamzeed,importance,deep_barrier,call,exact,antithetic,{},256,252,0,3914689492,LAPTOP-G689CP2J_AMD64,2.55262072686214,0.6028498117171193,1.3710568078098335,3.7341846459144463,3.545320563728301,0.9926998368661613,0.0013777000131085515,"{""pairs"": 128, ""rho_pair"": -0.0653798132058701}"
397831ccc7cc,2026-09-25T10:57:11,tamzeed,importance,deep_barrier,call,exact,antithetic,{},256,252,1,1949380054,LAPTOP-G689CP2J_AMD64,3.6207009388813827,0.7475499588386652,2.155529942913199,5.085871934849566,3.545320563728301,0.07538037515308149,0.0017574999947100878,"{""pairs"": 128, ""rho_pair"": -0.08309778067032388}"
a4537f384331,2026-09-25T10:57:11,tamzeed,importance,deep_barrier,call,exact,antithetic,{},256,252,2,4261260131,LAPTOP-G689CP2J_AMD64,2.6734166477325974,0.6155416361914665,1.4669772098124663,3.8798560856527287,3.545320563728301,0.8719039159957038,0.002684700069949031,"{""pairs"": 128, ""rho_pair"": -0.06555546128203146}"
ba95589349c0,2026-09-25T10:57:11,tamzeed,importance,deep_barrier,call,exact,antithetic,{},256,252,3,804608817,LAPTOP-G689CP2J_AMD64,3.1567298427974535,0.6290478950586554,1.9238186239317574,4.389641061663149,3.545320563728301,0.3885907209308477,0.0016678000101819634,"{""pairs"": 128, ""rho_pair"": -0.09036524494123739}"
3ff73b7e3ef4,2026-09-25T10:57:11,tamzeed,importance,deep_barrier,call,exact,antithetic,{},256,252,4,2910234983,LAPTOP-G689CP2J_AMD64,4.037992371082237,0.7122819706789479,2.641945361714284,5.43403938045019,3.545320563728301,0.4926718073539358,0.0017473999178037047,"{""pairs"": 128, ""rho_pair"": -0.10562157086983862}"
a17d3618df33,2026-09-25T10:57:11,tamzeed,importance,deep_barrier,call,exact,antithetic,{},256,252,5,2144089153,LAPTOP-G689CP2J_AMD64,4.822865029692266,0.7893108569772013,3.2758441774105056,6.369885881974026,3.545320563728301,1.2775444659639645,0.0016553999157622457,"{""pairs"": 128, ""rho_pair"": -0.1299512256194436}"
cef6228831ae,2026-09-25T10:57:11,tamzeed,importance,deep_barrier,call,exact,antithetic,{},256,252,6,3356859906,LAPTOP-G689CP2J_AMD64,3.773125076287443,0.7377664165687308,2.327129470809556,5.21912068176533,3.545320563728301,0.2278045125591417,0.001768199959769845,"{""pairs"": 128, ""rho_pair"": -0.09369150149597656}"
888b7163ef2d,2026-09-25T10:57:11,tamzeed,importance,deep_barrier,call,exact,antithetic,{},256,252,7,3267048840,LAPTOP-G689CP2J_AMD64,3.105657494075428,0.602566003521995,1.9246498288640825,4.286665159286773,3.545320563728301,0.43966306965287316,0.0014848000137135386,"{""pairs"": 128, ""rho_pair"": -0.09423108815819525}"
d9c9742a30fe,2026-09-25T10:57:11,tamzeed,importance,deep_barrier,call,exact,antithetic,{},256,252,8,1575654194,LAPTOP-G689CP2J_AMD64,1.9069304483729002,0.5055365038141423,0.9160971080268856,2.8977637887189145,3.545320563728301,1.638390115355401,0.0016003999626263976,"{""pairs"": 128, ""rho_pair"": -0.05316114656006428}"
4aa95dd866d8,2026-09-25T10:57:11,tamzeed,importance,deep_barrier,call,exact,antithetic,{},256,252,9,1691084399,LAPTOP-G689CP2J_AMD64,3.853227496221561,0.718873197475411,2.4442619197186053,5.262193072724517,3.545320563728301,0.30790693249325995,0.0017358999466523528,"{""pairs"": 128, ""rho_pair"": -0.10144474220884997}"
245520c78471,2026-09-25T10:57:11,tamzeed,importance,deep_barrier,call,exact,antithetic,{},256,252,10,136725499,LAPTOP-G689CP2J_AMD64,4.117800646074269,0.8210516747706809,2.5085689340774406,5.727032358071097,3.545320563728301,0.5724800823459675,0.0023725000210106373,"{""pairs"": 128, ""rho_pair"": -0.09188852584297688}"
54b4e83d1c52,2026-09-25T10:57:11,tamzeed,importance,deep_barrier,call,exact,antithetic,{},256,252,11,1276603757,LAPTOP-G689CP2J_AMD64,3.3495859784764392,0.6971545452485098,1.9831881781309606,4.715983778821918,3.545320563728301,0.19573458525186194,0.002266800031065941,"{""pairs"": 128, ""rho_pair"": -0.07549181599635385}"
a105570553cf,2026-09-25T10:57:11,tamzeed,importance,deep_barrier,call,exact,antithetic,{},256,252,12,1407730087,LAPTOP-G689CP2J_AMD64,2.755511711228654,0.6233379467631013,1.53379178537583,3.977231637081478,3.545320563728301,0.7898088524996472,0.0021699999924749136,"{""pairs"": 128, ""rho_pair"": -0.07160944647550636}"
2491d06ac2ff,2026-09-25T10:57:11,tamzeed,importance,deep_barrier,call,exact,antithetic,{},256,252,13,2175865150,LAPTOP-G689CP2J_AMD64,3.7367114174706466,0.7294351151507886,2.307044862716274,5.166377972225019,3.545320563728301,0.19139085374234543,0.001669999910518527,"{""pairs"": 128, ""rho_pair"": -0.09184256092271408}"
3fdd76d5149b,2026-09-25T10:57:11,tamzeed,importance,deep_barrier,call,exact,antithetic,{},256,252,14,3360904210,LAPTOP-G689CP2J_AMD64,3.3162536580209414,0.6637450329212609,2.0153372985779177,4.617170017463965,3.545320563728301,0.22906690570735977,0.0015558999730274081,"{""pairs"": 128, ""rho_pair"": -0.08917926554052963}"
6927d29eccdf,2026-09-25T10:57:11,tamzeed,importance,deep_barrier,call,exact,antithetic,{},256,252,15,1276608142,LAPTOP-G689CP2J_AMD64,3.287484034256419,0.6243125572288639,2.0638539069917448,4.5111141615210935,3.545320563728301,0.25783652947188207,0.0016125000547617674,"{""pairs"": 128, ""rho_pair"": -0.09830262851110283}"
dc89dbe252f6,2026-09-25T10:57:11,tamzeed,importance,deep_barrier,call,exact,antithetic,{},256,252,16,2336325541,LAPTOP-G689CP2J_AMD64,3.652100529730503,0.6981514929395712,2.283748747816073,5.020452311644933,3.545320563728301,0.10677996600220174,0.0018022999865934253,"{""pairs"": 128, ""rho_pair"": -0.08507613110693595}"
8fc2ae7aabc6,2026-09-25T10:57:11,tamzeed,importance,deep_barrier,call,exact,antithetic,{},256,252,17,2788184267,LAPTOP-G689CP2J_AMD64,4.648281854792627,0.76205859378798,3.154674456858947,6.1418892527263065,3.545320563728301,1.1029612910643256,0.001882100012153387,"{""pairs"": 128, ""rho_pair"": -0.12817973259623527}"
28ac438a9bbe,2026-09-25T10:57:11,tamzeed,importance,deep_barrier,call,exact,antithetic,{},256,252,18,227643632,LAPTOP-G689CP2J_AMD64,3.8530725908200436,0.7477243112624206,2.387559870380682,5.318585311259405,3.545320563728301,0.30775202709174243,0.0016641999827697873,"{""pairs"": 128, ""rho_pair"": -0.09367252902745851}"
90db6dd682cc,2026-09-25T10:57:11,tamzeed,importance,deep_barrier,call,exact,antithetic,{},256,252,19,1582977856,LAPTOP-G689CP2J_AMD64,3.1992054619215993,0.7583033416474995,1.7129582229361282,4.685452700907071,3.545320563728301,0.3461151018067019,0.0015162000199779868,"{""pairs"": 128, ""rho_pair"": -0.06992773939490055}"
2e8f40d2423c,2026-09-25T10:57:11,tamzeed,importance,deep_barrier,call,exact,antithetic,{},1024,252,0,3540300016,LAPTOP-G689CP2J_AMD64,2.852362369983242,0.32287625529046277,2.2195365381507752,3.485188201815709,3.545320563728301,0.6929581937450591,0.005177399958483875,"{""pairs"": 512, ""rho_pair"": -0.07066203503328437}"
6f14d59b4d91,2026-09-25T10:57:11,tamzeed,importance,deep_barrier,call,exact,antithetic,{},1024,252,1,3317948131,LAPTOP-G689CP2J_AMD64,3.7611028456675735,0.3557805814642608,3.0637857195989033,4.458419971736244,3.545320563728301,0.2157822819392723,0.005535500007681549,"{""pairs"": 512, ""rho_pair"": -0.09837569181523999}"
7b1816577189,2026-09-25T10:57:11,tamzeed,importance,deep_barrier,call,exact,antithetic,{},1024,252,2,1448524991,LAPTOP-G689CP2J_AMD64,3.427968583272452,0.34275142609574993,2.75618813247504,4.099749034069864,3.545320563728301,0.11735198045584916,0.005371700040996075,"{""pairs"": 512, ""rho_pair"": -0.08889219076828475}"
62f26af21c31,2026-09-25T10:57:11,tamzeed,importance,deep_barrier,call,exact,antithetic,{},1024,252,3,1078574392,LAPTOP-G689CP2J_AMD64,2.9106885466957673,0.31837381525074304,2.286687335183702,3.5346897582078327,3.545320563728301,0.6346320170325339,0.005346599966287613,"{""pairs"": 512, ""rho_pair"": -0.07590004939762243}"
c217482ae58a,2026-09-25T10:57:11,tamzeed,importance,deep_barrier,call,exact,antithetic,{},1024,252,4,721954079,LAPTOP-G689CP2J_AMD64,3.250467691033821,0.3411886712132917,2.5817501835226913,3.9191851985449504,3.545320563728301,0.29485287269448035,0.005669799982570112,"{""pairs"": 512, ""rho_pair"": -0.08085328940045812}"
f468e573b417,2026-09-25T10:57:11,tamzeed,importance,deep_barrier,call,exact,antithetic,{},1024,252,5,2698909432,LAPTOP-G689CP2J_AMD64,3.2515036303735614,0.3573055841986448,2.551197553869174,3.951809706877949,3.545320563728301,0.2938169333547398,0.005145299946889281,"{""pairs"": 512, ""rho_pair"": -0.0751421382138882}"
ad1b0e92f09a,2026-09-25T10:57:11,tamzeed,importance,deep_barrier,call,exact,antithetic,{},1024,252,6,788373729,LAPTOP-G689CP2J_AMD64,2.861315308382077,0.3102916935705982,2.2531547642817658,3.4694758524823883,3.545320563728301,0.6840052553462241,0.005337000009603798,"{""pairs"": 512, ""rho_pair"": -0.07608032060770724}"
7cc4a1d0e306,2026-09-25T10:57:11,tamzeed,importance,deep_barrier,call,exact,antithetic,{},1024,252,7,1397123272,LAPTOP-G689CP2J_AMD64,3.4606001548774343,0.3324706198771643,2.8089697140004857,4.112230595754383,3.545320563728301,0.08472040885086685,0.005616299924440682,"{""pairs"": 512, ""rho_pair"": -0.09561487620359622}"
6ef6d2387738,2026-09-25T10:57:11,tamzeed,importance,deep_barrier,call,exact,antithetic,{},1024,252,8,3697878828,LAPTOP-G689CP2J_AMD64,3.6615384596951204,0.3686656321496034,2.9389670983442056,4.384109821046035,3.545320563728301,0.1162178959668192,0.005123700015246868,"{""pairs"": 512, ""rho_pair"": -0.08770602670864264}"
8429879f16d0,2026-09-25T10:57:11,tamzeed,importance,deep_barrier,call,exact,antithetic,{},1024,252,9,1123551824,LAPTOP-G689CP2J_AMD64,3.3294682260290402,0.3459538293142639,2.651411180259366,4.007525271798714,3.545320563728301,0.21585233769926093,0.00591449998319149,"{""pairs"": 512, ""rho_pair"": -0.0829626507067269}"
237741abbac2,2026-09-25T10:57:11,tamzeed,importance,deep_barrier,call,exact,antithetic,{},1024,252,10,3055997765,LAPTOP-G689CP2J_AMD64,3.567177154161315,0.34457106784022756,2.8918302710799613,4.242524037242669,3.545320563728301,0.02185659043301369,0.005359500064514577,"{""pairs"": 512, ""rho_pair"": -0.09519943302157108}"
3ed522f0bbf2,2026-09-25T10:57:11,tamzeed,importance,deep_barrier,call,exact,antithetic,{},1024,252,11,2938311141,LAPTOP-G689CP2J_AMD64,3.543625938200582,0.3550212226476755,2.847797128063762,4.239454748337402,3.545320563728301,0.0016946255277190403,0.005375299951992929,"{""pairs"": 512, ""rho_pair"": -0.0891923815973295}"
ed112eca4a38,2026-09-25T10:57:11,tamzeed,importance,deep_barrier,call,exact,antithetic,{},1024,252,12,506283615,LAPTOP-G689CP2J_AMD64,3.6488736395842536,0.35262598511143073,2.957739408752892,4.340007870415615,3.545320563728301,0.10355307585595241,0.005506799905560911,"{""pairs"": 512, ""rho_pair"": -0.09435214562628078}"
d1c4c6ef2dff,2026-09-25T10:57:11,tamzeed,importance,deep_barrier,call,exact,antithetic,{},1024,252,13,123448609,LAPTOP-G689CP2J_AMD64,3.2595198369433507,0.3296958638953509,2.6133278178566433,3.905711856030058,3.545320563728301,0.2858007267849505,0.005355800036340952,"{""pairs"": 512, ""rho_pair"": -0.08785820956826006}"
f8d164bfdada,2026-09-25T10:57:11,tamzeed,importance,deep_barrier,call,exact,antithetic,{},1024,252,14,1467667632,LAPTOP-G689CP2J_AMD64,3.4669971271900772,0.34277081873552584,2.7951786675171393,4.138815586863015,3.545320563728301,0.07832343653822393,0.005745699978433549,"{""pairs"": 512, ""rho_pair"": -0.08991081428250634}"
448e49d41dee,2026-09-25T10:57:11,tamzeed,importance,deep_barrier,call,exact,antithetic,{},1024,252,15,2403878398,LAPTOP-G689CP2J_AMD64,3.520015000565454,0.3615199732690773,2.8114488732661793,4.228581127864729,3.545320563728301,0.025305563162847378,0.005212599993683398,"{""pairs"": 512, ""rho_pair"": -0.0827129701137962}"
7325aea4aed4,2026-09-25T10:57:11,tamzeed,importance,deep_barrier,call,exact,antithetic,{},1024,252,16,1736768581,LAPTOP-G689CP2J_AMD64,3.227765901524869,0.3327680951812768,2.57555241976557,3.8799793832841685,3.545320563728301,0.317554662203432,0.005508400034159422,"{""pairs"": 512, ""rho_pair"": -0.08193342397865216}"
ae078d00e410,2026-09-25T10:57:11,tamzeed,importance,deep_barrier,call,exact,antithetic,{},1024,252,17,2103527079,LAPTOP-G689CP2J_AMD64,3.602207128039836,0.35003692245436435,2.9161473667700424,4.28826688930963,3.545320563728301,0.056886564311534826,0.005512300063855946,"{""pairs"": 512, ""rho_pair"": -0.0927930554296336}"
6fb50caed424,2026-09-25T10:57:11,tamzeed,importance,deep_barrier,call,exact,antithetic,{},1024,252,18,423027900,LAPTOP-G689CP2J_AMD64,2.736533312111588,0.31594466188083936,2.1172931537174575,3.355773470505718,3.545320563728301,0.8087872516167134,0.005384000018239021,"{""pairs"": 512, ""rho_pair"": -0.06808183651543327}"
2a89e604a9c0,2026-09-25T10:57:11,tamzeed,importance,deep_barrier,call,exact,antithetic,{},1024,252,19,3571343379,LAPTOP-G689CP2J_AMD64,3.547912890575285,0.34065511937230336,2.8802411254563776,4.215584655694192,3.545320563728301,0.002592326846983628,0.005484699970111251,"{""pairs"": 512, ""rho_pair"": -0.0959661312693819}"
14df706bbbec,2026-09-25T10:57:11,tamzeed,importance,deep_barrier,call,exact,antithetic,{},4096,252,0,2407287013,LAPTOP-G689CP2J_AMD64,3.356727736496045,0.17225235059333815,3.0191193330807353,3.6943361399113543,3.545320563728301,0.18859282723225634,0.023044600035063922,"{""pairs"": 2048, ""rho_pair"": -0.08476189012246595}"
494c4088d418,2026-09-25T10:57:11,tamzeed,importance,deep_barrier,call,exact,antithetic,{},4096,252,1,2360745492,LAPTOP-G689CP2J_AMD64,3.559540111972555,0.17699355127067687,3.212639125986185,3.906441097958925,3.545320563728301,0.014219548244253755,0.021994900074787438,"{""pairs"": 2048, ""rho_pair"": -0.09002432399999385}"
80d2326f3699,2026-09-25T10:57:11,tamzeed,importance,deep_barrier,call,exact,antithetic,{},4096,252,2,1315385123,LAPTOP-G689CP2J_AMD64,3.042738407403963,0.16218536215381849,2.7248609387628933,3.3606158760450326,3.545320563728301,0.5025821563243382,0.024368599988520145,"{""pairs"": 2048, ""rho_pair"": -0.07920552294127962}"
c0c896b86af4,2026-09-25T10:57:11,tamzeed,importance,deep_barrier,call,exact,antithetic,{},4096,252,3,2943027509,LAPTOP-G689CP2J_AMD64,3.3992847388846323,0.17248221276565762,3.061225813890169,3.737343663879096,3.545320563728301,0.14603582484366884,0.02429079997818917,"{""pairs"": 2048, ""rho_pair"": -0.08682628017557618}"
ab987fc2f7cf,2026-09-25T10:57:11,tamzeed,importance,deep_barrier,call,exact,antithetic,{},4096,252,4,874832605,LAPTOP-G689CP2J_AMD64,3.3195730037594093,0.17056733971534985,2.9852671609785153,3.6538788465403034,3.545320563728301,0.22574755996889184,0.023190799984149635,"{""pairs"": 2048, ""rho_pair"": -0.08473150373118996}"
3c84f26a92fb,2026-09-25T10:57:11,tamzeed,importance,deep_barrier,call,exact,antithetic,{},4096,252,5,3885693007,LAPTOP-G689CP2J_AMD64,3.399395915940681,0.17409715916647103,3.05817175416366,3.7406200777177014,3.545320563728301,0.14592464778762038,0.02221649989951402,"{""pairs"": 2048, ""rho_pair"": -0.08520003421527951}"
46a090a08f97,2026-09-25T10:57:11,tamzeed,importance,deep_barrier,call,exact,antithetic,{},4096,252,6,4104394846,LAPTOP-G689CP2J_AMD64,3.3482442158309818,0.16954382937975102,3.0159444164456657,3.680544015216298,3.545320563728301,0.19707634789731943,0.0219857000047341,"{""pairs"": 2048, ""rho_pair"": -0.08667309749851113}"
d3e67f9e2f77,2026-09-25T10:57:11,tamzeed,importance,deep_barrier,call,exact,antithetic,{},4096,252,7,700506107,LAPTOP-G689CP2J_AMD64,3.3911648194913724,0.16827166939478924,3.0613584078591547,3.72097123112359,3.545320563728301,0.1541557442369288,0.021851900033652782,"{""pairs"": 2048, ""rho_pair"": -0.0902350909209299}"
d36421f85308,2026-09-25T10:57:11,tamzeed,importance,deep_barrier,call,exact,antithetic,{},4096,252,8,437313874,LAPTOP-G689CP2J_AMD64,3.6726078233917194,0.17851893346751005,3.322717143236898,4.022498503546541,3.545320563728301,0.12728725966341825,0.022296099923551083,"{""pairs"": 2048, ""rho_pair"": -0.09359501371472141}"
31d9c9f1e253,2026-09-25T10:57:11,tamzeed,importance,deep_barrier,call,exact,antithetic,{},4096,252,9,4128501277,LAPTOP-G689CP2J_AMD64,3.083952929811165,0.16460542835040903,2.761332218584575,3.406573641037755,3.545320563728301,0.4613676339171362,0.02359470003284514,"{""pairs"": 2048, ""rho_pair"": -0.07895541458639356}"
39969591d5fc,2026-09-25T10:57:11,tamzeed,importance,deep_barrier,call,exact,antithetic,{},4096,252,10,737873406,LAPTOP-G689CP2J_AMD64,3.8212794634691205,0.18190248533191325,3.464757143520245,4.177801783417996,3.545320563728301,0.27595889974081933,0.025984000065363944,"{""pairs"": 2048, ""rho_pair"": -0.09708679610007448}"
a219c943dcfa,2026-09-25T10:57:11,tamzeed,importance,deep_barrier,call,exact,antithetic,{},4096,252,11,2212491091,LAPTOP-G689CP2J_AMD64,3.22152645702828,0.16616438607367193,2.895850244810674,3.547202669245886,3.545320563728301,0.3237941067000212,0.02329560008365661,"{""pairs"": 2048, ""rho_pair"": -0.08404237277851115}"
a01e05c6657d,2026-09-25T10:57:11,tamzeed,importance,deep_barrier,call,exact,antithetic,{},4096,252,12,2200202312,LAPTOP-G689CP2J_AMD64,3.5044952123273365,0.17623813980608838,3.1590748056050684,3.8499156190496047,3.545320563728301,0.04082535140096466,0.023993899929337204,"{""pairs"": 2048, ""rho_pair"": -0.0879875375751653}"
fc17d6ac0de4,2026-09-25T10:57:11,tamzeed,importance,deep_barrier,call,exact,antithetic,{},4096,252,13,923313839,LAPTOP-G689CP2J_AMD64,3.0804876939089167,0.1643506738523677,2.7583662923233874,3.402609095494446,3.545320563728301,0.46483286981938443,0.023257499909959733,"{""pairs"": 2048, ""rho_pair"": -0.07909373525993613}"
fe4099e11d40,2026-09-25T10:57:11,tamzeed,importance,deep_barrier,call,exact,antithetic,{},4096,252,14,3362523741,LAPTOP-G689CP2J_AMD64,3.2182786498865923,0.166779883206669,2.8913960854557246,3.54516121431746,3.545320563728301,0.3270419138417089,0.023233599960803986,"{""pairs"": 2048, ""rho_pair"": -0.08330666009564565}"
3373ed2b1e01,2026-09-25T10:57:11,tamzeed,importance,deep_barrier,call,exact,antithetic,{},4096,252,15,329920251,LAPTOP-G689CP2J_AMD64,3.142477207210661,0.16009437591438552,2.828697996291049,3.4562564181302733,3.545320563728301,0.40284335651764014,0.021808800054714084,"{""pairs"": 2048, ""rho_pair"": -0.08600456083038556}"
0e08e4bd6daa,2026-09-25T10:57:11,tamzeed,importance,deep_barrier,call,exact,antithetic,{},4096,252,16,2146724574,LAPTOP-G689CP2J_AMD64,3.0257465054189705,0.16371017940254393,2.7048804498873933,3.3466125609505477,3.545320563728301,0.5195740583093307,0.0226315000327304,"{""pairs"": 2048, ""rho_pair"": -0.07699570043949744}"
bb699c873a7e,2026-09-25T10:57:11,tamzeed,importance,deep_barrier,call,exact,antithetic,{},4096,252,17,1774274498,LAPTOP-G689CP2J_AMD64,3.7270818213962675,0.1782613754807452,3.3776959456194353,4.0764676971731,3.545320563728301,0.18176125766796636,0.02165059989783913,"{""pairs"": 2048, ""rho_pair"": -0.09638171043053466}"
47cd6add31d3,2026-09-25T10:57:11,tamzeed,importance,deep_barrier,call,exact,antithetic,{},4096,252,18,1474196415,LAPTOP-G689CP2J_AMD64,3.3253500562219473,0.170041716667079,2.9920744156851082,3.6586256967587865,3.545320563728301,0.21997050750635383,0.021840800065547228,"{""pairs"": 2048, ""rho_pair"": -0.08547086681372462}"
5c88183ee82a,2026-09-25T10:57:11,tamzeed,importance,deep_barrier,call,exact,antithetic,{},4096,252,19,2662861816,LAPTOP-G689CP2J_AMD64,3.2388992794479132,0.16869324815567868,2.908266588627705,3.5695319702681214,3.545320563728301,0.30642128428038795,0.022875600028783083,"{""pairs"": 2048, ""rho_pair"": -0.08253521198617245}"
97afb4fd1599,2026-09-25T10:57:11,tamzeed,importance,deep_barrier,call,exact,antithetic,{},16384,252,0,657352453,LAPTOP-G689CP2J_AMD64,3.3294571732869938,0.08550982253656937,3.1618610007909065,3.497053345783081,3.545320563728301,0.21586339044130742,0.0965295999776572,"{""pairs"": 8192, ""rho_pair"": -0.08466379710057474}"
1faddec453e3,2026-09-25T10:57:11,tamzeed,importance,deep_barrier,call,exact,antithetic,{},16384,252,1,3199846715,LAPTOP-G689CP2J_AMD64,3.528755557260831,0.08761920151175219,3.3570250779436392,3.700486036578023,3.545320563728301,0.016565006467470056,0.09893290000036359,"{""pairs"": 8192, ""rho_pair"": -0.09009021015913007}"
b30046a8792b,2026-09-25T10:57:12,tamzeed,importance,deep_barrier,call,exact,antithetic,{},16384,252,2,1137645775,LAPTOP-G689CP2J_AMD64,3.5891198024208983,0.08896462008740197,3.414752351151302,3.763487253690495,3.545320563728301,0.043799238692597164,0.09558630001265556,"{""pairs"": 8192, ""rho_pair"": -0.09038446089820228}"
24e32f30568a,2026-09-25T10:57:12,tamzeed,importance,deep_barrier,call,exact,antithetic,{},16384,252,3,2349093042,LAPTOP-G689CP2J_AMD64,3.2619980034638494,0.08359583616510484,3.098153175322733,3.4258428316049656,3.545320563728301,0.2833225602644518,0.10014500003308058,"{""pairs"": 8192, ""rho_pair"": -0.08494870288723703}"
c7c7797d843f,2026-09-25T10:57:12,tamzeed,importance,deep_barrier,call,exact,antithetic,{},16384,252,4,515804597,LAPTOP-G689CP2J_AMD64,3.3584201909171747,0.08508050889825514,3.191665457690255,3.5251749241440944,3.545320563728301,0.18690037281112648,0.10576940001919866,"{""pairs"": 8192, ""rho_pair"": -0.08687055211758142}"
35cd5063fe71,2026-09-25T10:57:12,tamzeed,importance,deep_barrier,call,exact,antithetic,{},16384,252,5,2261430025,LAPTOP-G689CP2J_AMD64,3.494921624281019,0.087574651640304,3.323278461107382,3.6665647874546563,3.545320563728301,0.05039893944728213,0.10153949994128197,"{""pairs"": 8192, ""rho_pair"": -0.08856492024336769}"
c4181132c985,2026-09-25T10:57:12,tamzeed,importance,deep_barrier,call,exact,antithetic,{},16384,252,6,2784945188,LAPTOP-G689CP2J_AMD64,3.3499971336958385,0.08481062308386605,3.18377136694506,3.5162229004466172,3.545320563728301,0.19532343003246266,0.09160789998713881,"{""pairs"": 8192, ""rho_pair"": -0.08693485518046427}"
2a5905983485,2026-09-25T10:57:12,tamzeed,importance,deep_barrier,call,exact,antithetic,{},16384,252,7,1467723890,LAPTOP-G689CP2J_AMD64,3.5005321424686326,0.08666040806482495,3.3306808637760312,3.670383421161234,3.545320563728301,0.04478842125966853,0.0886117999907583,"{""pairs"": 8192, ""rho_pair"": -0.09060904487498198}"
2c893e29634e,2026-09-25T10:57:12,tamzeed,importance,deep_barrier,call,exact,antithetic,{},16384,252,8,838834525,LAPTOP-G689CP2J_AMD64,3.2764749801776283,0.08395225017607036,3.111931593411434,3.4410183669438226,3.545320563728301,0.2688455835506729,0.09140190004836768,"{""pairs"": 8192, ""rho_pair"": -0.08501070016189911}"
eaab4f1683fa,2026-09-25T10:57:12,tamzeed,importance,deep_barrier,call,exact,antithetic,{},16384,252,9,1283785683,LAPTOP-G689CP2J_AMD64,3.296793979872234,0.08613453392654702,3.1279733955510585,3.4656145641934097,3.545320563728301,0.24852658385606707,0.08904019999317825,"{""pairs"": 8192, ""rho_pair"": -0.08208530179472166}"
94b751288677,2026-09-25T10:57:12,tamzeed,importance,deep_barrier,call,exact,antithetic,{},16384,252,10,4050191578,LAPTOP-G689CP2J_AMD64,3.4781575075964524,0.08734098050914893,3.3069723314241055,3.6493426837687992,3.545320563728301,0.06716305613184881,0.12156160001177341,"{""pairs"": 8192, ""rho_pair"": -0.08826993507413823}"
12567f84aa38,2026-09-25T10:57:12,tamzeed,importance,deep_barrier,call,exact,antithetic,{},16384,252,11,2022753424,LAPTOP-G689CP2J_AMD64,3.3325534073736223,0.08553209394750583,3.1649135837142146,3.50019323103303,3.545320563728301,0.2127671563546789,0.09663990000262856,"{""pairs"": 8192, ""rho_pair"": -0.08476181825942225}"
d56abe9c91f5,2026-09-25T10:57:13,tamzeed,importance,deep_barrier,call,exact,antithetic,{},16384,252,12,2757651210,LAPTOP-G689CP2J_AMD64,3.390327343919869,0.08702908476661415,3.2197534721698218,3.5609012156699165,3.545320563728301,0.15499321980843206,0.08830309996847063,"{""pairs"": 8192, ""rho_pair"": -0.08481062939698805}"
6f466216fd19,2026-09-25T10:57:13,tamzeed,importance,deep_barrier,call,exact,antithetic,{},16384,252,13,1583626361,LAPTOP-G689CP2J_AMD64,3.3757762606515085,0.08554140043164889,3.208118196618358,3.543434324684659,3.545320563728301,0.1695443030767927,0.0917991999303922,"{""pairs"": 8192, ""rho_pair"": -0.08682772537660836}"
428692ece13c,2026-09-25T10:57:13,tamzeed,importance,deep_barrier,call,exact,antithetic,{},16384,252,14,1799393551,LAPTOP-G689CP2J_AMD64,3.2055167697166596,0.08449423722819277,3.0399111078482184,3.3711224315851007,3.545320563728301,0.3398037940116416,0.08894849999342114,"{""pairs"": 8192, ""rho_pair"": -0.08074227263003031}"
0bb2ccef4156,2026-09-25T10:57:13,tamzeed,importance,deep_barrier,call,exact,antithetic,{},16384,252,15,3915633264,LAPTOP-G689CP2J_AMD64,3.37213745387612,0.0852687857038075,3.2050137048911935,3.539261202861047,3.545320563728301,0.173183109852181,0.08989440009463578,"{""pairs"": 8192, ""rho_pair"": -0.08719072982804277}"
60902a424210,2026-09-25T10:57:13,tamzeed,importance,deep_barrier,call,exact,antithetic,{},16384,252,16,3137822989,LAPTOP-G689CP2J_AMD64,3.3401450911945574,0.08585975773376486,3.171863058315044,3.5084271240740708,3.545320563728301,0.2051754725337438,0.09623629995621741,"{""pairs"": 8192, ""rho_pair"": -0.0846023634394413}"
c2bbd014362f,2026-09-25T10:57:13,tamzeed,importance,deep_barrier,call,exact,antithetic,{},16384,252,17,853814981,LAPTOP-G689CP2J_AMD64,3.4608114617798535,0.0877113395378147,3.2889003952499727,3.6327225283097344,3.545320563728301,0.08450910194844763,0.09129649994429201,"{""pairs"": 8192, ""rho_pair"": -0.08680987734572829}"
5205e13c9f08,2026-09-25T10:57:13,tamzeed,importance,deep_barrier,call,exact,antithetic,{},16384,252,18,1531342865,LAPTOP-G689CP2J_AMD64,3.442766374233562,0.08664628043753243,3.272942785181641,3.612589963285483,3.545320563728301,0.10255418949473905,0.09200199996121228,"{""pairs"": 8192, ""rho_pair"": -0.08785542315050027}"
aff41e1ac6f2,2026-09-25T10:57:13,tamzeed,importance,deep_barrier,call,exact,antithetic,{},16384,252,19,1787102785,LAPTOP-G689CP2J_AMD64,3.4989664256094857,0.08596354447744618,3.330480974450284,3.6674518767686872,3.545320563728301,0.0463541381188155,0.09320300002582371,"{""pairs"": 8192, ""rho_pair"": -0.09179592617425171}"
b610227db2e9,2026-09-25T10:57:14,tamzeed,importance,deep_barrier,call,exact,antithetic,{},65536,252,0,2285171934,LAPTOP-G689CP2J_AMD64,3.3921613734431486,0.04295209069949264,3.307976822611445,3.476345924274852,3.545320563728301,0.15315919028515257,0.387025999953039,"{""pairs"": 32768, ""rho_pair"": -0.08690741997985582}"
d9c272b76744,2026-09-25T10:57:14,tamzeed,importance,deep_barrier,call,exact,antithetic,{},65536,252,1,3698270453,LAPTOP-G689CP2J_AMD64,3.301964944456467,0.0425118966183186,3.2186431581700727,3.3852867307428616,3.545320563728301,0.24335561927183402,0.3552072000456974,"{""pairs"": 32768, ""rho_pair"": -0.08430221348328591}"
bc01777b224c,2026-09-25T10:57:14,tamzeed,importance,deep_barrier,call,exact,antithetic,{},65536,252,2,3467465710,LAPTOP-G689CP2J_AMD64,3.3795134807806777,0.04310385955256528,3.295031468462977,3.4639954930983783,3.545320563728301,0.16580708294762347,0.3576617001090199,"{""pairs"": 32768, ""rho_pair"": -0.0857570835136863}"
d2222bd04ba4,2026-09-25T10:57:15,tamzeed,importance,deep_barrier,call,exact,antithetic,{},65536,252,3,1931698228,LAPTOP-G689CP2J_AMD64,3.3781622556519064,0.042774432087610476,3.2943259093010355,3.4619986020027773,3.545320563728301,0.16715830807639476,0.38859900005627424,"{""pairs"": 32768, ""rho_pair"": -0.08690248229690194}"
6b3dbe5cd902,2026-09-25T10:57:15,tamzeed,importance,deep_barrier,call,exact,antithetic,{},65536,252,4,2099160454,LAPTOP-G689CP2J_AMD64,3.374236566225788,0.04276712559171895,3.2904145403437175,3.458058592107858,3.545320563728301,0.17108399750251335,0.46021109994035214,"{""pairs"": 32768, ""rho_pair"": -0.08674930757933888}"
120a18a79870,2026-09-25T10:57:15,tamzeed,importance,deep_barrier,call,exact,antithetic,{},65536,252,5,1964949570,LAPTOP-G689CP2J_AMD64,3.352085716511634,0.04295601647487779,3.267893471301564,3.4362779617217036,3.545320563728301,0.1932348472166674,0.35576880001462996,"{""pairs"": 32768, ""rho_pair"": -0.08501854943386183}"
cbdbec57a5af,2026-09-25T10:57:16,tamzeed,importance,deep_barrier,call,exact,antithetic,{},65536,252,6,2276667377,LAPTOP-G689CP2J_AMD64,3.369791225157888,0.043212853633142825,3.2850955883677275,3.4544868619480487,3.545320563728301,0.17552933857041308,0.3575100000016391,"{""pairs"": 32768, ""rho_pair"": -0.08491525054298561}"
ccc15d122b7a,2026-09-25T10:57:16,tamzeed,importance,deep_barrier,call,exact,antithetic,{},65536,252,7,3353945697,LAPTOP-G689CP2J_AMD64,3.4716752920858953,0.04357639383139536,3.386267129600227,3.5570834545715635,3.545320563728301,0.07364527164240586,0.3600230000447482,"{""pairs"": 32768, ""rho_pair"": -0.08830270966957939}"
d9d3f84bd3e2,2026-09-25T10:57:17,tamzeed,importance,deep_barrier,call,exact,antithetic,{},65536,252,8,2782659807,LAPTOP-G689CP2J_AMD64,3.373022962137335,0.04311689643097258,3.288515398007485,3.4575305262671847,3.545320563728301,0.1722976015909663,0.3511862000450492,"{""pairs"": 32768, ""rho_pair"": -0.08541340790202938}"
92794b036335,2026-09-25T10:57:17,tamzeed,importance,deep_barrier,call,exact,antithetic,{},65536,252,9,3085695660,LAPTOP-G689CP2J_AMD64,3.407048282760205,0.04318724914666386,3.3224028298413857,3.4916937356790245,3.545320563728301,0.13827228096809607,0.40758319990709424,"{""pairs"": 32768, ""rho_pair"": -0.08671449166598846}"
67ba9ed92621,2026-09-25T10:57:17,tamzeed,importance,deep_barrier,call,exact,antithetic,{},65536,252,10,2934512651,LAPTOP-G689CP2J_AMD64,3.34343738024065,0.042629165853702085,3.259885750476409,3.4269890100048905,3.545320563728301,0.20188318348765133,0.3556068999459967,"{""pairs"": 32768, ""rho_pair"": -0.08582218013393768}"
ce9c6275bc56,2026-09-25T10:57:18,tamzeed,importance,deep_barrier,call,exact,antithetic,{},65536,252,11,219571425,LAPTOP-G689CP2J_AMD64,3.313542837787727,0.0426473378448491,3.229955591575311,3.3971300840001435,3.545320563728301,0.231777725940574,0.36144000000786036,"{""pairs"": 32768, ""rho_pair"": -0.08434713957961777}"
55c0fd419526,2026-09-25T10:57:18,tamzeed,importance,deep_barrier,call,exact,antithetic,{},65536,252,12,2405639439,LAPTOP-G689CP2J_AMD64,3.303160740662983,0.042300246559814195,3.2202537808685827,3.3860677004573834,3.545320563728301,0.24215982306531814,0.35601029999088496,"{""pairs"": 32768, ""rho_pair"": -0.08512696845174404}"
3192bce6a802,2026-09-25T10:57:18,tamzeed,importance,deep_barrier,call,exact,antithetic,{},65536,252,13,2187853595,LAPTOP-G689CP2J_AMD64,3.3916091258745746,0.042809726222995316,3.307703604289484,3.4755146474596654,3.545320563728301,0.15371143785372654,0.361473000026308,"{""pairs"": 32768, ""rho_pair"": -0.08738455192083287}"
642835539d6d,2026-09-25T10:57:19,tamzeed,importance,deep_barrier,call,exact,antithetic,{},65536,252,14,1843586898,LAPTOP-G689CP2J_AMD64,3.342942728688773,0.042726504563790416,3.2592003185584577,3.4266851388190886,3.545320563728301,0.202377835039528,0.397911399952136,"{""pairs"": 32768, ""rho_pair"": -0.08542773059550002}"
723941ec3cbc,2026-09-25T10:57:19,tamzeed,importance,deep_barrier,call,exact,antithetic,{},65536,252,15,3687627996,LAPTOP-G689CP2J_AMD64,3.450750607542918,0.0437421703219613,3.365017529106257,3.536483685979579,3.545320563728301,0.09456995618538322,0.3609162999782711,"{""pairs"": 32768, ""rho_pair"": -0.08672798683151918}"
39e0d6136c77,2026-09-25T10:57:20,tamzeed,importance,deep_barrier,call,exact,antithetic,{},65536,252,16,1930981315,LAPTOP-G689CP2J_AMD64,3.424369687757757,0.04320484952802684,3.339689738725352,3.509049636790162,3.545320563728301,0.12095087597054421,0.35314180003479123,"{""pairs"": 32768, ""rho_pair"": -0.08747438692614672}"
12b83831ca7f,2026-09-25T10:57:20,tamzeed,importance,deep_barrier,call,exact,antithetic,{},65536,252,17,173646745,LAPTOP-G689CP2J_AMD64,3.3867056317678217,0.04285702630356841,3.3027074037283417,3.4707038598073017,3.545320563728301,0.1586149319604795,0.3559792001033202,"{""pairs"": 32768, ""rho_pair"": -0.0870006612407241}"
0a351732d52d,2026-09-25T10:57:20,tamzeed,importance,deep_barrier,call,exact,antithetic,{},65536,252,18,351335312,LAPTOP-G689CP2J_AMD64,3.3423881738710985,0.04278442400239707,3.2585322437271094,3.4262441040150877,3.545320563728301,0.20293238985720263,0.3482739001046866,"{""pairs"": 32768, ""rho_pair"": -0.08513091582089645}"
200c4b74f20d,2026-09-25T10:57:21,tamzeed,importance,deep_barrier,call,exact,antithetic,{},65536,252,19,3488996882,LAPTOP-G689CP2J_AMD64,3.3276379927945174,0.042556240837906066,3.2442292934348087,3.411046692154226,3.545320563728301,0.21768257093378374,0.4390800000401214,"{""pairs"": 32768, ""rho_pair"": -0.08533332580608285}"
a7368e4a9908,2026-09-25T10:57:21,tamzeed,importance,deep_barrier,call,exact,importance,{},256,252,0,2753220867,LAPTOP-G689CP2J_AMD64,3.27422179647007,0.2297509672499556,2.8239181752469156,3.7245254176932248,3.545320563728301,0.271098767258231,0.06754319998435676,"{""theta"": 1.6323611831060643, ""theta0"": 1.6323611831060643, ""ESS"": 45.238784817138, ""ESS_frac"": 0.1767140031919453, ""max_weight"": 17.968510268949085, ""max_weight_share"": 0.07060000523740588, ""mean_weight"": 0.9941853828771954, ""hit_rate_proposal"": 0.5546875, ""pilot_paths"": 10000, ""total_paths_simulated"": 10256, ""theta_grid"": [[0.0, 142.12624205365393], [0.40809029577651607, 67.33986427486822], [0.8161805915530321, 39.464676846655635], [1.2242708873295483, 28.452389130255078], [1.6323611831060643, 25.133821455592326], [2.0404514788825803, 27.126813080492145], [2.4485417746590965, 35.70360474955018]]}"
ab343a25536c,2026-09-25T10:57:21,tamzeed,importance,deep_barrier,call,exact,importance,{},256,252,1,3332800349,LAPTOP-G689CP2J_AMD64,3.3114911536488805,0.2278341414857473,2.8649444418882126,3.7580378654095483,3.545320563728301,0.2338294100794207,0.06291809992399067,"{""theta"": 1.6323611831060643, ""theta0"": 1.6323611831060643, ""ESS"": 25.691366695883755, ""ESS_frac"": 0.10035690115579592, ""max_weight"": 44.05808118699302, ""max_weight_share"": 0.1639511641377409, ""mean_weight"": 1.0497142886530704, ""hit_rate_proposal"": 0.5859375, ""pilot_paths"": 10000, ""total_paths_simulated"": 10256, ""theta_grid"": [[0.0, 143.05293718017214], [0.40809029577651607, 67.4251483626565], [0.8161805915530321, 39.27419422701467], [1.2242708873295483, 28.106701917287754], [1.6323611831060643, 24.6092254799911], [2.0404514788825803, 26.285223182968323], [2.4485417746590965, 34.18414097303895]]}"
ab8100dfc3a4,2026-09-25T10:57:21,tamzeed,importance,deep_barrier,call,exact,importance,{},256,252,2,1093598332,LAPTOP-G689CP2J_AMD64,3.367416780569471,0.2358514862747347,2.905156361770748,3.8296771993681937,3.545320563728301,0.17790378315883038,0.061226699966937304,"{""theta"": 1.6323611831060643, ""theta0"": 1.6323611831060643, ""ESS"": 50.51088858170304, ""ESS_frac"": 0.1973081585222775, ""max_weight"": 14.240196834376976, ""max_weight_share"": 0.05874674056773376, ""mean_weight"": 0.9468741303213191, ""hit_rate_proposal"": 0.5859375, ""pilot_paths"": 10000, ""total_paths_simulated"": 10256, ""theta_grid"": [[0.0, 143.39265138601996], [0.40809029577651607, 67.88674063657095], [0.8161805915530321, 39.70614646066148], [1.2242708873295483, 28.525290051823948], [1.6323611831060643, 25.0631192799467], [2.0404514788825803, 26.849454440332554], [2.4485417746590965, 34.994926306419764]]}"
024cf4c5114d,2026-09-25T10:57:21,tamzeed,importance,deep_barrier,call,exact,importance,{},256,252,3,262749133,LAPTOP-G689CP2J_AMD64,3.526763129185227,0.22947073179903413,3.07700875935307,3.9765174990173837,3.545320563728301,0.018557434543074347,0.060393599909730256,"{""theta"": 1.6323611831060643, ""theta0"": 1.6323611831060643, ""ESS"": 9.050711395135917, ""ESS_frac"": 0.035354341387249674, ""max_weight"": 81.6637597534888, ""max_weight_share"": 0.31922139447780284, ""mean_weight"": 0.9993035149128995, ""hit_rate_proposal"": 0.62890625, ""pilot_paths"": 10000, ""total_paths_simulated"": 10256, ""theta_grid"": [[0.0, 145.64350210298244], [0.40809029577651607, 68.85185148616132], [0.8161805915530321, 40.19541909621873], [1.2242708873295483, 28.809934955164795], [1.6323611831060643, 25.245653859020486], [2.0404514788825803, 26.968104304762445], [2.4485417746590965, 35.05165073317431]]}"
6e762a54d245,2026-09-25T10:57:21,tamzeed,importance,deep_barrier,call,exact,importance,{},256,252,4,2837007648,LAPTOP-G689CP2J_AMD64,3.6100131598208964,0.2280348114245345,3.163073142207426,4.056953177434367,3.545320563728301,0.06469259609259526,0.06254439998883754,"{""theta"": 1.6323611831060643, ""theta0"": 1.6323611831060643, ""ESS"": 26.860680921034835, ""ESS_frac"": 0.10492453484779232, ""max_weight"": 36.92320741914797, ""max_weight_share"": 0.1269313878719755, ""mean_weight"": 1.1362932478649026, ""hit_rate_proposal"": 0.63671875, ""pilot_paths"": 10000, ""total_paths_simulated"": 10256, ""theta_grid"": [[0.0, 142.74826440639788], [0.40809029577651607, 67.23235521562856], [0.8161805915530321, 39.1748644361612], [1.2242708873295483, 28.075973796192866], [1.6323611831060643, 24.641365339891678], [2.0404514788825803, 26.399412262986072], [2.4485417746590965, 34.442612511688054]]}"
bb60c1fce851,2026-09-25T10:57:21,tamzeed,importance,deep_barrier,call,exact,importance,{},256,252,5,3351125955,LAPTOP-G689CP2J_AMD64,3.7092864108191805,0.2400971990259247,3.238704547939423,4.179868273698938,3.545320563728301,0.16396584709087936,0.06249429995659739,"{""theta"": 1.6323611831060643, ""theta0"": 1.6323611831060643, ""ESS"": 52.75838327757634, ""ESS_frac"": 0.2060874346780326, ""max_weight"": 12.059023526409508, ""max_weight_share"": 0.07160170113016599, ""mean_weight"": 0.6578832612426779, ""hit_rate_proposal"": 0.6015625, ""pilot_paths"": 10000, ""total_paths_simulated"": 10256, ""theta_grid"": [[0.0, 145.27285414561308], [0.40809029577651607, 68.90295548373858], [0.8161805915530321, 40.3860923978685], [1.2242708873295483, 29.089550855493773], [1.6323611831060643, 25.647002347079454], [2.0404514788825803, 27.604557944233406], [2.4485417746590965, 36.21165481661145]]}"
38bd8611060a,2026-09-25T10:57:21,tamzeed,importance,deep_barrier,call,exact,importance,{},256,252,6,631153037,LAPTOP-G689CP2J_AMD64,3.4861808464200457,0.24447365999614243,3.007021277658916,3.9653404151811755,3.545320563728301,0.05913971730825551,0.07330079993698746,"{""theta"": 1.6323611831060643, ""theta0"": 1.6323611831060643, ""ESS"": 6.407380899907741, ""ESS_frac"": 0.025028831640264614, ""max_weight"": 166.60509750674174, ""max_weight_share"": 0.3836069120695156, ""mean_weight"": 1.6965313753725444, ""hit_rate_proposal"": 0.58203125, ""pilot_paths"": 10000, ""total_paths_simulated"": 10256, ""theta_grid"": [[0.0, 142.68733009042754], [0.40809029577651607, 67.52789969769043], [0.8161805915530321, 39.51283578231791], [1.2242708873295483, 28.420920397396888], [1.6323611831060643, 25.024772351660207], [2.0404514788825803, 26.895146827505453], [2.4485417746590965, 35.21304498805376]]}"
85a313e9bba6,2026-09-25T10:57:21,tamzeed,importance,deep_barrier,call,exact,importance,{},256,252,7,752336168,LAPTOP-G689CP2J_AMD64,3.6516255568009193,0.23303060949952034,3.194893954886442,4.108357158715396,3.545320563728301,0.10630499307261809,0.06888999999500811,"{""theta"": 1.6323611831060643, ""theta0"": 1.6323611831060643, ""ESS"": 48.85542655220329, ""ESS_frac"": 0.1908415099695441, ""max_weight"": 12.22407185245884, ""max_weight_share"": 0.05782408566499172, ""mean_weight"": 0.8257853128938737, ""hit_rate_proposal"": 0.62890625, ""pilot_paths"": 10000, ""total_paths_simulated"": 10256, ""theta_grid"": [[0.0, 143.908996261405], [0.40809029577651607, 68.26082787072482], [0.8161805915530321, 40.04239230660297], [1.2242708873295483, 28.89198294240802], [1.6323611831060643, 25.537408910297305], [2.0404514788825803, 27.569729614794586], [2.4485417746590965, 36.27655572398634]]}"
96cd63af71a0,2026-09-25T10:57:21,tamzeed,importance,deep_barrier,call,exact,importance,{},256,252,8,405867681,LAPTOP-G689CP2J_AMD64,3.1537766272441146,0.23545578554958513,2.692291767615341,3.615261486872888,3.545320563728301,0.3915439364841866,0.06263189995661378,"{""theta"": 1.6323611831060643, ""theta0"": 1.6323611831060643, ""ESS"": 29.20990481229131, ""ESS_frac"": 0.11410119067301293, ""max_weight"": 27.312206847617816, ""max_weight_share"": 0.10196827552983175, ""mean_weight"": 1.0462892251943052, ""hit_rate_proposal"": 0.5546875, ""pilot_paths"": 10000, ""total_paths_simulated"": 10256, ""theta_grid"": [[0.0, 145.20742835378582], [0.40809029577651607, 68.86114933495989], [0.8161805915530321, 40.34102563029239], [1.2242708873295483, 29.02524755688478], [1.6323611831060643, 25.54193441570387], [2.0404514788825803, 27.411882696131645], [2.4485417746590965, 35.811286157784785]]}"
2b307cca7bd8,2026-09-25T10:57:21,tamzeed,importance,deep_barrier,call,exact,importance,{},256,252,9,1321210781,LAPTOP-G689CP2J_AMD64,3.277493065638602,0.23683703071054785,2.8133010152405213,3.7416851160366824,3.545320563728301,0.2678274980896993,0.059721400029957294,"{""theta"": 1.6323611831060643, ""theta0"": 1.6323611831060643, ""ESS"": 38.21412987134436, ""ESS_frac"": 0.1492739448099389, ""max_weight"": 29.805948492328582, ""max_weight_share"": 0.12062444094481, ""mean_weight"": 0.9652230127344523, ""hit_rate_proposal"": 0.54296875, ""pilot_paths"": 10000, ""total_paths_simulated"": 10256, ""theta_grid"": [[0.0, 144.4616399180984], [0.40809029577651607, 68.0098216300607], [0.8161805915530321, 39.60240852820568], [1.2242708873295483, 28.3606937259509], [1.6323611831060643, 24.87315733682136], [2.0404514788825803, 26.636796393632213], [2.4485417746590965, 34.76246393990405]]}"
fbcf20fcc80a,2026-09-25T10:57:21,tamzeed,importance,deep_barrier,call,exact,importance,{},256,252,10,2975430195,LAPTOP-G689CP2J_AMD64,3.4450693910415726,0.236789971335787,2.9809695753231584,3.909169206759987,3.545320563728301,0.10025117268672856,0.060241200029850006,"{""theta"": 1.6323611831060643, ""theta0"": 1.6323611831060643, ""ESS"": 41.84968782417537, ""ESS_frac"": 0.16347534306318504, ""max_weight"": 23.500483812721953, ""max_weight_share"": 0.09577589924245648, ""mean_weight"": 0.9584745809700701, ""hit_rate_proposal"": 0.59765625, ""pilot_paths"": 10000, ""total_paths_simulated"": 10256, ""theta_grid"": [[0.0, 143.4832930321552], [0.40809029577651607, 67.85448776658892], [0.8161805915530321, 39.63550752770932], [1.2242708873295483, 28.43924254672859], [1.6323611831060643, 24.965449173050448], [2.0404514788825803, 26.73918967264015], [2.4485417746590965, 34.879049475191664]]}"
e41292553aaa,2026-09-25T10:57:21,tamzeed,importance,deep_barrier,call,exact,importance,{},256,252,11,2469376409,LAPTOP-G689CP2J_AMD64,3.083709690563702,0.2325089935694502,2.6280004370859245,3.5394189440414796,3.545320563728301,0.46161087316459914,0.059265200048685074,"{""theta"": 1.6323611831060643, ""theta0"": 1.6323611831060643, ""ESS"": 32.39544218443116, ""ESS_frac"": 0.12654469603293422, ""max_weight"": 33.61205113840878, ""max_weight_share"": 0.09254628051258358, ""mean_weight"": 1.418718008246228, ""hit_rate_proposal"": 0.5234375, ""pilot_paths"": 10000, ""total_paths_simulated"": 10256, ""theta_grid"": [[0.0, 144.24698152515796], [0.40809029577651607, 68.18998824319785], [0.8161805915530321, 39.85131158341632], [1.2242708873295483, 28.640606626559205], [1.6323611831060643, 25.214503653071926], [2.0404514788825803, 27.116649364681678], [2.4485417746590965, 35.55416692223078]]}"
4371013e8bca,2026-09-25T10:57:21,tamzeed,importance,deep_barrier,call,exact,importance,{},256,252,12,67098,LAPTOP-G689CP2J_AMD64,3.3570777442154496,0.23631725075249932,2.89390444381503,3.820251044615869,3.545320563728301,0.1882428195128516,0.05832020007073879,"{""theta"": 1.6323611831060643, ""theta0"": 1.6323611831060643, ""ESS"": 33.75234309128555, ""ESS_frac"": 0.1318450902003342, ""max_weight"": 29.748873671603317, ""max_weight_share"": 0.12398732038907616, ""mean_weight"": 0.93724533617664, ""hit_rate_proposal"": 0.56640625, ""pilot_paths"": 10000, ""total_paths_simulated"": 10256, ""theta_grid"": [[0.0, 143.70950871763912], [0.40809029577651607, 68.03157787631633], [0.8161805915530321, 39.796869213042115], [1.2242708873295483, 28.609516307691116], [1.6323611831060643, 25.174128195948228], [2.0404514788825803, 27.03652322300602], [2.4485417746590965, 35.37145922991726]]}"
2708a233cda5,2026-09-25T10:57:22,tamzeed,importance,deep_barrier,call,exact,importance,{},256,252,13,1347766406,LAPTOP-G689CP2J_AMD64,3.7318265663720447,0.23230953106625138,3.276508252216803,4.187144880527287,3.545320563728301,0.1865060026437435,0.059038199950009584,"{""theta"": 1.6323611831060643, ""theta0"": 1.6323611831060643, ""ESS"": 18.879310596862403, ""ESS_frac"": 0.07374730701899376, ""max_weight"": 43.358893977530485, ""max_weight_share"": 0.15763371771524146, ""mean_weight"": 1.074457178670932, ""hit_rate_proposal"": 0.6328125, ""pilot_paths"": 10000, ""total_paths_simulated"": 10256, ""theta_grid"": [[0.0, 142.968396166689], [0.40809029577651607, 67.56540293580481], [0.8161805915530321, 39.43970468309929], [1.2242708873295483, 28.27298174688171], [1.6323611831060643, 24.785790986151284], [2.0404514788825803, 26.4920011335945], [2.4485417746590965, 34.45062415807466]]}"
e86ac7946319,2026-09-25T10:57:22,tamzeed,importance,deep_barrier,call,exact,importance,{},256,252,14,1194253583,LAPTOP-G689CP2J_AMD64,3.507820737210391,0.2337201870758931,3.049737588081677,3.965903886339105,3.545320563728301,0.03749982651791006,0.06833709997590631,"{""theta"": 1.6323611831060643, ""theta0"": 1.6323611831060643, ""ESS"": 38.4966965749799, ""ESS_frac"": 0.15037772099601524, ""max_weight"": 20.49909681649077, ""max_weight_share"": 0.07688180389742601, ""mean_weight"": 1.0415285916840715, ""hit_rate_proposal"": 0.59765625, ""pilot_paths"": 10000, ""total_paths_simulated"": 10256, ""theta_grid"": [[0.0, 143.96813152272725], [0.40809029577651607, 68.02545368492203], [0.8161805915530321, 39.703214836868675], [1.2242708873295483, 28.46245847932722], [1.6323611831060643, 24.960487164796564], [2.0404514788825803, 26.70218518032113], [2.4485417746590965, 34.7802867812204]]}"
e4cda6fe9cea,2026-09-25T10:57:22,tamzeed,importance,deep_barrier,call,exact,importance,{},256,252,15,1955481231,LAPTOP-G689CP2J_AMD64,3.246456111983891,0.22312503937428577,2.8091390707612094,3.6837731532065723,3.545320563728301,0.29886445174441034,0.06536609993781894,"{""theta"": 1.6323611831060643, ""theta0"": 1.6323611831060643, ""ESS"": 33.72692842990059, ""ESS_frac"": 0.13174581417929918, ""max_weight"": 27.926820755228864, ""max_weight_share"": 0.11973813322090385, ""mean_weight"": 0.9110643421662098, ""hit_rate_proposal"": 0.59765625, ""pilot_paths"": 10000, ""total_paths_simulated"": 10256, ""theta_grid"": [[0.0, 143.65103161476407], [0.40809029577651607, 68.0114893417747], [0.8161805915530321, 39.80251571833011], [1.2242708873295483, 28.626924362024177], [1.6323611831060643, 25.19687799141698], [2.0404514788825803, 27.062466136430512], [2.4485417746590965, 35.40206269016074]]}"
c6225d111daf,2026-09-25T10:57:22,tamzeed,importance,deep_barrier,call,exact,importance,{},256,252,16,1204896005,LAPTOP-G689CP2J_AMD64,3.9332942256315317,0.240619324324404,3.4616890159713374,4.404899435291727,3.545320563728301,0.38797366190323057,0.06375450000632554,"{""theta"": 1.6323611831060643, ""theta0"": 1.6323611831060643, ""ESS"": 15.611787260091962, ""ESS_frac"": 0.060983543984734226, ""max_weight"": 64.32382129300184, ""max_weight_share"": 0.20651884147240154, ""mean_weight"": 1.2166682959015467, ""hit_rate_proposal"": 0.65234375, ""pilot_paths"": 10000, ""total_paths_simulated"": 10256, ""theta_grid"": [[0.0, 145.36666622619694], [0.40809029577651607, 68.73394983668376], [0.8161805915530321, 40.18277693631919], [1.2242708873295483, 28.878774931624886], [1.6323611831060643, 25.40972256786172], [2.0404514788825803, 27.29589189012614], [2.4485417746590965, 35.73692852704718]]}"
3e61b0363e52,2026-09-25T10:57:22,tamzeed,importance,deep_barrier,call,exact,importance,{},256,252,17,3879420972,LAPTOP-G689CP2J_AMD64,3.622039487511493,0.22571072021556246,3.179654604964394,4.0644243700585925,3.545320563728301,0.07671892378319178,0.06888140004593879,"{""theta"": 1.6323611831060643, ""theta0"": 1.6323611831060643, ""ESS"": 23.179526582130208, ""ESS_frac"": 0.09054502571144613, ""max_weight"": 37.52085205842616, ""max_weight_share"": 0.15223594852271768, ""mean_weight"": 0.9627543939226393, ""hit_rate_proposal"": 0.63671875, ""pilot_paths"": 10000, ""total_paths_simulated"": 10256, ""theta_grid"": [[0.0, 143.1391175023627], [0.40809029577651607, 67.49719795542441], [0.8161805915530321, 39.33051551260534], [1.2242708873295483, 28.166746645186947], [1.6323611831060643, 24.692521817500214], [2.0404514788825803, 26.42265592699565], [2.4485417746590965, 34.44463432923594]]}"
45f4c0e41c2a,2026-09-25T10:57:22,tamzeed,importance,deep_barrier,call,exact,importance,{},256,252,18,1000937288,LAPTOP-G689CP2J_AMD64,3.432216120144676,0.21629378668814028,3.008288088156132,3.85614415213322,3.545320563728301,0.11310444358362526,0.06780409999191761,"{""theta"": 1.6323611831060643, ""theta0"": 1.6323611831060643, ""ESS"": 28.742792780674808, ""ESS_frac"": 0.11227653429951097, ""max_weight"": 25.287090962634693, ""max_weight_share"": 0.12839606641745735, ""mean_weight"": 0.7693202901686518, ""hit_rate_proposal"": 0.67578125, ""pilot_paths"": 10000, ""total_paths_simulated"": 10256, ""theta_grid"": [[0.0, 146.0694167060009], [0.40809029577651607, 69.35094862696253], [0.8161805915530321, 40.694724296332886], [1.2242708873295483, 29.344046859331133], [1.6323611831060643, 25.894219321363252], [2.0404514788825803, 27.884193794099755], [2.4485417746590965, 36.576444675648645]]}"
32f8fac44141,2026-09-25T10:57:22,tamzeed,importance,deep_barrier,call,exact,importance,{},256,252,19,1429067131,LAPTOP-G689CP2J_AMD64,3.3878579279156242,0.23069402464474448,2.9357059481633296,3.840009907667919,3.545320563728301,0.15746263581267694,0.06641249998938292,"{""theta"": 1.6323611831060643, ""theta0"": 1.6323611831060643, ""ESS"": 37.883674247759444, ""ESS_frac"": 0.14798310253031033, ""max_weight"": 18.70243526015328, ""max_weight_share"": 0.0934451051368275, ""mean_weight"": 0.7818107500441093, ""hit_rate_proposal"": 0.58984375, ""pilot_paths"": 10000, ""total_paths_simulated"": 10256, ""theta_grid"": [[0.0, 143.3189150090132], [0.40809029577651607, 67.80866369082325], [0.8161805915530321, 39.690720717766595], [1.2242708873295483, 28.572881220682344], [1.6323611831060643, 25.187962965979573], [2.0404514788825803, 27.105971854860922], [2.4485417746590965, 35.53410888753927]]}"
8baa3b7b33ed,2026-09-25T10:57:22,tamzeed,importance,deep_barrier,call,exact,importance,{},1024,252,0,3579624171,LAPTOP-G689CP2J_AMD64,3.0493551188574246,0.11162061372409487,2.8305827360259412,3.268127501688908,3.545320563728301,0.49596544487087657,0.06831370003055781,"{""theta"": 1.6323611831060643, ""theta0"": 1.6323611831060643, ""ESS"": 106.89638349465461, ""ESS_frac"": 0.10439099950649865, ""max_weight"": 47.57244078735951, ""max_weight_share"": 0.03833628350266948, ""mean_weight"": 1.2118405192608404, ""hit_rate_proposal"": 0.5615234375, ""pilot_paths"": 10000, ""total_paths_simulated"": 11024, ""theta_grid"": [[0.0, 142.5092956529564], [0.40809029577651607, 67.61839250133349], [0.8161805915530321, 39.64304404855607], [1.2242708873295483, 28.550811517979866], [1.6323611831060643, 25.149378574628265], [2.0404514788825803, 27.008803640229633], [2.4485417746590965, 35.28157914446827]]}"
6bb8760af5b6,2026-09-25T10:57:22,tamzeed,importance,deep_barrier,call,exact,importance,{},1024,252,1,3834283414,LAPTOP-G689CP2J_AMD64,3.2368649473747455,0.11548099904758682,3.010526348342771,3.46320354640672,3.545320563728301,0.3084556163535557,0.06986789999064058,"{""theta"": 1.6323611831060643, ""theta0"": 1.6323611831060643, ""ESS"": 111.78249546191373, ""ESS_frac"": 0.10916259322452512, ""max_weight"": 71.45644303787493, ""max_weight_share"": 0.06166366883773127, ""mean_weight"": 1.1316498672468893, ""hit_rate_proposal"": 0.5703125, ""pilot_paths"": 10000, ""total_paths_simulated"": 11024, ""theta_grid"": [[0.0, 145.12171011611534], [0.40809029577651607, 68.3368826862541], [0.8161805915530321, 39.78355193354901], [1.2242708873295483, 28.47616806844841], [1.6323611831060643, 24.959244670861306], [2.0404514788825803, 26.71250840174869], [2.4485417746590965, 34.84164797458844]]}"
a48c0dc36131,2026-09-25T10:57:22,tamzeed,importance,deep_barrier,call,exact,importance,{},1024,252,2,3457637161,LAPTOP-G689CP2J_AMD64,3.4062665538066716,0.1145653396217994,3.181722614271345,3.6308104933419982,3.545320563728301,0.13905400992162953,0.07167450000997633,"{""theta"": 1.6323611831060643, ""theta0"": 1.6323611831060643, ""ESS"": 68.11713189720572, ""ESS_frac"": 0.06652063661836496, ""max_weight"": 87.3964620710489, ""max_weight_share"": 0.08345301871949944, ""mean_weight"": 1.022708450824637, ""hit_rate_proposal"": 0.59765625, ""pilot_paths"": 10000, ""total_paths_simulated"": 11024, ""theta_grid"": [[0.0, 143.8193424714746], [0.40809029577651607, 68.03532111716052], [0.8161805915530321, 39.76750261816556], [1.2242708873295483, 28.554638873409953], [1.6323611831060643, 25.083050623599696], [2.0404514788825803, 26.87985083751189], [2.4485417746590965, 35.08004443707031]]}"
0631a8d2722e,2026-09-25T10:57:22,tamzeed,importance,deep_barrier,call,exact,importance,{},1024,252,3,2586714938,LAPTOP-G689CP2J_AMD64,3.58095862824952,0.11755359486491011,3.3505578160610834,3.8113594404379563,3.545320563728301,0.03563806452121865,0.06859080004505813,"{""theta"": 1.6323611831060643, ""theta0"": 1.6323611831060643, ""ESS"": 99.773358252927, ""ESS_frac"": 0.09743492016887402, ""max_weight"": 72.76818142662907, ""max_weight_share"": 0.06998421919486923, ""mean_weight"": 1.0154100166006037, ""hit_rate_proposal"": 0.615234375, ""pilot_paths"": 10000, ""total_paths_simulated"": 11024, ""theta_grid"": [[0.0, 144.65064866654797], [0.40809029577651607, 68.54607792643533], [0.8161805915530321, 40.16040785426893], [1.2242708873295483, 28.926524861863935], [1.6323611831060643, 25.506401629783017], [2.0404514788825803, 27.450628407513303], [2.4485417746590965, 35.98393262726391]]}"
c52fb624aa18,2026-09-25T10:57:22,tamzeed,importance,deep_barrier,call,exact,importance,{},1024,252,4,2665855206,LAPTOP-G689CP2J_AMD64,3.434583350528952,0.11345155437705416,3.2122223899598383,3.6569443110980657,3.545320563728301,0.11073721319934915,0.06616349995601922,"{""theta"": 1.6323611831060643, ""theta0"": 1.6323611831060643, ""ESS"": 93.17774990246959, ""ESS_frac"": 0.09099389638913045, ""max_weight"": 71.99750004016519, ""max_weight_share"": 0.06808284876159702, ""mean_weight"": 1.0327132297177477, ""hit_rate_proposal"": 0.6083984375, ""pilot_paths"": 10000, ""total_paths_simulated"": 11024, ""theta_grid"": [[0.0, 143.59131706832198], [0.40809029577651607, 67.4371449738356], [0.8161805915530321, 39.13095685044164], [1.2242708873295483, 27.893118804481613], [1.6323611831060643, 24.322494351696502], [2.0404514788825803, 25.869251618560526], [2.4485417746590965, 33.496386842735895]]}"
9df7fca6b599,2026-09-25T10:57:22,tamzeed,importance,deep_barrier,call,exact,importance,{},1024,252,5,1581817923,LAPTOP-G689CP2J_AMD64,3.3776504802052276,0.11462099267032767,3.152997462699156,3.6023034977112993,3.545320563728301,0.16767008352307355,0.06585310003720224,"{""theta"": 1.6323611831060643, ""theta0"": 1.6323611831060643, ""ESS"": 114.07930498876148, ""ESS_frac"": 0.11140557127808738, ""max_weight"": 35.68179965823848, ""max_weight_share"": 0.03702362953787551, ""mean_weight"": 0.9411694075833718, ""hit_rate_proposal"": 0.6015625, ""pilot_paths"": 10000, ""total_paths_simulated"": 11024, ""theta_grid"": [[0.0, 145.4644403774765], [0.40809029577651607, 68.58008267612342], [0.8161805915530321, 39.958647347154354], [1.2242708873295483, 28.614605257438683], [1.6323611831060643, 25.081858430378393], [2.0404514788825803, 26.83304442072038], [2.4485417746590965, 34.96655486739174]]}"
4ddc0e92ddc5,2026-09-25T10:57:22,tamzeed,importance,deep_barrier,call,exact,importance,{},1024,252,6,1901844875,LAPTOP-G689CP2J_AMD64,3.3817889732009117,0.11395972943297122,3.158432007824359,3.6051459385774645,3.545320563728301,0.16353159052738953,0.06655560003127903,"{""theta"": 1.6323611831060643, ""theta0"": 1.6323611831060643, ""ESS"": 65.28609701466374, ""ESS_frac"": 0.06375595411588256, ""max_weight"": 94.01233998284368, ""max_weight_share"": 0.08589206414542855, ""mean_weight"": 1.0688871745944897, ""hit_rate_proposal"": 0.603515625, ""pilot_paths"": 10000, ""total_paths_simulated"": 11024, ""theta_grid"": [[0.0, 144.12326486099744], [0.40809029577651607, 68.02890545332838], [0.8161805915530321, 39.69425579568001], [1.2242708873295483, 28.473086041510594], [1.6323611831060643, 25.005801338102923], [2.0404514788825803, 26.808984025053366], [2.4485417746590965, 35.01674020099879]]}"
af08054ed0ac,2026-09-25T10:57:22,tamzeed,importance,deep_barrier,call,exact,importance,{},1024,252,7,2608942988,LAPTOP-G689CP2J_AMD64,3.591028202109883,0.11745428784689509,3.360822028100168,3.821234376119598,3.545320563728301,0.04570763838158198,0.06621439999435097,"{""theta"": 1.6323611831060643, ""theta0"": 1.6323611831060643, ""ESS"": 115.99417696135585, ""ESS_frac"": 0.11327556343882407, ""max_weight"": 46.45347869191841, ""max_weight_share"": 0.048280609661244415, ""mean_weight"": 0.939605477299752, ""hit_rate_proposal"": 0.61328125, ""pilot_paths"": 10000, ""total_paths_simulated"": 11024, ""theta_grid"": [[0.0, 144.51118611316014], [0.40809029577651607, 67.98954051397038], [0.8161805915530321, 39.556392137194806], [1.2242708873295483, 28.302505164066684], [1.6323611831060643, 24.804555498363168], [2.0404514788825803, 26.553466449028747], [2.4485417746590965, 34.65466718233699]]}"
5475e7b8f32c,2026-09-25T10:57:23,tamzeed,importance,deep_barrier,call,exact,importance,{},1024,252,8,1122789236,LAPTOP-G689CP2J_AMD64,3.3867307035234484,0.11749154696807104,3.156451502978133,3.6170099040687638,3.545320563728301,0.15858986020485277,0.06768810003995895,"{""theta"": 1.6323611831060643, ""theta0"": 1.6323611831060643, ""ESS"": 162.97967448730034, ""ESS_frac"": 0.15915983836650424, ""max_weight"": 23.261807317847513, ""max_weight_share"": 0.024218668576767056, ""mean_weight"": 0.9379792550044423, ""hit_rate_proposal"": 0.587890625, ""pilot_paths"": 10000, ""total_paths_simulated"": 11024, ""theta_grid"": [[0.0, 145.78664153024835], [0.40809029577651607, 68.91927360884125], [0.8161805915530321, 40.21502344856329], [1.2242708873295483, 28.80558539063232], [1.6323611831060643, 25.226065522054462], [2.0404514788825803, 26.93090690935368], [2.4485417746590965, 34.97941830329572]]}"
89f9b81064ca,2026-09-25T10:57:23,tamzeed,importance,deep_barrier,call,exact,importance,{},1024,252,9,4160393198,LAPTOP-G689CP2J_AMD64,3.4012180343984215,0.1165309204108979,3.172821627307758,3.629614441489085,3.545320563728301,0.14410252932987966,0.07282250002026558,"{""theta"": 1.6323611831060643, ""theta0"": 1.6323611831060643, ""ESS"": 126.29626208535947, ""ESS_frac"": 0.12333619344273386, ""max_weight"": 32.967803859249194, ""max_weight_share"": 0.03249659179816253, ""mean_weight"": 0.9907230012385011, ""hit_rate_proposal"": 0.6015625, ""pilot_paths"": 10000, ""total_paths_simulated"": 11024, ""theta_grid"": [[0.0, 145.36917967512127], [0.40809029577651607, 68.70225180858294], [0.8161805915530321, 40.146391668927926], [1.2242708873295483, 28.8420813015112], [1.6323611831060643, 25.36996017170938], [2.0404514788825803, 27.244574650072575], [2.4485417746590965, 35.65179958499513]]}"
eb08666b9674,2026-09-25T10:57:23,tamzeed,importance,deep_barrier,call,exact,importance,{},1024,252,10,2094135310,LAPTOP-G689CP2J_AMD64,3.310952150666288,0.11632639335844164,3.0829566092323026,3.538947692100273,3.545320563728301,0.2343684130620134,0.06514369999058545,"{""theta"": 1.6323611831060643, ""theta0"": 1.6323611831060643, ""ESS"": 167.54856813872496, ""ESS_frac"": 0.1636216485729736, ""max_weight"": 22.984114759541736, ""max_weight_share"": 0.025007671560547746, ""mean_weight"": 0.8975415610174206, ""hit_rate_proposal"": 0.583984375, ""pilot_paths"": 10000, ""total_paths_simulated"": 11024, ""theta_grid"": [[0.0, 144.36468755105895], [0.40809029577651607, 68.22546083032593], [0.8161805915530321, 39.88456853442871], [1.2242708873295483, 28.676932854078604], [1.6323611831060643, 25.25229308897691], [2.0404514788825803, 27.15356299173191], [2.4485417746590965, 35.583204293537925]]}"
a071127ddfe8,2026-09-25T10:57:23,tamzeed,importance,deep_barrier,call,exact,importance,{},1024,252,11,345027930,LAPTOP-G689CP2J_AMD64,3.50135107399439,0.11588207719992048,3.2742263762288557,3.728475771759924,3.545320563728301,0.04396948973391135,0.06868749996647239,"{""theta"": 1.6323611831060643, ""theta0"": 1.6323611831060643, ""ESS"": 125.76240039055958, ""ESS_frac"": 0.12281484413140584, ""max_weight"": 34.4996052080506, ""max_weight_share"": 0.03517524553814798, ""mean_weight"": 0.9578048481409632, ""hit_rate_proposal"": 0.607421875, ""pilot_paths"": 10000, ""total_paths_simulated"": 11024, ""theta_grid"": [[0.0, 141.59081629556385], [0.40809029577651607, 66.68421897254261], [0.8161805915530321, 38.82659810860229], [1.2242708873295483, 27.779790061577504], [1.6323611831060643, 24.318432669460638], [2.0404514788825803, 25.969255751694355], [2.4485417746590965, 33.765661387865705]]}"
87992951ecb1,2026-09-25T10:57:23,tamzeed,importance,deep_barrier,call,exact,importance,{},1024,252,12,3606060502,LAPTOP-G689CP2J_AMD64,3.468399592716704,0.1168372282854504,3.239402833223737,3.697396352209671,3.545320563728301,0.07692097101159723,0.06428439996670932,"{""theta"": 1.6323611831060643, ""theta0"": 1.6323611831060643, ""ESS"": 102.57877719803531, ""ESS_frac"": 0.10017458710745636, ""max_weight"": 49.01800324152049, ""max_weight_share"": 0.05054094695077129, ""mean_weight"": 0.9471358705877361, ""hit_rate_proposal"": 0.595703125, ""pilot_paths"": 10000, ""total_paths_simulated"": 11024, ""theta_grid"": [[0.0, 144.6906049361455], [0.40809029577651607, 68.1701524007016], [0.8161805915530321, 39.676584080533914], [1.2242708873295483, 28.375260951532784], [1.6323611831060643, 24.839975739657728], [2.0404514788825803, 26.548985577525357], [2.4485417746590965, 34.588601930296406]]}"
a0904b3b98ef,2026-09-25T10:57:23,tamzeed,importance,deep_barrier,call,exact,importance,{},1024,252,13,1655724278,LAPTOP-G689CP2J_AMD64,3.507413682163808,0.11587192788478037,3.2803088766904165,3.7345184876372,3.545320563728301,0.037906881564492956,0.06475999997928739,"{""theta"": 1.6323611831060643, ""theta0"": 1.6323611831060643, ""ESS"": 126.72519545252996, ""ESS_frac"": 0.12375507368411129, ""max_weight"": 34.65125082792359, ""max_weight_share"": 0.03563980658942922, ""mean_weight"": 0.9494751901005216, ""hit_rate_proposal"": 0.603515625, ""pilot_paths"": 10000, ""total_paths_simulated"": 11024, ""theta_grid"": [[0.0, 143.1376811191408], [0.40809029577651607, 67.48139081196629], [0.8161805915530321, 39.29427438265182], [1.2242708873295483, 28.106599042009695], [1.6323611831060643, 24.597924583024824], [2.0404514788825803, 26.26611684010191], [2.4485417746590965, 34.15787016719525]]}"
ebca253b38c5,2026-09-25T10:57:23,tamzeed,importance,deep_barrier,call,exact,importance,{},1024,252,14,3350409284,LAPTOP-G689CP2J_AMD64,3.5280627663809367,0.11618765455468733,3.3003391480055684,3.755786384756305,3.545320563728301,0.017257797347364434,0.06528950005304068,"{""theta"": 1.6323611831060643, ""theta0"": 1.6323611831060643, ""ESS"": 95.81325945201513, ""ESS_frac"": 0.09356763618360853, ""max_weight"": 53.38119641000946, ""max_weight_share"": 0.0509980907862049, ""mean_weight"": 1.0221965923722611, ""hit_rate_proposal"": 0.607421875, ""pilot_paths"": 10000, ""total_paths_simulated"": 11024, ""theta_grid"": [[0.0, 144.8188280918124], [0.40809029577651607, 68.57039808373905], [0.8161805915530321, 40.11835923842954], [1.2242708873295483, 28.84100162204643], [1.6323611831060643, 25.37308375783352], [2.0404514788825803, 27.239357503873773], [2.4485417746590965, 35.617001441376345]]}"
c114369f0b8a,2026-09-25T10:57:23,tamzeed,importance,deep_barrier,call,exact,importance,{},1024,252,15,829301836,LAPTOP-G689CP2J_AMD64,3.281175667006007,0.11260148259612256,3.060480816511793,3.501870517500221,3.545320563728301,0.26414489672229413,0.0640572999836877,"{""theta"": 1.6323611831060643, ""theta0"": 1.6323611831060643, ""ESS"": 67.29010764886334, ""ESS_frac"": 0.0657129957508431, ""max_weight"": 98.15611659873782, ""max_weight_share"": 0.07942236874931445, ""mean_weight"": 1.2069091381360029, ""hit_rate_proposal"": 0.5869140625, ""pilot_paths"": 10000, ""total_paths_simulated"": 11024, ""theta_grid"": [[0.0, 144.82974268003227], [0.40809029577651607, 68.38072456724373], [0.8161805915530321, 39.91301989917803], [1.2242708873295483, 28.626827037740057], [1.6323611831060643, 25.116734863013704], [2.0404514788825803, 26.871285591613024], [2.4485417746590965, 34.97713438114453]]}"
40bd8c3d63a5,2026-09-25T10:57:23,tamzeed,importance,deep_barrier,call,exact,importance,{},1024,252,16,1417413352,LAPTOP-G689CP2J_AMD64,3.399198803876966,0.11339692875203633,3.1769449075655203,3.621452700188412,3.545320563728301,0.14612175985133513,0.06684980005957186,"{""theta"": 1.6323611831060643, ""theta0"": 1.6323611831060643, ""ESS"": 154.10613382655828, ""ESS_frac"": 0.15049427131499832, ""max_weight"": 25.109898897087934, ""max_weight_share"": 0.02645088244618922, ""mean_weight"": 0.9270535942070331, ""hit_rate_proposal"": 0.615234375, ""pilot_paths"": 10000, ""total_paths_simulated"": 11024, ""theta_grid"": [[0.0, 145.49272166295762], [0.40809029577651607, 68.62850501923855], [0.8161805915530321, 39.98776817021095], [1.2242708873295483, 28.624570818641374], [1.6323611831060643, 25.075110835391246], [2.0404514788825803, 26.809701850354887], [2.4485417746590965, 34.92712481081008]]}"
26f2e5d8ab54,2026-09-25T10:57:23,tamzeed,importance,deep_barrier,call,exact,importance,{},1024,252,17,2750917221,LAPTOP-G689CP2J_AMD64,3.5064014023680876,0.11652583670149515,3.2780149591647616,3.7347878455714136,3.545320563728301,0.03891916136021356,0.06473930005449802,"{""theta"": 1.6323611831060643, ""theta0"": 1.6323611831060643, ""ESS"": 121.59764927924218, ""ESS_frac"": 0.11874770437425994, ""max_weight"": 48.524060046030854, ""max_weight_share"": 0.04644214935985732, ""mean_weight"": 1.0203398861134791, ""hit_rate_proposal"": 0.609375, ""pilot_paths"": 10000, ""total_paths_simulated"": 11024, ""theta_grid"": [[0.0, 143.30176255903308], [0.40809029577651607, 67.65324624849917], [0.8161805915530321, 39.5200193535667], [1.2242708873295483, 28.392125850878386], [1.6323611831060643, 24.974473465502335], [2.0404514788825803, 26.81304230652272], [2.4485417746590965, 35.060678639381216]]}"
ddb013ee075b,2026-09-25T10:57:23,tamzeed,importance,deep_barrier,call,exact,importance,{},1024,252,18,4220955769,LAPTOP-G689CP2J_AMD64,3.313831176091452,0.11275100108101943,3.092843274751817,3.534819077431087,3.545320563728301,0.23148938763684912,0.06736690003890544,"{""theta"": 1.6323611831060643, ""theta0"": 1.6323611831060643, ""ESS"": 92.41831700854377, ""ESS_frac"": 0.09025226270365602, ""max_weight"": 58.1822046377348, ""max_weight_share"": 0.058384774736808705, ""mean_weight"": 0.9731742474415441, ""hit_rate_proposal"": 0.599609375, ""pilot_paths"": 10000, ""total_paths_simulated"": 11024, ""theta_grid"": [[0.0, 144.41320138853416], [0.40809029577651607, 68.02926411004916], [0.8161805915530321, 39.6204324673945], [1.2242708873295483, 28.36339272273952], [1.6323611831060643, 24.850457606314194], [2.0404514788825803, 26.564889878736977], [2.4485417746590965, 34.576029798328186]]}"
84dee54bb1ec,2026-09-25T10:57:23,tamzeed,importance,deep_barrier,call,exact,importance,{},1024,252,19,4077733740,LAPTOP-G689CP2J_AMD64,3.4457865569328527,0.11676684243201547,3.216927751177639,3.6746453626880666,3.545320563728301,0.09953400679544844,0.09293019992765039,"{""theta"": 1.6323611831060643, ""theta0"": 1.6323611831060643, ""ESS"": 95.92464105756508, ""ESS_frac"": 0.0936764072827784, ""max_weight"": 55.90295862673476, ""max_weight_share"": 0.05085768411467717, ""mean_weight"": 1.0734411915183055, ""hit_rate_proposal"": 0.5966796875, ""pilot_paths"": 10000, ""total_paths_simulated"": 11024, ""theta_grid"": [[0.0, 143.46241883686864], [0.40809029577651607, 67.97787232953854], [0.8161805915530321, 39.830139060856155], [1.2242708873295483, 28.688697307541577], [1.6323611831060643, 25.293856175643235], [2.0404514788825803, 27.21786652672398], [2.4485417746590965, 35.67886134204989]]}"
7ab51d3c3ee2,2026-09-25T10:57:23,tamzeed,importance,deep_barrier,call,exact,importance,{},4096,252,0,4026948438,LAPTOP-G689CP2J_AMD64,3.370478210753184,0.05799791595366055,3.2568043843056285,3.4841520372007397,3.545320563728301,0.17484235297511708,0.09259939996991307,"{""theta"": 1.6323611831060643, ""theta0"": 1.6323611831060643, ""ESS"": 375.81864385783007, ""ESS_frac"": 0.09175259859810304, ""max_weight"": 90.04338429590037, ""max_weight_share"": 0.022272164050970517, ""mean_weight"": 0.9870279362529378, ""hit_rate_proposal"": 0.58740234375, ""pilot_paths"": 10000, ""total_paths_simulated"": 14096, ""theta_grid"": [[0.0, 143.16864521234163], [0.40809029577651607, 68.00979731248562], [0.8161805915530321, 39.92451521501171], [1.2242708873295483, 28.798669064272445], [1.6323611831060643, 25.41975147560048], [2.0404514788825803, 27.376225354267554], [2.4485417746590965, 35.90238462851413]]}"
afe5bf97cc47,2026-09-25T10:57:24,tamzeed,importance,deep_barrier,call,exact,importance,{},4096,252,1,2693523072,LAPTOP-G689CP2J_AMD64,3.2314741976954817,0.05616797198376424,3.121386995522649,3.3415613998683145,3.545320563728301,0.31384636603281946,0.07952919998206198,"{""theta"": 1.6323611831060643, ""theta0"": 1.6323611831060643, ""ESS"": 473.7255589651664, ""ESS_frac"": 0.11565565404423007, ""max_weight"": 72.21064807457834, ""max_weight_share"": 0.018056080873216335, ""mean_weight"": 0.9763775913705379, ""hit_rate_proposal"": 0.5830078125, ""pilot_paths"": 10000, ""total_paths_simulated"": 14096, ""theta_grid"": [[0.0, 143.9183200793836], [0.40809029577651607, 67.96114393785764], [0.8161805915530321, 39.664009619455655], [1.2242708873295483, 28.442195181736647], [1.6323611831060643, 24.951142169654414], [2.0404514788825803, 26.69744914635779], [2.4485417746590965, 34.771674493385945]]}"
69c329049420,2026-09-25T10:57:24,tamzeed,importance,deep_barrier,call,exact,importance,{},4096,252,2,1398835397,LAPTOP-G689CP2J_AMD64,3.37755822221824,0.056881233931253654,3.266073052316785,3.4890433921196946,3.545320563728301,0.1677623415100613,0.07922049995977432,"{""theta"": 1.6323611831060643, ""theta0"": 1.6323611831060643, ""ESS"": 196.68901152171935, ""ESS_frac"": 0.04801977820354476, ""max_weight"": 218.25503893522853, ""max_weight_share"": 0.052089549627946326, ""mean_weight"": 1.0229484031948393, ""hit_rate_proposal"": 0.59423828125, ""pilot_paths"": 10000, ""total_paths_simulated"": 14096, ""theta_grid"": [[0.0, 144.74336842754772], [0.40809029577651607, 68.3949842710201], [0.8161805915530321, 39.94424703820781], [1.2242708873295483, 28.67449733693966], [1.6323611831060643, 25.200777027306835], [2.0404514788825803, 27.040067229140266], [2.4485417746590965, 35.358604359495715]]}"
c91812aad8c6,2026-09-25T10:57:24,tamzeed,importance,deep_barrier,call,exact,importance,{},4096,252,3,3008859514,LAPTOP-G689CP2J_AMD64,3.463922907014118,0.0578437321686215,3.350551275232239,3.5772945387959973,3.545320563728301,0.08139765671418298,0.08425549999810755,"{""theta"": 1.6323611831060643, ""theta0"": 1.6323611831060643, ""ESS"": 274.4238673473885, ""ESS_frac"": 0.06699801448910853, ""max_weight"": 115.44673760435899, ""max_weight_share"": 0.03012945764414634, ""mean_weight"": 0.9354711593494328, ""hit_rate_proposal"": 0.60693359375, ""pilot_paths"": 10000, ""total_paths_simulated"": 14096, ""theta_grid"": [[0.0, 144.83872351412333], [0.40809029577651607, 68.51422343971639], [0.8161805915530321, 40.07382017897304], [1.2242708873295483, 28.814116376585066], [1.6323611831060643, 25.36158426266497], [2.0404514788825803, 27.245684466048033], [2.4485417746590965, 35.65616523133613]]}"
ff8597bc878c,2026-09-25T10:57:24,tamzeed,importance,deep_barrier,call,exact,importance,{},4096,252,4,3984855078,LAPTOP-G689CP2J_AMD64,3.383206103697681,0.057064715349921975,3.271361316823804,3.4950508905715583,3.545320563728301,0.16211446003062013,0.08178679994307458,"{""theta"": 1.6323611831060643, ""theta0"": 1.6323611831060643, ""ESS"": 293.9012550683429, ""ESS_frac"": 0.07175323610066965, ""max_weight"": 121.14665200765907, ""max_weight_share"": 0.02784166640394935, ""mean_weight"": 1.0623221652282964, ""hit_rate_proposal"": 0.59716796875, ""pilot_paths"": 10000, ""total_paths_simulated"": 14096, ""theta_grid"": [[0.0, 145.6250783148291], [0.40809029577651607, 68.71624615912708], [0.8161805915530321, 40.06440264829736], [1.2242708873295483, 28.692743774218137], [1.6323611831060643, 25.133248051362873], [2.0404514788825803, 26.847354332564848], [2.4485417746590965, 34.90424242989217]]}"
d64e88a47477,2026-09-25T10:57:24,tamzeed,importance,deep_barrier,call,exact,importance,{},4096,252,5,267415754,LAPTOP-G689CP2J_AMD64,3.4512702943690634,0.057090887423787505,3.339374211173009,3.5631663775651177,3.545320563728301,0.09405026935923777,0.0808734999736771,"{""theta"": 1.6323611831060643, ""theta0"": 1.6323611831060643, ""ESS"": 342.3051907602723, ""ESS_frac"": 0.0835706032129571, ""max_weight"": 78.08726293986592, ""max_weight_share"": 0.01912863015817025, ""mean_weight"": 0.9966355677871394, ""hit_rate_proposal"": 0.6083984375, ""pilot_paths"": 10000, ""total_paths_simulated"": 14096, ""theta_grid"": [[0.0, 145.14566415524865], [0.40809029577651607, 68.60799849946243], [0.8161805915530321, 40.09235544080357], [1.2242708873295483, 28.792130690111062], [1.6323611831060643, 25.300835151330443], [2.0404514788825803, 27.123296105431905], [2.4485417746590965, 35.40292652715692]]}"
ce45bbbdd6cf,2026-09-25T10:57:24,tamzeed,importance,deep_barrier,call,exact,importance,{},4096,252,6,904792093,LAPTOP-G689CP2J_AMD64,3.4085442333653666,0.0575107686656957,3.2958251980573885,3.5212632686733447,3.545320563728301,0.13677633036293457,0.07767219992820174,"{""theta"": 1.6323611831060643, ""theta0"": 1.6323611831060643, ""ESS"": 389.4137165441338, ""ESS_frac"": 0.09507170814065767, ""max_weight"": 73.82495831474601, ""max_weight_share"": 0.017405974962676693, ""mean_weight"": 1.0354876128575883, ""hit_rate_proposal"": 0.595703125, ""pilot_paths"": 10000, ""total_paths_simulated"": 14096, ""theta_grid"": [[0.0, 144.08197337135653], [0.40809029577651607, 67.93235691723349], [0.8161805915530321, 39.584593106109885], [1.2242708873295483, 28.357257660962084], [1.6323611831060643, 24.87988047325497], [2.0404514788825803, 26.665225643867466], [2.4485417746590965, 34.849687981248806]]}"
28e2af71500f,2026-09-25T10:57:24,tamzeed,importance,deep_barrier,call,exact,importance,{},4096,252,7,2584959617,LAPTOP-G689CP2J_AMD64,3.391639842442938,0.05738340994984776,3.2791704256311394,3.504109259254737,3.545320563728301,0.15368072128536303,0.11502140003722161,"{""theta"": 1.6323611831060643, ""theta0"": 1.6323611831060643, ""ESS"": 193.74970141410546, ""ESS_frac"": 0.04730217319680309, ""max_weight"": 236.4200590795332, ""max_weight_share"": 0.054344565817615965, ""mean_weight"": 1.0621069488332193, ""hit_rate_proposal"": 0.595458984375, ""pilot_paths"": 10000, ""total_paths_simulated"": 14096, ""theta_grid"": [[0.0, 144.6192527601189], [0.40809029577651607, 68.17588504318903], [0.8161805915530321, 39.73379631944593], [1.2242708873295483, 28.480581681807607], [1.6323611831060643, 25.008803024730227], [2.0404514788825803, 26.825379390549358], [2.4485417746590965, 35.07706142127808]]}"
7062a549429f,2026-09-25T10:57:24,tamzeed,importance,deep_barrier,call,exact,importance,{},4096,252,8,2408442228,LAPTOP-G689CP2J_AMD64,3.4173040753240196,0.05750019716194754,3.30460575978265,3.530002390865389,3.545320563728301,0.1280164884042816,0.08198430004995316,"{""theta"": 1.6323611831060643, ""theta0"": 1.6323611831060643, ""ESS"": 347.36639862512476, ""ESS_frac"": 0.0848062496643371, ""max_weight"": 119.14754578476014, ""max_weight_share"": 0.028521287162461762, ""mean_weight"": 1.0198963367050478, ""hit_rate_proposal"": 0.59521484375, ""pilot_paths"": 10000, ""total_paths_simulated"": 14096, ""theta_grid"": [[0.0, 143.39787759385504], [0.40809029577651607, 67.60720229411935], [0.8161805915530321, 39.459025639857884], [1.2242708873295483, 28.34519388513426], [1.6323611831060643, 24.9517539504579], [2.0404514788825803, 26.832013248075015], [2.4485417746590965, 35.1722059863984]]}"
8bea46a9dc7c,2026-09-25T10:57:24,tamzeed,importance,deep_barrier,call,exact,importance,{},4096,252,9,3253508545,LAPTOP-G689CP2J_AMD64,3.451315883739116,0.05794744580739638,3.337740976960532,3.5648907905176994,3.545320563728301,0.09400467998918538,0.07897559995763004,"{""theta"": 1.6323611831060643, ""theta0"": 1.6323611831060643, ""ESS"": 341.0067070783273, ""ESS_frac"": 0.08325359059529475, ""max_weight"": 113.7345329837759, ""max_weight_share"": 0.02712187380676608, ""mean_weight"": 1.0237943058276118, ""hit_rate_proposal"": 0.601806640625, ""pilot_paths"": 10000, ""total_paths_simulated"": 14096, ""theta_grid"": [[0.0, 141.42280596114296], [0.40809029577651607, 66.6917719287856], [0.8161805915530321, 38.89599869231773], [1.2242708873295483, 27.91301855825541], [1.6323611831060643, 24.560191972788104], [2.0404514788825803, 26.434301316955047], [2.4485417746590965, 34.75396484811792]]}"
bca9f9795482,2026-09-25T10:57:24,tamzeed,importance,deep_barrier,call,exact,importance,{},4096,252,10,1182087393,LAPTOP-G689CP2J_AMD64,3.450668221916197,0.05723312514058764,3.338493357917971,3.5628430859144227,3.545320563728301,0.09465234181210436,0.07833889999892563,"{""theta"": 1.6323611831060643, ""theta0"": 1.6323611831060643, ""ESS"": 280.09395249054904, ""ESS_frac"": 0.06838231261976295, ""max_weight"": 116.55319295054497, ""max_weight_share"": 0.0287021272905975, ""mean_weight"": 0.9914028003775632, ""hit_rate_proposal"": 0.60791015625, ""pilot_paths"": 10000, ""total_paths_simulated"": 14096, ""theta_grid"": [[0.0, 145.69485029909313], [0.40809029577651607, 68.72298337902643], [0.8161805915530321, 40.11012893342528], [1.2242708873295483, 28.798401302205825], [1.6323611831060643, 25.330848974965452], [2.0404514788825803, 27.222114972363592], [2.4485417746590965, 35.68612437964529]]}"
8b75b81db2b0,2026-09-25T10:57:24,tamzeed,importance,deep_barrier,call,exact,importance,{},4096,252,11,2909701027,LAPTOP-G689CP2J_AMD64,3.394770633340729,0.056865149963788664,3.2833169874362342,3.506224279245224,3.545320563728301,0.15054993038757214,0.07888329995330423,"{""theta"": 1.6323611831060643, ""theta0"": 1.6323611831060643, ""ESS"": 279.37959273844706, ""ESS_frac"": 0.06820790838340993, ""max_weight"": 149.52215754435073, ""max_weight_share"": 0.037043043483080705, ""mean_weight"": 0.9854598748318166, ""hit_rate_proposal"": 0.605224609375, ""pilot_paths"": 10000, ""total_paths_simulated"": 14096, ""theta_grid"": [[0.0, 143.43955407456005], [0.40809029577651607, 67.2909578967515], [0.8161805915530321, 39.0007946292261], [1.2242708873295483, 27.774108793766715], [1.6323611831060643, 24.20630007978475], [2.0404514788825803, 25.748062748883992], [2.4485417746590965, 33.366926150741335]]}"
943d0892b1d8,2026-09-25T10:57:24,tamzeed,importance,deep_barrier,call,exact,importance,{},4096,252,12,1268313239,LAPTOP-G689CP2J_AMD64,3.331406700834305,0.0573330276503192,3.2190360315150404,3.44377737015357,3.545320563728301,0.21391386289399605,0.07762689993251115,"{""theta"": 1.6323611831060643, ""theta0"": 1.6323611831060643, ""ESS"": 401.35647751693386, ""ESS_frac"": 0.09798742126878268, ""max_weight"": 104.17080496666121, ""max_weight_share"": 0.025979694208655528, ""mean_weight"": 0.978930899919546, ""hit_rate_proposal"": 0.586669921875, ""pilot_paths"": 10000, ""total_paths_simulated"": 14096, ""theta_grid"": [[0.0, 144.93202190744194], [0.40809029577651607, 68.5192986917397], [0.8161805915530321, 40.032597099742404], [1.2242708873295483, 28.727353159640874], [1.6323611831060643, 25.205523670072488], [2.0404514788825803, 26.955327189980196], [2.4485417746590965, 35.06326835651606]]}"
c4f11aba494c,2026-09-25T10:57:25,tamzeed,importance,deep_barrier,call,exact,importance,{},4096,252,13,1163143570,LAPTOP-G689CP2J_AMD64,3.439407274091715,0.05750930719172387,3.326691103220086,3.5521234449633443,3.545320563728301,0.10591328963658597,0.07751209998968989,"{""theta"": 1.6323611831060643, ""theta0"": 1.6323611831060643, ""ESS"": 512.5778823517026, ""ESS_frac"": 0.12514108455852113, ""max_weight"": 60.075446905318415, ""max_weight_share"": 0.015895551901085762, ""mean_weight"": 0.922701976369686, ""hit_rate_proposal"": 0.601806640625, ""pilot_paths"": 10000, ""total_paths_simulated"": 14096, ""theta_grid"": [[0.0, 143.21680124557182], [0.40809029577651607, 67.50025851975188], [0.8161805915530321, 39.355719169942205], [1.2242708873295483, 28.22719012158116], [1.6323611831060643, 24.80128292542822], [2.0404514788825803, 26.61402504755804], [2.4485417746590965, 34.80436120591829]]}"
a2e9675de106,2026-09-25T10:57:25,tamzeed,importance,deep_barrier,call,exact,importance,{},4096,252,14,2020742284,LAPTOP-G689CP2J_AMD64,3.4301621193868095,0.057388532000532524,3.3176826635401415,3.5426415752334774,3.545320563728301,0.1151584443414917,0.07880100002512336,"{""theta"": 1.6323611831060643, ""theta0"": 1.6323611831060643, ""ESS"": 349.97644089616904, ""ESS_frac"": 0.08544346701566627, ""max_weight"": 104.69127748327772, ""max_weight_share"": 0.025260675257696336, ""mean_weight"": 1.0118254423554454, ""hit_rate_proposal"": 0.60205078125, ""pilot_paths"": 10000, ""total_paths_simulated"": 14096, ""theta_grid"": [[0.0, 143.74589018271047], [0.40809029577651607, 67.84493544146673], [0.8161805915530321, 39.616934393346824], [1.2242708873295483, 28.458431117581892], [1.6323611831060643, 25.04375994532121], [2.0404514788825803, 26.920679519670067], [2.4485417746590965, 35.281422776124856]]}"
e8506de33eb6,2026-09-25T10:57:25,tamzeed,importance,deep_barrier,call,exact,importance,{},4096,252,15,1176740377,LAPTOP-G689CP2J_AMD64,3.3711000006798777,0.05777707784892072,3.2578590089640262,3.484340992395729,3.545320563728301,0.17422056304842348,0.08108370006084442,"{""theta"": 1.6323611831060643, ""theta0"": 1.6323611831060643, ""ESS"": 272.62339413153705, ""ESS_frac"": 0.06655844583289479, ""max_weight"": 161.99676966844143, ""max_weight_share"": 0.03894823832223627, ""mean_weight"": 1.0154501024569964, ""hit_rate_proposal"": 0.587890625, ""pilot_paths"": 10000, ""total_paths_simulated"": 14096, ""theta_grid"": [[0.0, 145.66173791094255], [0.40809029577651607, 68.72924485104767], [0.8161805915530321, 40.06442320419055], [1.2242708873295483, 28.692597774519673], [1.6323611831060643, 25.14438193204757], [2.0404514788825803, 26.890565693807684], [2.4485417746590965, 35.03590424175029]]}"
5809bfede1b2,2026-09-25T10:57:25,tamzeed,importance,deep_barrier,call,exact,importance,{},4096,252,16,365855587,LAPTOP-G689CP2J_AMD64,3.4510724643125528,0.057536145254210184,3.3383036918050357,3.56384123682007,3.545320563728301,0.09424809941574841,0.07983470009639859,"{""theta"": 1.6323611831060643, ""theta0"": 1.6323611831060643, ""ESS"": 422.54469596953817, ""ESS_frac"": 0.10316032616443803, ""max_weight"": 60.16655467725351, ""max_weight_share"": 0.01560360277304702, ""mean_weight"": 0.9413915796661174, ""hit_rate_proposal"": 0.606201171875, ""pilot_paths"": 10000, ""total_paths_simulated"": 14096, ""theta_grid"": [[0.0, 144.2936459455537], [0.40809029577651607, 67.97239732376975], [0.8161805915530321, 39.600819881865874], [1.2242708873295483, 28.381087532319164], [1.6323611831060643, 24.921201853246313], [2.0404514788825803, 26.734139334626203], [2.4485417746590965, 34.96517649424422]]}"
99315b1b8db4,2026-09-25T10:57:25,tamzeed,importance,deep_barrier,call,exact,importance,{},4096,252,17,2509158868,LAPTOP-G689CP2J_AMD64,3.436339470086481,0.057810812156233196,3.323032360343254,3.5496465798297083,3.545320563728301,0.10898109364182007,0.08380810008384287,"{""theta"": 1.6323611831060643, ""theta0"": 1.6323611831060643, ""ESS"": 445.66492250379093, ""ESS_frac"": 0.10880491272065208, ""max_weight"": 75.87733779302121, ""max_weight_share"": 0.02021788895748825, ""mean_weight"": 0.9162549419019919, ""hit_rate_proposal"": 0.599853515625, ""pilot_paths"": 10000, ""total_paths_simulated"": 14096, ""theta_grid"": [[0.0, 145.82934720315558], [0.40809029577651607, 68.94883415326676], [0.8161805915530321, 40.260414220583336], [1.2242708873295483, 28.872370032606202], [1.6323611831060643, 25.32482863299175], [2.0404514788825803, 27.08784565362018], [2.4485417746590965, 35.25750260432597]]}"
89280d5a7dec,2026-09-25T10:57:25,tamzeed,importance,deep_barrier,call,exact,importance,{},4096,252,18,3608291140,LAPTOP-G689CP2J_AMD64,3.332477168632577,0.05695572266498488,3.220846003495755,3.444108333769399,3.545320563728301,0.21284339509572403,0.07970490003935993,"{""theta"": 1.6323611831060643, ""theta0"": 1.6323611831060643, ""ESS"": 457.44438445474003, ""ESS_frac"": 0.11168075792352052, ""max_weight"": 66.2438666864915, ""max_weight_share"": 0.017317378164756307, ""mean_weight"": 0.9339069033077445, ""hit_rate_proposal"": 0.584716796875, ""pilot_paths"": 10000, ""total_paths_simulated"": 14096, ""theta_grid"": [[0.0, 146.59906227064343], [0.40809029577651607, 69.30885773404135], [0.8161805915530321, 40.47755644489726], [1.2242708873295483, 29.038361743096246], [1.6323611831060643, 25.488041279722605], [2.0404514788825803, 27.298309702455484], [2.4485417746590965, 35.613325863942954]]}"
5b75127ec689,2026-09-25T10:57:25,tamzeed,importance,deep_barrier,call,exact,importance,{},4096,252,19,1781823389,LAPTOP-G689CP2J_AMD64,3.4133746131613787,0.0577504909303395,3.300185730848406,3.526563495474351,3.545320563728301,0.1319459505669225,0.07908820000011474,"{""theta"": 1.6323611831060643, ""theta0"": 1.6323611831060643, ""ESS"": 278.76148910247565, ""ESS_frac"": 0.0680570041754091, ""max_weight"": 122.96691701744516, ""max_weight_share"": 0.028866649987107394, ""mean_weight"": 1.039996673960105, ""hit_rate_proposal"": 0.59521484375, ""pilot_paths"": 10000, ""total_paths_simulated"": 14096, ""theta_grid"": [[0.0, 144.5152605697352], [0.40809029577651607, 68.03590894895507], [0.8161805915530321, 39.56384234194832], [1.2242708873295483, 28.252403221028455], [1.6323611831060643, 24.667984444482567], [2.0404514788825803, 26.25490748442558], [2.4485417746590965, 33.9940566732211]]}"
0c07bc94a100,2026-09-25T10:57:25,tamzeed,importance,deep_barrier,call,exact,importance,{},16384,252,0,1943708413,LAPTOP-G689CP2J_AMD64,3.360437581536508,0.028729006150465145,3.3041297641699665,3.4167453989030494,3.545320563728301,0.18488298219179322,0.1606889000395313,"{""theta"": 1.6323611831060643, ""theta0"": 1.6323611831060643, ""ESS"": 1551.27416755471, ""ESS_frac"": 0.0946822612032904, ""max_weight"": 124.4080389806791, ""max_weight_share"": 0.007532232651645876, ""mean_weight"": 1.0081027032911187, ""hit_rate_proposal"": 0.5906982421875, ""pilot_paths"": 10000, ""total_paths_simulated"": 26384, ""theta_grid"": [[0.0, 142.93684566498297], [0.40809029577651607, 67.20325904566063], [0.8161805915530321, 39.071585704382514], [1.2242708873295483, 27.932777908244525], [1.6323611831060643, 24.455118253197195], [2.0404514788825803, 26.14533347813234], [2.4485417746590965, 34.070603851848674]]}"
4d673f638db9,2026-09-25T10:57:25,tamzeed,importance,deep_barrier,call,exact,importance,{},16384,252,1,1692388417,LAPTOP-G689CP2J_AMD64,3.4061373654418627,0.028739215142147445,3.3498095388193057,3.46246519206442,3.545320563728301,0.13918319828643844,0.15010209998581558,"{""theta"": 1.6323611831060643, ""theta0"": 1.6323611831060643, ""ESS"": 976.9850215278195, ""ESS_frac"": 0.05963043344286008, ""max_weight"": 325.3795270679531, ""max_weight_share"": 0.01967051344928372, ""mean_weight"": 1.0096121957541881, ""hit_rate_proposal"": 0.59808349609375, ""pilot_paths"": 10000, ""total_paths_simulated"": 26384, ""theta_grid"": [[0.0, 144.99985105991593], [0.40809029577651607, 68.47016113986999], [0.8161805915530321, 39.977938097052366], [1.2242708873295483, 28.69572364939117], [1.6323611831060643, 25.215535917857007], [2.0404514788825803, 27.045721961789425], [2.4485417746590965, 35.339021421923455]]}"
1e62cebd3cd2,2026-09-25T10:57:25,tamzeed,importance,deep_barrier,call,exact,importance,{},16384,252,2,2112783454,LAPTOP-G689CP2J_AMD64,3.3740742139536217,0.028683813178468888,3.3178549731845473,3.430293454722696,3.545320563728301,0.17124634977467945,0.1466020999941975,"{""theta"": 1.6323611831060643, ""theta0"": 1.6323611831060643, ""ESS"": 1323.625604060973, ""ESS_frac"": 0.08078769556036212, ""max_weight"": 202.914196791158, ""max_weight_share"": 0.012065061885852808, ""mean_weight"": 1.0265094223025746, ""hit_rate_proposal"": 0.59429931640625, ""pilot_paths"": 10000, ""total_paths_simulated"": 26384, ""theta_grid"": [[0.0, 143.02021569998445], [0.40809029577651607, 67.97981205339963], [0.8161805915530321, 39.88921484464578], [1.2242708873295483, 28.729194104262277], [1.6323611831060643, 25.294931886252936], [2.0404514788825803, 27.153871303913615], [2.4485417746590965, 35.48323716341412]]}"
c994d966195c,2026-09-25T10:57:26,tamzeed,importance,deep_barrier,call,exact,importance,{},16384,252,3,1758766478,LAPTOP-G689CP2J_AMD64,3.3998314388047643,0.028821626832958195,3.343342088236313,3.4563207893732155,3.545320563728301,0.14548912492353683,0.15842069999780506,"{""theta"": 1.6323611831060643, ""theta0"": 1.6323611831060643, ""ESS"": 1499.195134112267, ""ESS_frac"": 0.09150360925978192, ""max_weight"": 161.85973985780524, ""max_weight_share"": 0.009817154931951358, ""mean_weight"": 1.0063133954066892, ""hit_rate_proposal"": 0.59197998046875, ""pilot_paths"": 10000, ""total_paths_simulated"": 26384, ""theta_grid"": [[0.0, 144.48250619918863], [0.40809029577651607, 68.27557187969698], [0.8161805915530321, 39.868161214533515], [1.2242708873295483, 28.608625245124042], [1.6323611831060643, 25.128928865576654], [2.0404514788825803, 26.94865060379931], [2.4485417746590965, 35.23171880794799]]}"
10d1aece422a,2026-09-25T10:57:26,tamzeed,importance,deep_barrier,call,exact,importance,{},16384,252,4,3933491979,LAPTOP-G689CP2J_AMD64,3.3571890289380173,0.02866009626743963,3.3010162724603846,3.41336178541565,3.545320563728301,0.18813153479028388,0.16537279996555299,"{""theta"": 1.6323611831060643, ""theta0"": 1.6323611831060643, ""ESS"": 1640.014224527327, ""ESS_frac"": 0.10009852444624799, ""max_weight"": 108.84530655265311, ""max_weight_share"": 0.006942694401467973, ""mean_weight"": 0.9568893441594728, ""hit_rate_proposal"": 0.59039306640625, ""pilot_paths"": 10000, ""total_paths_simulated"": 26384, ""theta_grid"": [[0.0, 143.7762862225218], [0.40809029577651607, 68.01590243874503], [0.8161805915530321, 39.728669675993096], [1.2242708873295483, 28.490683904316334], [1.6323611831060643, 24.981922667649943], [2.0404514788825803, 26.707431503276585], [2.4485417746590965, 34.7456825035596]]}"
17e4baba6a2f,2026-09-25T10:57:26,tamzeed,importance,deep_barrier,call,exact,importance,{},16384,252,5,1911840531,LAPTOP-G689CP2J_AMD64,3.343068829378347,0.028580345411629286,3.287052381705839,3.399085277050855,3.545320563728301,0.20225173434995414,0.19056829996407032,"{""theta"": 1.6323611831060643, ""theta0"": 1.6323611831060643, ""ESS"": 1038.3533740706484, ""ESS_frac"": 0.06337606042911673, ""max_weight"": 332.5991135437681, ""max_weight_share"": 0.02064068159037451, ""mean_weight"": 0.9835062265202572, ""hit_rate_proposal"": 0.59088134765625, ""pilot_paths"": 10000, ""total_paths_simulated"": 26384, ""theta_grid"": [[0.0, 143.5681815002748], [0.40809029577651607, 67.98868856581934], [0.8161805915530321, 39.82410708145148], [1.2242708873295483, 28.69385731312639], [1.6323611831060643, 25.330830576633893], [2.0404514788825803, 27.324702419864398], [2.4485417746590965, 35.95372587527114]]}"
1f6466fd90c6,2026-09-25T10:57:26,tamzeed,importance,deep_barrier,call,exact,importance,{},16384,252,6,326618602,LAPTOP-G689CP2J_AMD64,3.409956165408946,0.02874814452374277,3.3536108375200575,3.466301493297834,3.545320563728301,0.13536439831935532,0.16768259997479618,"{""theta"": 1.6323611831060643, ""theta0"": 1.6323611831060643, ""ESS"": 352.69520507965217, ""ESS_frac"": 0.021526806950662364, ""max_weight"": 735.8143594823568, ""max_weight_share"": 0.04345926595712351, ""mean_weight"": 1.0333939934997436, ""hit_rate_proposal"": 0.5970458984375, ""pilot_paths"": 10000, ""total_paths_simulated"": 26384, ""theta_grid"": [[0.0, 145.8907593669658], [0.40809029577651607, 68.96608427714233], [0.8161805915530321, 40.26776382264077], [1.2242708873295483, 28.877477623853466], [1.6323611831060643, 25.332320348153903], [2.0404514788825803, 27.107780263036176], [2.4485417746590965, 35.32236825368409]]}"
7abb4a3ac48a,2026-09-25T10:57:26,tamzeed,importance,deep_barrier,call,exact,importance,{},16384,252,7,1041420435,LAPTOP-G689CP2J_AMD64,3.3713875107017826,0.028796923596946477,3.3149465775862157,3.4278284438173494,3.545320563728301,0.17393305302651862,0.1630886000348255,"{""theta"": 1.6323611831060643, ""theta0"": 1.6323611831060643, ""ESS"": 1458.5081764452484, ""ESS_frac"": 0.0890202744412383, ""max_weight"": 154.2336041227242, ""max_weight_share"": 0.00941130899369509, ""mean_weight"": 1.0002510950323285, ""hit_rate_proposal"": 0.591796875, ""pilot_paths"": 10000, ""total_paths_simulated"": 26384, ""theta_grid"": [[0.0, 143.09643859430358], [0.40809029577651607, 67.48772565842772], [0.8161805915530321, 39.373382732927844], [1.2242708873295483, 28.262418919069162], [1.6323611831060643, 24.86270786946933], [2.0404514788825803, 26.733320572578688], [2.4485417746590965, 35.071455937037605]]}"
e45e660ddba4,2026-09-25T10:57:26,tamzeed,importance,deep_barrier,call,exact,importance,{},16384,252,8,3478841580,LAPTOP-G689CP2J_AMD64,3.427052896403679,0.028782072693473278,3.3706410705240577,3.4834647222833004,3.545320563728301,0.11826766732462213,0.15180560003500432,"{""theta"": 1.6323611831060643, ""theta0"": 1.6323611831060643, ""ESS"": 1453.4842936435007, ""ESS_frac"": 0.08871364096945195, ""max_weight"": 122.05766793119072, ""max_weight_share"": 0.007701493626171536, ""mean_weight"": 0.9673200024959561, ""hit_rate_proposal"": 0.60107421875, ""pilot_paths"": 10000, ""total_paths_simulated"": 26384, ""theta_grid"": [[0.0, 144.12418917599052], [0.40809029577651607, 67.98951376833703], [0.8161805915530321, 39.6062368221237], [1.2242708873295483, 28.325684926826543], [1.6323611831060643, 24.766128905776917], [2.0404514788825803, 26.394145084539392], [2.4485417746590965, 34.21821140655782]]}"
93b36f3ed5c7,2026-09-25T10:57:27,tamzeed,importance,deep_barrier,call,exact,importance,{},16384,252,9,2742498237,LAPTOP-G689CP2J_AMD64,3.375032208285905,0.02866499386076965,3.3188498527017347,3.4312145638700753,3.545320563728301,0.17028835544239618,0.1439022000413388,"{""theta"": 1.6323611831060643, ""theta0"": 1.6323611831060643, ""ESS"": 1063.4291760357842, ""ESS_frac"": 0.06490656592015284, ""max_weight"": 209.19960413859832, ""max_weight_share"": 0.012725318152674508, ""mean_weight"": 1.0033957794095627, ""hit_rate_proposal"": 0.5931396484375, ""pilot_paths"": 10000, ""total_paths_simulated"": 26384, ""theta_grid"": [[0.0, 144.7552781725856], [0.40809029577651607, 68.28390696991508], [0.8161805915530321, 39.84111698769477], [1.2242708873295483, 28.582417029720403], [1.6323611831060643, 25.104869926458036], [2.0404514788825803, 26.916360905505215], [2.4485417746590965, 35.157314076865305]]}"
f9064c2d595e,2026-09-25T10:57:27,tamzeed,importance,deep_barrier,call,exact,importance,{},16384,252,10,2659887965,LAPTOP-G689CP2J_AMD64,3.392564847373845,0.02868127056010178,3.3363505900451966,3.4487791047024934,3.545320563728301,0.15275571635445617,0.1525900000706315,"{""theta"": 1.6323611831060643, ""theta0"": 1.6323611831060643, ""ESS"": 1472.189778649943, ""ESS_frac"": 0.08985533316955219, ""max_weight"": 121.98209276699846, ""max_weight_share"": 0.007534658923140637, ""mean_weight"": 0.9881264922118597, ""hit_rate_proposal"": 0.59661865234375, ""pilot_paths"": 10000, ""total_paths_simulated"": 26384, ""theta_grid"": [[0.0, 144.00942558184596], [0.40809029577651607, 68.12310994349636], [0.8161805915530321, 39.84102958608465], [1.2242708873295483, 28.639448528112304], [1.6323611831060643, 25.195499575626133], [2.0404514788825803, 27.04475597778743], [2.4485417746590965, 35.347460058136164]]}"
1a968d5d5ca1,2026-09-25T10:57:27,tamzeed,importance,deep_barrier,call,exact,importance,{},16384,252,11,2847150460,LAPTOP-G689CP2J_AMD64,3.3535112808377185,0.028584437307265655,3.2974868131971347,3.4095357484783024,3.545320563728301,0.19180928289058263,0.16809980000834912,"{""theta"": 1.6323611831060643, ""theta0"": 1.6323611831060643, ""ESS"": 1112.2588000890955, ""ESS_frac"": 0.06788688965387546, ""max_weight"": 217.21687533645485, ""max_weight_share"": 0.01330428449551207, ""mean_weight"": 0.9965110059672555, ""hit_rate_proposal"": 0.5927734375, ""pilot_paths"": 10000, ""total_paths_simulated"": 26384, ""theta_grid"": [[0.0, 144.4226477750711], [0.40809029577651607, 68.08132855773697], [0.8161805915530321, 39.68539087712526], [1.2242708873295483, 28.441972219088232], [1.6323611831060643, 24.958152311543046], [2.0404514788825803, 26.738777930303772], [2.4485417746590965, 34.90863271781978]]}"
0dbe283d95cb,2026-09-25T10:57:27,tamzeed,importance,deep_barrier,call,exact,importance,{},16384,252,12,2995003720,LAPTOP-G689CP2J_AMD64,3.374713015075888,0.02867269534956285,3.318515564851056,3.43091046530072,3.545320563728301,0.17060754865241323,0.17472210002597421,"{""theta"": 1.6323611831060643, ""theta0"": 1.6323611831060643, ""ESS"": 1386.2825896990478, ""ESS_frac"": 0.08461197446893602, ""max_weight"": 191.3646302917752, ""max_weight_share"": 0.011956447533992411, ""mean_weight"": 0.9768762901669248, ""hit_rate_proposal"": 0.59564208984375, ""pilot_paths"": 10000, ""total_paths_simulated"": 26384, ""theta_grid"": [[0.0, 143.0494490049156], [0.40809029577651607, 67.50563615521266], [0.8161805915530321, 39.3461130588957], [1.2242708873295483, 28.167477766777505], [1.6323611831060643, 24.66494885369365], [2.0404514788825803, 26.339807484834466], [2.4485417746590965, 34.234171886909245]]}"
a9e8bc3f377b,2026-09-25T10:57:27,tamzeed,importance,deep_barrier,call,exact,importance,{},16384,252,13,1950157736,LAPTOP-G689CP2J_AMD64,3.381265881392731,0.028774446284592133,3.3248690029998484,3.437662759785614,3.545320563728301,0.16405468233556997,0.17876399995293468,"{""theta"": 1.6323611831060643, ""theta0"": 1.6323611831060643, ""ESS"": 1605.0509047713408, ""ESS_frac"": 0.09796453276192266, ""max_weight"": 121.46535355279258, ""max_weight_share"": 0.007563355028726411, ""mean_weight"": 0.9802074350467942, ""hit_rate_proposal"": 0.5953369140625, ""pilot_paths"": 10000, ""total_paths_simulated"": 26384, ""theta_grid"": [[0.0, 145.597030864401], [0.40809029577651607, 68.45652102004706], [0.8161805915530321, 39.75926446192318], [1.2242708873295483, 28.370164242662838], [1.6323611831060643, 24.771660663387703], [2.0404514788825803, 26.393430420964734], [2.4485417746590965, 34.24920606319264]]}"
730fc897495e,2026-09-25T10:57:27,tamzeed,importance,deep_barrier,call,exact,importance,{},16384,252,14,3033080778,LAPTOP-G689CP2J_AMD64,3.380360090479503,0.028721533543318318,3.32406691915384,3.436653261805166,3.545320563728301,0.16496047324879815,0.1905962999444455,"{""theta"": 1.6323611831060643, ""theta0"": 1.6323611831060643, ""ESS"": 1747.5726717614436, ""ESS_frac"": 0.10666337107918968, ""max_weight"": 84.53610259926096, ""max_weight_share"": 0.005189857734134816, ""mean_weight"": 0.9941841366817497, ""hit_rate_proposal"": 0.59307861328125, ""pilot_paths"": 10000, ""total_paths_simulated"": 26384, ""theta_grid"": [[0.0, 144.1918032875123], [0.40809029577651607, 68.17688949365643], [0.8161805915530321, 39.8834906718923], [1.2242708873295483, 28.712152191374386], [1.6323611831060643, 25.33512107810777], [2.0404514788825803, 27.321558460280915], [2.4485417746590965, 35.933220877669505]]}"
8270022cdb10,2026-09-25T10:57:28,tamzeed,importance,deep_barrier,call,exact,importance,{},16384,252,15,1610502393,LAPTOP-G689CP2J_AMD64,3.3540657429820957,0.02848800356647971,3.298230282000347,3.4099012039638446,3.545320563728301,0.19125482074620548,0.20705709990579635,"{""theta"": 1.6323611831060643, ""theta0"": 1.6323611831060643, ""ESS"": 1541.9033041283253, ""ESS_frac"": 0.0941103090898636, ""max_weight"": 110.64039548243463, ""max_weight_share"": 0.006784885848229519, ""mean_weight"": 0.9952936537015343, ""hit_rate_proposal"": 0.5924072265625, ""pilot_paths"": 10000, ""total_paths_simulated"": 26384, ""theta_grid"": [[0.0, 144.37398762658935], [0.40809029577651607, 68.2540637567643], [0.8161805915530321, 39.85648205824652], [1.2242708873295483, 28.583370038078893], [1.6323611831060643, 25.072051202615835], [2.0404514788825803, 26.82234497155503], [2.4485417746590965, 34.93105033870558]]}"
7d1d4b96c27e,2026-09-25T10:57:28,tamzeed,importance,deep_barrier,call,exact,importance,{},16384,252,16,2070358921,LAPTOP-G689CP2J_AMD64,3.397390496874179,0.02855273573135773,3.3414281631806277,3.45335283056773,3.545320563728301,0.14793006685412236,0.20289700001012534,"{""theta"": 1.6323611831060643, ""theta0"": 1.6323611831060643, ""ESS"": 1683.703644036827, ""ESS_frac"": 0.10276511499248212, ""max_weight"": 102.30493929015536, ""max_weight_share"": 0.00640611913556889, ""mean_weight"": 0.9747239822705678, ""hit_rate_proposal"": 0.60150146484375, ""pilot_paths"": 10000, ""total_paths_simulated"": 26384, ""theta_grid"": [[0.0, 145.76029835239058], [0.40809029577651607, 68.86854319593866], [0.8161805915530321, 40.220209862663914], [1.2242708873295483, 28.87030983687318], [1.6323611831060643, 25.367626385227208], [2.0404514788825803, 27.20963125396713], [2.4485417746590965, 35.56318294238708]]}"
1e5d4a463cb9,2026-09-25T10:57:28,tamzeed,importance,deep_barrier,call,exact,importance,{},16384,252,17,595934956,LAPTOP-G689CP2J_AMD64,3.3801732357178773,0.028637977106471407,3.3240438319991106,3.436302639436644,3.545320563728301,0.16514732801042387,0.25837789999786764,"{""theta"": 1.6323611831060643, ""theta0"": 1.6323611831060643, ""ESS"": 587.8998225649801, ""ESS_frac"": 0.03588255752960084, ""max_weight"": 528.8490537932639, ""max_weight_share"": 0.03148036590802933, ""mean_weight"": 1.0253497283112472, ""hit_rate_proposal"": 0.5933837890625, ""pilot_paths"": 10000, ""total_paths_simulated"": 26384, ""theta_grid"": [[0.0, 142.15804688170337], [0.40809029577651607, 67.12778773430949], [0.8161805915530321, 39.230882033629634], [1.2242708873295483, 28.222700313287916], [1.6323611831060643, 24.89263161915966], [2.0404514788825803, 26.841063865487587], [2.4485417746590965, 35.31243932305675]]}"
266d5243b201,2026-09-25T10:57:28,tamzeed,importance,deep_barrier,call,exact,importance,{},16384,252,18,2612311271,LAPTOP-G689CP2J_AMD64,3.3502203735664864,0.028683126663919045,3.2940024783412047,3.406438268791768,3.545320563728301,0.1951001901618148,0.20154329994693398,"{""theta"": 1.6323611831060643, ""theta0"": 1.6323611831060643, ""ESS"": 1124.4768089935033, ""ESS_frac"": 0.06863261773641988, ""max_weight"": 202.37215768514636, ""max_weight_share"": 0.011975308677874372, ""mean_weight"": 1.0314403241883703, ""hit_rate_proposal"": 0.590087890625, ""pilot_paths"": 10000, ""total_paths_simulated"": 26384, ""theta_grid"": [[0.0, 145.18926038002357], [0.40809029577651607, 68.4864413607007], [0.8161805915530321, 39.91121532209686], [1.2242708873295483, 28.57281064514003], [1.6323611831060643, 25.02569429168355], [2.0404514788825803, 26.738299982921795], [2.4485417746590965, 34.78145694259493]]}"
e5131149da2f,2026-09-25T10:57:29,tamzeed,importance,deep_barrier,call,exact,importance,{},16384,252,19,1381864705,LAPTOP-G689CP2J_AMD64,3.393367332858835,0.028782607566837603,3.3369544586466833,3.449780207070987,3.545320563728301,0.151953230869466,0.2186583000002429,"{""theta"": 1.6323611831060643, ""theta0"": 1.6323611831060643, ""ESS"": 801.1935849829773, ""ESS_frac"": 0.048900975645933674, ""max_weight"": 370.61416636513064, ""max_weight_share"": 0.021685826800594925, ""mean_weight"": 1.04310035123672, ""hit_rate_proposal"": 0.59368896484375, ""pilot_paths"": 10000, ""total_paths_simulated"": 26384, ""theta_grid"": [[0.0, 141.59228219329543], [0.40809029577651607, 66.57697406236592], [0.8161805915530321, 38.71985011686797], [1.2242708873295483, 27.70411585933807], [1.6323611831060643, 24.2926759390724], [2.0404514788825803, 26.035638781425217], [2.4485417746590965, 34.04573683276686]]}"
1054eb117e96,2026-09-25T10:57:29,tamzeed,importance,deep_barrier,call,exact,importance,{},65536,252,0,2799144385,LAPTOP-G689CP2J_AMD64,3.367625701201801,0.014325478212790937,3.3395482798434175,3.3957031225601844,3.545320563728301,0.17769486252650024,0.7297602999024093,"{""theta"": 1.6323611831060643, ""theta0"": 1.6323611831060643, ""ESS"": 4760.122598399135, ""ESS_frac"": 0.0726337066406118, ""max_weight"": 308.2702053590113, ""max_weight_share"": 0.0047222100087430845, ""mean_weight"": 0.9961077607979434, ""hit_rate_proposal"": 0.5934295654296875, ""pilot_paths"": 10000, ""total_paths_simulated"": 75536, ""theta_grid"": [[0.0, 143.75041774455462], [0.40809029577651607, 67.71133994536183], [0.8161805915530321, 39.4047205606481], [1.2242708873295483, 28.165214182097184], [1.6323611831060643, 24.61815226252281], [2.0404514788825803, 26.231235172831006], [2.4485417746590965, 34.00032351205204]]}"
8b80401721bc,2026-09-25T10:57:30,tamzeed,importance,deep_barrier,call,exact,importance,{},65536,252,1,2045874007,LAPTOP-G689CP2J_AMD64,3.382114855779684,0.014338609448240126,3.354011697672748,3.4102180138866203,3.545320563728301,0.1632057079486171,0.7305510999867693,"{""theta"": 1.6323611831060643, ""theta0"": 1.6323611831060643, ""ESS"": 5350.666801199146, ""ESS_frac"": 0.08164469606321939, ""max_weight"": 218.04531588196022, ""max_weight_share"": 0.0033766275610694722, ""mean_weight"": 0.9853344560319895, ""hit_rate_proposal"": 0.5969085693359375, ""pilot_paths"": 10000, ""total_paths_simulated"": 75536, ""theta_grid"": [[0.0, 143.0568421078043], [0.40809029577651607, 67.31910214669665], [0.8161805915530321, 39.16273735261507], [1.2242708873295483, 28.001585519394556], [1.6323611831060643, 24.50455358944205], [2.0404514788825803, 26.17006669032031], [2.4485417746590965, 34.04261659071858]]}"
d4ed3dd712e4,2026-09-25T10:57:31,tamzeed,importance,deep_barrier,call,exact,importance,{},65536,252,2,1538042851,LAPTOP-G689CP2J_AMD64,3.3918528878423606,0.014344478792531857,3.3637382260319995,3.4199675496527218,3.545320563728301,0.15346767588594057,0.5849884999915957,"{""theta"": 1.6323611831060643, ""theta0"": 1.6323611831060643, ""ESS"": 4800.454889286605, ""ESS_frac"": 0.0732491285596711, ""max_weight"": 251.56402287745226, ""max_weight_share"": 0.003872564422010756, ""mean_weight"": 0.991219755824712, ""hit_rate_proposal"": 0.5977630615234375, ""pilot_paths"": 10000, ""total_paths_simulated"": 75536, ""theta_grid"": [[0.0, 144.44623715733485], [0.40809029577651607, 68.27429338331088], [0.8161805915530321, 39.893786241156015], [1.2242708873295483, 28.654041248276137], [1.6323611831060643, 25.195727991383734], [2.0404514788825803, 27.046931229521427], [2.4485417746590965, 35.38214784070065]]}"
ed1c5cec08f8,2026-09-25T10:57:31,tamzeed,importance,deep_barrier,call,exact,importance,{},65536,252,3,221091046,LAPTOP-G689CP2J_AMD64,3.396132494221094,0.014333881915157953,3.3680386019087343,3.4242263865334537,3.545320563728301,0.1491880695072072,0.5270845999475569,"{""theta"": 1.6323611831060643, ""theta0"": 1.6323611831060643, ""ESS"": 5857.111112546621, ""ESS_frac"": 0.08937242298197359, ""max_weight"": 231.58622194887784, ""max_weight_share"": 0.003595909933713617, ""mean_weight"": 0.9827068462890665, ""hit_rate_proposal"": 0.5963897705078125, ""pilot_paths"": 10000, ""total_paths_simulated"": 75536, ""theta_grid"": [[0.0, 144.1779370691585], [0.40809029577651607, 67.99668074290092], [0.8161805915530321, 39.676088300282075], [1.2242708873295483, 28.477875965299475], [1.6323611831060643, 25.038874217865402], [2.0404514788825803, 26.890998517308255], [2.4485417746590965, 35.21045224501286]]}"
65f39dc52c67,2026-09-25T10:57:32,tamzeed,importance,deep_barrier,call,exact,importance,{},65536,252,4,2329284787,LAPTOP-G689CP2J_AMD64,3.3766125267260274,0.014317665680268028,3.3485504176500167,3.404674635802038,3.545320563728301,0.16870803700227377,0.43982249998953193,"{""theta"": 1.6323611831060643, ""theta0"": 1.6323611831060643, ""ESS"": 5929.863045070211, ""ESS_frac"": 0.09048252937424028, ""max_weight"": 202.9200240596721, ""max_weight_share"": 0.0031378438762924847, ""mean_weight"": 0.9867647868262991, ""hit_rate_proposal"": 0.5937957763671875, ""pilot_paths"": 10000, ""total_paths_simulated"": 75536, ""theta_grid"": [[0.0, 142.74158847227812], [0.40809029577651607, 67.53546423426356], [0.8161805915530321, 39.53208417098392], [1.2242708873295483, 28.455016850195207], [1.6323611831060643, 25.074672143791513], [2.0404514788825803, 26.966964589175674], [2.4485417746590965, 35.32135565581664]]}"
06b68cc8ed08,2026-09-25T10:57:32,tamzeed,importance,deep_barrier,call,exact,importance,{},65536,252,5,3683195841,LAPTOP-G689CP2J_AMD64,3.4003785526329033,0.014336137010651175,3.3722802404145953,3.4284768648512114,3.545320563728301,0.14494201109539784,0.42767559993080795,"{""theta"": 1.6323611831060643, ""theta0"": 1.6323611831060643, ""ESS"": 5402.684364668358, ""ESS_frac"": 0.0824384210917413, ""max_weight"": 223.9969381841284, ""max_weight_share"": 0.003471007315216452, ""mean_weight"": 0.9847060867356097, ""hit_rate_proposal"": 0.5980987548828125, ""pilot_paths"": 10000, ""total_paths_simulated"": 75536, ""theta_grid"": [[0.0, 143.010480802131], [0.40809029577651607, 67.21264855699796], [0.8161805915530321, 39.08090925990127], [1.2242708873295483, 27.952448994979473], [1.6323611831060643, 24.490485944852466], [2.0404514788825803, 26.20758647439457], [2.4485417746590965, 34.187418532886355]]}"
a28289c1ba59,2026-09-25T10:57:32,tamzeed,importance,deep_barrier,call,exact,importance,{},65536,252,6,1074614403,LAPTOP-G689CP2J_AMD64,3.374539817248917,0.014369326569893346,3.3463764546898314,3.4027031798080025,3.545320563728301,0.17078074647938424,0.46309309999924153,"{""theta"": 1.6323611831060643, ""theta0"": 1.6323611831060643, ""ESS"": 4196.607110055204, ""ESS_frac"": 0.06403514267052009, ""max_weight"": 451.8387554730385, ""max_weight_share"": 0.006796409975335668, ""mean_weight"": 1.0144344271528585, ""hit_rate_proposal"": 0.5929107666015625, ""pilot_paths"": 10000, ""total_paths_simulated"": 75536, ""theta_grid"": [[0.0, 144.9521939672173], [0.40809029577651607, 68.71969837363136], [0.8161805915530321, 40.26548156543573], [1.2242708873295483, 29.001878067092107], [1.6323611831060643, 25.57453631652539], [2.0404514788825803, 27.531536444754682], [2.4485417746590965, 36.111951195199595]]}"
b518144e882a,2026-09-25T10:57:33,tamzeed,importance,deep_barrier,call,exact,importance,{},65536,252,7,2330650934,LAPTOP-G689CP2J_AMD64,3.3825311427250693,0.014350427932969144,3.3544048208137123,3.4106574646364263,3.545320563728301,0.1627894210032319,0.4200756000354886,"{""theta"": 1.6323611831060643, ""theta0"": 1.6323611831060643, ""ESS"": 6380.190841433335, ""ESS_frac"": 0.09735398622792564, ""max_weight"": 148.78905915912688, ""max_weight_share"": 0.0023254587295397167, ""mean_weight"": 0.9762980695711269, ""hit_rate_proposal"": 0.5960693359375, ""pilot_paths"": 10000, ""total_paths_simulated"": 75536, ""theta_grid"": [[0.0, 142.71517329703926], [0.40809029577651607, 67.42233711750342], [0.8161805915530321, 39.41573710410378], [1.2242708873295483, 28.350254219153918], [1.6323611831060643, 24.98326691539197], [2.0404514788825803, 26.895774483964303], [2.4485417746590965, 35.30379324613251]]}"
ace11ee22994,2026-09-25T10:57:33,tamzeed,importance,deep_barrier,call,exact,importance,{},65536,252,8,2500558076,LAPTOP-G689CP2J_AMD64,3.4019818554737875,0.014417220615546759,3.3737246223101476,3.4302390886374274,3.545320563728301,0.14333870825451367,0.45399679988622665,"{""theta"": 1.6323611831060643, ""theta0"": 1.6323611831060643, ""ESS"": 6157.7678913748705, ""ESS_frac"": 0.09396008135032456, ""max_weight"": 144.86151147065632, ""max_weight_share"": 0.00221576411168188, ""mean_weight"": 0.9975841901003857, ""hit_rate_proposal"": 0.59552001953125, ""pilot_paths"": 10000, ""total_paths_simulated"": 75536, ""theta_grid"": [[0.0, 144.02535236589995], [0.40809029577651607, 67.94329771632053], [0.8161805915530321, 39.664392388848334], [1.2242708873295483, 28.48194583301826], [1.6323611831060643, 25.038612717119133], [2.0404514788825803, 26.85173706812634], [2.4485417746590965, 35.035122321880195]]}"
9e46bb925234,2026-09-25T10:57:34,tamzeed,importance,deep_barrier,call,exact,importance,{},65536,252,9,91962985,LAPTOP-G689CP2J_AMD64,3.3765047791120795,0.014370624752061384,3.3483388721626994,3.4046706860614595,3.545320563728301,0.1688157846162217,0.41816270002163947,"{""theta"": 1.6323611831060643, ""theta0"": 1.6323611831060643, ""ESS"": 5082.198158204429, ""ESS_frac"": 0.07754818966986739, ""max_weight"": 270.8602661657767, ""max_weight_share"": 0.004071664753937755, ""mean_weight"": 1.015063841599218, ""hit_rate_proposal"": 0.593414306640625, ""pilot_paths"": 10000, ""total_paths_simulated"": 75536, ""theta_grid"": [[0.0, 142.89219252600455], [0.40809029577651607, 67.73490734327962], [0.8161805915530321, 39.72372505597139], [1.2242708873295483, 28.662147706995288], [1.6323611831060643, 25.3395810632814], [2.0404514788825803, 27.367011106900854], [2.4485417746590965, 36.030215582974876]]}"
09239df9a3d7,2026-09-25T10:57:34,tamzeed,importance,deep_barrier,call,exact,importance,{},65536,252,10,318456866,LAPTOP-G689CP2J_AMD64,3.39299474553845,0.014367715399906871,3.364834540814511,3.421154950262389,3.545320563728301,0.15232581818985125,0.4509948999620974,"{""theta"": 1.6323611831060643, ""theta0"": 1.6323611831060643, ""ESS"": 4949.505215707909, ""ESS_frac"": 0.07552345605023054, ""max_weight"": 226.80915312276372, ""max_weight_share"": 0.0034349761966642233, ""mean_weight"": 1.007527513088854, ""hit_rate_proposal"": 0.5939788818359375, ""pilot_paths"": 10000, ""total_paths_simulated"": 75536, ""theta_grid"": [[0.0, 143.38481326922584], [0.40809029577651607, 67.53295136414312], [0.8161805915530321, 39.267122349273244], [1.2242708873295483, 28.030569136561017], [1.6323611831060643, 24.466262636587636], [2.0404514788825803, 26.03883425338152], [2.4485417746590965, 33.72985729584153]]}"
f157ce369c7e,2026-09-25T10:57:35,tamzeed,importance,deep_barrier,call,exact,importance,{},65536,252,11,1761573855,LAPTOP-G689CP2J_AMD64,3.3727346936947606,0.014331586630276633,3.3446453000581027,3.4008240873314186,3.545320563728301,0.17258587003354053,0.8110578999621794,"{""theta"": 1.6323611831060643, ""theta0"": 1.6323611831060643, ""ESS"": 4574.509990406424, ""ESS_frac"": 0.06980148300791052, ""max_weight"": 353.19699733557906, ""max_weight_share"": 0.005286038809478093, ""mean_weight"": 1.0195457646259853, ""hit_rate_proposal"": 0.5943145751953125, ""pilot_paths"": 10000, ""total_paths_simulated"": 75536, ""theta_grid"": [[0.0, 146.59565269693027], [0.40809029577651607, 69.31184371377829], [0.8161805915530321, 40.47553391411065], [1.2242708873295483, 29.03406993183859], [1.6323611831060643, 25.4823204608478], [2.0404514788825803, 27.289407884225067], [2.4485417746590965, 35.59492113163348]]}"
f3dc83c9ad60,2026-09-25T10:57:36,tamzeed,importance,deep_barrier,call,exact,importance,{},65536,252,12,3972291644,LAPTOP-G689CP2J_AMD64,3.398574768853308,0.01436963227242457,3.3704108071282715,3.4267387305783448,3.545320563728301,0.14674579487499306,0.6704175999620929,"{""theta"": 1.6323611831060643, ""theta0"": 1.6323611831060643, ""ESS"": 5150.423907609052, ""ESS_frac"": 0.07858923198866351, ""max_weight"": 360.83700969516275, ""max_weight_share"": 0.005490467352784667, ""mean_weight"": 1.0028173310399968, ""hit_rate_proposal"": 0.59661865234375, ""pilot_paths"": 10000, ""total_paths_simulated"": 75536, ""theta_grid"": [[0.0, 142.50485977344417], [0.40809029577651607, 67.16103533326991], [0.8161805915530321, 39.147524063903475], [1.2242708873295483, 28.06046066592855], [1.6323611831060643, 24.631519261834526], [2.0404514788825803, 26.40371090560745], [2.4485417746590965, 34.500885980505636]]}"
8c0d3131535c,2026-09-25T10:57:36,tamzeed,importance,deep_barrier,call,exact,importance,{},65536,252,13,621044484,LAPTOP-G689CP2J_AMD64,3.3657758438193195,0.014365588986345604,3.3376198067893768,3.3939318808492622,3.545320563728301,0.1795447199089817,0.4464606000110507,"{""theta"": 1.6323611831060643, ""theta0"": 1.6323611831060643, ""ESS"": 5527.030859425936, ""ESS_frac"": 0.08433579802590845, ""max_weight"": 196.33484351152873, ""max_weight_share"": 0.0029180530755755552, ""mean_weight"": 1.0266543771382457, ""hit_rate_proposal"": 0.591278076171875, ""pilot_paths"": 10000, ""total_paths_simulated"": 75536, ""theta_grid"": [[0.0, 142.03679829700502], [0.40809029577651607, 66.52250407326643], [0.8161805915530321, 38.531173588253985], [1.2242708873295483, 27.447533713178576], [1.6323611831060643, 23.94414411439092], [2.0404514788825803, 25.501454538451117], [2.4485417746590965, 33.089158659705035]]}"
99bf0b5cf293,2026-09-25T10:57:37,tamzeed,importance,deep_barrier,call,exact,importance,{},65536,252,14,3747004146,LAPTOP-G689CP2J_AMD64,3.3940069844767264,0.014362321956835174,3.3658573507069605,3.4221566182464924,3.545320563728301,0.15131357925157474,0.47719420003704727,"{""theta"": 1.6323611831060643, ""theta0"": 1.6323611831060643, ""ESS"": 5068.763179470107, ""ESS_frac"": 0.0773431881633012, ""max_weight"": 322.83579255887054, ""max_weight_share"": 0.004906811671907007, ""mean_weight"": 1.0039275174721176, ""hit_rate_proposal"": 0.596954345703125, ""pilot_paths"": 10000, ""total_paths_simulated"": 75536, ""theta_grid"": [[0.0, 142.16352453088015], [0.40809029577651607, 66.84553653193448], [0.8161805915530321, 38.85458257924414], [1.2242708873295483, 27.75990442318591], [1.6323611831060643, 24.275197900356396], [2.0404514788825803, 25.904530845954344], [2.4485417746590965, 33.665427916406976]]}"
1210a093ae68,2026-09-25T10:57:37,tamzeed,importance,deep_barrier,call,exact,importance,{},65536,252,15,1471216308,LAPTOP-G689CP2J_AMD64,3.4121689293657087,0.014416744987357337,3.38391262841619,3.4404252303152276,3.545320563728301,0.13315163436259247,0.4673630999168381,"{""theta"": 1.6323611831060643, ""theta0"": 1.6323611831060643, ""ESS"": 2094.944776886143, ""ESS_frac"": 0.03196632044809178, ""max_weight"": 851.4445284577821, ""max_weight_share"": 0.012776036492675044, ""mean_weight"": 1.0169047705527343, ""hit_rate_proposal"": 0.5951995849609375, ""pilot_paths"": 10000, ""total_paths_simulated"": 75536, ""theta_grid"": [[0.0, 143.8524223168909], [0.40809029577651607, 67.82486130985087], [0.8161805915530321, 39.51766764326254], [1.2242708873295483, 28.297310293885083], [1.6323611831060643, 24.805922785171507], [2.0404514788825803, 26.551544863491248], [2.4485417746590965, 34.64648305456593]]}"
504019905440,2026-09-25T10:57:38,tamzeed,importance,deep_barrier,call,exact,importance,{},65536,252,16,1188260740,LAPTOP-G689CP2J_AMD64,3.398234953978866,0.014408743313972081,3.3699943360209987,3.4264755719367335,3.545320563728301,0.14708560974943508,0.465589200030081,"{""theta"": 1.6323611831060643, ""theta0"": 1.6323611831060643, ""ESS"": 5662.968631581623, ""ESS_frac"": 0.08641004381685827, ""max_weight"": 213.0651750629612, ""max_weight_share"": 0.0032795532705461707, ""mean_weight"": 0.991329091083471, ""hit_rate_proposal"": 0.597412109375, ""pilot_paths"": 10000, ""total_paths_simulated"": 75536, ""theta_grid"": [[0.0, 144.5079890528095], [0.40809029577651607, 68.06465619430095], [0.8161805915530321, 39.60428028366576], [1.2242708873295483, 28.315620475187245], [1.6323611831060643, 24.77565715434456], [2.0404514788825803, 26.453080408935445], [2.4485417746590965, 34.39640732544612]]}"
1eef9500134c,2026-09-25T10:57:38,tamzeed,importance,deep_barrier,call,exact,importance,{},65536,252,17,579447453,LAPTOP-G689CP2J_AMD64,3.4007988591840514,0.0143844953144757,3.372605766431894,3.428991951936209,3.545320563728301,0.14452170454424973,0.47247770009562373,"{""theta"": 1.6323611831060643, ""theta0"": 1.6323611831060643, ""ESS"": 3887.793458008201, ""ESS_frac"": 0.05932302029431459, ""max_weight"": 386.29844888190166, ""max_weight_share"": 0.005834496222566023, ""mean_weight"": 1.0102751500398586, ""hit_rate_proposal"": 0.59674072265625, ""pilot_paths"": 10000, ""total_paths_simulated"": 75536, ""theta_grid"": [[0.0, 143.32862722091187], [0.40809029577651607, 67.59175062811757], [0.8161805915530321, 39.433117891784654], [1.2242708873295483, 28.29999801964162], [1.6323611831060643, 24.881959527186066], [2.0404514788825803, 26.725151855931383], [2.4485417746590965, 35.00139811278047]]}"
70e3a73ae6c9,2026-09-25T10:57:39,tamzeed,importance,deep_barrier,call,exact,importance,{},65536,252,18,563227822,LAPTOP-G689CP2J_AMD64,3.381212846005931,0.014383482982162903,3.353021737388647,3.4094039546232153,3.545320563728301,0.16410771772236998,0.44562200002837926,"{""theta"": 1.6323611831060643, ""theta0"": 1.6323611831060643, ""ESS"": 4074.1987347576846, ""ESS_frac"": 0.0621673390923719, ""max_weight"": 288.35528463158795, ""max_weight_share"": 0.004301705397792877, ""mean_weight"": 1.0228390966773504, ""hit_rate_proposal"": 0.5920562744140625, ""pilot_paths"": 10000, ""total_paths_simulated"": 75536, ""theta_grid"": [[0.0, 144.29255519934063], [0.40809029577651607, 67.92478419492932], [0.8161805915530321, 39.53508951480077], [1.2242708873295483, 28.289602959391726], [1.6323611831060643, 24.77857998302339], [2.0404514788825803, 26.48201219765246], [2.4485417746590965, 34.45738677773997]]}"
ad72f2c2e82a,2026-09-25T10:57:39,tamzeed,importance,deep_barrier,call,exact,importance,{},65536,252,19,1691727838,LAPTOP-G689CP2J_AMD64,3.394935864027223,0.014341713204446736,3.3668266226699046,3.423045105384541,3.545320563728301,0.15038469970107826,0.4662401999812573,"{""theta"": 1.6323611831060643, ""theta0"": 1.6323611831060643, ""ESS"": 4864.070461861797, ""ESS_frac"": 0.07421982516268612, ""max_weight"": 350.8233474221632, ""max_weight_share"": 0.005390958402342021, ""mean_weight"": 0.9929847453820734, ""hit_rate_proposal"": 0.59564208984375, ""pilot_paths"": 10000, ""total_paths_simulated"": 75536, ""theta_grid"": [[0.0, 143.09595386426352], [0.40809029577651607, 67.55790902887895], [0.8161805915530321, 39.40736104605646], [1.2242708873295483, 28.245023540719714], [1.6323611831060643, 24.775494959811216], [2.0404514788825803, 26.521918883108906], [2.4485417746590965, 34.585864265409526]]}"
95d4addeb200,2026-09-25T10:57:39,tamzeed,importance,paper_barrier,call,exact,plain,{},256,252,0,2990848591,LAPTOP-G689CP2J_AMD64,8.118843903058242,0.8083765141472926,6.534455049381514,9.703232756734968,7.1055282627933245,1.013315640264917,0.001250099972821772,
3c6e9a0ad68e,2026-09-25T10:57:39,tamzeed,importance,paper_barrier,call,exact,plain,{},256,252,1,1171746110,LAPTOP-G689CP2J_AMD64,6.500913658528159,0.6902588764891145,5.148031120600413,7.853796196455905,7.1055282627933245,0.6046146042651657,0.0015977999428287148,
97471e14c1fd,2026-09-25T10:57:39,tamzeed,importance,paper_barrier,call,exact,plain,{},256,252,2,1475424081,LAPTOP-G689CP2J_AMD64,7.475086738335067,0.7694808840389707,5.966931918826642,8.983241557843492,7.1055282627933245,0.3695584755417425,0.001564200036227703,
9f6f9a278fa8,2026-09-25T10:57:39,tamzeed,importance,paper_barrier,call,exact,plain,{},256,252,3,2996197176,LAPTOP-G689CP2J_AMD64,8.668765649995677,0.855084014322606,6.992831778167438,10.344699521823916,7.1055282627933245,1.5632373872023528,0.0013618000084534287,
6527b8a9742b,2026-09-25T10:57:39,tamzeed,importance,paper_barrier,call,exact,plain,{},256,252,4,1046169264,LAPTOP-G689CP2J_AMD64,7.510574270842271,0.8393526402606453,5.865473325602802,9.15567521608174,7.1055282627933245,0.40504600804894686,0.0014076000079512596,
17ac181c76f7,2026-09-25T10:57:39,tamzeed,importance,paper_barrier,call,exact,plain,{},256,252,5,4108555696,LAPTOP-G689CP2J_AMD64,6.877238340428011,0.7252819942690881,5.455711753025213,8.29876492783081,7.1055282627933245,0.2282899223653132,0.001770899980328977,
bbe9612b42bf,2026-09-25T10:57:39,tamzeed,importance,paper_barrier,call,exact,plain,{},256,252,6,3749213573,LAPTOP-G689CP2J_AMD64,7.192632854568833,0.7735037047456953,5.676593451358967,8.7086722577787,7.1055282627933245,0.08710459177550867,0.0014365999959409237,
ceecc1e189f4,2026-09-25T10:57:39,tamzeed,importance,paper_barrier,call,exact,plain,{},256,252,7,3472563250,LAPTOP-G689CP2J_AMD64,7.539712532019386,0.7649642859795664,6.0404100820400375,9.039014981998735,7.1055282627933245,0.4341842692260611,0.0014145000604912639,
f0d0f0363a84,2026-09-25T10:57:39,tamzeed,importance,paper_barrier,call,exact,plain,{},256,252,8,2942262077,LAPTOP-G689CP2J_AMD64,6.80972476007905,0.7385095406234783,5.362272658217812,8.257176861940287,7.1055282627933245,0.2958035027142749,0.0013815000420436263,
dccbc6af09a9,2026-09-25T10:57:39,tamzeed,importance,paper_barrier,call,exact,plain,{},256,252,9,3118558774,LAPTOP-G689CP2J_AMD64,6.725586194067038,0.7693115235044189,5.217763315106738,8.233409073027339,7.1055282627933245,0.37994206872628666,0.001586899976246059,
1a3b4879d12f,2026-09-25T10:57:39,tamzeed,importance,paper_barrier,call,exact,plain,{},256,252,10,3551295888,LAPTOP-G689CP2J_AMD64,7.453632851499224,0.7723331144367507,5.93988776313554,8.967377939862907,7.1055282627933245,0.34810458870589933,0.0013915000017732382,
a0d2dbbdf945,2026-09-25T10:57:39,tamzeed,importance,paper_barrier,call,exact,plain,{},256,252,11,1254788202,LAPTOP-G689CP2J_AMD64,5.746392738625422,0.663018680648154,4.446900003477777,7.045885473773068,7.1055282627933245,1.3591355241679022,0.0014397000195458531,
e53d39821b4f,2026-09-25T10:57:39,tamzeed,importance,paper_barrier,call,exact,plain,{},256,252,12,1953741574,LAPTOP-G689CP2J_AMD64,6.333613699152242,0.7130641964891149,4.936033555368584,7.731193842935899,7.1055282627933245,0.7719145636410829,0.0013920998899266124,
fb41d41f8acf,2026-09-25T10:57:39,tamzeed,importance,paper_barrier,call,exact,plain,{},256,252,13,909464496,LAPTOP-G689CP2J_AMD64,7.120199664517864,0.7861390950320855,5.579395351416066,8.661003977619663,7.1055282627933245,0.014671401724539734,0.0018035999964922667,
0fa3b489f0fc,2026-09-25T10:57:39,tamzeed,importance,paper_barrier,call,exact,plain,{},256,252,14,3796754490,LAPTOP-G689CP2J_AMD64,6.581018416660401,0.7522760303222953,5.106584490795941,8.05545234252486,7.1055282627933245,0.5245098461329238,0.0014191999798640609,
5986b76c37ce,2026-09-25T10:57:39,tamzeed,importance,paper_barrier,call,exact,plain,{},256,252,15,1090706609,LAPTOP-G689CP2J_AMD64,6.455452892432902,0.7085353467608785,5.066749131007982,7.844156653857822,7.1055282627933245,0.6500753703604225,0.0014019999653100967,
1f3d2a4647a1,2026-09-25T10:57:39,tamzeed,importance,paper_barrier,call,exact,plain,{},256,252,16,2781909514,LAPTOP-G689CP2J_AMD64,7.479691134339714,0.7271948078146497,6.054415501278474,8.904966767400953,7.1055282627933245,0.37416287154638983,0.0014129000483080745,
0b5980ec4e4a,2026-09-25T10:57:39,tamzeed,importance,paper_barrier,call,exact,plain,{},256,252,17,3789929188,LAPTOP-G689CP2J_AMD64,7.611729206873384,0.8229740318441436,5.998729744247143,9.224728669499624,7.1055282627933245,0.5062009440800592,0.0014352999860420823,
1cf8f54af573,2026-09-25T10:57:39,tamzeed,importance,paper_barrier,call,exact,plain,{},256,252,18,828814489,LAPTOP-G689CP2J_AMD64,4.9198926471093625,0.5714096800490547,3.79995025379566,6.039835040423065,7.1055282627933245,2.185635615683962,0.0013749999925494194,
e422f5e4756e,2026-09-25T10:57:39,tamzeed,importance,paper_barrier,call,exact,plain,{},256,252,19,2717769937,LAPTOP-G689CP2J_AMD64,7.446308074548256,0.823065101373627,5.833130118924139,9.059486030172373,7.1055282627933245,0.3407798117549312,0.0013869000831618905,
567c29b949f4,2026-09-25T10:57:39,tamzeed,importance,paper_barrier,call,exact,plain,{},1024,252,0,4237943944,LAPTOP-G689CP2J_AMD64,7.006026784935257,0.384912225689215,6.2516126853752425,7.760440884495271,7.1055282627933245,0.09950147785806784,0.005971499951556325,
324d9cde188e,2026-09-25T10:57:39,tamzeed,importance,paper_barrier,call,exact,plain,{},1024,252,1,3763501050,LAPTOP-G689CP2J_AMD64,7.036430165004214,0.4121028699109679,6.228723382053122,7.844136947955306,7.1055282627933245,0.06909809778911047,0.005732099991291761,
0d6fce10a2e8,2026-09-25T10:57:39,tamzeed,importance,paper_barrier,call,exact,plain,{},1024,252,2,1429938872,LAPTOP-G689CP2J_AMD64,7.0566827996109796,0.3881174492596718,6.295986577290471,7.8173790219314885,7.1055282627933245,0.04884546318234495,0.006017099949531257,
9d61b5144774,2026-09-25T10:57:39,tamzeed,importance,paper_barrier,call,exact,plain,{},1024,252,3,871761882,LAPTOP-G689CP2J_AMD64,7.393874966927111,0.40386392792602926,6.602316213537214,8.18543372031701,7.1055282627933245,0.2883467041337866,0.0061796000227332115,
c789e439c2be,2026-09-25T10:57:39,tamzeed,importance,paper_barrier,call,exact,plain,{},1024,252,4,1960065061,LAPTOP-G689CP2J_AMD64,6.919805203272309,0.38228123020408233,6.1705477601066425,7.669062646437976,7.1055282627933245,0.1857230595210151,0.005966000026091933,
4aae13ace71f,2026-09-25T10:57:39,tamzeed,importance,paper_barrier,call,exact,plain,{},1024,252,5,4059113279,LAPTOP-G689CP2J_AMD64,6.76518309190881,0.3649087230220867,6.0499751371410175,7.480391046676602,7.1055282627933245,0.34034517088451466,0.006320800050161779,
8252a8bf1bed,2026-09-25T10:57:39,tamzeed,importance,paper_barrier,call,exact,plain,{},1024,252,6,238958106,LAPTOP-G689CP2J_AMD64,6.379599229388639,0.3672604012570324,5.659782069977127,7.099416388800152,7.1055282627933245,0.7259290334046851,0.005743099958635867,
89f4d3426403,2026-09-25T10:57:39,tamzeed,importance,paper_barrier,call,exact,plain,{},1024,252,7,1352389100,LAPTOP-G689CP2J_AMD64,6.897419784173236,0.37594929995176724,6.160572696254726,7.634266872091746,7.1055282627933245,0.20810847862008863,0.0061941000167280436,
5676624394f4,2026-09-25T10:57:39,tamzeed,importance,paper_barrier,call,exact,plain,{},1024,252,8,1045202643,LAPTOP-G689CP2J_AMD64,7.630305121287428,0.40408239663540635,6.8383181770954025,8.422292065479454,7.1055282627933245,0.5247768584941035,0.005772799951955676,
d7a6762d490a,2026-09-25T10:57:39,tamzeed,importance,paper_barrier,call,exact,plain,{},1024,252,9,671385272,LAPTOP-G689CP2J_AMD64,7.015277730635871,0.38776872746610774,6.255264990471372,7.77529047080037,7.1055282627933245,0.09025053215745338,0.005485599976964295,
42d48973bc7a,2026-09-25T10:57:39,tamzeed,importance,paper_barrier,call,exact,plain,{},1024,252,10,136253594,LAPTOP-G689CP2J_AMD64,7.579924831142629,0.40255743499351043,6.790926756846524,8.368922905438733,7.1055282627933245,0.4743965683493041,0.006052799988538027,
a156a4d5f3a3,2026-09-25T10:57:39,tamzeed,importance,paper_barrier,call,exact,plain,{},1024,252,11,3043745109,LAPTOP-G689CP2J_AMD64,7.2645368400611545,0.39022129171048464,6.499717162307906,8.029356517814403,7.1055282627933245,0.15900857726783002,0.005532399984076619,
df39e197e466,2026-09-25T10:57:39,tamzeed,importance,paper_barrier,call,exact,plain,{},1024,252,12,4078970842,LAPTOP-G689CP2J_AMD64,7.666157000621049,0.4039534328021367,6.87442282089754,8.457891180344557,7.1055282627933245,0.5606287378277246,0.005993500002659857,
3fa5325bb423,2026-09-25T10:57:39,tamzeed,importance,paper_barrier,call,exact,plain,{},1024,252,13,2241276837,LAPTOP-G689CP2J_AMD64,7.020123768975875,0.38447439202418127,6.266567807630546,7.773679730321204,7.1055282627933245,0.08540449381744963,0.005636799964122474,
accac4bf2803,2026-09-25T10:57:39,tamzeed,importance,paper_barrier,call,exact,plain,{},1024,252,14,1679683055,LAPTOP-G689CP2J_AMD64,7.273689039309528,0.40549379528012147,6.478935804606032,8.068442274013023,7.1055282627933245,0.16816077651620365,0.005646999925374985,
5aa5a27b948a,2026-09-25T10:57:39,tamzeed,importance,paper_barrier,call,exact,plain,{},1024,252,15,3414288431,LAPTOP-G689CP2J_AMD64,7.404447218597169,0.4098126659508521,6.601229152925155,8.207665284269183,7.1055282627933245,0.29891895580384453,0.005985699943266809,
c89aece6c099,2026-09-25T10:57:39,tamzeed,importance,paper_barrier,call,exact,plain,{},1024,252,16,2814188538,LAPTOP-G689CP2J_AMD64,7.256533149472215,0.3970350342231514,6.478358781794211,8.03470751715022,7.1055282627933245,0.15100488667889067,0.005607699975371361,
e488ff28f206,2026-09-25T10:57:39,tamzeed,importance,paper_barrier,call,exact,plain,{},1024,252,17,1138354559,LAPTOP-G689CP2J_AMD64,7.06431151833961,0.41193579396800334,6.2569321982194115,7.871690838459809,7.1055282627933245,0.04121674445371415,0.006313199992291629,
70d2f4675b56,2026-09-25T10:57:39,tamzeed,importance,paper_barrier,call,exact,plain,{},1024,252,18,1457698731,LAPTOP-G689CP2J_AMD64,7.118130974565993,0.399142052186691,6.335826927564672,7.900435021567314,7.1055282627933245,0.012602711772668584,0.006109599955379963,
ad345d116266,2026-09-25T10:57:39,tamzeed,importance,paper_barrier,call,exact,plain,{},1024,252,19,156447476,LAPTOP-G689CP2J_AMD64,6.956275916003641,0.3957233307031196,6.180672439983293,7.7318793920239886,7.1055282627933245,0.1492523467896838,0.005617799935862422,
24cf13a10eb2,2026-09-25T10:57:39,tamzeed,importance,paper_barrier,call,exact,plain,{},4096,252,0,2060680258,LAPTOP-G689CP2J_AMD64,6.916362659150767,0.19332814776879348,6.537446452326094,7.29527886597544,7.1055282627933245,0.1891656036425573,0.028297599987126887,
37b6c982cd2a,2026-09-25T10:57:39,tamzeed,importance,paper_barrier,call,exact,plain,{},4096,252,1,3894951054,LAPTOP-G689CP2J_AMD64,7.020649379907814,0.19099732269795014,6.646301506276258,7.394997253539371,7.1055282627933245,0.08487888288551027,0.02285529999062419,
b1e1f7bdff78,2026-09-25T10:57:39,tamzeed,importance,paper_barrier,call,exact,plain,{},4096,252,2,4216090659,LAPTOP-G689CP2J_AMD64,7.224657502536717,0.19625470426430663,6.840005350382117,7.609309654691317,7.1055282627933245,0.11912923974339229,0.023380100028589368,
43a4164f3032,2026-09-25T10:57:39,tamzeed,importance,paper_barrier,call,exact,plain,{},4096,252,3,3558613262,LAPTOP-G689CP2J_AMD64,7.30616400917102,0.20121564818088686,6.9117885856106,7.700539432731441,7.1055282627933245,0.20063574637769577,0.022288499982096255,
848aa6b6561b,2026-09-25T10:57:39,tamzeed,importance,paper_barrier,call,exact,plain,{},4096,252,4,867218089,LAPTOP-G689CP2J_AMD64,7.0473386736908585,0.19484493757652113,6.665449613470922,7.429227733910795,7.1055282627933245,0.058189589102465966,0.0228374000871554,
0a08e501fda0,2026-09-25T10:57:39,tamzeed,importance,paper_barrier,call,exact,plain,{},4096,252,5,937800825,LAPTOP-G689CP2J_AMD64,7.2600932404139975,0.19601275515929992,6.875915299791302,7.644271181036693,7.1055282627933245,0.154564977620673,0.02302109997253865,
a9a9719da48f,2026-09-25T10:57:39,tamzeed,importance,paper_barrier,call,exact,plain,{},4096,252,6,1295601935,LAPTOP-G689CP2J_AMD64,7.0450637476207945,0.1955597714202446,6.66177363881223,7.428353856429359,7.1055282627933245,0.06046451517253004,0.025290000019595027,
88bc6d93e58a,2026-09-25T10:57:39,tamzeed,importance,paper_barrier,call,exact,plain,{},4096,252,7,1321748703,LAPTOP-G689CP2J_AMD64,6.929852974885309,0.19129008916519624,6.554931289522068,7.304774660248549,7.1055282627933245,0.17567528790801568,0.02605689992196858,
17da991cd588,2026-09-25T10:57:39,tamzeed,importance,paper_barrier,call,exact,plain,{},4096,252,8,3493540836,LAPTOP-G689CP2J_AMD64,7.277105975012173,0.2026720256672376,6.87987610403061,7.674335845993736,7.1055282627933245,0.17157771221884843,0.025352300028316677,
815cf014be1f,2026-09-25T10:57:39,tamzeed,importance,paper_barrier,call,exact,plain,{},4096,252,9,2834869578,LAPTOP-G689CP2J_AMD64,7.384250223386326,0.20023248827774492,6.9918017578271074,7.776698688945545,7.1055282627933245,0.2787219605930016,0.024658899987116456,
3073341b26b3,2026-09-25T10:57:39,tamzeed,importance,paper_barrier,call,exact,plain,{},4096,252,10,250528587,LAPTOP-G689CP2J_AMD64,7.409591885791762,0.20067906172276329,7.016268152363856,7.802915619219669,7.1055282627933245,0.3040636229984379,0.027385000023059547,
2cd53dc328c7,2026-09-25T10:57:39,tamzeed,importance,paper_barrier,call,exact,plain,{},4096,252,11,1962510613,LAPTOP-G689CP2J_AMD64,7.3445804259790055,0.2069945604487254,6.938878542503804,7.750282309454207,7.1055282627933245,0.239052163185681,0.02381530008278787,
ec6c8646c810,2026-09-25T10:57:39,tamzeed,importance,paper_barrier,call,exact,plain,{},4096,252,12,854348320,LAPTOP-G689CP2J_AMD64,7.065867001702966,0.19391235139270407,6.685805776815791,7.445928226590141,7.1055282627933245,0.039661261090358835,0.023156299954280257,
531f8dd0e423,2026-09-25T10:57:39,tamzeed,importance,paper_barrier,call,exact,plain,{},4096,252,13,4007300582,LAPTOP-G689CP2J_AMD64,7.158829009049054,0.19798585280621597,6.770783868100422,7.546874149997685,7.1055282627933245,0.05330074625572934,0.02570859994739294,
96db2c5ae1e6,2026-09-25T10:57:40,tamzeed,importance,paper_barrier,call,exact,plain,{},4096,252,14,3479386906,LAPTOP-G689CP2J_AMD64,7.096060390607889,0.19639595521607753,6.7111313916750355,7.480989389540742,7.1055282627933245,0.009467872185435766,0.022896199952811003,
2e7d9719ed03,2026-09-25T10:57:40,tamzeed,importance,paper_barrier,call,exact,plain,{},4096,252,15,2310835108,LAPTOP-G689CP2J_AMD64,7.049233242649532,0.1936264328440613,6.669732407820208,7.428734077478856,7.1055282627933245,0.05629502014379284,0.023245300049893558,
0cc7fe0a06ad,2026-09-25T10:57:40,tamzeed,importance,paper_barrier,call,exact,plain,{},4096,252,16,603463103,LAPTOP-G689CP2J_AMD64,6.945066605923083,0.1950270722212868,6.562820568359069,7.327312643487097,7.1055282627933245,0.1604616568702415,0.023093099938705564,
87d19f919039,2026-09-25T10:57:40,tamzeed,importance,paper_barrier,call,exact,plain,{},4096,252,17,1823776236,LAPTOP-G689CP2J_AMD64,6.912796633768749,0.19166880867678546,6.537132671802551,7.288460595734946,7.1055282627933245,0.19273162902457575,0.02406720002181828,
5ae1f8a59b7c,2026-09-25T10:57:40,tamzeed,importance,paper_barrier,call,exact,plain,{},4096,252,18,3982228370,LAPTOP-G689CP2J_AMD64,7.134284160410874,0.19737938256561238,6.747427679291521,7.521140641530227,7.1055282627933245,0.028755897617549486,0.02247699990402907,
e50998a41b93,2026-09-25T10:57:40,tamzeed,importance,paper_barrier,call,exact,plain,{},4096,252,19,753250702,LAPTOP-G689CP2J_AMD64,6.870217304077568,0.19290603669760498,6.4921284197499,7.248306188405236,7.1055282627933245,0.2353109587157567,0.022979400004260242,
d4af2c48454a,2026-09-25T10:57:40,tamzeed,importance,paper_barrier,call,exact,plain,{},16384,252,0,2997731199,LAPTOP-G689CP2J_AMD64,6.9909834530395685,0.09675801366642531,6.801341231037741,7.180625675041396,7.1055282627933245,0.11454480975375603,0.1000177999958396,
f2fe1e4857d0,2026-09-25T10:57:40,tamzeed,importance,paper_barrier,call,exact,plain,{},16384,252,1,3628047748,LAPTOP-G689CP2J_AMD64,7.0175983360716945,0.09824310101259205,6.825045396357483,7.210151275785906,7.1055282627933245,0.08792992672163003,0.0959177000913769,
eed0c9cee7c7,2026-09-25T10:57:40,tamzeed,importance,paper_barrier,call,exact,plain,{},16384,252,2,3408591795,LAPTOP-G689CP2J_AMD64,6.8370620828235715,0.09515633175757666,6.650559099677777,7.0235650659693665,7.1055282627933245,0.26846617996975297,0.09404550003819168,
df14baece11e,2026-09-25T10:57:40,tamzeed,importance,paper_barrier,call,exact,plain,{},16384,252,3,4089987225,LAPTOP-G689CP2J_AMD64,7.1327714966803555,0.09820583058149635,6.94029160566878,7.325251387691931,7.1055282627933245,0.027243233887030982,0.08806290000211447,
07608675c5c4,2026-09-25T10:57:40,tamzeed,importance,paper_barrier,call,exact,plain,{},16384,252,4,3999919301,LAPTOP-G689CP2J_AMD64,7.01311905787985,0.09753536187796519,6.821953261379957,7.204284854379742,7.1055282627933245,0.0924092049134746,0.08640699996612966,
63c462f353ae,2026-09-25T10:57:40,tamzeed,importance,paper_barrier,call,exact,plain,{},16384,252,5,190964128,LAPTOP-G689CP2J_AMD64,7.094831095732937,0.09733814545621333,6.904051836316838,7.2856103551490365,7.1055282627933245,0.010697167060387258,0.08853790001012385,
aefd33dd7f88,2026-09-25T10:57:40,tamzeed,importance,paper_barrier,call,exact,plain,{},16384,252,6,3554110132,LAPTOP-G689CP2J_AMD64,7.2633863045496385,0.10069610777765188,7.066025559922077,7.4607470491772,7.1055282627933245,0.15785804175631402,0.0920886000385508,
d74c527df418,2026-09-25T10:57:40,tamzeed,importance,paper_barrier,call,exact,plain,{},16384,252,7,476695801,LAPTOP-G689CP2J_AMD64,6.989158657170286,0.0965953221730339,6.799835304636096,7.178482009704476,7.1055282627933245,0.11636960562303855,0.09100379992742091,
32e941e2bd34,2026-09-25T10:57:40,tamzeed,importance,paper_barrier,call,exact,plain,{},16384,252,8,3831519845,LAPTOP-G689CP2J_AMD64,7.077694922478283,0.09714480138745621,6.887294610473573,7.268095234482994,7.1055282627933245,0.027833340315041255,0.0928614999866113,
e4d41ae48b8f,2026-09-25T10:57:41,tamzeed,importance,paper_barrier,call,exact,plain,{},16384,252,9,3382976069,LAPTOP-G689CP2J_AMD64,6.872155407159767,0.0950442482386152,6.685872103674396,7.058438710645137,7.1055282627933245,0.23337285563355792,0.08768980007153004,
e3ecd9a38d9b,2026-09-25T10:57:41,tamzeed,importance,paper_barrier,call,exact,plain,{},16384,252,10,1424304399,LAPTOP-G689CP2J_AMD64,6.994004405562347,0.0964441139344963,6.804977415729857,7.183031395394837,7.1055282627933245,0.1115238572309778,0.08855530002620071,
e9fb959d6ae3,2026-09-25T10:57:41,tamzeed,importance,paper_barrier,call,exact,plain,{},16384,252,11,3191460320,LAPTOP-G689CP2J_AMD64,7.1654234656411795,0.09908267527512549,6.9712249906100565,7.3596219406723025,7.1055282627933245,0.05989520284785499,0.08730120002292097,
c0e58341fd99,2026-09-25T10:57:41,tamzeed,importance,paper_barrier,call,exact,plain,{},16384,252,12,1129259412,LAPTOP-G689CP2J_AMD64,7.193897531063408,0.09970369074468702,6.998481888078102,7.389313174048715,7.1055282627933245,0.08836926827008362,0.09044679999351501,
dd0a21ede9d6,2026-09-25T10:57:41,tamzeed,importance,paper_barrier,call,exact,plain,{},16384,252,13,4282250702,LAPTOP-G689CP2J_AMD64,7.28117216794454,0.09961728052538407,7.085925885876963,7.476418450012116,7.1055282627933245,0.1756439051512153,0.08882679999805987,
12a7a9d38066,2026-09-25T10:57:41,tamzeed,importance,paper_barrier,call,exact,plain,{},16384,252,14,1643865663,LAPTOP-G689CP2J_AMD64,6.998129674961448,0.09753732271971202,6.806960035282352,7.189299314640544,7.1055282627933245,0.10739858783187639,0.09366640006192029,
0e6e441e8471,2026-09-25T10:57:41,tamzeed,importance,paper_barrier,call,exact,plain,{},16384,252,15,4134761406,LAPTOP-G689CP2J_AMD64,7.282426078662973,0.10017858491792253,7.086079660201658,7.478772497124289,7.1055282627933245,0.1768978158696486,0.09085479995701462,
e85329a2450b,2026-09-25T10:57:41,tamzeed,importance,paper_barrier,call,exact,plain,{},16384,252,16,1314789375,LAPTOP-G689CP2J_AMD64,6.920840713278768,0.0962187717888999,6.732255385935845,7.10942604062169,7.1055282627933245,0.1846875495145568,0.0891327999997884,
fd5fd5175e27,2026-09-25T10:57:41,tamzeed,importance,paper_barrier,call,exact,plain,{},16384,252,17,191195466,LAPTOP-G689CP2J_AMD64,7.293626957637635,0.0993062510162573,7.098990282206076,7.488263633069193,7.1055282627933245,0.1880986948443102,0.09201760007999837,
e6e7d73919d8,2026-09-25T10:57:41,tamzeed,importance,paper_barrier,call,exact,plain,{},16384,252,18,2635599172,LAPTOP-G689CP2J_AMD64,7.076293793764295,0.09753965776123819,6.885119577487905,7.267468010040685,7.1055282627933245,0.029234469029029597,0.08986810001078993,
f3731284c5b0,2026-09-25T10:57:42,tamzeed,importance,paper_barrier,call,exact,plain,{},16384,252,19,1774224374,LAPTOP-G689CP2J_AMD64,7.049984980877766,0.09746518431862433,6.858956729866704,7.241013231888828,7.1055282627933245,0.05554328191555857,0.09396480000577867,
3bdc721fbfad,2026-09-25T10:57:42,tamzeed,importance,paper_barrier,call,exact,plain,{},65536,252,0,2414298938,LAPTOP-G689CP2J_AMD64,7.043517387911243,0.048690766092938646,6.948085239989419,7.138949535833067,7.1055282627933245,0.062010874882081346,0.37495460000354797,
b502a208fc54,2026-09-25T10:57:42,tamzeed,importance,paper_barrier,call,exact,plain,{},65536,252,1,2226118861,LAPTOP-G689CP2J_AMD64,7.10509904497823,0.048984047236673794,7.009092076577341,7.201106013379119,7.1055282627933245,0.00042921781509441814,0.3595157000236213,
30cb324238f5,2026-09-25T10:57:43,tamzeed,importance,paper_barrier,call,exact,plain,{},65536,252,2,1509710844,LAPTOP-G689CP2J_AMD64,7.129525467663945,0.048936893487377044,7.033610918913413,7.225440016414477,7.1055282627933245,0.023997204870620514,0.3877017000922933,
4e1f6fc6f3a1,2026-09-25T10:57:43,tamzeed,importance,paper_barrier,call,exact,plain,{},65536,252,3,2615652841,LAPTOP-G689CP2J_AMD64,7.016191981833703,0.04876611939014043,6.920612144163248,7.111771819504159,7.1055282627933245,0.0893362809596212,0.4129722999641672,
21c63ab72149,2026-09-25T10:57:43,tamzeed,importance,paper_barrier,call,exact,plain,{},65536,252,4,1758261385,LAPTOP-G689CP2J_AMD64,7.1297647976229825,0.04930041834103816,7.03313775325179,7.226391841994175,7.1055282627933245,0.02423653482965804,0.3840090000303462,
9e81aa9aa828,2026-09-25T10:57:44,tamzeed,importance,paper_barrier,call,exact,plain,{},65536,252,5,351357424,LAPTOP-G689CP2J_AMD64,7.128105025741591,0.048906394196260375,7.032250254503202,7.22395979697998,7.1055282627933245,0.02257676294826627,0.4045017999596894,
6d99f61d6b68,2026-09-25T10:57:44,tamzeed,importance,paper_barrier,call,exact,plain,{},65536,252,6,3728987529,LAPTOP-G689CP2J_AMD64,7.112611527771845,0.04934849110950559,7.0158902625058195,7.209332793037871,7.1055282627933245,0.007083264978520631,0.38073430000804365,
0e75780366a3,2026-09-25T10:57:45,tamzeed,importance,paper_barrier,call,exact,plain,{},65536,252,7,795405107,LAPTOP-G689CP2J_AMD64,7.142981402139363,0.0490757483462826,7.046794702866299,7.239168101412428,7.1055282627933245,0.03745313934603889,0.36528350005391985,
72fa4d6123f1,2026-09-25T10:57:45,tamzeed,importance,paper_barrier,call,exact,plain,{},65536,252,8,310123902,LAPTOP-G689CP2J_AMD64,7.08468487081847,0.04893935977259638,6.988765488237733,7.180604253399207,7.1055282627933245,0.02084339197485452,0.4080330999568105,
364c3a31a5a2,2026-09-25T10:57:45,tamzeed,importance,paper_barrier,call,exact,plain,{},65536,252,9,3456135774,LAPTOP-G689CP2J_AMD64,7.025750399134472,0.048546462298761646,6.9306010814520675,7.120899716816876,7.1055282627933245,0.07977786365885287,0.3738166999537498,
f8809d611a24,2026-09-25T10:57:46,tamzeed,importance,paper_barrier,call,exact,plain,{},65536,252,10,3463265148,LAPTOP-G689CP2J_AMD64,7.030254917537766,0.04880922072899261,6.934590602795475,7.125919232280057,7.1055282627933245,0.07527334525555851,0.41234080004505813,
61ab0bbf7889,2026-09-25T10:57:46,tamzeed,importance,paper_barrier,call,exact,plain,{},65536,252,11,2397079456,LAPTOP-G689CP2J_AMD64,7.146559836338211,0.048937598899764435,7.050643905004805,7.242475767671617,7.1055282627933245,0.04103157354488651,0.3646543000359088,
d88a17dbba9b,2026-09-25T10:57:47,tamzeed,importance,paper_barrier,call,exact,plain,{},65536,252,12,420737795,LAPTOP-G689CP2J_AMD64,7.072488791737947,0.04862679090209196,6.977182032886087,7.167795550589807,7.1055282627933245,0.03303947105537741,0.37072780006565154,
64849164d033,2026-09-25T10:57:47,tamzeed,importance,paper_barrier,call,exact,plain,{},65536,252,13,3740942866,LAPTOP-G689CP2J_AMD64,7.135034477729449,0.04925490213015708,7.038496643492296,7.231572311966602,7.1055282627933245,0.029506214936124486,0.38125249999575317,
987a47c295c8,2026-09-25T10:57:47,tamzeed,importance,paper_barrier,call,exact,plain,{},65536,252,14,2755529763,LAPTOP-G689CP2J_AMD64,7.126806730041837,0.049229063934433416,7.030319537737728,7.223293922345946,7.1055282627933245,0.021278467248512456,0.39520330005325377,
093df92e7f68,2026-09-25T10:57:48,tamzeed,importance,paper_barrier,call,exact,plain,{},65536,252,15,3003473713,LAPTOP-G689CP2J_AMD64,7.138228719417567,0.049517918654778614,7.041175382264817,7.235282056570317,7.1055282627933245,0.03270045662424259,0.3969149000477046,
28ece329788f,2026-09-25T10:57:48,tamzeed,importance,paper_barrier,call,exact,plain,{},65536,252,16,826406267,LAPTOP-G689CP2J_AMD64,7.052389378922008,0.049170263658484197,6.9560174330410405,7.148761324802976,7.1055282627933245,0.05313888387131627,0.3882326999446377,
3a9bc4c488f6,2026-09-25T10:57:48,tamzeed,importance,paper_barrier,call,exact,plain,{},65536,252,17,3861699656,LAPTOP-G689CP2J_AMD64,7.163072711338872,0.04911902319752622,7.066801194915933,7.259344227761811,7.1055282627933245,0.05754444854554741,0.3723323999438435,
c9ec16f5cc7c,2026-09-25T10:57:49,tamzeed,importance,paper_barrier,call,exact,plain,{},65536,252,18,1792477410,LAPTOP-G689CP2J_AMD64,7.1699130200667875,0.04934635770756726,7.073195936191725,7.26663010394185,7.1055282627933245,0.06438475727346304,0.3784999999916181,
58343194c818,2026-09-25T10:57:49,tamzeed,importance,paper_barrier,call,exact,plain,{},65536,252,19,2545686067,LAPTOP-G689CP2J_AMD64,7.069121633128583,0.049028590390933505,6.973027361749587,7.16521590450758,7.1055282627933245,0.036406629664741175,0.3655626999679953,
f27f1d03d19a,2026-09-25T10:57:49,tamzeed,importance,paper_barrier,call,exact,antithetic,{},256,252,0,4260203196,LAPTOP-G689CP2J_AMD64,7.609499316744126,0.6264007684574493,6.381776370679312,8.83722226280894,7.1055282627933245,0.5039710539508011,0.001420099986717105,"{""pairs"": 128, ""rho_pair"": -0.37412957732136165}"
db2589240df0,2026-09-25T10:57:49,tamzeed,importance,paper_barrier,call,exact,antithetic,{},256,252,1,2146424871,LAPTOP-G689CP2J_AMD64,6.793917970562503,0.5884396277779513,5.640597493041563,7.947238448083443,7.1055282627933245,0.3116102922308217,0.0013792000245302916,"{""pairs"": 128, ""rho_pair"": -0.34636637068123033}"
e2f12abfa13a,2026-09-25T10:57:49,tamzeed,importance,paper_barrier,call,exact,antithetic,{},256,252,2,3143446238,LAPTOP-G689CP2J_AMD64,5.770987124002669,0.6127543277897766,4.570010710163657,6.971963537841682,7.1055282627933245,1.3345411387906552,0.001339400070719421,"{""pairs"": 128, ""rho_pair"": -0.2605071725761899}"
68fe3e7e6257,2026-09-25T10:57:49,tamzeed,importance,paper_barrier,call,exact,antithetic,{},256,252,3,4084452583,LAPTOP-G689CP2J_AMD64,7.193669658013018,0.660935893795982,5.898259110083103,8.489080205942933,7.1055282627933245,0.08814139521969366,0.0013926000101491809,"{""pairs"": 128, ""rho_pair"": -0.3217637276812385}"
b4d7ca9eb496,2026-09-25T10:57:49,tamzeed,importance,paper_barrier,call,exact,antithetic,{},256,252,4,2274742356,LAPTOP-G689CP2J_AMD64,6.741173749343675,0.6403909936809129,5.4860304657052685,7.996317032982081,7.1055282627933245,0.36435451344964953,0.0014013000763952732,"{""pairs"": 128, ""rho_pair"": -0.3009786559927162}"
ed142e01a2bd,2026-09-25T10:57:49,tamzeed,importance,paper_barrier,call,exact,antithetic,{},256,252,5,2057273801,LAPTOP-G689CP2J_AMD64,7.487305310152207,0.6579231746532395,6.197799583237602,8.776811037066812,7.1055282627933245,0.3817770473588826,0.001364799914881587,"{""pairs"": 128, ""rho_pair"": -0.33802179345538014}"
c57d061a9fa6,2026-09-25T10:57:49,tamzeed,importance,paper_barrier,call,exact,antithetic,{},256,252,6,3797032494,LAPTOP-G689CP2J_AMD64,6.485814765512118,0.5646606296491433,5.379100267912087,7.592529263112149,7.1055282627933245,0.6197134972812064,0.0013428999809548259,"{""pairs"": 128, ""rho_pair"": -0.33553411562687796}"
12ac5aef6d2a,2026-09-25T10:57:49,tamzeed,importance,paper_barrier,call,exact,antithetic,{},256,252,7,2449700492,LAPTOP-G689CP2J_AMD64,7.518436380441569,0.688573795158091,6.16885654123365,8.868016219649489,7.1055282627933245,0.41290811764824475,0.0013490000274032354,"{""pairs"": 128, ""rho_pair"": -0.3167483457881976}"
c03fbef911b9,2026-09-25T10:57:49,tamzeed,importance,paper_barrier,call,exact,antithetic,{},256,252,8,2555200922,LAPTOP-G689CP2J_AMD64,7.340158258517885,0.7112384629899263,5.946156486638005,8.734160030397765,7.1055282627933245,0.23462999572456056,0.001679799985140562,"{""pairs"": 128, ""rho_pair"": -0.2977092138256522}"
05924a78354f,2026-09-25T10:57:49,tamzeed,importance,paper_barrier,call,exact,antithetic,{},256,252,9,2529932991,LAPTOP-G689CP2J_AMD64,6.672472642287687,0.549648391588801,5.595181590613269,7.749763693962105,7.1055282627933245,0.4330556205056375,0.0014765000669285655,"{""pairs"": 128, ""rho_pair"": -0.3698030802971573}"
099a689f8f32,2026-09-25T10:57:49,tamzeed,importance,paper_barrier,call,exact,antithetic,{},256,252,10,2706566015,LAPTOP-G689CP2J_AMD64,5.466268459220439,0.5366471658814946,4.414459341687217,6.518077576753661,7.1055282627933245,1.6392598035728856,0.0014019999653100967,"{""pairs"": 128, ""rho_pair"": -0.29469005645681473}"
fe089ab0920a,2026-09-25T10:57:49,tamzeed,importance,paper_barrier,call,exact,antithetic,{},256,252,11,1322157864,LAPTOP-G689CP2J_AMD64,6.940183027242863,0.6233684423815101,5.718403331076272,8.161962723409456,7.1055282627933245,0.1653452355504612,0.0013880000915378332,"{""pairs"": 128, ""rho_pair"": -0.3310279038070678}"
b6ab325577bf,2026-09-25T10:57:49,tamzeed,importance,paper_barrier,call,exact,antithetic,{},256,252,12,2007801974,LAPTOP-G689CP2J_AMD64,6.958680686948598,0.610640063341766,5.761848155281479,8.155513218615717,7.1055282627933245,0.14684757584472674,0.0013918000040575862,"{""pairs"": 128, ""rho_pair"": -0.33908354751342823}"
593ca050d8f2,2026-09-25T10:57:49,tamzeed,importance,paper_barrier,call,exact,antithetic,{},256,252,13,3076420636,LAPTOP-G689CP2J_AMD64,6.989526404356929,0.632599029257627,5.74965509035698,8.229397718356878,7.1055282627933245,0.11600185843639554,0.0013786000199615955,"{""pairs"": 128, ""rho_pair"": -0.3208869912381894}"
88fa2cad1de9,2026-09-25T10:57:49,tamzeed,importance,paper_barrier,call,exact,antithetic,{},256,252,14,4072208753,LAPTOP-G689CP2J_AMD64,7.580329291041668,0.6255166764756852,6.354339133420132,8.806319448663205,7.1055282627933245,0.47480102824834347,0.0013745001051574945,"{""pairs"": 128, ""rho_pair"": -0.3693702177786662}"
605d7befc108,2026-09-25T10:57:49,tamzeed,importance,paper_barrier,call,exact,antithetic,{},256,252,15,1800524727,LAPTOP-G689CP2J_AMD64,6.980450264868427,0.5998641554792643,5.804738124512534,8.15616240522432,7.1055282627933245,0.1250779979248975,0.0014205999905243516,"{""pairs"": 128, ""rho_pair"": -0.34686608786290696}"
f589628c0270,2026-09-25T10:57:49,tamzeed,importance,paper_barrier,call,exact,antithetic,{},256,252,16,132433563,LAPTOP-G689CP2J_AMD64,7.766490762587317,0.5876801262822727,6.614658880644112,8.918322644530523,7.1055282627933245,0.6609624997939925,0.0013595999917015433,"{""pairs"": 128, ""rho_pair"": -0.4025164035575113}"
455f138afec4,2026-09-25T10:57:49,tamzeed,importance,paper_barrier,call,exact,antithetic,{},256,252,17,394619627,LAPTOP-G689CP2J_AMD64,6.096250250184362,0.6397911189976677,4.842282699320353,7.3502178010483705,7.1055282627933245,1.0092780126089629,0.0018350000027567148,"{""pairs"": 128, ""rho_pair"": -0.27539492341486266}"
973a0c36771b,2026-09-25T10:57:49,tamzeed,importance,paper_barrier,call,exact,antithetic,{},256,252,18,4169695889,LAPTOP-G689CP2J_AMD64,6.505837499654471,0.5552998613766539,5.417469770736145,7.594205228572798,7.1055282627933245,0.5996907631388533,0.0017192000523209572,"{""pairs"": 128, ""rho_pair"": -0.3449002461012019}"
e5c701c11565,2026-09-25T10:57:49,tamzeed,importance,paper_barrier,call,exact,antithetic,{},256,252,19,2453365156,LAPTOP-G689CP2J_AMD64,7.08474029091898,0.5780435970392699,5.951795659228027,8.217684922609932,7.1055282627933245,0.02078797187434489,0.001824100036174059,"{""pairs"": 128, ""rho_pair"": -0.3731427641103962}"
b6a37f7e97f1,2026-09-25T10:57:49,tamzeed,importance,paper_barrier,call,exact,antithetic,{},1024,252,0,3680971519,LAPTOP-G689CP2J_AMD64,7.3117443505975785,0.3415255145234671,6.642366642330072,7.981122058865085,7.1055282627933245,0.20621608780425404,0.005313699948601425,"{""pairs"": 512, ""rho_pair"": -0.31064014058273354}"
7e3d47642068,2026-09-25T10:57:49,tamzeed,importance,paper_barrier,call,exact,antithetic,{},1024,252,1,411650216,LAPTOP-G689CP2J_AMD64,6.941662363848435,0.3182388032186244,6.317925771056801,7.565398956640069,7.1055282627933245,0.16386589894488957,0.005159799940884113,"{""pairs"": 512, ""rho_pair"": -0.3176599820303215}"
5efb7674e3e5,2026-09-25T10:57:49,tamzeed,importance,paper_barrier,call,exact,antithetic,{},1024,252,2,3718261671,LAPTOP-G689CP2J_AMD64,7.170482301303658,0.3338033879012566,6.516239683099742,7.824724919507575,7.1055282627933245,0.06495403851033377,0.0053591999458149076,"{""pairs"": 512, ""rho_pair"": -0.3129463330342593}"
8a560cb8d677,2026-09-25T10:57:49,tamzeed,importance,paper_barrier,call,exact,antithetic,{},1024,252,3,1433339408,LAPTOP-G689CP2J_AMD64,7.370000509346328,0.3558587164553872,6.672530241509118,8.067470777183537,7.1055282627933245,0.2644722465530034,0.005234400043264031,"{""pairs"": 512, ""rho_pair"": -0.29592593993866656}"
ce0b84318e43,2026-09-25T10:57:49,tamzeed,importance,paper_barrier,call,exact,antithetic,{},1024,252,4,1899049259,LAPTOP-G689CP2J_AMD64,7.167217805712883,0.33943588550266135,6.501935695067205,7.832499916358561,7.1055282627933245,0.06168954291955853,0.005719600012525916,"{""pairs"": 512, ""rho_pair"": -0.3038319766515472}"
ed12838bcff0,2026-09-25T10:57:49,tamzeed,importance,paper_barrier,call,exact,antithetic,{},1024,252,5,3038077671,LAPTOP-G689CP2J_AMD64,6.773299160637482,0.3177933837364958,6.150435573988833,7.39616274728613,7.1055282627933245,0.3322291021558428,0.0052334999199956656,"{""pairs"": 512, ""rho_pair"": -0.3077664862305541}"
87803f651e24,2026-09-25T10:57:49,tamzeed,importance,paper_barrier,call,exact,antithetic,{},1024,252,6,3272850022,LAPTOP-G689CP2J_AMD64,6.787515125738207,0.30417355318350214,6.191345916448965,7.38368433502745,7.1055282627933245,0.31801313705511713,0.005215600016526878,"{""pairs"": 512, ""rho_pair"": -0.32830996799002565}"
443225df9d2c,2026-09-25T10:57:49,tamzeed,importance,paper_barrier,call,exact,antithetic,{},1024,252,7,1469275577,LAPTOP-G689CP2J_AMD64,6.8167980433144795,0.31573901102573415,6.197960953189746,7.435635133439213,7.1055282627933245,0.28873021947884503,0.005255499971099198,"{""pairs"": 512, ""rho_pair"": -0.3132072770115759}"
b8096b296a20,2026-09-25T10:57:49,tamzeed,importance,paper_barrier,call,exact,antithetic,{},1024,252,8,2208814996,LAPTOP-G689CP2J_AMD64,7.450496107037818,0.3264448234251831,6.810676010184922,8.090316203890714,7.1055282627933245,0.34496784424449345,0.005189099931158125,"{""pairs"": 512, ""rho_pair"": -0.3373610800915747}"
e5dfd1ab9607,2026-09-25T10:57:49,tamzeed,importance,paper_barrier,call,exact,antithetic,{},1024,252,9,4163496118,LAPTOP-G689CP2J_AMD64,6.3694434448918695,0.2918010954161159,5.797523807226947,6.9413630825567925,7.1055282627933245,0.736084817901455,0.005687600001692772,"{""pairs"": 512, ""rho_pair"": -0.3177255435594507}"
1d77cf0044e2,2026-09-25T10:57:49,tamzeed,importance,paper_barrier,call,exact,antithetic,{},1024,252,10,809188687,LAPTOP-G689CP2J_AMD64,6.859287238436548,0.32402015147047786,6.224219411289198,7.494355065583898,7.1055282627933245,0.24624102435677653,0.005365599994547665,"{""pairs"": 512, ""rho_pair"": -0.3031360069592673}"
4725c625566c,2026-09-25T10:57:49,tamzeed,importance,paper_barrier,call,exact,antithetic,{},1024,252,11,2705739141,LAPTOP-G689CP2J_AMD64,7.369076883540958,0.3385685909709533,6.705494638941417,8.0326591281405,7.1055282627933245,0.26354862074763385,0.005281200050376356,"{""pairs"": 512, ""rho_pair"": -0.3168045108842881}"
99f8a6470c10,2026-09-25T10:57:49,tamzeed,importance,paper_barrier,call,exact,antithetic,{},1024,252,12,3014449153,LAPTOP-G689CP2J_AMD64,7.074236645391629,0.32960857245167396,6.428215714390687,7.720257576392571,7.1055282627933245,0.031291617401695504,0.005225199973210692,"{""pairs"": 512, ""rho_pair"": -0.31355676811962996}"
40a8a6dab118,2026-09-25T10:57:49,tamzeed,importance,paper_barrier,call,exact,antithetic,{},1024,252,13,1242229260,LAPTOP-G689CP2J_AMD64,7.362796032619547,0.31784007182018187,6.739840939008367,7.985751126230728,7.1055282627933245,0.2572677698262229,0.005310300039127469,"{""pairs"": 512, ""rho_pair"": -0.34436940065608457}"
a3cddc79179e,2026-09-25T10:57:49,tamzeed,importance,paper_barrier,call,exact,antithetic,{},1024,252,14,917696020,LAPTOP-G689CP2J_AMD64,6.465678508139654,0.27977782105759735,5.917324055193672,7.014032961085637,7.1055282627933245,0.6398497546536701,0.0052149000111967325,"{""pairs"": 512, ""rho_pair"": -0.3433565792125916}"
401996f3598b,2026-09-25T10:57:49,tamzeed,importance,paper_barrier,call,exact,antithetic,{},1024,252,15,2776037780,LAPTOP-G689CP2J_AMD64,7.020270353549382,0.32793109344966204,6.377537220977206,7.663003486121558,7.1055282627933245,0.08525790924394272,0.005474000005051494,"{""pairs"": 512, ""rho_pair"": -0.31334357705132243}"
4ed963096462,2026-09-25T10:57:49,tamzeed,importance,paper_barrier,call,exact,antithetic,{},1024,252,16,3110828112,LAPTOP-G689CP2J_AMD64,7.077451063240224,0.3235768601236345,6.443252071167345,7.711650055313102,7.1055282627933245,0.02807719955310084,0.005230800015851855,"{""pairs"": 512, ""rho_pair"": -0.3190877446733516}"
e9f586457f72,2026-09-25T10:57:49,tamzeed,importance,paper_barrier,call,exact,antithetic,{},1024,252,17,561106851,LAPTOP-G689CP2J_AMD64,7.074847181167332,0.3117649187651182,6.463799168744645,7.685895193590019,7.1055282627933245,0.03068108162599259,0.005192799959331751,"{""pairs"": 512, ""rho_pair"": -0.33733050851098906}"
2dc2b18bc18d,2026-09-25T10:57:49,tamzeed,importance,paper_barrier,call,exact,antithetic,{},1024,252,18,2282623264,LAPTOP-G689CP2J_AMD64,7.15172005064105,0.32436025977851535,6.515985623459104,7.787454477822996,7.1055282627933245,0.04619178784772515,0.006220700102858245,"{""pairs"": 512, ""rho_pair"": -0.322426721442886}"
63ad7f235da3,2026-09-25T10:57:49,tamzeed,importance,paper_barrier,call,exact,antithetic,{},1024,252,19,2552653061,LAPTOP-G689CP2J_AMD64,7.262221558002587,0.3378169013938803,6.600112597901663,7.924330518103511,7.1055282627933245,0.15669329520926212,0.005200000014156103,"{""pairs"": 512, ""rho_pair"": -0.31168315891663245}"
7b9874b3741d,2026-09-25T10:57:49,tamzeed,importance,paper_barrier,call,exact,antithetic,{},4096,252,0,247670433,LAPTOP-G689CP2J_AMD64,7.08214707539686,0.15506334210953548,6.778228509539757,7.386065641253963,7.1055282627933245,0.02338118739646422,0.020576899987645447,"{""pairs"": 2048, ""rho_pair"": -0.3367798483855429}"
3b930dfabb80,2026-09-25T10:57:49,tamzeed,importance,paper_barrier,call,exact,antithetic,{},4096,252,1,3709272069,LAPTOP-G689CP2J_AMD64,7.118724502545019,0.167456561302904,6.790515673416404,7.446933331673635,7.1055282627933245,0.013196239751694705,0.020416300045326352,"{""pairs"": 2048, ""rho_pair"": -0.3072220448136168}"
49d0fcc18318,2026-09-25T10:57:49,tamzeed,importance,paper_barrier,call,exact,antithetic,{},4096,252,2,2320268311,LAPTOP-G689CP2J_AMD64,7.04994412790734,0.1611335830833401,6.734128108364101,7.365760147450579,7.1055282627933245,0.05558413488598468,0.020272399997338653,"{""pairs"": 2048, ""rho_pair"": -0.31871210450868037}"
413aa7787185,2026-09-25T10:57:49,tamzeed,importance,paper_barrier,call,exact,antithetic,{},4096,252,3,3621210280,LAPTOP-G689CP2J_AMD64,7.11823118398855,0.16099365956381906,6.802689409504163,7.433772958472938,7.1055282627933245,0.01270292119522587,0.02002209995407611,"{""pairs"": 2048, ""rho_pair"": -0.3231258327739379}"
a798ae15db81,2026-09-25T10:57:49,tamzeed,importance,paper_barrier,call,exact,antithetic,{},4096,252,4,3411040669,LAPTOP-G689CP2J_AMD64,7.3232793652849395,0.16666551614111094,6.996620956183583,7.649937774386296,7.1055282627933245,0.217751102491615,0.020030400017276406,"{""pairs"": 2048, ""rho_pair"": -0.3201001275017382}"
0716eaac16b6,2026-09-25T10:57:49,tamzeed,importance,paper_barrier,call,exact,antithetic,{},4096,252,5,2630122092,LAPTOP-G689CP2J_AMD64,7.09879452564401,0.16260451329757833,6.780095535857092,7.417493515430928,7.1055282627933245,0.006733737149314578,0.023251199978403747,"{""pairs"": 2048, ""rho_pair"": -0.3173393641466198}"
c05b8ae90fda,2026-09-25T10:57:50,tamzeed,importance,paper_barrier,call,exact,antithetic,{},4096,252,6,1278564431,LAPTOP-G689CP2J_AMD64,6.999037118018193,0.15885441892038174,6.687688178149207,7.310386057887179,7.1055282627933245,0.10649114477513155,0.02267760003451258,"{""pairs"": 2048, ""rho_pair"": -0.3217390791260727}"
ab011fc3ccda,2026-09-25T10:57:50,tamzeed,importance,paper_barrier,call,exact,antithetic,{},4096,252,7,2218569752,LAPTOP-G689CP2J_AMD64,7.146196268971925,0.16356661540478537,6.825611593705432,7.466780944238419,7.1055282627933245,0.04066800617860089,0.022803200059570372,"{""pairs"": 2048, ""rho_pair"": -0.3182111306044463}"
6cf6bfed9952,2026-09-25T10:57:50,tamzeed,importance,paper_barrier,call,exact,antithetic,{},4096,252,8,3913656782,LAPTOP-G689CP2J_AMD64,7.12074504795137,0.162851416526712,6.801562136727684,7.439927959175057,7.1055282627933245,0.015216785158045809,0.021336199948564172,"{""pairs"": 2048, ""rho_pair"": -0.3183285809003165}"
ad7eeb1394de,2026-09-25T10:57:50,tamzeed,importance,paper_barrier,call,exact,antithetic,{},4096,252,9,2922332361,LAPTOP-G689CP2J_AMD64,6.992971615058728,0.15965818912226598,6.680047314542202,7.305895915575254,7.1055282627933245,0.11255664773459628,0.02215570001862943,"{""pairs"": 2048, ""rho_pair"": -0.3189864407536151}"
d499b2e0c87e,2026-09-25T10:57:50,tamzeed,importance,paper_barrier,call,exact,antithetic,{},4096,252,10,558444344,LAPTOP-G689CP2J_AMD64,6.936209665934076,0.15703474361141836,6.628427224134215,7.243992107733937,7.1055282627933245,0.16931859685924877,0.022154900012537837,"{""pairs"": 2048, ""rho_pair"": -0.32272719738226124}"
2bf6e4ea14b0,2026-09-25T10:57:50,tamzeed,importance,paper_barrier,call,exact,antithetic,{},4096,252,11,64228772,LAPTOP-G689CP2J_AMD64,7.0982388059862185,0.16436624815446288,6.776086879329498,7.420390732642939,7.1055282627933245,0.007289456807106021,0.021319299936294556,"{""pairs"": 2048, ""rho_pair"": -0.31292004598602957}"
452d1f87d89b,2026-09-25T10:57:50,tamzeed,importance,paper_barrier,call,exact,antithetic,{},4096,252,12,114857368,LAPTOP-G689CP2J_AMD64,7.2240925795549416,0.16449959482725607,6.9016792982220885,7.546505860887795,7.1055282627933245,0.11856431676161705,0.04645969998091459,"{""pairs"": 2048, ""rho_pair"": -0.3199338267674303}"
804a0af0b3d9,2026-09-25T10:57:50,tamzeed,importance,paper_barrier,call,exact,antithetic,{},4096,252,13,176205320,LAPTOP-G689CP2J_AMD64,6.983803011510366,0.1598305564929747,6.670540877155141,7.297065145865591,7.1055282627933245,0.12172525128295852,0.046733599971048534,"{""pairs"": 2048, ""rho_pair"": -0.3179672443670477}"
5aa368b1426f,2026-09-25T10:57:50,tamzeed,importance,paper_barrier,call,exact,antithetic,{},4096,252,14,2457626832,LAPTOP-G689CP2J_AMD64,7.590554986685711,0.1652863638503805,7.266599666403382,7.91451030696804,7.1055282627933245,0.48502672389238644,0.05694209993816912,"{""pairs"": 2048, ""rho_pair"": -0.34003100088216615}"
480ccb721e23,2026-09-25T10:57:50,tamzeed,importance,paper_barrier,call,exact,antithetic,{},4096,252,15,1997288448,LAPTOP-G689CP2J_AMD64,7.2043191433128335,0.16762844696702386,6.875773424473084,7.532864862152583,7.1055282627933245,0.09879088051950902,0.05618559999857098,"{""pairs"": 2048, ""rho_pair"": -0.3111734409752794}"
2777fe3690d3,2026-09-25T10:57:50,tamzeed,importance,paper_barrier,call,exact,antithetic,{},4096,252,16,1294301590,LAPTOP-G689CP2J_AMD64,7.196207157770127,0.1656499775165528,6.871539167797814,7.52087514774244,7.1055282627933245,0.09067889497680248,0.07692989998031408,"{""pairs"": 2048, ""rho_pair"": -0.31543352898754695}"
0120f8e9877b,2026-09-25T10:57:50,tamzeed,importance,paper_barrier,call,exact,antithetic,{},4096,252,17,2088050073,LAPTOP-G689CP2J_AMD64,7.249796740520029,0.1639498813987549,6.928460877708856,7.571132603331202,7.1055282627933245,0.1442684777267047,0.05801819998305291,"{""pairs"": 2048, ""rho_pair"": -0.3231752954558834}"
5a70543d7d22,2026-09-25T10:57:50,tamzeed,importance,paper_barrier,call,exact,antithetic,{},4096,252,18,3544399943,LAPTOP-G689CP2J_AMD64,7.0044327588106405,0.15810232401913743,6.694557897861049,7.314307619760232,7.1055282627933245,0.10109550398268397,0.05328420002479106,"{""pairs"": 2048, ""rho_pair"": -0.3240450439538448}"
89a8e5e35eba,2026-09-25T10:57:50,tamzeed,importance,paper_barrier,call,exact,antithetic,{},4096,252,19,1254061256,LAPTOP-G689CP2J_AMD64,7.116981913228633,0.16056430224807944,6.802281663619594,7.431682162837673,7.1055282627933245,0.01145365043530866,0.041227399953641,"{""pairs"": 2048, ""rho_pair"": -0.3242404558714704}"
a7cbc6a208bb,2026-09-25T10:57:50,tamzeed,importance,paper_barrier,call,exact,antithetic,{},16384,252,0,836990527,LAPTOP-G689CP2J_AMD64,7.108233679403672,0.08021430606617733,6.951016528469092,7.265450830338253,7.1055282627933245,0.002705416610347733,0.18772899999748915,"{""pairs"": 8192, ""rho_pair"": -0.32412228956754047}"
0ed99c7d1fcc,2026-09-25T10:57:50,tamzeed,importance,paper_barrier,call,exact,antithetic,{},16384,252,1,1197691828,LAPTOP-G689CP2J_AMD64,7.1043704266842695,0.08092675940621692,6.945756892862546,7.262983960505993,7.1055282627933245,0.001157836109054955,0.1907790000550449,"{""pairs"": 8192, ""rho_pair"": -0.3201059889334185}"
a51a5b694b23,2026-09-25T10:57:51,tamzeed,importance,paper_barrier,call,exact,antithetic,{},16384,252,2,3638037769,LAPTOP-G689CP2J_AMD64,7.0546063529742336,0.08001873051422848,6.897772523077729,7.211440182870738,7.1055282627933245,0.05092190981909095,0.19860770006198436,"{""pairs"": 8192, ""rho_pair"": -0.32176090885022296}"
914dfa4e92c4,2026-09-25T10:57:51,tamzeed,importance,paper_barrier,call,exact,antithetic,{},16384,252,3,3183589576,LAPTOP-G689CP2J_AMD64,7.083879469856147,0.08133843682028036,6.9244590631296115,7.243299876582683,7.1055282627933245,0.02164879293717714,0.12641029991209507,"{""pairs"": 8192, ""rho_pair"": -0.31649247289792776}"
c18a49ff38cd,2026-09-25T10:57:51,tamzeed,importance,paper_barrier,call,exact,antithetic,{},16384,252,4,1768789515,LAPTOP-G689CP2J_AMD64,7.064447318163502,0.08074836370550176,6.9061834334901775,7.222711202836827,7.1055282627933245,0.04108094462982237,0.18318779999390244,"{""pairs"": 8192, ""rho_pair"": -0.31849629516352346}"
ebe987e390da,2026-09-25T10:57:51,tamzeed,importance,paper_barrier,call,exact,antithetic,{},16384,252,5,1144840178,LAPTOP-G689CP2J_AMD64,7.129869694798209,0.08155583562043246,6.970023194253093,7.289716195343326,7.1055282627933245,0.024341432004884922,0.20662800001446158,"{""pairs"": 8192, ""rho_pair"": -0.31808798618447814}"
480f0f25ef94,2026-09-25T10:57:51,tamzeed,importance,paper_barrier,call,exact,antithetic,{},16384,252,6,2394184971,LAPTOP-G689CP2J_AMD64,7.218976552169956,0.08252850987232514,7.05722364512244,7.380729459217471,7.1055282627933245,0.1134482893766311,0.18487090000417084,"{""pairs"": 8192, ""rho_pair"": -0.3183462394129677}"
6d90b6cd96c0,2026-09-25T10:57:52,tamzeed,importance,paper_barrier,call,exact,antithetic,{},16384,252,7,515122658,LAPTOP-G689CP2J_AMD64,7.034082785299736,0.08100692044840781,6.8753121387223555,7.192853431877117,7.1055282627933245,0.07144547749358843,0.19275210006162524,"{""pairs"": 8192, ""rho_pair"": -0.3151968734764635}"
d51b4cedd199,2026-09-25T10:57:52,tamzeed,importance,paper_barrier,call,exact,antithetic,{},16384,252,8,712385291,LAPTOP-G689CP2J_AMD64,7.199611284074269,0.08240688282089581,7.0380967616671,7.3611258064814376,7.1055282627933245,0.09408302128094448,0.13872630009427667,"{""pairs"": 8192, ""rho_pair"": -0.31791570248665685}"
453e4eb7c0eb,2026-09-25T10:57:52,tamzeed,importance,paper_barrier,call,exact,antithetic,{},16384,252,9,2323258771,LAPTOP-G689CP2J_AMD64,7.129358945571117,0.0800687916897515,6.972426997573565,7.28629089356867,7.1055282627933245,0.023830682777792767,0.14563939999789,"{""pairs"": 8192, ""rho_pair"": -0.3261657507054044}"
ed68dce1eb48,2026-09-25T10:57:52,tamzeed,importance,paper_barrier,call,exact,antithetic,{},16384,252,10,2664613666,LAPTOP-G689CP2J_AMD64,7.2123510309762455,0.08410597628720047,7.047506346568753,7.377195715383738,7.1055282627933245,0.10682276818292102,0.09513560007326305,"{""pairs"": 8192, ""rho_pair"": -0.3098728319181435}"
3da24296ba97,2026-09-25T10:57:52,tamzeed,importance,paper_barrier,call,exact,antithetic,{},16384,252,11,1123885908,LAPTOP-G689CP2J_AMD64,7.073358327915993,0.08061339062695665,6.915358985615499,7.231357670216487,7.1055282627933245,0.03216993487733166,0.10246800002641976,"{""pairs"": 8192, ""rho_pair"": -0.3197579062419971}"
5cc72d725c8b,2026-09-25T10:57:52,tamzeed,importance,paper_barrier,call,exact,antithetic,{},16384,252,12,945819059,LAPTOP-G689CP2J_AMD64,6.962934260035015,0.07995445093344482,6.806226415801788,7.119642104268241,7.1055282627933245,0.1425940027583099,0.09013090003281832,"{""pairs"": 8192, ""rho_pair"": -0.31639586569323214}"
230bd93200f4,2026-09-25T10:57:52,tamzeed,importance,paper_barrier,call,exact,antithetic,{},16384,252,13,1776376570,LAPTOP-G689CP2J_AMD64,7.091256764244573,0.0804474031550116,6.9335827514109765,7.2489307770781695,7.1055282627933245,0.014271498548751538,0.08738589996937662,"{""pairs"": 8192, ""rho_pair"": -0.3217166887445227}"
10a0bb6ada7c,2026-09-25T10:57:52,tamzeed,importance,paper_barrier,call,exact,antithetic,{},16384,252,14,1357159110,LAPTOP-G689CP2J_AMD64,7.140981019440547,0.08175395292534657,6.980746216113085,7.301215822768009,7.1055282627933245,0.03545275664722247,0.08663200004957616,"{""pairs"": 8192, ""rho_pair"": -0.3180590113903411}"
59ae85874187,2026-09-25T10:57:52,tamzeed,importance,paper_barrier,call,exact,antithetic,{},16384,252,15,4056868507,LAPTOP-G689CP2J_AMD64,6.994916326277863,0.07855592391646317,6.840949544629327,7.1488831079264,7.1055282627933245,0.1106119365154612,0.08335450000595301,"{""pairs"": 8192, ""rho_pair"": -0.32619481352740887}"
0f8a92342505,2026-09-25T10:57:52,tamzeed,importance,paper_barrier,call,exact,antithetic,{},16384,252,16,269499065,LAPTOP-G689CP2J_AMD64,7.056057260710998,0.07930219538238761,6.900627813866559,7.211486707555436,7.1055282627933245,0.0494710020823268,0.08318159996997565,"{""pairs"": 8192, ""rho_pair"": -0.32574804594580886}"
1fb35dfb394e,2026-09-25T10:57:53,tamzeed,importance,paper_barrier,call,exact,antithetic,{},16384,252,17,597139152,LAPTOP-G689CP2J_AMD64,7.06980142438243,0.08046714630408827,6.912088715687701,7.227514133077158,7.1055282627933245,0.03572683841089486,0.08481430006213486,"{""pairs"": 8192, ""rho_pair"": -0.3202796031712039}"
dec4da04c773,2026-09-25T10:57:53,tamzeed,importance,paper_barrier,call,exact,antithetic,{},16384,252,18,2285339237,LAPTOP-G689CP2J_AMD64,7.20064899637794,0.0814654658770121,7.0409796172752195,7.360318375480661,7.1055282627933245,0.09512073358461581,0.08574170002248138,"{""pairs"": 8192, ""rho_pair"": -0.3229070869095864}"
cb40bc38e1dc,2026-09-25T10:57:53,tamzeed,importance,paper_barrier,call,exact,antithetic,{},16384,252,19,3125276059,LAPTOP-G689CP2J_AMD64,7.064632862663004,0.08019631081956452,6.907450981763677,7.22181474356233,7.1055282627933245,0.04089540013032078,0.08345390006434172,"{""pairs"": 8192, ""rho_pair"": -0.32128776836708955}"
d62812ffe365,2026-09-25T10:57:53,tamzeed,importance,paper_barrier,call,exact,antithetic,{},65536,252,0,1884882117,LAPTOP-G689CP2J_AMD64,7.04003387362773,0.04049411587102538,6.960666864934729,7.119400882320732,7.1055282627933245,0.06549438916559414,0.3301590000046417,"{""pairs"": 32768, ""rho_pair"": -0.31564952195575485}"
8ac56d247018,2026-09-25T10:57:53,tamzeed,importance,paper_barrier,call,exact,antithetic,{},65536,252,1,1685812080,LAPTOP-G689CP2J_AMD64,7.08300259078206,0.04057739323325727,7.003472361458357,7.162532820105763,7.1055282627933245,0.02252567201126432,0.32905469997785985,"{""pairs"": 32768, ""rho_pair"": -0.31740241179923995}"
bedbd5b49b08,2026-09-25T10:57:54,tamzeed,importance,paper_barrier,call,exact,antithetic,{},65536,252,2,1249910793,LAPTOP-G689CP2J_AMD64,7.081760500330246,0.0405072680069518,7.002367713924508,7.161153286735983,7.1055282627933245,0.023767762463078768,0.32378069998230785,"{""pairs"": 32768, ""rho_pair"": -0.3180502474908801}"
f3decb5138fc,2026-09-25T10:57:54,tamzeed,importance,paper_barrier,call,exact,antithetic,{},65536,252,3,2531526573,LAPTOP-G689CP2J_AMD64,7.080320934486259,0.040280903970064154,7.001371813440217,7.159270055532302,7.1055282627933245,0.02520732830706507,0.3529389000032097,"{""pairs"": 32768, ""rho_pair"": -0.3204082391758396}"
f9b9f4edcebe,2026-09-25T10:57:54,tamzeed,importance,paper_barrier,call,exact,antithetic,{},65536,252,4,262382625,LAPTOP-G689CP2J_AMD64,7.079502700573542,0.04037990144041277,7.000359548051056,7.158645853096028,7.1055282627933245,0.026025562219782472,0.32152740005403757,"{""pairs"": 32768, ""rho_pair"": -0.3192929609613115}"
4f8bef03521e,2026-09-25T10:57:55,tamzeed,importance,paper_barrier,call,exact,antithetic,{},65536,252,5,317874392,LAPTOP-G689CP2J_AMD64,7.053417517599179,0.040479600182727525,6.974078959132452,7.132756076065906,7.1055282627933245,0.05211074519414538,0.3185970999766141,"{""pairs"": 32768, ""rho_pair"": -0.3166072510320491}"
16729e638bc0,2026-09-25T10:57:55,tamzeed,importance,paper_barrier,call,exact,antithetic,{},65536,252,6,1311125253,LAPTOP-G689CP2J_AMD64,7.119889576768378,0.040459098399762784,7.040591201057881,7.199187952478875,7.1055282627933245,0.014361313975053136,0.3263077000156045,"{""pairs"": 32768, ""rho_pair"": -0.3209106325420169}"
f2a9f403a970,2026-09-25T10:57:55,tamzeed,importance,paper_barrier,call,exact,antithetic,{},65536,252,7,3549091096,LAPTOP-G689CP2J_AMD64,7.061162204895222,0.040316901328518624,6.98214253032307,7.140181879467374,7.1055282627933245,0.04436605789810244,0.36062609998043627,"{""pairs"": 32768, ""rho_pair"": -0.3188385710522658}"
d4c8dc5c8444,2026-09-25T10:57:56,tamzeed,importance,paper_barrier,call,exact,antithetic,{},65536,252,8,220918903,LAPTOP-G689CP2J_AMD64,7.114919660191008,0.04058615499746009,7.035372258125026,7.19446706225699,7.1055282627933245,0.009391397397683576,0.32590900000650436,"{""pairs"": 32768, ""rho_pair"": -0.31920099976607796}"
23692ea6e887,2026-09-25T10:57:56,tamzeed,importance,paper_barrier,call,exact,antithetic,{},65536,252,9,2528094150,LAPTOP-G689CP2J_AMD64,7.117543681202838,0.040385636266513064,7.038389288627737,7.196698073777938,7.1055282627933245,0.012015418409513146,0.3299111999804154,"{""pairs"": 32768, ""rho_pair"": -0.32151857924452193}"
2c54b6465065,2026-09-25T10:57:56,tamzeed,importance,paper_barrier,call,exact,antithetic,{},65536,252,10,288677084,LAPTOP-G689CP2J_AMD64,7.117555715620995,0.04075030761788647,7.037686580331009,7.197424850910981,7.1055282627933245,0.01202745282767026,0.3197665000334382,"{""pairs"": 32768, ""rho_pair"": -0.3176471338908868}"
776e14d89e4d,2026-09-25T10:57:57,tamzeed,importance,paper_barrier,call,exact,antithetic,{},65536,252,11,1474896832,LAPTOP-G689CP2J_AMD64,7.12881039871157,0.040257669597586226,7.049906816198788,7.2077139812243525,7.1055282627933245,0.023282135918245572,0.32580270001199096,"{""pairs"": 32768, ""rho_pair"": -0.3236363139457046}"
f6adbdbeac15,2026-09-25T10:57:57,tamzeed,importance,paper_barrier,call,exact,antithetic,{},65536,252,12,1682180755,LAPTOP-G689CP2J_AMD64,7.078447163943306,0.04018069975339813,6.999694439553028,7.157199888333584,7.1055282627933245,0.027081098850018748,0.3203141998965293,"{""pairs"": 32768, ""rho_pair"": -0.32137594103875444}"
fcbb1112ef80,2026-09-25T10:57:57,tamzeed,importance,paper_barrier,call,exact,antithetic,{},65536,252,13,1294788354,LAPTOP-G689CP2J_AMD64,7.093143793472692,0.04010204667038678,7.01454522629239,7.171742360652995,7.1055282627933245,0.012384469320632085,0.32321800000499934,"{""pairs"": 32768, ""rho_pair"": -0.32312663505023936}"
51d55db6e109,2026-09-25T10:57:58,tamzeed,importance,paper_barrier,call,exact,antithetic,{},65536,252,14,2200291115,LAPTOP-G689CP2J_AMD64,7.057672569435521,0.04042017946796895,6.978450473429657,7.136894665441385,7.1055282627933245,0.047855693357803375,0.31989300006534904,"{""pairs"": 32768, ""rho_pair"": -0.3175097107095746}"
b54418e65204,2026-09-25T10:57:58,tamzeed,importance,paper_barrier,call,exact,antithetic,{},65536,252,15,957254148,LAPTOP-G689CP2J_AMD64,7.105739867567726,0.040615631054688926,7.026134693491169,7.185345041644283,7.1055282627933245,0.00021160477440140824,0.32634600007440895,"{""pairs"": 32768, ""rho_pair"": -0.318356718812171}"
947616e91856,2026-09-25T10:57:58,tamzeed,importance,paper_barrier,call,exact,antithetic,{},65536,252,16,3686498762,LAPTOP-G689CP2J_AMD64,7.029958069210178,0.040210335003423796,6.9511472607971765,7.108768877623179,7.1055282627933245,0.07557019358314676,0.3404504000209272,"{""pairs"": 32768, ""rho_pair"": -0.31806040305410294}"
224d5ab87a78,2026-09-25T10:57:59,tamzeed,importance,paper_barrier,call,exact,antithetic,{},65536,252,17,403256003,LAPTOP-G689CP2J_AMD64,7.160398002082761,0.040379091757012105,7.0812564365105795,7.239539567654943,7.1055282627933245,0.054869739289436836,0.3293361000251025,"{""pairs"": 32768, ""rho_pair"": -0.32426477422955763}"
5691526b7002,2026-09-25T10:57:59,tamzeed,importance,paper_barrier,call,exact,antithetic,{},65536,252,18,1959045010,LAPTOP-G689CP2J_AMD64,7.110392405924249,0.040281668995670754,7.031441785455571,7.189343026392927,7.1055282627933245,0.004864143130924425,0.3207637999439612,"{""pairs"": 32768, ""rho_pair"": -0.3222562069627766}"
c122b848833d,2026-09-25T10:57:59,tamzeed,importance,paper_barrier,call,exact,antithetic,{},65536,252,19,3225698161,LAPTOP-G689CP2J_AMD64,7.111711312172666,0.040432515216662045,7.0324650385436405,7.190957585801692,7.1055282627933245,0.006183049379341554,0.32529429998248816,"{""pairs"": 32768, ""rho_pair"": -0.3206846431327355}"
d38e55066536,2026-09-25T10:57:59,tamzeed,importance,paper_barrier,call,exact,importance,{},256,252,0,1892362382,LAPTOP-G689CP2J_AMD64,7.280135632334462,0.37016754860708584,6.554620568819094,8.00565069584983,7.1055282627933245,0.1746073695411372,0.057652999996207654,"{""theta"": 0.6858575284033614, ""theta0"": 0.45723835226890763, ""ESS"": 148.46859854665496, ""ESS_frac"": 0.5799554630728709, ""max_weight"": 5.685730500769406, ""max_weight_share"": 0.020954727672083073, ""mean_weight"": 1.05989851627705, ""hit_rate_proposal"": 0.66015625, ""pilot_paths"": 10000, ""total_paths_simulated"": 10256, ""theta_grid"": [[0.0, 209.44383115552995], [0.11430958806722691, 172.03154576947276], [0.22861917613445382, 143.97170323866368], [0.3429287642016807, 122.74166857749763], [0.45723835226890763, 106.57892323257485], [0.5715479403361345, 94.23992245493119], [0.6858575284033614, 84.84064181237834]]}"
d22b120b671d,2026-09-25T10:57:59,tamzeed,importance,paper_barrier,call,exact,importance,{},256,252,1,2612796543,LAPTOP-G689CP2J_AMD64,7.6068531336483876,0.3628132480124914,6.8957522344299065,8.317954032866869,7.1055282627933245,0.501324870855063,0.059502899996005,"{""theta"": 0.6858575284033614, ""theta0"": 0.45723835226890763, ""ESS"": 157.50238381249213, ""ESS_frac"": 0.6152436867675474, ""max_weight"": 4.283149215722373, ""max_weight_share"": 0.01787324076237723, ""mean_weight"": 0.9360950174818887, ""hit_rate_proposal"": 0.71875, ""pilot_paths"": 10000, ""total_paths_simulated"": 10256, ""theta_grid"": [[0.0, 203.18913728837967], [0.11430958806722691, 167.05194907326228], [0.22861917613445382, 139.93233598429333], [0.3429287642016807, 119.40430944287898], [0.45723835226890763, 103.77116874675276], [0.5715479403361345, 91.83486886742199], [0.6858575284033614, 82.74324656962933]]}"
626d9b597ce4,2026-09-25T10:58:00,tamzeed,importance,paper_barrier,call,exact,importance,{},256,252,2,938231030,LAPTOP-G689CP2J_AMD64,8.20192394768974,0.36166692599247785,7.4930697983451715,8.91077809703431,7.1055282627933245,1.0963956848964163,0.05916659999638796,"{""theta"": 0.6858575284033614, ""theta0"": 0.45723835226890763, ""ESS"": 146.6517297854553, ""ESS_frac"": 0.5728583194744348, ""max_weight"": 5.692998719305375, ""max_weight_share"": 0.023955293637671734, ""mean_weight"": 0.9283240933567619, ""hit_rate_proposal"": 0.734375, ""pilot_paths"": 10000, ""total_paths_simulated"": 10256, ""theta_grid"": [[0.0, 207.69683181715612], [0.11430958806722691, 170.4969692146422], [0.22861917613445382, 142.63406691660424], [0.3429287642016807, 121.57731441589448], [0.45723835226890763, 105.5628625179228], [0.5715479403361345, 93.3488469126676], [0.6858575284033614, 84.05404413274718]]}"
a092e92306fb,2026-09-25T10:58:00,tamzeed,importance,paper_barrier,call,exact,importance,{},256,252,3,2016163420,LAPTOP-G689CP2J_AMD64,7.042075404156984,0.3668158070031225,6.323129633470868,7.7610211748430995,7.1055282627933245,0.06345285863634054,0.05983800010289997,"{""theta"": 0.6858575284033614, ""theta0"": 0.45723835226890763, ""ESS"": 154.3470111221196, ""ESS_frac"": 0.6029180121957797, ""max_weight"": 5.939824004225206, ""max_weight_share"": 0.02254402719204891, ""mean_weight"": 1.0292055327491805, ""hit_rate_proposal"": 0.67578125, ""pilot_paths"": 10000, ""total_paths_simulated"": 10256, ""theta_grid"": [[0.0, 208.38998478731514], [0.11430958806722691, 171.2214070682701], [0.22861917613445382, 143.3392784508601], [0.3429287642016807, 122.24308672251843], [0.45723835226890763, 106.18397699720222], [0.5715479403361345, 93.9271939344072], [0.6858575284033614, 84.59460910173206]]}"
0710391bc2c7,2026-09-25T10:58:00,tamzeed,importance,paper_barrier,call,exact,importance,{},256,252,4,1850810309,LAPTOP-G689CP2J_AMD64,6.9937526672158485,0.3622124020630906,6.28382940441845,7.703675930013247,7.1055282627933245,0.11177559557747596,0.057327300077304244,"{""theta"": 0.6858575284033614, ""theta0"": 0.45723835226890763, ""ESS"": 167.1487254130363, ""ESS_frac"": 0.652924708644673, ""max_weight"": 4.949280978529646, ""max_weight_share"": 0.020045702048847636, ""mean_weight"": 0.9644525681999163, ""hit_rate_proposal"": 0.66015625, ""pilot_paths"": 10000, ""total_paths_simulated"": 10256, ""theta_grid"": [[0.0, 213.88111909385938], [0.11430958806722691, 175.36337537138587], [0.22861917613445382, 146.55827275605884], [0.3429287642016807, 124.81750866620871], [0.45723835226890763, 108.29960031143136], [0.5715479403361345, 95.71072912452667], [0.6858575284033614, 86.13445946533521]]}"
476f0feb29d7,2026-09-25T10:58:00,tamzeed,importance,paper_barrier,call,exact,importance,{},256,252,5,1875033819,LAPTOP-G689CP2J_AMD64,7.272171299024659,0.37386716687695376,6.539405116943803,8.004937481105515,7.1055282627933245,0.16664303623133492,0.05640730005688965,"{""theta"": 0.6858575284033614, ""theta0"": 0.45723835226890763, ""ESS"": 158.94192635955102, ""ESS_frac"": 0.6208668998419962, ""max_weight"": 5.710510406490932, ""max_weight_share"": 0.022528118012305764, ""mean_weight"": 0.9901706508803974, ""hit_rate_proposal"": 0.65625, ""pilot_paths"": 10000, ""total_paths_simulated"": 10256, ""theta_grid"": [[0.0, 209.9507190103492], [0.11430958806722691, 172.17175719448844], [0.22861917613445382, 143.90763941453937], [0.3429287642016807, 122.56811233243542], [0.45723835226890763, 106.35016624897726], [0.5715479403361345, 93.9860183455654], [0.6858575284033614, 84.57713628646196]]}"
cbd762a620bb,2026-09-25T10:58:00,tamzeed,importance,paper_barrier,call,exact,importance,{},256,252,6,3871958290,LAPTOP-G689CP2J_AMD64,7.04248946189619,0.3635726127787592,6.329900235084695,7.755078688707686,7.1055282627933245,0.0630388008971341,0.056545899948105216,"{""theta"": 0.6858575284033614, ""theta0"": 0.45723835226890763, ""ESS"": 165.74063360499068, ""ESS_frac"": 0.6474243500194948, ""max_weight"": 4.873866803570796, ""max_weight_share"": 0.019700292924941118, ""mean_weight"": 0.9664090921889339, ""hit_rate_proposal"": 0.6953125, ""pilot_paths"": 10000, ""total_paths_simulated"": 10256, ""theta_grid"": [[0.0, 208.05209352626107], [0.11430958806722691, 170.8338366386738], [0.22861917613445382, 142.97221189833098], [0.3429287642016807, 121.92574670123051], [0.45723835226890763, 105.9248966147638], [0.5715479403361345, 93.72502387821866], [0.6858575284033614, 84.44377878130233]]}"
4322ba73ef3a,2026-09-25T10:58:00,tamzeed,importance,paper_barrier,call,exact,importance,{},256,252,7,3840628388,LAPTOP-G689CP2J_AMD64,7.687539329621069,0.36855863610702316,6.9651776766601,8.409900982582037,7.1055282627933245,0.5820110668277447,0.058013100060634315,"{""theta"": 0.6858575284033614, ""theta0"": 0.45723835226890763, ""ESS"": 156.24437761956656, ""ESS_frac"": 0.6103296000764319, ""max_weight"": 6.781965514873151, ""max_weight_share"": 0.02930467177184328, ""mean_weight"": 0.9040214815825893, ""hit_rate_proposal"": 0.6875, ""pilot_paths"": 10000, ""total_paths_simulated"": 10256, ""theta_grid"": [[0.0, 208.81829390078428], [0.11430958806722691, 171.68637232755543], [0.22861917613445382, 143.83387276185957], [0.3429287642016807, 122.75569685457508], [0.45723835226890763, 106.70369795777101], [0.5715479403361345, 94.44557569497042], [0.6858575284033614, 85.10587603843408]]}"
74e7c71528b4,2026-09-25T10:58:00,tamzeed,importance,paper_barrier,call,exact,importance,{},256,252,8,2094176086,LAPTOP-G689CP2J_AMD64,7.0609920276400455,0.36745551448563524,6.340792453327564,7.781191601952527,7.1055282627933245,0.04453623515327898,0.057027900009416044,"{""theta"": 0.6858575284033614, ""theta0"": 0.45723835226890763, ""ESS"": 158.86293981716463, ""ESS_frac"": 0.6205583586607993, ""max_weight"": 5.781823497567659, ""max_weight_share"": 0.022373195667664714, ""mean_weight"": 1.0094779651891852, ""hit_rate_proposal"": 0.67578125, ""pilot_paths"": 10000, ""total_paths_simulated"": 10256, ""theta_grid"": [[0.0, 207.1848233529036], [0.11430958806722691, 170.91151852734578], [0.22861917613445382, 143.59650877945708], [0.3429287642016807, 122.8573223123311], [0.45723835226890763, 107.02094326346652], [0.5715479403361345, 94.9016615537707], [0.6858575284033614, 85.65327810635054]]}"
afa9ff0ce30f,2026-09-25T10:58:00,tamzeed,importance,paper_barrier,call,exact,importance,{},256,252,9,1907084962,LAPTOP-G689CP2J_AMD64,7.437677640844903,0.37326301342820123,6.706095577764739,8.169259703925068,7.1055282627933245,0.33214937805157874,0.05719710001721978,"{""theta"": 0.6858575284033614, ""theta0"": 0.45723835226890763, ""ESS"": 156.2678006131646, ""ESS_frac"": 0.6104210961451743, ""max_weight"": 5.681967336611475, ""max_weight_share"": 0.022456801668569004, ""mean_weight"": 0.9883502217372034, ""hit_rate_proposal"": 0.66796875, ""pilot_paths"": 10000, ""total_paths_simulated"": 10256, ""theta_grid"": [[0.0, 208.30479573336567], [0.11430958806722691, 171.07937093200337], [0.22861917613445382, 143.22244864015082], [0.3429287642016807, 122.1871256211923], [0.45723835226890763, 106.20135998517512], [0.5715479403361345, 94.01954595739495], [0.6858575284033614, 84.75918505891859]]}"
bce444f2bfc8,2026-09-25T10:58:00,tamzeed,importance,paper_barrier,call,exact,importance,{},256,252,10,2403726439,LAPTOP-G689CP2J_AMD64,6.80984060986407,0.36631306489347454,6.091880195606376,7.527801024121763,7.1055282627933245,0.2956876529292547,0.05843139998614788,"{""theta"": 0.6858575284033614, ""theta0"": 0.45723835226890763, ""ESS"": 146.9018784204473, ""ESS_frac"": 0.5738354625798723, ""max_weight"": 8.46577666391854, ""max_weight_share"": 0.03025429376438675, ""mean_weight"": 1.093049480875962, ""hit_rate_proposal"": 0.63671875, ""pilot_paths"": 10000, ""total_paths_simulated"": 10256, ""theta_grid"": [[0.0, 205.05794378876053], [0.11430958806722691, 168.64421894896068], [0.22861917613445382, 141.31056136221324], [0.3429287642016807, 120.61627304745699], [0.45723835226890763, 104.8540231851372], [0.5715479403361345, 92.81803149475314], [0.6858575284033614, 83.65049513537481]]}"
2debc05b515a,2026-09-25T10:58:00,tamzeed,importance,paper_barrier,call,exact,importance,{},256,252,11,4111864039,LAPTOP-G689CP2J_AMD64,7.076128545115564,0.36816868285252813,6.3545311864890595,7.7977259037420685,7.1055282627933245,0.029399717677760506,0.06038409995380789,"{""theta"": 0.6858575284033614, ""theta0"": 0.45723835226890763, ""ESS"": 156.3532798085755, ""ESS_frac"": 0.6107549992522481, ""max_weight"": 5.638992056434494, ""max_weight_share"": 0.021574074019156068, ""mean_weight"": 1.0210084892120392, ""hit_rate_proposal"": 0.671875, ""pilot_paths"": 10000, ""total_paths_simulated"": 10256, ""theta_grid"": [[0.0, 210.0304985223724], [0.11430958806722691, 172.51891110131174], [0.22861917613445382, 144.45075508081493], [0.3429287642016807, 123.25615883280744], [0.45723835226890763, 107.14812433947633], [0.5715479403361345, 94.87111182897179], [0.6858575284033614, 85.53588993801344]]}"
385e79541804,2026-09-25T10:58:00,tamzeed,importance,paper_barrier,call,exact,importance,{},256,252,12,3252884096,LAPTOP-G689CP2J_AMD64,7.556477544957786,0.3680997566261357,6.835015279252601,8.277939810662971,7.1055282627933245,0.4509492821644612,0.060665199998766184,"{""theta"": 0.6858575284033614, ""theta0"": 0.45723835226890763, ""ESS"": 158.794563089473, ""ESS_frac"": 0.6202912620682539, ""max_weight"": 6.070222260714134, ""max_weight_share"": 0.02491638818861305, ""mean_weight"": 0.9516550122120442, ""hit_rate_proposal"": 0.6953125, ""pilot_paths"": 10000, ""total_paths_simulated"": 10256, ""theta_grid"": [[0.0, 202.8470450249674], [0.11430958806722691, 166.6889598139961], [0.22861917613445382, 139.59655396035137], [0.3429287642016807, 119.1167244444887], [0.45723835226890763, 103.5388183446218], [0.5715479403361345, 91.65803868758123], [0.6858575284033614, 82.61937178876661]]}"
9a45481cd24a,2026-09-25T10:58:00,tamzeed,importance,paper_barrier,call,exact,importance,{},256,252,13,711065689,LAPTOP-G689CP2J_AMD64,6.646395505602391,0.3641353888592879,5.932703257941699,7.360087753263083,7.1055282627933245,0.4591327571909334,0.05936319997999817,"{""theta"": 0.6858575284033614, ""theta0"": 0.45723835226890763, ""ESS"": 157.56116399744965, ""ESS_frac"": 0.6154732968650377, ""max_weight"": 7.688744600846545, ""max_weight_share"": 0.028527418633361966, ""mean_weight"": 1.0528172556746078, ""hit_rate_proposal"": 0.66015625, ""pilot_paths"": 10000, ""total_paths_simulated"": 10256, ""theta_grid"": [[0.0, 208.83249725012305], [0.11430958806722691, 171.56131381182536], [0.22861917613445382, 143.64255013236777], [0.3429287642016807, 122.54173125514312], [0.45723835226890763, 106.49283724853629], [0.5715479403361345, 94.25277202180531], [0.6858575284033614, 84.9396700217299]]}"
5143b8cc5a52,2026-09-25T10:58:00,tamzeed,importance,paper_barrier,call,exact,importance,{},256,252,14,2782790107,LAPTOP-G689CP2J_AMD64,7.031514142500134,0.36058791980001415,6.324774806431889,7.738253478568379,7.1055282627933245,0.07401412029319054,0.058863600017502904,"{""theta"": 0.6858575284033614, ""theta0"": 0.45723835226890763, ""ESS"": 176.1781698799264, ""ESS_frac"": 0.6881959760934625, ""max_weight"": 4.005126584247466, ""max_weight_share"": 0.016147548125442942, ""mean_weight"": 0.9688793368613977, ""hit_rate_proposal"": 0.67578125, ""pilot_paths"": 10000, ""total_paths_simulated"": 10256, ""theta_grid"": [[0.0, 211.0986141707207], [0.11430958806722691, 173.4458171469223], [0.22861917613445382, 145.19159929477914], [0.3429287642016807, 123.80454107713305], [0.45723835226890763, 107.5146848146393], [0.5715479403361345, 95.07241753992163], [0.6858575284033614, 85.58885224636076]]}"
7a12d090931e,2026-09-25T10:58:00,tamzeed,importance,paper_barrier,call,exact,importance,{},256,252,15,3351384967,LAPTOP-G689CP2J_AMD64,6.6871466558248525,0.3698564058070161,5.96224142099167,7.412051890658035,7.1055282627933245,0.41838160696847204,0.05972170003224164,"{""theta"": 0.6858575284033614, ""theta0"": 0.45723835226890763, ""ESS"": 157.26586700836984, ""ESS_frac"": 0.6143197930014447, ""max_weight"": 5.6469437381410374, ""max_weight_share"": 0.021029403467624858, ""mean_weight"": 1.048930085490665, ""hit_rate_proposal"": 0.62890625, ""pilot_paths"": 10000, ""total_paths_simulated"": 10256, ""theta_grid"": [[0.0, 208.28811411635434], [0.11430958806722691, 171.07778790753918], [0.22861917613445382, 143.22426818736344], [0.3429287642016807, 122.18522442156186], [0.45723835226890763, 106.19116969113877], [0.5715479403361345, 93.99789810330863], [0.6858575284033614, 84.72361982119406]]}"
4bd8d009c530,2026-09-25T10:58:00,tamzeed,importance,paper_barrier,call,exact,importance,{},256,252,16,2686937815,LAPTOP-G689CP2J_AMD64,6.699535154030252,0.3625491960561799,5.988951787136188,7.410118520924315,7.1055282627933245,0.4059931087630728,0.05699179996736348,"{""theta"": 0.6858575284033614, ""theta0"": 0.45723835226890763, ""ESS"": 167.16021692418215, ""ESS_frac"": 0.6529695973600865, ""max_weight"": 5.510587319422664, ""max_weight_share"": 0.021020710279871378, ""mean_weight"": 1.0240249463457471, ""hit_rate_proposal"": 0.66796875, ""pilot_paths"": 10000, ""total_paths_simulated"": 10256, ""theta_grid"": [[0.0, 203.39269750929623], [0.11430958806722691, 167.63541565930694], [0.22861917613445382, 140.74626839440234], [0.3429287642016807, 120.35632982354544], [0.45723835226890763, 104.80508268042222], [0.5715479403361345, 92.91765587579351], [0.6858575284033614, 83.85691420107104]]}"
1e38531357cf,2026-09-25T10:58:00,tamzeed,importance,paper_barrier,call,exact,importance,{},256,252,17,1857968297,LAPTOP-G689CP2J_AMD64,8.013253138560632,0.36140858307598334,7.304905332028053,8.721600945093211,7.1055282627933245,0.9077248757673075,0.0652712999144569,"{""theta"": 0.6858575284033614, ""theta0"": 0.45723835226890763, ""ESS"": 168.27673000464986, ""ESS_frac"": 0.6573309765806635, ""max_weight"": 4.272936102293886, ""max_weight_share"": 0.018923320313097604, ""mean_weight"": 0.8820416487920918, ""hit_rate_proposal"": 0.74609375, ""pilot_paths"": 10000, ""total_paths_simulated"": 10256, ""theta_grid"": [[0.0, 208.8337832666768], [0.11430958806722691, 171.6339172879185], [0.22861917613445382, 143.73067577650838], [0.3429287642016807, 122.61782390249107], [0.45723835226890763, 106.54436293151988], [0.5715479403361345, 94.27495457324673], [0.6858575284033614, 84.93150942479087]]}"
07d3704dcf6a,2026-09-25T10:58:00,tamzeed,importance,paper_barrier,call,exact,importance,{},256,252,18,3919896025,LAPTOP-G689CP2J_AMD64,6.146141928704671,0.3664664212409622,5.4278809415291,6.864402915880241,7.1055282627933245,0.9593863340886539,0.05658680002670735,"{""theta"": 0.6858575284033614, ""theta0"": 0.45723835226890763, ""ESS"": 151.47103234447465, ""ESS_frac"": 0.5916837200956041, ""max_weight"": 10.658295811164129, ""max_weight_share"": 0.03927312717679415, ""mean_weight"": 1.0601133906382865, ""hit_rate_proposal"": 0.61328125, ""pilot_paths"": 10000, ""total_paths_simulated"": 10256, ""theta_grid"": [[0.0, 211.32137193970573], [0.11430958806722691, 173.4061609640848], [0.22861917613445382, 145.00376826955815], [0.3429287642016807, 123.53764666386516], [0.45723835226890763, 107.21014803415989], [0.5715479403361345, 94.75466969887373], [0.6858575284033614, 85.27192510318376]]}"
0fbda85962e6,2026-09-25T10:58:01,tamzeed,importance,paper_barrier,call,exact,importance,{},256,252,19,2058634794,LAPTOP-G689CP2J_AMD64,7.38910713972544,0.3636199779543482,6.67642507887567,8.101789200575212,7.1055282627933245,0.2835788769321157,0.05930750002153218,"{""theta"": 0.6858575284033614, ""theta0"": 0.45723835226890763, ""ESS"": 159.2653614276455, ""ESS_frac"": 0.6221303180767402, ""max_weight"": 5.108818533960547, ""max_weight_share"": 0.0209379506088941, ""mean_weight"": 0.9531172735600144, ""hit_rate_proposal"": 0.68359375, ""pilot_paths"": 10000, ""total_paths_simulated"": 10256, ""theta_grid"": [[0.0, 201.5413324364096], [0.11430958806722691, 166.51144686676142], [0.22861917613445382, 140.13254897359485], [0.3429287642016807, 120.10700497870667], [0.45723835226890763, 104.82168370886019], [0.5715479403361345, 93.13368340227001], [0.6858575284033614, 84.22780611073993]]}"
5a46a52c7eb4,2026-09-25T10:58:01,tamzeed,importance,paper_barrier,call,exact,importance,{},1024,252,0,333755242,LAPTOP-G689CP2J_AMD64,7.279090469311858,0.18160401542452742,6.9231531396319275,7.635027798991788,7.1055282627933245,0.17356220651853338,0.060189399984665215,"{""theta"": 0.6858575284033614, ""theta0"": 0.45723835226890763, ""ESS"": 630.8093239690702, ""ESS_frac"": 0.6160247304385451, ""max_weight"": 7.533632959238368, ""max_weight_share"": 0.007570221041448905, ""mean_weight"": 0.9718426181315454, ""hit_rate_proposal"": 0.68359375, ""pilot_paths"": 10000, ""total_paths_simulated"": 11024, ""theta_grid"": [[0.0, 203.064981934378], [0.11430958806722691, 167.2474799737894], [0.22861917613445382, 140.35226091570092], [0.3429287642016807, 119.98403064624118], [0.45723835226890763, 104.46747002043003], [0.5715479403361345, 92.61958419032752], [0.6858575284033614, 83.598962337832]]}"
5ef37fc444c6,2026-09-25T10:58:01,tamzeed,importance,paper_barrier,call,exact,importance,{},1024,252,1,665380790,LAPTOP-G689CP2J_AMD64,7.056770085113045,0.1841597742655214,6.695823560151597,7.417716610074493,7.1055282627933245,0.04875817768027968,0.06277839990798384,"{""theta"": 0.6858575284033614, ""theta0"": 0.45723835226890763, ""ESS"": 654.3184584844679, ""ESS_frac"": 0.6389828696137382, ""max_weight"": 6.864906203826849, ""max_weight_share"": 0.00663572893084565, ""mean_weight"": 1.0102899070381866, ""hit_rate_proposal"": 0.6591796875, ""pilot_paths"": 10000, ""total_paths_simulated"": 11024, ""theta_grid"": [[0.0, 206.64166840811154], [0.11430958806722691, 169.7332392783569], [0.22861917613445382, 142.08390796654206], [0.3429287642016807, 121.18536480563257], [0.45723835226890763, 105.28934158964941], [0.5715479403361345, 93.16495181055492], [0.6858575284033614, 83.93881009775637]]}"
135351f7f686,2026-09-25T10:58:01,tamzeed,importance,paper_barrier,call,exact,importance,{},1024,252,2,3184216026,LAPTOP-G689CP2J_AMD64,7.156481045005187,0.18271905547408426,6.798358276986805,7.514603813023568,7.1055282627933245,0.05095278221186206,0.06207530002575368,"{""theta"": 0.6858575284033614, ""theta0"": 0.45723835226890763, ""ESS"": 672.2790747581835, ""ESS_frac"": 0.6565225339435385, ""max_weight"": 4.834963106169076, ""max_weight_share"": 0.00478936734633389, ""mean_weight"": 0.9858595753742943, ""hit_rate_proposal"": 0.6728515625, ""pilot_paths"": 10000, ""total_paths_simulated"": 11024, ""theta_grid"": [[0.0, 207.54661678186207], [0.11430958806722691, 170.62761993671603], [0.22861917613445382, 142.93803110752924], [0.3429287642016807, 121.98750078627681], [0.45723835226890763, 106.03746352694472], [0.5715479403361345, 93.86207036064832], [0.6858575284033614, 84.59037186475247]]}"
b02ee8a89c32,2026-09-25T10:58:01,tamzeed,importance,paper_barrier,call,exact,importance,{},1024,252,3,3842600704,LAPTOP-G689CP2J_AMD64,7.015368597714927,0.18490630279032155,6.652958903731439,7.377778291698415,7.1055282627933245,0.09015966507839757,0.0626018000766635,"{""theta"": 0.6858575284033614, ""theta0"": 0.45723835226890763, ""ESS"": 660.2731856436296, ""ESS_frac"": 0.6447980328551071, ""max_weight"": 7.179871850609499, ""max_weight_share"": 0.006967352038651576, ""mean_weight"": 1.0063498392522483, ""hit_rate_proposal"": 0.65625, ""pilot_paths"": 10000, ""total_paths_simulated"": 11024, ""theta_grid"": [[0.0, 206.8186755990923], [0.11430958806722691, 169.8160847129402], [0.22861917613445382, 142.10466532987846], [0.3429287642016807, 121.16506264469263], [0.45723835226890763, 105.24148872407615], [0.5715479403361345, 93.09796362215107], [0.6858575284033614, 83.8576437288948]]}"
1e78f451924b,2026-09-25T10:58:01,tamzeed,importance,paper_barrier,call,exact,importance,{},1024,252,4,2757408622,LAPTOP-G689CP2J_AMD64,6.98538935937049,0.1839525892849579,6.624848909509084,7.3459298092318965,7.1055282627933245,0.12013890342283418,0.06099060003180057,"{""theta"": 0.6858575284033614, ""theta0"": 0.45723835226890763, ""ESS"": 609.7647823438389, ""ESS_frac"": 0.5954734202576552, ""max_weight"": 9.76166998844484, ""max_weight_share"": 0.009311035099633626, ""mean_weight"": 1.0238261102104285, ""hit_rate_proposal"": 0.6591796875, ""pilot_paths"": 10000, ""total_paths_simulated"": 11024, ""theta_grid"": [[0.0, 209.05211091076265], [0.11430958806722691, 171.5353160312081], [0.22861917613445382, 143.42951674347378], [0.3429287642016807, 122.18751639536144], [0.45723835226890763, 106.03142455529026], [0.5715479403361345, 93.70817161896254], [0.6858575284033614, 84.32788855500489]]}"
0efb6bc6795c,2026-09-25T10:58:01,tamzeed,importance,paper_barrier,call,exact,importance,{},1024,252,5,3820688515,LAPTOP-G689CP2J_AMD64,7.057358209711145,0.1824447219083638,6.699773125601326,7.414943293820964,7.1055282627933245,0.048170053082179365,0.06806030008010566,"{""theta"": 0.6858575284033614, ""theta0"": 0.45723835226890763, ""ESS"": 618.2815713856555, ""ESS_frac"": 0.6037905970563042, ""max_weight"": 8.028870593210415, ""max_weight_share"": 0.0076650805743707015, ""mean_weight"": 1.0229108308265582, ""hit_rate_proposal"": 0.6630859375, ""pilot_paths"": 10000, ""total_paths_simulated"": 11024, ""theta_grid"": [[0.0, 204.3603106547981], [0.11430958806722691, 168.30326306054053], [0.22861917613445382, 141.20321241161872], [0.3429287642016807, 120.66061297475083], [0.45723835226890763, 104.99548173214146], [0.5715479403361345, 93.02024556143739], [0.6858575284033614, 83.889239503337]]}"
b19ace19c0a4,2026-09-25T10:58:01,tamzeed,importance,paper_barrier,call,exact,importance,{},1024,252,6,584316533,LAPTOP-G689CP2J_AMD64,7.050795566690592,0.18413911044604314,6.689889542071104,7.41170159131008,7.1055282627933245,0.05473269610273235,0.06055489997379482,"{""theta"": 0.6858575284033614, ""theta0"": 0.45723835226890763, ""ESS"": 679.8587107104195, ""ESS_frac"": 0.663924522178144, ""max_weight"": 6.267936403524429, ""max_weight_share"": 0.006177631887718447, ""mean_weight"": 0.9908378736900547, ""hit_rate_proposal"": 0.6552734375, ""pilot_paths"": 10000, ""total_paths_simulated"": 11024, ""theta_grid"": [[0.0, 206.8849874729429], [0.11430958806722691, 170.0377472892733], [0.22861917613445382, 142.4070266199573], [0.3429287642016807, 121.50806077348585], [0.45723835226890763, 105.6044404736411], [0.5715479403361345, 93.47109889538811], [0.6858575284033614, 84.23738954384918]]}"
ee9885ab9537,2026-09-25T10:58:01,tamzeed,importance,paper_barrier,call,exact,importance,{},1024,252,7,1087382256,LAPTOP-G689CP2J_AMD64,7.123898627685298,0.1843465163643223,6.762586094935803,7.485211160434793,7.1055282627933245,0.018370364891973523,0.0625863999594003,"{""theta"": 0.6858575284033614, ""theta0"": 0.45723835226890763, ""ESS"": 568.3849272839528, ""ESS_frac"": 0.5550634055507352, ""max_weight"": 12.482761293760348, ""max_weight_share"": 0.01189062357776022, ""mean_weight"": 1.0251940527945003, ""hit_rate_proposal"": 0.671875, ""pilot_paths"": 10000, ""total_paths_simulated"": 11024, ""theta_grid"": [[0.0, 202.6830675725968], [0.11430958806722691, 166.88861486913356], [0.22861917613445382, 140.02030315728766], [0.3429287642016807, 119.67921730483877], [0.45723835226890763, 104.18819173714877], [0.5715479403361345, 92.3633762600575], [0.6858575284033614, 83.36304731598871]]}"
c59b3cc34326,2026-09-25T10:58:01,tamzeed,importance,paper_barrier,call,exact,importance,{},1024,252,8,3795741731,LAPTOP-G689CP2J_AMD64,7.005862412273725,0.1824298592132864,6.648306458510971,7.363418366036479,7.1055282627933245,0.09966585051959953,0.06033639993984252,"{""theta"": 0.6858575284033614, ""theta0"": 0.45723835226890763, ""ESS"": 657.6413109345089, ""ESS_frac"": 0.6422278427094813, ""max_weight"": 5.533459638837585, ""max_weight_share"": 0.0053673560441099, ""mean_weight"": 1.006784184641969, ""hit_rate_proposal"": 0.6689453125, ""pilot_paths"": 10000, ""total_paths_simulated"": 11024, ""theta_grid"": [[0.0, 200.91150239395515], [0.11430958806722691, 165.22632299146977], [0.22861917613445382, 138.4881132580786], [0.3429287642016807, 118.27466379726562], [0.45723835226890763, 102.89810449390951], [0.5715479403361345, 91.17037616017824], [0.6858575284033614, 82.2487438378272]]}"
9b0ae06e2648,2026-09-25T10:58:01,tamzeed,importance,paper_barrier,call,exact,importance,{},1024,252,9,1877399140,LAPTOP-G689CP2J_AMD64,7.124889342394229,0.18348302204690067,6.765269227407735,7.484509457380723,7.1055282627933245,0.019361079600904496,0.06045929994434118,"{""theta"": 0.6858575284033614, ""theta0"": 0.45723835226890763, ""ESS"": 603.1882831963766, ""ESS_frac"": 0.5890510578089615, ""max_weight"": 10.72189305286258, ""max_weight_share"": 0.010212290498876158, ""mean_weight"": 1.0252938540661747, ""hit_rate_proposal"": 0.666015625, ""pilot_paths"": 10000, ""total_paths_simulated"": 11024, ""theta_grid"": [[0.0, 207.79284828140592], [0.11430958806722691, 170.4491110629263], [0.22861917613445382, 142.5010690008377], [0.3429287642016807, 121.39620769933464], [0.45723835226890763, 105.35631213860353], [0.5715479403361345, 93.13015301998003], [0.6858575284033614, 83.83045068292236]]}"
63cf3689d2cb,2026-09-25T10:58:01,tamzeed,importance,paper_barrier,call,exact,importance,{},1024,252,10,1441279318,LAPTOP-G689CP2J_AMD64,6.920288514049634,0.18139451781921784,6.564761792130958,7.27581523596831,7.1055282627933245,0.1852397487436903,0.060816199984401464,"{""theta"": 0.6858575284033614, ""theta0"": 0.45723835226890763, ""ESS"": 645.1928018148743, ""ESS_frac"": 0.6300710955223382, ""max_weight"": 9.278948955979065, ""max_weight_share"": 0.009186644606490777, ""mean_weight"": 0.9863746751910885, ""hit_rate_proposal"": 0.6650390625, ""pilot_paths"": 10000, ""total_paths_simulated"": 11024, ""theta_grid"": [[0.0, 205.1951300431198], [0.11430958806722691, 169.02457578188913], [0.22861917613445382, 141.83076365368677], [0.3429287642016807, 121.21401377933896], [0.45723835226890763, 105.49217612278059], [0.5715479403361345, 93.47505683765586], [0.6858575284033614, 84.31458094325495]]}"
d243cee6a5b5,2026-09-25T10:58:01,tamzeed,importance,paper_barrier,call,exact,importance,{},1024,252,11,542983540,LAPTOP-G689CP2J_AMD64,6.89391416153166,0.1819587536632767,6.537281557679842,7.250546765383477,7.1055282627933245,0.2116141012616648,0.06605490006040782,"{""theta"": 0.6858575284033614, ""theta0"": 0.45723835226890763, ""ESS"": 654.7901590797142, ""ESS_frac"": 0.6394435147262834, ""max_weight"": 8.555626173635796, ""max_weight_share"": 0.008292526169916282, ""mean_weight"": 1.007546254783246, ""hit_rate_proposal"": 0.6630859375, ""pilot_paths"": 10000, ""total_paths_simulated"": 11024, ""theta_grid"": [[0.0, 211.26042498124883], [0.11430958806722691, 173.862746088659], [0.22861917613445382, 145.74310564520857], [0.3429287642016807, 124.42034083643223], [0.45723835226890763, 108.15463010888985], [0.5715479403361345, 95.7145092707838], [0.6858575284033614, 86.22205493122165]]}"
6ca92b751602,2026-09-25T10:58:01,tamzeed,importance,paper_barrier,call,exact,importance,{},1024,252,12,2116105453,LAPTOP-G689CP2J_AMD64,7.079122135642667,0.18600871517377,6.714551753091508,7.443692518193825,7.1055282627933245,0.02640612715065771,0.05961280001793057,"{""theta"": 0.6858575284033614, ""theta0"": 0.45723835226890763, ""ESS"": 649.785578319376, ""ESS_frac"": 0.6345562288275156, ""max_weight"": 8.099578627459888, ""max_weight_share"": 0.007924990843317829, ""mean_weight"": 0.9980762009394766, ""hit_rate_proposal"": 0.6591796875, ""pilot_paths"": 10000, ""total_paths_simulated"": 11024, ""theta_grid"": [[0.0, 210.1365709306272], [0.11430958806722691, 172.4915866484902], [0.22861917613445382, 144.27367360363357], [0.3429287642016807, 122.93647038803196], [0.45723835226890763, 106.70091776274354], [0.5715479403361345, 94.31208031650742], [0.6858575284033614, 84.87813185082294]]}"
37064d674caa,2026-09-25T10:58:01,tamzeed,importance,paper_barrier,call,exact,importance,{},1024,252,13,376348946,LAPTOP-G689CP2J_AMD64,6.705722564325034,0.18154961752219734,6.349891852574506,7.061553276075563,7.1055282627933245,0.39980569846829006,0.0630222000181675,"{""theta"": 0.6858575284033614, ""theta0"": 0.45723835226890763, ""ESS"": 647.5006111031022, ""ESS_frac"": 0.6323248155303732, ""max_weight"": 7.877238164967588, ""max_weight_share"": 0.007434931879601345, ""mean_weight"": 1.0346584904942844, ""hit_rate_proposal"": 0.6591796875, ""pilot_paths"": 10000, ""total_paths_simulated"": 11024, ""theta_grid"": [[0.0, 207.6466251615703], [0.11430958806722691, 170.90323638117633], [0.22861917613445382, 143.2724910388472], [0.3429287642016807, 122.32068106347722], [0.45723835226890763, 106.34012826393072], [0.5715479403361345, 94.12151630469353], [0.6858575284033614, 84.80242902128086]]}"
018adff262bf,2026-09-25T10:58:01,tamzeed,importance,paper_barrier,call,exact,importance,{},1024,252,14,1791162590,LAPTOP-G689CP2J_AMD64,7.189261849065539,0.1801040482234767,6.83626440107766,7.542259297053418,7.1055282627933245,0.08373358627221439,0.06084519997239113,"{""theta"": 0.6858575284033614, ""theta0"": 0.45723835226890763, ""ESS"": 688.612614014185, ""ESS_frac"": 0.6724732558732276, ""max_weight"": 5.112517622530474, ""max_weight_share"": 0.0051227648127080165, ""mean_weight"": 0.9746090584457573, ""hit_rate_proposal"": 0.693359375, ""pilot_paths"": 10000, ""total_paths_simulated"": 11024, ""theta_grid"": [[0.0, 213.91428604303474], [0.11430958806722691, 175.67338830745936], [0.22861917613445382, 146.9829501549878], [0.3429287642016807, 125.26800806033845], [0.45723835226890763, 108.72851839148747], [0.5715479403361345, 96.09384464713719], [0.6858575284033614, 86.4602371652271]]}"
6f590b9b12f1,2026-09-25T10:58:02,tamzeed,importance,paper_barrier,call,exact,importance,{},1024,252,15,1826363616,LAPTOP-G689CP2J_AMD64,7.082211187645379,0.1821820598317369,6.725140911745854,7.439281463544905,7.1055282627933245,0.023317075147945232,0.061359400046058,"{""theta"": 0.6858575284033614, ""theta0"": 0.45723835226890763, ""ESS"": 648.9809909753728, ""ESS_frac"": 0.6337704989993875, ""max_weight"": 9.743202172473545, ""max_weight_share"": 0.009523893599054643, ""mean_weight"": 0.9990499969991953, ""hit_rate_proposal"": 0.66796875, ""pilot_paths"": 10000, ""total_paths_simulated"": 11024, ""theta_grid"": [[0.0, 208.10730463232176], [0.11430958806722691, 170.78958809627966], [0.22861917613445382, 142.84245420176495], [0.3429287642016807, 121.7252278323952], [0.45723835226890763, 105.66671281613438], [0.5715479403361345, 93.41973009741497], [0.6858575284033614, 84.09924633348803]]}"
c078ad2c3bb1,2026-09-25T10:58:02,tamzeed,importance,paper_barrier,call,exact,importance,{},1024,252,16,4231170243,LAPTOP-G689CP2J_AMD64,7.10621829383444,0.18541858802902594,6.742804539233279,7.4696320484356,7.1055282627933245,0.0006900310411150912,0.06560040009208024,"{""theta"": 0.6858575284033614, ""theta0"": 0.45723835226890763, ""ESS"": 643.9668715592663, ""ESS_frac"": 0.628873898007096, ""max_weight"": 7.02393203482938, ""max_weight_share"": 0.006815853011351046, ""mean_weight"": 1.0063756680696678, ""hit_rate_proposal"": 0.6591796875, ""pilot_paths"": 10000, ""total_paths_simulated"": 11024, ""theta_grid"": [[0.0, 203.4976729373648], [0.11430958806722691, 167.24365114220663], [0.22861917613445382, 140.0455101141162], [0.3429287642016807, 119.46467967225155], [0.45723835226890763, 103.7961604182953], [0.5715479403361345, 91.83640184886308], [0.6858575284033614, 82.72957472736019]]}"
3c615f1da9fd,2026-09-25T10:58:02,tamzeed,importance,paper_barrier,call,exact,importance,{},1024,252,17,3513244543,LAPTOP-G689CP2J_AMD64,6.812982412014696,0.18303669521428484,6.454237081545463,7.171727742483929,7.1055282627933245,0.2925458507786285,0.06196960003580898,"{""theta"": 0.6858575284033614, ""theta0"": 0.45723835226890763, ""ESS"": 655.0519404127083, ""ESS_frac"": 0.6396991605592854, ""max_weight"": 6.811824973732994, ""max_weight_share"": 0.006386547406840316, ""mean_weight"": 1.041591395498969, ""hit_rate_proposal"": 0.65234375, ""pilot_paths"": 10000, ""total_paths_simulated"": 11024, ""theta_grid"": [[0.0, 208.23868560145084], [0.11430958806722691, 171.2748632632476], [0.22861917613445382, 143.53903079840478], [0.3429287642016807, 122.54591995907859], [0.45723835226890763, 106.55886683965802], [0.5715479403361345, 94.35245082568694], [0.6858575284033614, 85.05551767694803]]}"
ed684908637e,2026-09-25T10:58:02,tamzeed,importance,paper_barrier,call,exact,importance,{},1024,252,18,1109381819,LAPTOP-G689CP2J_AMD64,6.927235226034438,0.18076315095589507,6.572945960428907,7.281524491639969,7.1055282627933245,0.17829303675888664,0.06184390000998974,"{""theta"": 0.6858575284033614, ""theta0"": 0.45723835226890763, ""ESS"": 608.0371837142413, ""ESS_frac"": 0.5937863122209388, ""max_weight"": 11.268892815730805, ""max_weight_share"": 0.010710498406061543, ""mean_weight"": 1.0274758207455617, ""hit_rate_proposal"": 0.6728515625, ""pilot_paths"": 10000, ""total_paths_simulated"": 11024, ""theta_grid"": [[0.0, 206.36420907480093], [0.11430958806722691, 169.4723429946454], [0.22861917613445382, 141.82928190507806], [0.3429287642016807, 120.93092512539955], [0.45723835226890763, 105.03107599510815], [0.5715479403361345, 92.89975077480918], [0.6858575284033614, 83.6638147907282]]}"
d44611ec0e61,2026-09-25T10:58:02,tamzeed,importance,paper_barrier,call,exact,importance,{},1024,252,19,3853789505,LAPTOP-G689CP2J_AMD64,7.097563824103301,0.1837296579862631,6.737460311558364,7.457667336648239,7.1055282627933245,0.007964438690023279,0.10507050005253404,"{""theta"": 0.6858575284033614, ""theta0"": 0.45723835226890763, ""ESS"": 654.6399765673041, ""ESS_frac"": 0.6392968521165079, ""max_weight"": 6.314713299004155, ""max_weight_share"": 0.006293079480907851, ""mean_weight"": 0.9799196442326078, ""hit_rate_proposal"": 0.6669921875, ""pilot_paths"": 10000, ""total_paths_simulated"": 11024, ""theta_grid"": [[0.0, 209.62304470788771], [0.11430958806722691, 172.59880957491077], [0.22861917613445382, 144.78574351914608], [0.3429287642016807, 123.71053763721577], [0.45723835226890763, 107.64343161428937], [0.5715479403361345, 95.36276974695522], [0.6858575284033614, 85.99925372838904]]}"
76eafe426cdd,2026-09-25T10:58:02,tamzeed,importance,paper_barrier,call,exact,importance,{},4096,252,0,2273593071,LAPTOP-G689CP2J_AMD64,7.123495818593456,0.09169937628736623,6.9437683436654325,7.30322329352148,7.1055282627933245,0.017967555800131763,0.07776099990587682,"{""theta"": 0.6858575284033614, ""theta0"": 0.45723835226890763, ""ESS"": 2627.465849477391, ""ESS_frac"": 0.6414711546575662, ""max_weight"": 8.734310963014435, ""max_weight_share"": 0.0021652451760724328, ""mean_weight"": 0.984830799310536, ""hit_rate_proposal"": 0.67822265625, ""pilot_paths"": 10000, ""total_paths_simulated"": 14096, ""theta_grid"": [[0.0, 209.16171656189255], [0.11430958806722691, 171.73955997196586], [0.22861917613445382, 143.69345872150635], [0.3429287642016807, 122.48687216080883], [0.45723835226890763, 106.35018925251379], [0.5715479403361345, 94.03640066122489], [0.6858575284033614, 84.65992824618795]]}"
3bc21cd2fdb3,2026-09-25T10:58:02,tamzeed,importance,paper_barrier,call,exact,importance,{},4096,252,1,309969325,LAPTOP-G689CP2J_AMD64,7.076839543396123,0.09168497229888298,6.89714029976676,7.2565387870254865,7.1055282627933245,0.02868871939720119,0.08293529995717108,"{""theta"": 0.6858575284033614, ""theta0"": 0.45723835226890763, ""ESS"": 2517.6918186700627, ""ESS_frac"": 0.6146708541674958, ""max_weight"": 12.07631196978429, ""max_weight_share"": 0.0029246111645778623, ""mean_weight"": 1.0081060989260353, ""hit_rate_proposal"": 0.672119140625, ""pilot_paths"": 10000, ""total_paths_simulated"": 14096, ""theta_grid"": [[0.0, 204.68140816479428], [0.11430958806722691, 168.53349290706558], [0.22861917613445382, 141.35697548407077], [0.3429287642016807, 120.75260331741909], [0.45723835226890763, 105.03877578500398], [0.5715479403361345, 93.02574500503216], [0.6858575284033614, 83.8657164504279]]}"
f5bd19569eaf,2026-09-25T10:58:02,tamzeed,importance,paper_barrier,call,exact,importance,{},4096,252,2,3368152115,LAPTOP-G689CP2J_AMD64,7.190192580056589,0.09202782616769585,7.0098213551923925,7.370563804920786,7.1055282627933245,0.08466431726326462,0.07772659999318421,"{""theta"": 0.6858575284033614, ""theta0"": 0.45723835226890763, ""ESS"": 2554.295502418412, ""ESS_frac"": 0.6236073003951201, ""max_weight"": 7.262792038526114, ""max_weight_share"": 0.0017799911339190632, ""mean_weight"": 0.996152482864791, ""hit_rate_proposal"": 0.673095703125, ""pilot_paths"": 10000, ""total_paths_simulated"": 14096, ""theta_grid"": [[0.0, 203.06422845449256], [0.11430958806722691, 167.06004972774744], [0.22861917613445382, 140.05387845256476], [0.3429287642016807, 119.62079292404032], [0.45723835226890763, 104.06765685264834], [0.5715479403361345, 92.20052955044332], [0.6858575284033614, 83.17115060075623]]}"
06a41e780efa,2026-09-25T10:58:02,tamzeed,importance,paper_barrier,call,exact,importance,{},4096,252,3,28624824,LAPTOP-G689CP2J_AMD64,7.143756073415101,0.09182789936193435,6.963776697889742,7.323735448940461,7.1055282627933245,0.038227810621776825,0.07884430000558496,"{""theta"": 0.6858575284033614, ""theta0"": 0.45723835226890763, ""ESS"": 2537.023267373021, ""ESS_frac"": 0.6193904461359915, ""max_weight"": 6.609651743238523, ""max_weight_share"": 0.001596173989204406, ""mean_weight"": 1.010970306834103, ""hit_rate_proposal"": 0.674560546875, ""pilot_paths"": 10000, ""total_paths_simulated"": 14096, ""theta_grid"": [[0.0, 203.17325186628506], [0.11430958806722691, 167.05234275023327], [0.22861917613445382, 139.96702788863195], [0.3429287642016807, 119.47976888366942], [0.45723835226890763, 103.88829239107497], [0.5715479403361345, 91.99224065660096], [0.6858575284033614, 82.9388843275066]]}"
9cd03a806e65,2026-09-25T10:58:02,tamzeed,importance,paper_barrier,call,exact,importance,{},4096,252,4,3443786403,LAPTOP-G689CP2J_AMD64,7.121369601503776,0.09195117462654777,6.94114861089959,7.301590592107963,7.1055282627933245,0.01584133871045168,0.07950180000625551,"{""theta"": 0.6858575284033614, ""theta0"": 0.45723835226890763, ""ESS"": 2501.296728602771, ""ESS_frac"": 0.6106681466315359, ""max_weight"": 10.52535016827936, ""max_weight_share"": 0.00257511766031224, ""mean_weight"": 0.9978827795060825, ""hit_rate_proposal"": 0.669677734375, ""pilot_paths"": 10000, ""total_paths_simulated"": 14096, ""theta_grid"": [[0.0, 212.8207464576733], [0.11430958806722691, 174.13401171183932], [0.22861917613445382, 145.26429697573155], [0.3429287642016807, 123.5156364504581], [0.45723835226890763, 107.01834899953182], [0.5715479403361345, 94.46197415387736], [0.6858575284033614, 84.92028684741338]]}"
4085bfb9d3d2,2026-09-25T10:58:02,tamzeed,importance,paper_barrier,call,exact,importance,{},4096,252,5,2524137332,LAPTOP-G689CP2J_AMD64,7.110688566704539,0.09125399876674589,6.931834015676454,7.289543117732624,7.1055282627933245,0.00516030391121447,0.08395479992032051,"{""theta"": 0.6858575284033614, ""theta0"": 0.45723835226890763, ""ESS"": 2577.725085945717, ""ESS_frac"": 0.6293274135609661, ""max_weight"": 7.964096513262018, ""max_weight_share"": 0.0019415231933538502, ""mean_weight"": 1.001460866892535, ""hit_rate_proposal"": 0.675048828125, ""pilot_paths"": 10000, ""total_paths_simulated"": 14096, ""theta_grid"": [[0.0, 212.00071338280725], [0.11430958806722691, 174.21653299837843], [0.22861917613445382, 145.88278817734053], [0.3429287642016807, 124.44825387431679], [0.45723835226890763, 108.1314094311858], [0.5715479403361345, 95.67595157873633], [0.6858575284033614, 86.18921107723135]]}"
ec78663d9794,2026-09-25T10:58:02,tamzeed,importance,paper_barrier,call,exact,importance,{},4096,252,6,1439729592,LAPTOP-G689CP2J_AMD64,6.995706691888024,0.09174242264317044,6.815894847652959,7.17551853612309,7.1055282627933245,0.10982157090530009,0.07831370003987104,"{""theta"": 0.6858575284033614, ""theta0"": 0.45723835226890763, ""ESS"": 2495.157489204726, ""ESS_frac"": 0.6091693088878726, ""max_weight"": 10.388770168973025, ""max_weight_share"": 0.002493166443999317, ""mean_weight"": 1.0173090722197786, ""hit_rate_proposal"": 0.6630859375, ""pilot_paths"": 10000, ""total_paths_simulated"": 14096, ""theta_grid"": [[0.0, 205.0400484641517], [0.11430958806722691, 168.69655338047988], [0.22861917613445382, 141.4014990500898], [0.3429287642016807, 120.72698579767477], [0.45723835226890763, 104.97321268099907], [0.5715479403361345, 92.93886173864779], [0.6858575284033614, 83.76877839706773]]}"
68af582c4c4e,2026-09-25T10:58:02,tamzeed,importance,paper_barrier,call,exact,importance,{},4096,252,7,2562075443,LAPTOP-G689CP2J_AMD64,7.087343002924795,0.09151317875115025,6.907980468461765,7.266705537387826,7.1055282627933245,0.018185259868529258,0.07992829999420792,"{""theta"": 0.6858575284033614, ""theta0"": 0.45723835226890763, ""ESS"": 2563.528587208744, ""ESS_frac"": 0.6258614714865097, ""max_weight"": 13.050749275105646, ""max_weight_share"": 0.003179427314967398, ""mean_weight"": 1.0021358468373294, ""hit_rate_proposal"": 0.66552734375, ""pilot_paths"": 10000, ""total_paths_simulated"": 14096, ""theta_grid"": [[0.0, 208.284972063746], [0.11430958806722691, 171.41065191453282], [0.22861917613445382, 143.6980717786581], [0.3429287642016807, 122.69504602480185], [0.45723835226890763, 106.68253292321793], [0.5715479403361345, 94.44424677081221], [0.6858575284033614, 85.11351616872098]]}"
f990b5ffb394,2026-09-25T10:58:03,tamzeed,importance,paper_barrier,call,exact,importance,{},4096,252,8,717449811,LAPTOP-G689CP2J_AMD64,7.075406889621965,0.0914833401546845,6.896102837733356,7.254710941510573,7.1055282627933245,0.030121373171359878,0.07961819996125996,"{""theta"": 0.6858575284033614, ""theta0"": 0.45723835226890763, ""ESS"": 2471.5035787068236, ""ESS_frac"": 0.6033944283952206, ""max_weight"": 13.571949604534803, ""max_weight_share"": 0.0032390541621844437, ""mean_weight"": 1.0229727855754667, ""hit_rate_proposal"": 0.66796875, ""pilot_paths"": 10000, ""total_paths_simulated"": 14096, ""theta_grid"": [[0.0, 204.35774847561413], [0.11430958806722691, 168.27333852331765], [0.22861917613445382, 141.14879901257436], [0.3429287642016807, 120.58492723537097], [0.45723835226890763, 104.90125762325809], [0.5715479403361345, 92.90944244663054], [0.6858575284033614, 83.76298161623376]]}"
113fc37692f7,2026-09-25T10:58:03,tamzeed,importance,paper_barrier,call,exact,importance,{},4096,252,9,649397737,LAPTOP-G689CP2J_AMD64,7.041153330992794,0.09142386565955693,6.861965846972634,7.220340815012953,7.1055282627933245,0.06437493180053089,0.0807063999818638,"{""theta"": 0.6858575284033614, ""theta0"": 0.45723835226890763, ""ESS"": 2634.9408129758535, ""ESS_frac"": 0.643296096917933, ""max_weight"": 7.897187306090871, ""max_weight_share"": 0.0019372309631340632, ""mean_weight"": 0.9952474853756843, ""hit_rate_proposal"": 0.6650390625, ""pilot_paths"": 10000, ""total_paths_simulated"": 14096, ""theta_grid"": [[0.0, 206.80955903995968], [0.11430958806722691, 170.17825238263927], [0.22861917613445382, 142.68367281915312], [0.3429287642016807, 121.86936688732442], [0.45723835226890763, 106.01756033081394], [0.5715479403361345, 93.91551262419213], [0.6858575284033614, 84.70078566372415]]}"
5c9ab8f57e6c,2026-09-25T10:58:03,tamzeed,importance,paper_barrier,call,exact,importance,{},4096,252,10,2299883238,LAPTOP-G689CP2J_AMD64,7.0019115225255275,0.09086033698699594,6.823828534407843,7.179994510643212,7.1055282627933245,0.10361674026779699,0.08067119994666427,"{""theta"": 0.6858575284033614, ""theta0"": 0.45723835226890763, ""ESS"": 2606.919119308942, ""ESS_frac"": 0.6364548631125346, ""max_weight"": 7.478739263696589, ""max_weight_share"": 0.0018205751936005165, ""mean_weight"": 1.0029050623500746, ""hit_rate_proposal"": 0.67333984375, ""pilot_paths"": 10000, ""total_paths_simulated"": 14096, ""theta_grid"": [[0.0, 201.59293070147865], [0.11430958806722691, 166.13155601296552], [0.22861917613445382, 139.4767896638578], [0.3429287642016807, 119.27040400685938], [0.45723835226890763, 103.86192603743092], [0.5715479403361345, 92.08496092381165], [0.6858575284033614, 83.10915069862439]]}"
c25b63bd666f,2026-09-25T10:58:03,tamzeed,importance,paper_barrier,call,exact,importance,{},4096,252,11,2319744538,LAPTOP-G689CP2J_AMD64,7.058994253299689,0.09061866257567767,6.881384938324173,7.236603568275205,7.1055282627933245,0.04653400949363551,0.07772699999623,"{""theta"": 0.6858575284033614, ""theta0"": 0.45723835226890763, ""ESS"": 2630.3667124949393, ""ESS_frac"": 0.6421793731677098, ""max_weight"": 7.553930422443871, ""max_weight_share"": 0.0018560089478782287, ""mean_weight"": 0.9936489242954656, ""hit_rate_proposal"": 0.6806640625, ""pilot_paths"": 10000, ""total_paths_simulated"": 14096, ""theta_grid"": [[0.0, 208.78271205583897], [0.11430958806722691, 171.6152226565892], [0.22861917613445382, 143.72175379484756], [0.3429287642016807, 122.60631680936662], [0.45723835226890763, 106.52349418094636], [0.5715479403361345, 94.24090633714802], [0.6858575284033614, 84.88193322228462]]}"
a351b5dbd088,2026-09-25T10:58:03,tamzeed,importance,paper_barrier,call,exact,importance,{},4096,252,12,2936368391,LAPTOP-G689CP2J_AMD64,7.174913531463376,0.09153626243306233,6.995505753815166,7.354321309111585,7.1055282627933245,0.06938526867005113,0.08082619996275753,"{""theta"": 0.6858575284033614, ""theta0"": 0.45723835226890763, ""ESS"": 2567.18229828222, ""ESS_frac"": 0.6267534907915576, ""max_weight"": 10.125441642407093, ""max_weight_share"": 0.0024924057495664767, ""mean_weight"": 0.9918255289726697, ""hit_rate_proposal"": 0.673583984375, ""pilot_paths"": 10000, ""total_paths_simulated"": 14096, ""theta_grid"": [[0.0, 205.988192122926], [0.11430958806722691, 169.46826475871552], [0.22861917613445382, 142.05122395938042], [0.3429287642016807, 121.28803930464377], [0.45723835226890763, 105.46719204390277], [0.5715479403361345, 93.3806653586569], [0.6858575284033614, 84.1693296272307]]}"
33a3f0cc9d3b,2026-09-25T10:58:03,tamzeed,importance,paper_barrier,call,exact,importance,{},4096,252,13,2828055361,LAPTOP-G689CP2J_AMD64,6.9668746952248295,0.0909604027657949,6.788595581784614,7.145153808665045,7.1055282627933245,0.138653567568495,0.08105229993816465,"{""theta"": 0.6858575284033614, ""theta0"": 0.45723835226890763, ""ESS"": 2524.055760053345, ""ESS_frac"": 0.6162245507942736, ""max_weight"": 11.15689776914436, ""max_weight_share"": 0.0026883688456685144, ""mean_weight"": 1.0131987650461973, ""hit_rate_proposal"": 0.669189453125, ""pilot_paths"": 10000, ""total_paths_simulated"": 14096, ""theta_grid"": [[0.0, 213.47799546472487], [0.11430958806722691, 175.1470745187265], [0.22861917613445382, 146.43154345903082], [0.3429287642016807, 124.72487027113372], [0.45723835226890763, 108.20948560301527], [0.5715479403361345, 95.60517717444057], [0.6858575284033614, 86.00311559971077]]}"
6e990f3a2035,2026-09-25T10:58:03,tamzeed,importance,paper_barrier,call,exact,importance,{},4096,252,14,3190865235,LAPTOP-G689CP2J_AMD64,7.176253983980686,0.09136017227337961,6.997191336703487,7.355316631257885,7.1055282627933245,0.07072572118736176,0.0798577000387013,"{""theta"": 0.6858575284033614, ""theta0"": 0.45723835226890763, ""ESS"": 2441.520139277329, ""ESS_frac"": 0.5960742527532541, ""max_weight"": 11.473763059368045, ""max_weight_share"": 0.0028186586079192843, ""mean_weight"": 0.9938102033874415, ""hit_rate_proposal"": 0.67822265625, ""pilot_paths"": 10000, ""total_paths_simulated"": 14096, ""theta_grid"": [[0.0, 206.83043918729967], [0.11430958806722691, 170.0564029796416], [0.22861917613445382, 142.4777353739175], [0.3429287642016807, 121.61504681316126], [0.45723835226890763, 105.73619241744764], [0.5715479403361345, 93.61936477380806], [0.6858575284033614, 84.39635049190528]]}"
8944d7bb0030,2026-09-25T10:58:03,tamzeed,importance,paper_barrier,call,exact,importance,{},4096,252,15,2861879691,LAPTOP-G689CP2J_AMD64,7.04821125236912,0.09143549341192798,6.869000978373092,7.227421526365148,7.1055282627933245,0.057317010424204895,0.07898840005509555,"{""theta"": 0.6858575284033614, ""theta0"": 0.45723835226890763, ""ESS"": 2653.119951837176, ""ESS_frac"": 0.647734363241498, ""max_weight"": 8.255908198297814, ""max_weight_share"": 0.002026019980439157, ""mean_weight"": 0.9948581983076757, ""hit_rate_proposal"": 0.670166015625, ""pilot_paths"": 10000, ""total_paths_simulated"": 14096, ""theta_grid"": [[0.0, 208.7337998800023], [0.11430958806722691, 171.68485104339197], [0.22861917613445382, 143.88629512330078], [0.3429287642016807, 122.8480894608986], [0.45723835226890763, 106.82956115403361], [0.5715479403361345, 94.60219191966614], [0.6858575284033614, 85.29256109362599]]}"
6654e74187c1,2026-09-25T10:58:03,tamzeed,importance,paper_barrier,call,exact,importance,{},4096,252,16,3243219347,LAPTOP-G689CP2J_AMD64,7.174830042574531,0.0920138427541143,6.994486224697335,7.3551738604517265,7.1055282627933245,0.06930177978120611,0.08062969997990876,"{""theta"": 0.6858575284033614, ""theta0"": 0.45723835226890763, ""ESS"": 2594.6688878951636, ""ESS_frac"": 0.6334640839587802, ""max_weight"": 9.143397091818905, ""max_weight_share"": 0.0022523267940617077, ""mean_weight"": 0.9910971562853466, ""hit_rate_proposal"": 0.673095703125, ""pilot_paths"": 10000, ""total_paths_simulated"": 14096, ""theta_grid"": [[0.0, 206.66677545579077], [0.11430958806722691, 169.84415604192168], [0.22861917613445382, 142.2606190811921], [0.3429287642016807, 121.41404431753573], [0.45723835226890763, 105.56026761140996], [0.5715479403361345, 93.47131288171126], [0.6858575284033614, 84.27598088705018]]}"
e6dff3fe2472,2026-09-25T10:58:03,tamzeed,importance,paper_barrier,call,exact,importance,{},4096,252,17,2594690330,LAPTOP-G689CP2J_AMD64,7.005554775446053,0.09184014035598903,6.825551408013212,7.185558142878895,7.1055282627933245,0.0999734873472713,0.08154939999803901,"{""theta"": 0.6858575284033614, ""theta0"": 0.45723835226890763, ""ESS"": 2589.797932103032, ""ESS_frac"": 0.6322748857673418, ""max_weight"": 11.559410855604964, ""max_weight_share"": 0.002798991441720109, ""mean_weight"": 1.0082638156209784, ""hit_rate_proposal"": 0.668701171875, ""pilot_paths"": 10000, ""total_paths_simulated"": 14096, ""theta_grid"": [[0.0, 204.5873324966433], [0.11430958806722691, 168.45722069867765], [0.22861917613445382, 141.3436814347885], [0.3429287642016807, 120.81894710932274], [0.45723835226890763, 105.18782924375516], [0.5715479403361345, 93.25488534258082], [0.6858575284033614, 84.17073236006065]]}"
2ddf91bc0347,2026-09-25T10:58:03,tamzeed,importance,paper_barrier,call,exact,importance,{},4096,252,18,444284744,LAPTOP-G689CP2J_AMD64,7.248081506245303,0.09137958160002242,7.06898081738692,7.427182195103685,7.1055282627933245,0.14255324345197806,0.08218609995674342,"{""theta"": 0.6858575284033614, ""theta0"": 0.45723835226890763, ""ESS"": 2510.454834194605, ""ESS_frac"": 0.6129040122545423, ""max_weight"": 8.851603379797107, ""max_weight_share"": 0.0021767330362616557, ""mean_weight"": 0.9927887092241519, ""hit_rate_proposal"": 0.6826171875, ""pilot_paths"": 10000, ""total_paths_simulated"": 14096, ""theta_grid"": [[0.0, 207.62194197211474], [0.11430958806722691, 170.18418236074365], [0.22861917613445382, 142.20597708966298], [0.3429287642016807, 121.1031830122285], [0.45723835226890763, 105.08060529003458], [0.5715479403361345, 92.87805096043418], [0.6858575284033614, 83.60366843125689]]}"
733d4f9e9b68,2026-09-25T10:58:03,tamzeed,importance,paper_barrier,call,exact,importance,{},4096,252,19,880488013,LAPTOP-G689CP2J_AMD64,6.979685988546062,0.09053443971537277,6.802241747343419,7.157130229748705,7.1055282627933245,0.1258422742472627,0.08167270000558347,"{""theta"": 0.6858575284033614, ""theta0"": 0.45723835226890763, ""ESS"": 2641.8087805186337, ""ESS_frac"": 0.6449728468063071, ""max_weight"": 7.639336968204889, ""max_weight_share"": 0.0018623503980171824, ""mean_weight"": 1.0014616497458602, ""hit_rate_proposal"": 0.671142578125, ""pilot_paths"": 10000, ""total_paths_simulated"": 14096, ""theta_grid"": [[0.0, 204.64292472251998], [0.11430958806722691, 168.5274104360907], [0.22861917613445382, 141.39183029174205], [0.3429287642016807, 120.82815569655956], [0.45723835226890763, 105.15100600654404], [0.5715479403361345, 93.1694126469462], [0.6858575284033614, 84.03559644199194]]}"
6d2641f5e2ac,2026-09-25T10:58:04,tamzeed,importance,paper_barrier,call,exact,importance,{},16384,252,0,3493573978,LAPTOP-G689CP2J_AMD64,7.058521925917412,0.04590666041028212,6.968546524862748,7.148497326972076,7.1055282627933245,0.0470063368759126,0.14646820002235472,"{""theta"": 0.6858575284033614, ""theta0"": 0.45723835226890763, ""ESS"": 10190.669419328558, ""ESS_frac"": 0.6219891003008153, ""max_weight"": 13.794939509491657, ""max_weight_share"": 0.0008388856686814704, ""mean_weight"": 1.0036841966134777, ""hit_rate_proposal"": 0.66748046875, ""pilot_paths"": 10000, ""total_paths_simulated"": 26384, ""theta_grid"": [[0.0, 208.93629668016555], [0.11430958806722691, 171.5840482690618], [0.22861917613445382, 143.5861264264719], [0.3429287642016807, 122.41446915378955], [0.45723835226890763, 106.30423892829306], [0.5715479403361345, 94.01124730108302], [0.6858575284033614, 84.65168262627498]]}"
5df7817362f3,2026-09-25T10:58:04,tamzeed,importance,paper_barrier,call,exact,importance,{},16384,252,1,1714171668,LAPTOP-G689CP2J_AMD64,7.039775200234969,0.045754324625737995,6.950098371831568,7.12945202863837,7.1055282627933245,0.06575306255835578,0.14709230000153184,"{""theta"": 0.6858575284033614, ""theta0"": 0.45723835226890763, ""ESS"": 10101.642883018978, ""ESS_frac"": 0.6165553517467638, ""max_weight"": 12.336841595017596, ""max_weight_share"": 0.0007445020895933317, ""mean_weight"": 1.0113887723198975, ""hit_rate_proposal"": 0.66741943359375, ""pilot_paths"": 10000, ""total_paths_simulated"": 26384, ""theta_grid"": [[0.0, 208.11760730158178], [0.11430958806722691, 170.88717492963107], [0.22861917613445382, 142.96905003900406], [0.3429287642016807, 121.84858763173668], [0.45723835226890763, 105.76927660872337], [0.5715479403361345, 93.49211243853186], [0.6858575284033614, 84.13646228733586]]}"
ff535da9b3ad,2026-09-25T10:58:04,tamzeed,importance,paper_barrier,call,exact,importance,{},16384,252,2,2181328442,LAPTOP-G689CP2J_AMD64,7.1418633443666995,0.045695798779145855,7.0523012245147845,7.231425464218614,7.1055282627933245,0.03633508157337495,0.14763300004415214,"{""theta"": 0.6858575284033614, ""theta0"": 0.45723835226890763, ""ESS"": 10188.080007080474, ""ESS_frac"": 0.6218310551196579, ""max_weight"": 11.280013702518506, ""max_weight_share"": 0.0006905887403404781, ""mean_weight"": 0.9969426934124657, ""hit_rate_proposal"": 0.676513671875, ""pilot_paths"": 10000, ""total_paths_simulated"": 26384, ""theta_grid"": [[0.0, 209.54319270881874], [0.11430958806722691, 172.1876827612577], [0.22861917613445382, 144.17458341851076], [0.3429287642016807, 122.97960916328238], [0.45723835226890763, 106.84124359688214], [0.5715479403361345, 94.5177955716009], [0.6858575284033614, 85.12714185594824]]}"
8b454d983a1f,2026-09-25T10:58:04,tamzeed,importance,paper_barrier,call,exact,importance,{},16384,252,3,3314769799,LAPTOP-G689CP2J_AMD64,7.091087050409998,0.04578049765527966,7.001358923811329,7.180815177008666,7.1055282627933245,0.01444121238332663,0.14679799997247756,"{""theta"": 0.6858575284033614, ""theta0"": 0.45723835226890763, ""ESS"": 10304.634678652346, ""ESS_frac"": 0.6289449877107145, ""max_weight"": 12.656081912315306, ""max_weight_share"": 0.0007715679655341046, ""mean_weight"": 1.0011638268266325, ""hit_rate_proposal"": 0.67010498046875, ""pilot_paths"": 10000, ""total_paths_simulated"": 26384, ""theta_grid"": [[0.0, 211.391447351198], [0.11430958806722691, 173.6199405076161], [0.22861917613445382, 145.33168130566835], [0.3429287642016807, 123.95156094375476], [0.45723835226890763, 107.6873564036151], [0.5715479403361345, 95.278507783717], [0.6858575284033614, 85.83114142427439]]}"
12531e1d0397,2026-09-25T10:58:04,tamzeed,importance,paper_barrier,call,exact,importance,{},16384,252,4,3727415930,LAPTOP-G689CP2J_AMD64,7.096486739886391,0.045652756390215994,7.007008981566587,7.185964498206195,7.1055282627933245,0.009041522906933608,0.14559069997631013,"{""theta"": 0.6858575284033614, ""theta0"": 0.45723835226890763, ""ESS"": 10204.393075489224, ""ESS_frac"": 0.6228267257989029, ""max_weight"": 13.436945755126567, ""max_weight_share"": 0.0008194417998981216, ""mean_weight"": 1.00083506087789, ""hit_rate_proposal"": 0.67303466796875, ""pilot_paths"": 10000, ""total_paths_simulated"": 26384, ""theta_grid"": [[0.0, 204.26977192317605], [0.11430958806722691, 168.05348744246146], [0.22861917613445382, 140.86141556195798], [0.3429287642016807, 120.26961406772894], [0.45723835226890763, 104.5819799065437], [0.5715479403361345, 92.6003708775067], [0.6858575284033614, 83.47223884323132]]}"
cef7389a9cee,2026-09-25T10:58:04,tamzeed,importance,paper_barrier,call,exact,importance,{},16384,252,5,3340257194,LAPTOP-G689CP2J_AMD64,7.0825898709566815,0.04570601555973291,6.9930077265827775,7.1721720153305855,7.1055282627933245,0.022938391836643035,0.1567903000395745,"{""theta"": 0.6858575284033614, ""theta0"": 0.45723835226890763, ""ESS"": 10185.92452147626, ""ESS_frac"": 0.62169949471901, ""max_weight"": 10.108305034014037, ""max_weight_share"": 0.0006150006904745482, ""mean_weight"": 1.0031890804832215, ""hit_rate_proposal"": 0.6744384765625, ""pilot_paths"": 10000, ""total_paths_simulated"": 26384, ""theta_grid"": [[0.0, 210.37197330221812], [0.11430958806722691, 172.52850704504954], [0.22861917613445382, 144.217794594548], [0.3429287642016807, 122.84529860464528], [0.45723835226890763, 106.60506798438752], [0.5715479403361345, 94.22727392399372], [0.6858575284033614, 84.81198057925954]]}"
538b97f59faa,2026-09-25T10:58:05,tamzeed,importance,paper_barrier,call,exact,importance,{},16384,252,6,1776965830,LAPTOP-G689CP2J_AMD64,7.136760311277232,0.045730397561740785,7.047130379057522,7.226390243496942,7.1055282627933245,0.031232048483907704,0.1529729999601841,"{""theta"": 0.6858575284033614, ""theta0"": 0.45723835226890763, ""ESS"": 10245.543956456824, ""ESS_frac"": 0.6253383762485855, ""max_weight"": 9.842187636770987, ""max_weight_share"": 0.0006015006302830215, ""mean_weight"": 0.998701298067604, ""hit_rate_proposal"": 0.67138671875, ""pilot_paths"": 10000, ""total_paths_simulated"": 26384, ""theta_grid"": [[0.0, 210.64005674685933], [0.11430958806722691, 173.1369124141474], [0.22861917613445382, 145.02169000482962], [0.3429287642016807, 123.75488120651876], [0.45723835226890763, 107.56580719075852], [0.5715479403361345, 95.20719857698485], [0.6858575284033614, 85.79352891735495]]}"
95e525539219,2026-09-25T10:58:05,tamzeed,importance,paper_barrier,call,exact,importance,{},16384,252,7,431701960,LAPTOP-G689CP2J_AMD64,7.058534386676865,0.0454787714710118,6.969397632532554,7.147671140821175,7.1055282627933245,0.04699387611645989,0.14567979995626956,"{""theta"": 0.6858575284033614, ""theta0"": 0.45723835226890763, ""ESS"": 10248.080082128843, ""ESS_frac"": 0.6254931690752468, ""max_weight"": 12.440358019661945, ""max_weight_share"": 0.0007587074066119596, ""mean_weight"": 1.0007799962395127, ""hit_rate_proposal"": 0.67529296875, ""pilot_paths"": 10000, ""total_paths_simulated"": 26384, ""theta_grid"": [[0.0, 205.36684000515388], [0.11430958806722691, 168.66334616719357], [0.22861917613445382, 141.16557947949488], [0.3429287642016807, 120.38175225087448], [0.45723835226890763, 104.5738965649013], [0.5715479403361345, 92.51779320634037], [0.6858575284033614, 83.34452212561385]]}"
e704c2e18751,2026-09-25T10:58:05,tamzeed,importance,paper_barrier,call,exact,importance,{},16384,252,8,1292447953,LAPTOP-G689CP2J_AMD64,7.08207761371924,0.04564659284647228,6.992611935723191,7.171543291715289,7.1055282627933245,0.023450649074084673,0.1493012000573799,"{""theta"": 0.6858575284033614, ""theta0"": 0.45723835226890763, ""ESS"": 10328.012376560248, ""ESS_frac"": 0.6303718491552885, ""max_weight"": 9.251256118341807, ""max_weight_share"": 0.0005655133435772511, ""mean_weight"": 0.9984766391540102, ""hit_rate_proposal"": 0.67376708984375, ""pilot_paths"": 10000, ""total_paths_simulated"": 26384, ""theta_grid"": [[0.0, 203.87593529522056], [0.11430958806722691, 168.00209207895512], [0.22861917613445382, 141.04045530183737], [0.3429287642016807, 120.60544665749194], [0.45723835226890763, 105.026445113179], [0.5715479403361345, 93.12239572025422], [0.6858575284033614, 84.0523516901745]]}"
7c62aa18975a,2026-09-25T10:58:05,tamzeed,importance,paper_barrier,call,exact,importance,{},16384,252,9,3206511627,LAPTOP-G689CP2J_AMD64,7.061060381601109,0.04592616395384416,6.971046754303493,7.151074008898726,7.1055282627933245,0.04446788119221523,0.1491168999345973,"{""theta"": 0.6858575284033614, ""theta0"": 0.45723835226890763, ""ESS"": 10156.736216118075, ""ESS_frac"": 0.6199179819408005, ""max_weight"": 16.624713201031106, ""max_weight_share"": 0.0010099802291676893, ""mean_weight"": 1.0046651791120356, ""hit_rate_proposal"": 0.6676025390625, ""pilot_paths"": 10000, ""total_paths_simulated"": 26384, ""theta_grid"": [[0.0, 210.3257704043314], [0.11430958806722691, 172.68268912330396], [0.22861917613445382, 144.49679137846974], [0.3429287642016807, 123.19966967240116], [0.45723835226890763, 107.00281413510568], [0.5715479403361345, 94.64801936312857], [0.6858575284033614, 85.24308546991416]]}"
b5ce8a69e105,2026-09-25T10:58:05,tamzeed,importance,paper_barrier,call,exact,importance,{},16384,252,10,4062552712,LAPTOP-G689CP2J_AMD64,7.089233670028687,0.04565318674686318,6.999755068225354,7.17871227183202,7.1055282627933245,0.016294592764637628,0.1477166999829933,"{""theta"": 0.6858575284033614, ""theta0"": 0.45723835226890763, ""ESS"": 10150.893877103697, ""ESS_frac"": 0.6195613938661925, ""max_weight"": 12.872212644856184, ""max_weight_share"": 0.0007826081876774829, ""mean_weight"": 1.0038963589092895, ""hit_rate_proposal"": 0.671875, ""pilot_paths"": 10000, ""total_paths_simulated"": 26384, ""theta_grid"": [[0.0, 205.71004865865046], [0.11430958806722691, 169.62675093616792], [0.22861917613445382, 142.47137429433445], [0.3429287642016807, 121.86550830847212], [0.45723835226890763, 106.1398765266867], [0.5715479403361345, 94.11208434676406], [0.6858575284033614, 84.93878489453876]]}"
32bde8c59f50,2026-09-25T10:58:05,tamzeed,importance,paper_barrier,call,exact,importance,{},16384,252,11,3295036476,LAPTOP-G689CP2J_AMD64,7.034060756866655,0.045982116832804065,6.943937463941446,7.124184049791864,7.1055282627933245,0.07146750592666962,0.1467240999918431,"{""theta"": 0.6858575284033614, ""theta0"": 0.45723835226890763, ""ESS"": 10272.850913708347, ""ESS_frac"": 0.6270050606511443, ""max_weight"": 12.132041583842993, ""max_weight_share"": 0.000736242106841433, ""mean_weight"": 1.0057575447268388, ""hit_rate_proposal"": 0.6636962890625, ""pilot_paths"": 10000, ""total_paths_simulated"": 26384, ""theta_grid"": [[0.0, 205.89981596705988], [0.11430958806722691, 169.23818868419653], [0.22861917613445382, 141.72741453462265], [0.3429287642016807, 120.90571786049786], [0.45723835226890763, 105.05107948392131], [0.5715479403361345, 92.94744896771245], [0.6858575284033614, 83.72981181585581]]}"
a747c3d236cf,2026-09-25T10:58:05,tamzeed,importance,paper_barrier,call,exact,importance,{},16384,252,12,3688440255,LAPTOP-G689CP2J_AMD64,7.1556066386742785,0.045520294962149696,7.066388499982825,7.244824777365732,7.1055282627933245,0.050078375880953985,0.1513660999480635,"{""theta"": 0.6858575284033614, ""theta0"": 0.45723835226890763, ""ESS"": 10516.859272685762, ""ESS_frac"": 0.6418981489676369, ""max_weight"": 10.195966498181354, ""max_weight_share"": 0.0006340039071337104, ""mean_weight"": 0.9815592638059557, ""hit_rate_proposal"": 0.67938232421875, ""pilot_paths"": 10000, ""total_paths_simulated"": 26384, ""theta_grid"": [[0.0, 207.4393068614261], [0.11430958806722691, 170.45094376460304], [0.22861917613445382, 142.74189208983574], [0.3429287642016807, 121.79874834992408], [0.45723835226890763, 105.86953685233546], [0.5715479403361345, 93.72077692912126], [0.6858575284033614, 84.47732339776014]]}"
88bcc4c52b65,2026-09-25T10:58:06,tamzeed,importance,paper_barrier,call,exact,importance,{},16384,252,13,2294813582,LAPTOP-G689CP2J_AMD64,7.1055938852179725,0.04562236687183729,7.016175689259698,7.195012081176247,7.1055282627933245,6.562242464802637e-05,0.1509261999744922,"{""theta"": 0.6858575284033614, ""theta0"": 0.45723835226890763, ""ESS"": 10204.355391444347, ""ESS_frac"": 0.6228244257473357, ""max_weight"": 9.705495027361593, ""max_weight_share"": 0.0005923806349083782, ""mean_weight"": 0.9999928602835472, ""hit_rate_proposal"": 0.67449951171875, ""pilot_paths"": 10000, ""total_paths_simulated"": 26384, ""theta_grid"": [[0.0, 211.66856278708792], [0.11430958806722691, 173.95701907084478], [0.22861917613445382, 145.65347847652183], [0.3429287642016807, 124.22592613699292], [0.45723835226890763, 107.90347500843909], [0.5715479403361345, 95.43556056070545], [0.6858575284033614, 85.93245898331178]]}"
be1e79c7e43c,2026-09-25T10:58:06,tamzeed,importance,paper_barrier,call,exact,importance,{},16384,252,14,2172575967,LAPTOP-G689CP2J_AMD64,7.040249453880375,0.04590673908933587,6.9502738986176,7.1302250091431505,7.1055282627933245,0.06527880891294924,0.15273979993071407,"{""theta"": 0.6858575284033614, ""theta0"": 0.45723835226890763, ""ESS"": 10176.481753100335, ""ESS_frac"": 0.6211231538757529, ""max_weight"": 18.95595982276455, ""max_weight_share"": 0.0011510647293173277, ""mean_weight"": 1.005138929360938, ""hit_rate_proposal"": 0.66473388671875, ""pilot_paths"": 10000, ""total_paths_simulated"": 26384, ""theta_grid"": [[0.0, 204.58055939538727], [0.11430958806722691, 168.4060090137559], [0.22861917613445382, 141.23348538335577], [0.3429287642016807, 120.6484372629806], [0.45723835226890763, 104.96073140079685], [0.5715479403361345, 92.97600402179249], [0.6858575284033614, 83.84409930652414]]}"
61ebe7f77611,2026-09-25T10:58:06,tamzeed,importance,paper_barrier,call,exact,importance,{},16384,252,15,1771793337,LAPTOP-G689CP2J_AMD64,7.094193913668633,0.045780604472887475,7.0044655777113,7.183922249625966,7.1055282627933245,0.011334349124691556,0.1558733000420034,"{""theta"": 0.6858575284033614, ""theta0"": 0.45723835226890763, ""ESS"": 9966.954552580786, ""ESS_frac"": 0.6083346284534171, ""max_weight"": 16.631304323901965, ""max_weight_share"": 0.0010089178102666383, ""mean_weight"": 1.006121854249343, ""hit_rate_proposal"": 0.67156982421875, ""pilot_paths"": 10000, ""total_paths_simulated"": 26384, ""theta_grid"": [[0.0, 211.18027520674792], [0.11430958806722691, 173.64836034841252], [0.22861917613445382, 145.4946724480418], [0.3429287642016807, 124.18906129027414], [0.45723835226890763, 107.96502783598365], [0.5715479403361345, 95.57693847557312], [0.6858575284033614, 86.13970626798857]]}"
88c90c3a7e5b,2026-09-25T10:58:06,tamzeed,importance,paper_barrier,call,exact,importance,{},16384,252,16,1172610079,LAPTOP-G689CP2J_AMD64,7.147651540599409,0.04562631230440205,7.058225611735405,7.237077469463414,7.1055282627933245,0.042123277806084936,0.14703190000727773,"{""theta"": 0.6858575284033614, ""theta0"": 0.45723835226890763, ""ESS"": 10424.221809859006, ""ESS_frac"": 0.6362440069494022, ""max_weight"": 11.401710531361825, ""max_weight_share"": 0.0007038620971601357, ""mean_weight"": 0.9886953518405098, ""hit_rate_proposal"": 0.67449951171875, ""pilot_paths"": 10000, ""total_paths_simulated"": 26384, ""theta_grid"": [[0.0, 206.90248966012766], [0.11430958806722691, 169.8825417489241], [0.22861917613445382, 142.1437358921149], [0.3429287642016807, 121.17524229774375], [0.45723835226890763, 105.22471993624927], [0.5715479403361345, 93.05720329153395], [0.6858575284033614, 83.79575395996419]]}"
5d9041f5771e,2026-09-25T10:58:06,tamzeed,importance,paper_barrier,call,exact,importance,{},16384,252,17,2913594811,LAPTOP-G689CP2J_AMD64,7.104238237026529,0.045815188725748995,7.014442117179155,7.194034356873902,7.1055282627933245,0.0012900257667958215,0.15202789998147637,"{""theta"": 0.6858575284033614, ""theta0"": 0.45723835226890763, ""ESS"": 10250.584404599671, ""ESS_frac"": 0.6256460207885541, ""max_weight"": 16.972060447145815, ""max_weight_share"": 0.0010390477109797275, ""mean_weight"": 0.9969632292430896, ""hit_rate_proposal"": 0.6724853515625, ""pilot_paths"": 10000, ""total_paths_simulated"": 26384, ""theta_grid"": [[0.0, 208.6608083928011], [0.11430958806722691, 171.48755288005665], [0.22861917613445382, 143.59861362524217], [0.3429287642016807, 122.4899502100287], [0.45723835226890763, 106.4127730297145], [0.5715479403361345, 94.1334602811175], [0.6858575284033614, 84.77505542161688]]}"
36545c63ccd0,2026-09-25T10:58:06,tamzeed,importance,paper_barrier,call,exact,importance,{},16384,252,18,3142098985,LAPTOP-G689CP2J_AMD64,7.1022477844680285,0.04576282406933714,7.012554297461285,7.191941271474772,7.1055282627933245,0.003280478325295988,0.17476020008325577,"{""theta"": 0.6858575284033614, ""theta0"": 0.45723835226890763, ""ESS"": 10330.674061027246, ""ESS_frac"": 0.63053430548262, ""max_weight"": 10.430903063416016, ""max_weight_share"": 0.0006374572420226106, ""mean_weight"": 0.998736474126712, ""hit_rate_proposal"": 0.6722412109375, ""pilot_paths"": 10000, ""total_paths_simulated"": 26384, ""theta_grid"": [[0.0, 205.57218257068686], [0.11430958806722691, 169.43926321930624], [0.22861917613445382, 142.26213180799772], [0.3429287642016807, 121.64786505537103], [0.45723835226890763, 105.91966743317302], [0.5715479403361345, 93.89129339180364], [0.6858575284033614, 84.7174530021631]]}"
8611264df73d,2026-09-25T10:58:07,tamzeed,importance,paper_barrier,call,exact,importance,{},16384,252,19,3795411690,LAPTOP-G689CP2J_AMD64,7.059280479286311,0.04556577842917304,6.9699731946376,7.148587763935023,7.1055282627933245,0.046247783507013196,0.18145249993540347,"{""theta"": 0.6858575284033614, ""theta0"": 0.45723835226890763, ""ESS"": 10394.517083359142, ""ESS_frac"": 0.6344309743261195, ""max_weight"": 10.735493009421559, ""max_weight_share"": 0.0006539015376958587, ""mean_weight"": 1.0020506994978082, ""hit_rate_proposal"": 0.67230224609375, ""pilot_paths"": 10000, ""total_paths_simulated"": 26384, ""theta_grid"": [[0.0, 210.89357685201728], [0.11430958806722691, 173.1271290786435], [0.22861917613445382, 144.79896970468965], [0.3429287642016807, 123.36335220287381], [0.45723835226890763, 107.04064907809982], [0.5715479403361345, 94.57473171994863], [0.6858575284033614, 85.07229486504905]]}"
d24f5c86929f,2026-09-25T10:58:07,tamzeed,importance,paper_barrier,call,exact,importance,{},65536,252,0,815648530,LAPTOP-G689CP2J_AMD64,7.078523146067672,0.022868750402160742,7.033701218908002,7.123345073227343,7.1055282627933245,0.0270051167256522,0.4294799000490457,"{""theta"": 0.6858575284033614, ""theta0"": 0.45723835226890763, ""ESS"": 40922.42813702342, ""ESS_frac"": 0.6244266988681552, ""max_weight"": 20.58018637965146, ""max_weight_share"": 0.00031378546905056214, ""mean_weight"": 1.000775223225636, ""hit_rate_proposal"": 0.672332763671875, ""pilot_paths"": 10000, ""total_paths_simulated"": 75536, ""theta_grid"": [[0.0, 206.15649657253866], [0.11430958806722691, 169.73059499700935], [0.22861917613445382, 142.37155101430892], [0.3429287642016807, 121.64421129659775], [0.45723835226890763, 105.84588984966344], [0.5715479403361345, 93.77426973980701], [0.6858575284033614, 84.57396752367659]]}"
86640811de7f,2026-09-25T10:58:07,tamzeed,importance,paper_barrier,call,exact,importance,{},65536,252,1,2988075202,LAPTOP-G689CP2J_AMD64,7.067514381168996,0.02281315237784388,7.022801424134598,7.112227338203394,7.1055282627933245,0.038013881624328505,0.43458430003374815,"{""theta"": 0.6858575284033614, ""theta0"": 0.45723835226890763, ""ESS"": 41103.465988250486, ""ESS_frac"": 0.6271891172523573, ""max_weight"": 12.900867877991312, ""max_weight_share"": 0.00019627717784405447, ""mean_weight"": 1.0029266970093351, ""hit_rate_proposal"": 0.673583984375, ""pilot_paths"": 10000, ""total_paths_simulated"": 75536, ""theta_grid"": [[0.0, 209.2748282922851], [0.11430958806722691, 172.12563230926656], [0.22861917613445382, 144.23371853204938], [0.3429287642016807, 123.10789689169096], [0.45723835226890763, 107.00735125971329], [0.5715479403361345, 94.70335380833028], [0.6858575284033614, 85.32191973608013]]}"
01d7d751887e,2026-09-25T10:58:08,tamzeed,importance,paper_barrier,call,exact,importance,{},65536,252,2,3582925585,LAPTOP-G689CP2J_AMD64,7.113698338263417,0.02286758588807932,7.068878693509405,7.158517983017428,7.1055282627933245,0.008170075470092186,0.4306386999087408,"{""theta"": 0.6858575284033614, ""theta0"": 0.45723835226890763, ""ESS"": 41014.929910216604, ""ESS_frac"": 0.6258381639132172, ""max_weight"": 12.139045446530293, ""max_weight_share"": 0.00018561724155461066, ""mean_weight"": 0.9978983220382088, ""hit_rate_proposal"": 0.6738128662109375, ""pilot_paths"": 10000, ""total_paths_simulated"": 75536, ""theta_grid"": [[0.0, 210.60222345195757], [0.11430958806722691, 172.9102251835593], [0.22861917613445382, 144.65989263812526], [0.3429287642016807, 123.29777076525693], [0.45723835226890763, 107.04185856741294], [0.5715479403361345, 94.6361389679746], [0.6858575284033614, 85.18849985277429]]}"
54f6fb1e697b,2026-09-25T10:58:08,tamzeed,importance,paper_barrier,call,exact,importance,{},65536,252,3,1570712439,LAPTOP-G689CP2J_AMD64,7.102654636010729,0.0228302221678129,7.057908222802768,7.14740104921869,7.1055282627933245,0.0028736267825957285,0.45225609990302473,"{""theta"": 0.6858575284033614, ""theta0"": 0.45723835226890763, ""ESS"": 41201.59347896803, ""ESS_frac"": 0.6286864239344487, ""max_weight"": 12.12892084527155, ""max_weight_share"": 0.00018588178336732497, ""mean_weight"": 0.9956470256584088, ""hit_rate_proposal"": 0.6750030517578125, ""pilot_paths"": 10000, ""total_paths_simulated"": 75536, ""theta_grid"": [[0.0, 212.65140504444526], [0.11430958806722691, 174.52979643885703], [0.22861917613445382, 145.95926077177273], [0.3429287642016807, 124.3593175388534], [0.45723835226890763, 107.92745528977599], [0.5715479403361345, 95.39241775540243], [0.6858575284033614, 85.85093797818767]]}"
4340c62d3955,2026-09-25T10:58:09,tamzeed,importance,paper_barrier,call,exact,importance,{},65536,252,4,566497895,LAPTOP-G689CP2J_AMD64,7.08358826270061,0.022867052230090456,7.038769663897037,7.128406861504184,7.1055282627933245,0.02194000009271413,0.47148740000557154,"{""theta"": 0.6858575284033614, ""theta0"": 0.45723835226890763, ""ESS"": 41094.76456052997, ""ESS_frac"": 0.6270563440022273, ""max_weight"": 13.56569789500445, ""max_weight_share"": 0.0002071269711760599, ""mean_weight"": 0.9993682690871026, ""hit_rate_proposal"": 0.6721343994140625, ""pilot_paths"": 10000, ""total_paths_simulated"": 75536, ""theta_grid"": [[0.0, 207.97220803748402], [0.11430958806722691, 171.00937142119483], [0.22861917613445382, 143.28523399541405], [0.3429287642016807, 122.30996801537587], [0.45723835226890763, 106.34404269847312], [0.5715479403361345, 94.1603218672591], [0.6858575284033614, 84.88671203337978]]}"
45f8fd3ca1dc,2026-09-25T10:58:09,tamzeed,importance,paper_barrier,call,exact,importance,{},65536,252,5,701173408,LAPTOP-G689CP2J_AMD64,7.11405227975984,0.022824357575804637,7.069317360941,7.158787198578681,7.1055282627933245,0.008524016966515724,0.46375130000524223,"{""theta"": 0.6858575284033614, ""theta0"": 0.45723835226890763, ""ESS"": 40737.409959772995, ""ESS_frac"": 0.6216035455287627, ""max_weight"": 14.708353336997366, ""max_weight_share"": 0.00022446835998016858, ""mean_weight"": 0.9998365072288539, ""hit_rate_proposal"": 0.6749420166015625, ""pilot_paths"": 10000, ""total_paths_simulated"": 75536, ""theta_grid"": [[0.0, 204.8663566959652], [0.11430958806722691, 168.61152143242913], [0.22861917613445382, 141.37937117272347], [0.3429287642016807, 120.74910701584965], [0.45723835226890763, 105.02664284347165], [0.5715479403361345, 93.01501637365214], [0.6858575284033614, 83.86231026112382]]}"
35c9599455e3,2026-09-25T10:58:10,tamzeed,importance,paper_barrier,call,exact,importance,{},65536,252,6,1165869169,LAPTOP-G689CP2J_AMD64,7.073934791969274,0.02288135553745802,7.0290881591984,7.118781424740147,7.1055282627933245,0.03159347082405084,0.4237636999459937,"{""theta"": 0.6858575284033614, ""theta0"": 0.45723835226890763, ""ESS"": 40842.9106040449, ""ESS_frac"": 0.6232133576056655, ""max_weight"": 15.306454948491703, ""max_weight_share"": 0.00023236405043161384, ""mean_weight"": 1.0051381309624388, ""hit_rate_proposal"": 0.6706085205078125, ""pilot_paths"": 10000, ""total_paths_simulated"": 75536, ""theta_grid"": [[0.0, 200.64929585161872], [0.11430958806722691, 165.4849683430789], [0.22861917613445382, 139.0241730309414], [0.3429287642016807, 118.94626753139559], [0.45723835226890763, 103.62377842421981], [0.5715479403361345, 91.90461477378597], [0.6858575284033614, 82.96744210556966]]}"
ccfca6871410,2026-09-25T10:58:10,tamzeed,importance,paper_barrier,call,exact,importance,{},65536,252,7,2049307204,LAPTOP-G689CP2J_AMD64,7.100202603634264,0.022854944767818602,7.055407735020688,7.14499747224784,7.1055282627933245,0.005325659159060692,0.4355842999648303,"{""theta"": 0.6858575284033614, ""theta0"": 0.45723835226890763, ""ESS"": 40964.97092079154, ""ESS_frac"": 0.6250758502318045, ""max_weight"": 16.39624151596266, ""max_weight_share"": 0.00025083331074960807, ""mean_weight"": 0.997422511237457, ""hit_rate_proposal"": 0.6732330322265625, ""pilot_paths"": 10000, ""total_paths_simulated"": 75536, ""theta_grid"": [[0.0, 211.82772146478337], [0.11430958806722691, 173.7673739952952], [0.22861917613445382, 145.27375849100105], [0.3429287642016807, 123.74867596863433], [0.45723835226890763, 107.38223832825341], [0.5715479403361345, 94.90080389685234], [0.6858575284033614, 85.40097541918051]]}"
8ebd58d6237f,2026-09-25T10:58:10,tamzeed,importance,paper_barrier,call,exact,importance,{},65536,252,8,654401949,LAPTOP-G689CP2J_AMD64,7.098829877576498,0.022825954478498528,7.05409182888589,7.143567926267106,7.1055282627933245,0.00669838521682653,0.41829170007258654,"{""theta"": 0.6858575284033614, ""theta0"": 0.45723835226890763, ""ESS"": 41289.23272219342, ""ESS_frac"": 0.630023692660422, ""max_weight"": 14.777615920899866, ""max_weight_share"": 0.00022649138309901797, ""mean_weight"": 0.9955721983695653, ""hit_rate_proposal"": 0.6739959716796875, ""pilot_paths"": 10000, ""total_paths_simulated"": 75536, ""theta_grid"": [[0.0, 209.1664142082643], [0.11430958806722691, 171.65016508837695], [0.22861917613445382, 143.5217917741525], [0.3429287642016807, 122.24501988191419], [0.45723835226890763, 106.0486027982785], [0.5715479403361345, 93.68320242801416], [0.6858575284033614, 84.2607882000779]]}"
a7c921b20202,2026-09-25T10:58:11,tamzeed,importance,paper_barrier,call,exact,importance,{},65536,252,9,2538155793,LAPTOP-G689CP2J_AMD64,7.117935892725914,0.02282973350512189,7.073190437279227,7.1626813481726,7.1055282627933245,0.01240762993258926,0.41771139996126294,"{""theta"": 0.6858575284033614, ""theta0"": 0.45723835226890763, ""ESS"": 41180.63737001135, ""ESS_frac"": 0.6283666590883079, ""max_weight"": 14.138483393537264, ""max_weight_share"": 0.00021701177042011025, ""mean_weight"": 0.994121818129973, ""hit_rate_proposal"": 0.67547607421875, ""pilot_paths"": 10000, ""total_paths_simulated"": 75536, ""theta_grid"": [[0.0, 210.74355081986621], [0.11430958806722691, 173.23038084085357], [0.22861917613445382, 145.05924193721265], [0.3429287642016807, 123.72338126448956], [0.45723835226890763, 107.46683793958556], [0.5715479403361345, 95.04803608898858], [0.6858575284033614, 85.58278769793381]]}"
a9a954ac228e,2026-09-25T10:58:11,tamzeed,importance,paper_barrier,call,exact,importance,{},65536,252,10,51073652,LAPTOP-G689CP2J_AMD64,7.097916490047462,0.022886917043081944,7.053058956925866,7.142774023169058,7.1055282627933245,0.007611772745862666,0.4452500999905169,"{""theta"": 0.6858575284033614, ""theta0"": 0.45723835226890763, ""ESS"": 41044.845862341426, ""ESS_frac"": 0.6262946451162937, ""max_weight"": 12.847630249081456, ""max_weight_share"": 0.0001960457675492871, ""mean_weight"": 0.9999669075969355, ""hit_rate_proposal"": 0.6720123291015625, ""pilot_paths"": 10000, ""total_paths_simulated"": 75536, ""theta_grid"": [[0.0, 211.23070691964594], [0.11430958806722691, 173.19601114770472], [0.22861917613445382, 144.76083887666422], [0.3429287642016807, 123.30550358421858], [0.45723835226890763, 107.00940812890032], [0.5715479403361345, 94.59406446483986], [0.6858575284033614, 85.15435978031414]]}"
f2b82cb9689f,2026-09-25T10:58:12,tamzeed,importance,paper_barrier,call,exact,importance,{},65536,252,11,162145296,LAPTOP-G689CP2J_AMD64,7.1202759229222,0.02281751688578626,7.075554411609425,7.164997434234976,7.1055282627933245,0.01474766012887585,0.42559889995027333,"{""theta"": 0.6858575284033614, ""theta0"": 0.45723835226890763, ""ESS"": 41028.57302005655, ""ESS_frac"": 0.6260463412484215, ""max_weight"": 14.995317575760374, ""max_weight_share"": 0.00023002115544844723, ""mean_weight"": 0.9947362770508639, ""hit_rate_proposal"": 0.6761322021484375, ""pilot_paths"": 10000, ""total_paths_simulated"": 75536, ""theta_grid"": [[0.0, 206.4939829003379], [0.11430958806722691, 169.90264502267152], [0.22861917613445382, 142.412251963214], [0.3429287642016807, 121.58280089369995], [0.45723835226890763, 105.70557485861063], [0.5715479403361345, 93.57257156370046], [0.6858575284033614, 84.32356660220698]]}"
daae2d84b1a2,2026-09-25T10:58:12,tamzeed,importance,paper_barrier,call,exact,importance,{},65536,252,12,2062529769,LAPTOP-G689CP2J_AMD64,7.088112057253232,0.022831948075156604,7.043362261329037,7.1328618531774275,7.1055282627933245,0.017416205540092378,0.42983010003808886,"{""theta"": 0.6858575284033614, ""theta0"": 0.45723835226890763, ""ESS"": 40823.08333944336, ""ESS_frac"": 0.6229108175574243, ""max_weight"": 14.520768537059329, ""max_weight_share"": 0.00022126657216494695, ""mean_weight"": 1.0013683583763495, ""hit_rate_proposal"": 0.6726531982421875, ""pilot_paths"": 10000, ""total_paths_simulated"": 75536, ""theta_grid"": [[0.0, 206.0633276737954], [0.11430958806722691, 169.64320372249867], [0.22861917613445382, 142.26989968716074], [0.3429287642016807, 121.5232054954437], [0.45723835226890763, 105.70659180911035], [0.5715479403361345, 93.6197675498973], [0.6858575284033614, 84.40754102718104]]}"
e56b6fd466e5,2026-09-25T10:58:13,tamzeed,importance,paper_barrier,call,exact,importance,{},65536,252,13,2007950216,LAPTOP-G689CP2J_AMD64,7.07274837985818,0.02288171020674761,7.027901051948272,7.117595707768088,7.1055282627933245,0.03277988293514422,0.4215202000923455,"{""theta"": 0.6858575284033614, ""theta0"": 0.45723835226890763, ""ESS"": 41433.68670535766, ""ESS_frac"": 0.6322278855187631, ""max_weight"": 12.655343697112649, ""max_weight_share"": 0.00019352674551209367, ""mean_weight"": 0.9978218745770903, ""hit_rate_proposal"": 0.6703033447265625, ""pilot_paths"": 10000, ""total_paths_simulated"": 75536, ""theta_grid"": [[0.0, 196.8320592188832], [0.11430958806722691, 162.35446983647483], [0.22861917613445382, 136.43622210302058], [0.3429287642016807, 116.78859009153237], [0.45723835226890763, 101.80937473688589], [0.5715479403361345, 90.36618379251281], [0.6858575284033614, 81.65294177986807]]}"
05b707b0548a,2026-09-25T10:58:13,tamzeed,importance,paper_barrier,call,exact,importance,{},65536,252,14,464029559,LAPTOP-G689CP2J_AMD64,7.095268905172396,0.022885688680906072,7.050413779596424,7.1401240307483675,7.1055282627933245,0.010259357620928888,0.43190089997369796,"{""theta"": 0.6858575284033614, ""theta0"": 0.45723835226890763, ""ESS"": 41211.70378108317, ""ESS_frac"": 0.6288406949017817, ""max_weight"": 10.860078319524026, ""max_weight_share"": 0.000165747528918929, ""mean_weight"": 0.9997834981956205, ""hit_rate_proposal"": 0.67120361328125, ""pilot_paths"": 10000, ""total_paths_simulated"": 75536, ""theta_grid"": [[0.0, 211.45461081087524], [0.11430958806722691, 173.57138065537364], [0.22861917613445382, 145.2004045709615], [0.3429287642016807, 123.76062387856147], [0.45723835226890763, 107.4537077312747], [0.5715479403361345, 95.01391652615813], [0.6858575284033614, 85.54331594096111]]}"
e0b4811dfb1a,2026-09-25T10:58:13,tamzeed,importance,paper_barrier,call,exact,importance,{},65536,252,15,1033188750,LAPTOP-G689CP2J_AMD64,7.117973390025843,0.0228438850538193,7.073200198053384,7.162746581998301,7.1055282627933245,0.012445127232518338,0.42431070003658533,"{""theta"": 0.6858575284033614, ""theta0"": 0.45723835226890763, ""ESS"": 40909.9789805071, ""ESS_frac"": 0.6242367398148666, ""max_weight"": 15.575044519353593, ""max_weight_share"": 0.00023867013129053957, ""mean_weight"": 0.9957522446349089, ""hit_rate_proposal"": 0.6756134033203125, ""pilot_paths"": 10000, ""total_paths_simulated"": 75536, ""theta_grid"": [[0.0, 199.91021035393254], [0.11430958806722691, 164.63876701641368], [0.22861917613445382, 138.16217968919025], [0.3429287642016807, 118.11229752548984], [0.45723835226890763, 102.83616862075709], [0.5715479403361345, 91.16826562877225], [0.6858575284033614, 82.28038101206693]]}"
39752a09d24d,2026-09-25T10:58:14,tamzeed,importance,paper_barrier,call,exact,importance,{},65536,252,16,2960495141,LAPTOP-G689CP2J_AMD64,7.102825325610421,0.02285391493381947,7.058032475434392,7.147618175786449,7.1055282627933245,0.0027029371829039306,0.48245699994731694,"{""theta"": 0.6858575284033614, ""theta0"": 0.45723835226890763, ""ESS"": 40942.13401234249, ""ESS_frac"": 0.6247273866629408, ""max_weight"": 12.883213972265565, ""max_weight_share"": 0.00019642691849331803, ""mean_weight"": 1.000790756978353, ""hit_rate_proposal"": 0.673126220703125, ""pilot_paths"": 10000, ""total_paths_simulated"": 75536, ""theta_grid"": [[0.0, 203.40272858887332], [0.11430958806722691, 167.50319888124125], [0.22861917613445382, 140.56304350089357], [0.3429287642016807, 120.17137538187923], [0.45723835226890763, 104.64397699312272], [0.5715479403361345, 92.79280676360634], [0.6858575284033614, 83.77363765722252]]}"
59e13044fe5a,2026-09-25T10:58:14,tamzeed,importance,paper_barrier,call,exact,importance,{},65536,252,17,2089315345,LAPTOP-G689CP2J_AMD64,7.0938676317672185,0.022878637819070336,7.049026325626505,7.138708937907932,7.1055282627933245,0.011660631026106039,0.41513649991247803,"{""theta"": 0.6858575284033614, ""theta0"": 0.45723835226890763, ""ESS"": 40425.00475442651, ""ESS_frac"": 0.6168366203983537, ""max_weight"": 36.24607114007423, ""max_weight_share"": 0.000552331830427602, ""mean_weight"": 1.0013385494053224, ""hit_rate_proposal"": 0.6719818115234375, ""pilot_paths"": 10000, ""total_paths_simulated"": 75536, ""theta_grid"": [[0.0, 203.81341937149907], [0.11430958806722691, 167.53770114009174], [0.22861917613445382, 140.3600154373452], [0.3429287642016807, 119.81589129196466], [0.45723835226890763, 104.18841855498624], [0.5715479403361345, 92.26923172610223], [0.6858575284033614, 83.20120810509029]]}"
147354962bab,2026-09-25T10:58:15,tamzeed,importance,paper_barrier,call,exact,importance,{},65536,252,18,2298336938,LAPTOP-G689CP2J_AMD64,7.079909028481807,0.022871056633392926,7.035082581191981,7.124735475771633,7.1055282627933245,0.02561923431151758,0.460054500028491,"{""theta"": 0.6858575284033614, ""theta0"": 0.45723835226890763, ""ESS"": 41061.85543558715, ""ESS_frac"": 0.6265541906064934, ""max_weight"": 13.20186921882206, ""max_weight_share"": 0.0002010734768607043, ""mean_weight"": 1.0018453989347895, ""hit_rate_proposal"": 0.6718597412109375, ""pilot_paths"": 10000, ""total_paths_simulated"": 75536, ""theta_grid"": [[0.0, 207.9226484618456], [0.11430958806722691, 170.6971424749014], [0.22861917613445382, 142.79812745668957], [0.3429287642016807, 121.70337445489119], [0.45723835226890763, 105.65212077634457], [0.5715479403361345, 93.40310770396798], [0.6858575284033614, 84.07463573438726]]}"
8fb82d4b51a2,2026-09-25T10:58:15,tamzeed,importance,paper_barrier,call,exact,importance,{},65536,252,19,2577165638,LAPTOP-G689CP2J_AMD64,7.061814489466549,0.02289198281215542,7.016947027620015,7.1066819513130834,7.1055282627933245,0.043713773326775396,0.4737249000463635,"{""theta"": 0.6858575284033614, ""theta0"": 0.45723835226890763, ""ESS"": 40896.312180468776, ""ESS_frac"": 0.6240282009959225, ""max_weight"": 17.01237920504514, ""max_weight_share"": 0.00025868365158551493, ""mean_weight"": 1.0034971446783958, ""hit_rate_proposal"": 0.668212890625, ""pilot_paths"": 10000, ""total_paths_simulated"": 75536, ""theta_grid"": [[0.0, 204.43116842927805], [0.11430958806722691, 168.02694399439477], [0.22861917613445382, 140.7312906789079], [0.3429287642016807, 120.08343135452526], [0.45723835226890763, 104.36610599940617], [0.5715479403361345, 92.36892351520957], [0.6858575284033614, 83.23217593524627]]}"
8ae58bf1976c,2026-09-25T10:58:15,tamzeed,importance,rare_barrier,call,exact,plain,{},256,252,0,1166852235,LAPTOP-G689CP2J_AMD64,0.3627049209862012,0.26621520520168207,-0.15906729334603564,0.8844771353184381,1.1464412081242243,0.7837362871380231,0.0012780000688508153,
a85199d32c31,2026-09-25T10:58:15,tamzeed,importance,rare_barrier,call,exact,plain,{},256,252,1,3209241573,LAPTOP-G689CP2J_AMD64,0.39802399544314704,0.2893761925282061,-0.1691429198954657,0.9651909107817598,1.1464412081242243,0.7484172126810773,0.0013881000922992826,
7323fde5ed19,2026-09-25T10:58:15,tamzeed,importance,rare_barrier,call,exact,plain,{},256,252,2,2717414509,LAPTOP-G689CP2J_AMD64,0.940482919871699,0.41980829083907345,0.11767378941579865,1.7632920503275993,1.1464412081242243,0.20595828825252538,0.001457400037907064,
b7879861d391,2026-09-25T10:58:15,tamzeed,importance,rare_barrier,call,exact,plain,{},256,252,3,3387201209,LAPTOP-G689CP2J_AMD64,0.48022026479351,0.34084709994090684,-0.1878277753255918,1.148268304912612,1.1464412081242243,0.6662209433307144,0.0014526000013574958,
e1fe605f23b5,2026-09-25T10:58:15,tamzeed,importance,rare_barrier,call,exact,plain,{},256,252,4,3766045034,LAPTOP-G689CP2J_AMD64,1.3111892939555676,0.5571479751225505,0.2191993286559506,2.4031792592551846,1.1464412081242243,0.16474808583134326,0.0013270999770611525,
a5a632202d2e,2026-09-25T10:58:15,tamzeed,importance,rare_barrier,call,exact,plain,{},256,252,5,1387124975,LAPTOP-G689CP2J_AMD64,1.2344654637774921,0.5097494076637302,0.2353749836159551,2.233555943939029,1.1464412081242243,0.08802425565326777,0.0013234999496489763,
564f6cbe5323,2026-09-25T10:58:15,tamzeed,importance,rare_barrier,call,exact,plain,{},256,252,6,1657728110,LAPTOP-G689CP2J_AMD64,0.36711153443432065,0.2658401828241537,-0.1539256495445641,0.8881487184132054,1.1464412081242243,0.7793296736899037,0.0013374000554904342,
f4b1782b45ed,2026-09-25T10:58:15,tamzeed,importance,rare_barrier,call,exact,plain,{},256,252,7,1657949048,LAPTOP-G689CP2J_AMD64,1.1663850825846676,0.5423374978942406,0.10342311924638858,2.2293470459229465,1.1464412081242243,0.01994387446044321,0.0014131000498309731,
b2cb8013cbab,2026-09-25T10:58:15,tamzeed,importance,rare_barrier,call,exact,plain,{},256,252,8,2026393161,LAPTOP-G689CP2J_AMD64,0.8338923158106495,0.41498493790201063,0.020536783396117864,1.647247848225181,1.1464412081242243,0.31254889231357486,0.0013564999680966139,
b1bd94e7de1b,2026-09-25T10:58:15,tamzeed,importance,rare_barrier,call,exact,plain,{},256,252,9,2439412098,LAPTOP-G689CP2J_AMD64,1.150190368479881,0.5335487021303447,0.10445412830631629,2.195926608653446,1.1464412081242243,0.0037491603556567554,0.001332600018940866,
91a674719234,2026-09-25T10:58:15,tamzeed,importance,rare_barrier,call,exact,plain,{},256,252,10,3946066235,LAPTOP-G689CP2J_AMD64,0.19055649670156488,0.1905564967015648,-0.18292737385362773,0.5640403672567575,1.1464412081242243,0.9558847114226594,0.0013331000227481127,
8ac0854b6f37,2026-09-25T10:58:15,tamzeed,importance,rare_barrier,call,exact,plain,{},256,252,11,1496239572,LAPTOP-G689CP2J_AMD64,1.6059522144576899,0.5713858154572807,0.48605659488437003,2.7258478340310095,1.1464412081242243,0.45951100633346553,0.0013626000145450234,
4bb7e77cfbc8,2026-09-25T10:58:15,tamzeed,importance,rare_barrier,call,exact,plain,{},256,252,12,38981476,LAPTOP-G689CP2J_AMD64,0.4698357968280658,0.27728683504015594,-0.0736364132377389,1.0133080068938705,1.1464412081242243,0.6766054112961586,0.0015014000236988068,
bb40fea26a9f,2026-09-25T10:58:15,tamzeed,importance,rare_barrier,call,exact,plain,{},256,252,13,3794569178,LAPTOP-G689CP2J_AMD64,0.442041905143152,0.31218553006664684,-0.16983049028202202,1.053914300568326,1.1464412081242243,0.7043993029810723,0.0013637000229209661,
1efa5cae4ccf,2026-09-25T10:58:15,tamzeed,importance,rare_barrier,call,exact,plain,{},256,252,14,699983638,LAPTOP-G689CP2J_AMD64,1.2404462462144221,0.557394028439063,0.14797402527616388,2.3329184671526804,1.1464412081242243,0.09400503809019778,0.0013514000456780195,
bc281692d7f7,2026-09-25T10:58:15,tamzeed,importance,rare_barrier,call,exact,plain,{},256,252,15,1910286126,LAPTOP-G689CP2J_AMD64,1.7346838230715245,0.5876644474133604,0.5828826711467054,2.8864849749963435,1.1464412081242243,0.5882426149473001,0.0013495000312104821,
b7660d0a811c,2026-09-25T10:58:15,tamzeed,importance,rare_barrier,call,exact,plain,{},256,252,16,3821940595,LAPTOP-G689CP2J_AMD64,0.9803557582426277,0.5036653656020479,-0.006810218597585238,1.9675217350828405,1.1464412081242243,0.16608544988159668,0.001362999901175499,
476fadf66fd5,2026-09-25T10:58:15,tamzeed,importance,rare_barrier,call,exact,plain,{},256,252,17,2391208292,LAPTOP-G689CP2J_AMD64,0.7881697549403293,0.46971520811830125,-0.1324551359622772,1.7087946458429357,1.1464412081242243,0.3582714531838951,0.0013565999688580632,
6211293ecfe9,2026-09-25T10:58:15,tamzeed,importance,rare_barrier,call,exact,plain,{},256,252,18,1476040389,LAPTOP-G689CP2J_AMD64,1.553777006163431,0.6601469707761511,0.2599127189389592,2.8476412933879027,1.1464412081242243,0.4073357980392067,0.0013541999505832791,
c986e93c4697,2026-09-25T10:58:15,tamzeed,importance,rare_barrier,call,exact,plain,{},256,252,19,40685021,LAPTOP-G689CP2J_AMD64,1.6135204999465522,0.6212980504536033,0.39579869739254026,2.831242302500564,1.1464412081242243,0.4670792918223279,0.001434299978427589,
336e0b08e01d,2026-09-25T10:58:15,tamzeed,importance,rare_barrier,call,exact,plain,{},1024,252,0,2114425080,LAPTOP-G689CP2J_AMD64,1.1974430516019288,0.2530718469204458,0.7014313461368211,1.6934547570670364,1.1464412081242243,0.05100184347770442,0.005549099994823337,
be74597e8553,2026-09-25T10:58:15,tamzeed,importance,rare_barrier,call,exact,plain,{},1024,252,1,1613023628,LAPTOP-G689CP2J_AMD64,1.3290871544918057,0.28037508947144696,0.7795620769655743,1.8786122320180372,1.1464412081242243,0.18264594636758136,0.005637099966406822,
d520b53f6861,2026-09-25T10:58:15,tamzeed,importance,rare_barrier,call,exact,plain,{},1024,252,2,1543153556,LAPTOP-G689CP2J_AMD64,1.6882125571518256,0.31194373982857043,1.0768140618850948,2.2996110524185562,1.1464412081242243,0.5417713490276013,0.005723200039938092,
45703175145f,2026-09-25T10:58:15,tamzeed,importance,rare_barrier,call,exact,plain,{},1024,252,3,3675282952,LAPTOP-G689CP2J_AMD64,1.098631823942388,0.24843632158122192,0.6117055811915821,1.5855580666931939,1.1464412081242243,0.047809384181836334,0.00553069997113198,
d0e204d609ae,2026-09-25T10:58:15,tamzeed,importance,rare_barrier,call,exact,plain,{},1024,252,4,234534153,LAPTOP-G689CP2J_AMD64,1.4087512816143615,0.2781038826697281,0.8636776876209415,1.9538248756077814,1.1464412081242243,0.26231007349013713,0.006024700007401407,
38553c07c203,2026-09-25T10:58:15,tamzeed,importance,rare_barrier,call,exact,plain,{},1024,252,5,699897004,LAPTOP-G689CP2J_AMD64,0.8986303158689004,0.23668603512601946,0.43473421137832013,1.3625264203594807,1.1464412081242243,0.24781089225532393,0.006946700043044984,
9c7a3d0101e1,2026-09-25T10:58:15,tamzeed,importance,rare_barrier,call,exact,plain,{},1024,252,6,2075038939,LAPTOP-G689CP2J_AMD64,1.0129726091199127,0.2344298473422689,0.5534985514278428,1.4724466668119827,1.1464412081242243,0.13346859900431163,0.006740199984051287,
5f46b0ecd1f4,2026-09-25T10:58:15,tamzeed,importance,rare_barrier,call,exact,plain,{},1024,252,7,3527635602,LAPTOP-G689CP2J_AMD64,1.1462329027156408,0.24684011566674158,0.6624351660691261,1.6300306393621555,1.1464412081242243,0.0002083054085835201,0.006682500010356307,
caccc60165e6,2026-09-25T10:58:15,tamzeed,importance,rare_barrier,call,exact,plain,{},1024,252,8,3408472517,LAPTOP-G689CP2J_AMD64,1.102494053906653,0.24455506133753013,0.6231749414481101,1.5818131663651958,1.1464412081242243,0.04394715421757134,0.006416899967007339,
71ffdc54bad7,2026-09-25T10:58:15,tamzeed,importance,rare_barrier,call,exact,plain,{},1024,252,9,3544251304,LAPTOP-G689CP2J_AMD64,1.2293431489495998,0.2587419288781256,0.7222182870580496,1.73646801084115,1.1464412081242243,0.0829019408253755,0.0064700000220909715,
0b38ef62b956,2026-09-25T10:58:15,tamzeed,importance,rare_barrier,call,exact,plain,{},1024,252,10,2313891780,LAPTOP-G689CP2J_AMD64,0.8388140076546587,0.22124140652289553,0.4051888189807985,1.272439196328519,1.1464412081242243,0.3076272004695656,0.006430699955672026,
1ac941bc93e4,2026-09-25T10:58:15,tamzeed,importance,rare_barrier,call,exact,plain,{},1024,252,11,71976736,LAPTOP-G689CP2J_AMD64,1.0486127684055662,0.2387620275101023,0.5806477936100041,1.5165777432011283,1.1464412081242243,0.09782843971865818,0.00652220007032156,
95a4f315a126,2026-09-25T10:58:15,tamzeed,importance,rare_barrier,call,exact,plain,{},1024,252,12,2996309262,LAPTOP-G689CP2J_AMD64,1.2761967386365562,0.26103137646949154,0.7645846419214367,1.787808835351676,1.1464412081242243,0.1297555305123319,0.006243000039830804,
560421fa277a,2026-09-25T10:58:15,tamzeed,importance,rare_barrier,call,exact,plain,{},1024,252,13,2818596797,LAPTOP-G689CP2J_AMD64,1.3047376143309217,0.2801294962659063,0.7556938906423979,1.8537813380194454,1.1464412081242243,0.15829640620669738,0.006368400063365698,
e7ac7f4f4044,2026-09-25T10:58:15,tamzeed,importance,rare_barrier,call,exact,plain,{},1024,252,14,1529745921,LAPTOP-G689CP2J_AMD64,1.4319539743264205,0.2909703363629857,0.8616625944854632,2.0022453541673775,1.1464412081242243,0.2855127662021961,0.006535399938002229,
a9b9af8d5091,2026-09-25T10:58:15,tamzeed,importance,rare_barrier,call,exact,plain,{},1024,252,15,2598334580,LAPTOP-G689CP2J_AMD64,1.2608729636275249,0.262767654083784,0.745857825321229,1.7758881019338206,1.1464412081242243,0.11443175550330054,0.006051599979400635,
f5f08ea3078b,2026-09-25T10:58:15,tamzeed,importance,rare_barrier,call,exact,plain,{},1024,252,16,1475205453,LAPTOP-G689CP2J_AMD64,1.0718081481177502,0.2553123413727808,0.5714051542185042,1.5722111420169962,1.1464412081242243,0.07463306000647418,0.006281100097112358,
d7b446cddd29,2026-09-25T10:58:15,tamzeed,importance,rare_barrier,call,exact,plain,{},1024,252,17,3389907716,LAPTOP-G689CP2J_AMD64,1.0648924509317284,0.24232975338185214,0.5899348619208248,1.5398500399426318,1.1464412081242243,0.08154875719249599,0.006049099960364401,
ee258f743097,2026-09-25T10:58:16,tamzeed,importance,rare_barrier,call,exact,plain,{},1024,252,18,1908681731,LAPTOP-G689CP2J_AMD64,1.1138028826657789,0.24768977056998828,0.6283398530096128,1.599265912321945,1.1464412081242243,0.03263832545844547,0.006755299982614815,
e65a64e2c1ea,2026-09-25T10:58:16,tamzeed,importance,rare_barrier,call,exact,plain,{},1024,252,19,2575897347,LAPTOP-G689CP2J_AMD64,0.770685644987744,0.20331201984224703,0.37220140847284694,1.169169881502641,1.1464412081242243,0.3757555631364804,0.0060659999726340175,
0ae819baff91,2026-09-25T10:58:16,tamzeed,importance,rare_barrier,call,exact,plain,{},4096,252,0,3455780645,LAPTOP-G689CP2J_AMD64,0.8368153375131189,0.1101000363115314,0.6210232316459652,1.0526074433802726,1.1464412081242243,0.30962587061110547,0.024658999987877905,
3779a655eea5,2026-09-25T10:58:16,tamzeed,importance,rare_barrier,call,exact,plain,{},4096,252,1,1179702647,LAPTOP-G689CP2J_AMD64,1.0038046542073888,0.11928127133360428,0.7700176583633744,1.2375916500514033,1.1464412081242243,0.1426365539168355,0.026077899965457618,
5462c76431a6,2026-09-25T10:58:16,tamzeed,importance,rare_barrier,call,exact,plain,{},4096,252,2,1432454788,LAPTOP-G689CP2J_AMD64,0.9871827428278299,0.12180060609343939,0.7484579415895389,1.225907544066121,1.1464412081242243,0.15925846529639442,0.025590899982489645,
07aaf4627eaf,2026-09-25T10:58:16,tamzeed,importance,rare_barrier,call,exact,plain,{},4096,252,3,364544087,LAPTOP-G689CP2J_AMD64,1.0196379591382538,0.11891687508647865,0.7865651668147072,1.2527107514618003,1.1464412081242243,0.1268032489859705,0.024452900048345327,
5bada460d026,2026-09-25T10:58:16,tamzeed,importance,rare_barrier,call,exact,plain,{},4096,252,4,3812036815,LAPTOP-G689CP2J_AMD64,1.2859038225106771,0.1320993502378293,1.0269938536633891,1.5448137913579651,1.1464412081242243,0.1394626143864528,0.024578899960033596,
36754e05512b,2026-09-25T10:58:16,tamzeed,importance,rare_barrier,call,exact,plain,{},4096,252,5,1535903848,LAPTOP-G689CP2J_AMD64,1.0107496857861604,0.11676559618854718,0.7818933226232605,1.2396060489490603,1.1464412081242243,0.13569152233806392,0.023180200019851327,
19d650c8b923,2026-09-25T10:58:16,tamzeed,importance,rare_barrier,call,exact,plain,{},4096,252,6,1179999778,LAPTOP-G689CP2J_AMD64,0.994701634173537,0.11560676260906268,0.7681165430905024,1.2212867252565716,1.1464412081242243,0.15173957395068738,0.02273379999678582,
7344073af587,2026-09-25T10:58:16,tamzeed,importance,rare_barrier,call,exact,plain,{},4096,252,7,1958611594,LAPTOP-G689CP2J_AMD64,1.1060586817291254,0.12397357662794785,0.863074936503731,1.3490424269545198,1.1464412081242243,0.04038252639509898,0.02283149992581457,
4f41f51e233b,2026-09-25T10:58:16,tamzeed,importance,rare_barrier,call,exact,plain,{},4096,252,8,2126465870,LAPTOP-G689CP2J_AMD64,0.9013170742320287,0.11536913089176547,0.675197732756481,1.1274364157075762,1.1464412081242243,0.24512413389219567,0.02278539992403239,
93665e9cf403,2026-09-25T10:58:16,tamzeed,importance,rare_barrier,call,exact,plain,{},4096,252,9,3537638961,LAPTOP-G689CP2J_AMD64,1.117323477804316,0.125832294936824,0.8706967116361192,1.3639502439725129,1.1464412081242243,0.029117730319908386,0.022865400067530572,
e02e09100954,2026-09-25T10:58:16,tamzeed,importance,rare_barrier,call,exact,plain,{},4096,252,10,114313174,LAPTOP-G689CP2J_AMD64,1.0112523016873247,0.11956056565489431,0.7769178990324953,1.245586704342154,1.1464412081242243,0.13518890643689963,0.023015599930658937,
3253f2e2aec5,2026-09-25T10:58:16,tamzeed,importance,rare_barrier,call,exact,plain,{},4096,252,11,2835213536,LAPTOP-G689CP2J_AMD64,1.293127046741478,0.1353348716866286,1.0278755723833364,1.5583785210996195,1.1464412081242243,0.1466858386172536,0.022736999904736876,
61342c18ff96,2026-09-25T10:58:16,tamzeed,importance,rare_barrier,call,exact,plain,{},4096,252,12,1596709716,LAPTOP-G689CP2J_AMD64,1.0767058101584164,0.123803742804366,0.8340549331105991,1.3193566872062337,1.1464412081242243,0.06973539796580797,0.02345380000770092,
b0ecb1510b7a,2026-09-25T10:58:16,tamzeed,importance,rare_barrier,call,exact,plain,{},4096,252,13,1312577827,LAPTOP-G689CP2J_AMD64,1.0443952519034265,0.12219670419142628,0.8048941126587363,1.2838963911481167,1.1464412081242243,0.10204595622079782,0.022345999954268336,
431365b263f9,2026-09-25T10:58:16,tamzeed,importance,rare_barrier,call,exact,plain,{},4096,252,14,3292555208,LAPTOP-G689CP2J_AMD64,1.0533091576285472,0.12335768508019572,0.8115325376551296,1.2950857776019646,1.1464412081242243,0.09313205049567719,0.022346199955791235,
ee33be6abed7,2026-09-25T10:58:16,tamzeed,importance,rare_barrier,call,exact,plain,{},4096,252,15,3889501669,LAPTOP-G689CP2J_AMD64,1.1237223749672034,0.1283233132505278,0.8722133026193175,1.3752314473150893,1.1464412081242243,0.022718833157020946,0.02287050010636449,
c5b9cdfb0f72,2026-09-25T10:58:16,tamzeed,importance,rare_barrier,call,exact,plain,{},4096,252,16,3429062414,LAPTOP-G689CP2J_AMD64,1.2547123000609444,0.1357899326910779,0.9885689225233136,1.520855677598575,1.1464412081242243,0.10827109193672002,0.02147449995391071,
c19b7dc02687,2026-09-25T10:58:16,tamzeed,importance,rare_barrier,call,exact,plain,{},4096,252,17,239077132,LAPTOP-G689CP2J_AMD64,1.0870350430238451,0.12271962447051483,0.8465089988653558,1.3275610871823345,1.1464412081242243,0.059406165100379216,0.021745300036855042,
fa3e447afd9b,2026-09-25T10:58:16,tamzeed,importance,rare_barrier,call,exact,plain,{},4096,252,18,3391808098,LAPTOP-G689CP2J_AMD64,1.2975159500044546,0.13738233389158322,1.028251523464895,1.5667803765440143,1.1464412081242243,0.1510747418802303,0.02175419998820871,
f53dcb287048,2026-09-25T10:58:16,tamzeed,importance,rare_barrier,call,exact,plain,{},4096,252,19,113904363,LAPTOP-G689CP2J_AMD64,0.9441917711796259,0.11592741174372656,0.7169782193409762,1.1714053230182757,1.1464412081242243,0.2022494369445984,0.02105380001012236,
711bcc819d99,2026-09-25T10:58:16,tamzeed,importance,rare_barrier,call,exact,plain,{},16384,252,0,2954586417,LAPTOP-G689CP2J_AMD64,1.0460386243319433,0.061679726941866735,0.9251485809496196,1.166928667714267,1.1464412081242243,0.10040258379228106,0.08637959999032319,
1fee69541be1,2026-09-25T10:58:16,tamzeed,importance,rare_barrier,call,exact,plain,{},16384,252,1,3071978729,LAPTOP-G689CP2J_AMD64,1.105951621764929,0.06201610133072523,0.984402296695121,1.2275009468347369,1.1464412081242243,0.04048958635929534,0.08694870001636446,
e157f6a28bca,2026-09-25T10:58:16,tamzeed,importance,rare_barrier,call,exact,plain,{},16384,252,2,3816336530,LAPTOP-G689CP2J_AMD64,1.0715604678320747,0.06142835773710883,0.951163099037899,1.1919578366262504,1.1464412081242243,0.07488074029214964,0.0859185999725014,
de9df480fd15,2026-09-25T10:58:16,tamzeed,importance,rare_barrier,call,exact,plain,{},16384,252,3,2628024705,LAPTOP-G689CP2J_AMD64,0.9589678882023818,0.059465338853815455,0.8424179657204331,1.0755178106843304,1.1464412081242243,0.18747331992184257,0.08635430003050715,
fd033efb14fe,2026-09-25T10:58:16,tamzeed,importance,rare_barrier,call,exact,plain,{},16384,252,4,2965144484,LAPTOP-G689CP2J_AMD64,0.9759685147943545,0.05858821673668657,0.861137720072022,1.090799309516687,1.1464412081242243,0.1704726933298698,0.09597719996236265,
b70238ebc429,2026-09-25T10:58:17,tamzeed,importance,rare_barrier,call,exact,plain,{},16384,252,5,4188839961,LAPTOP-G689CP2J_AMD64,1.1030256096602025,0.06268368084440148,0.9801678527867723,1.2258833665336326,1.1464412081242243,0.043415598464021876,0.09150930005125701,
3dc3cfa47d08,2026-09-25T10:58:17,tamzeed,importance,rare_barrier,call,exact,plain,{},16384,252,6,4280440313,LAPTOP-G689CP2J_AMD64,1.149623589735622,0.06384023996226579,1.0244990186451863,1.2747481608260576,1.1464412081242243,0.003182381611397611,0.08838319999631494,
c5953d18e10a,2026-09-25T10:58:17,tamzeed,importance,rare_barrier,call,exact,plain,{},16384,252,7,2940046929,LAPTOP-G689CP2J_AMD64,1.0573969258783604,0.062285546847243654,0.9353194973003806,1.1794743544563402,1.1464412081242243,0.08904428224586391,0.08707640005741268,
72aaa1c4a2c4,2026-09-25T10:58:17,tamzeed,importance,rare_barrier,call,exact,plain,{},16384,252,8,1360119657,LAPTOP-G689CP2J_AMD64,1.1347779072410225,0.06446858987397705,1.0084217929539439,1.261134021528101,1.1464412081242243,0.011663300883201888,0.09331570006906986,
e61765a26ac1,2026-09-25T10:58:17,tamzeed,importance,rare_barrier,call,exact,plain,{},16384,252,9,3758403217,LAPTOP-G689CP2J_AMD64,1.0617091621361685,0.0619786965339612,0.9402331491208671,1.18318517515147,1.1464412081242243,0.08473204598805584,0.09262750006746501,
806172fd41d4,2026-09-25T10:58:17,tamzeed,importance,rare_barrier,call,exact,plain,{},16384,252,10,2927329081,LAPTOP-G689CP2J_AMD64,1.085175551089847,0.061871447835165266,0.9639097416615745,1.2064413605181197,1.1464412081242243,0.06126565703437725,0.0865416000597179,
64bfce06b3e3,2026-09-25T10:58:17,tamzeed,importance,rare_barrier,call,exact,plain,{},16384,252,11,3927885787,LAPTOP-G689CP2J_AMD64,1.0226679889734496,0.0598383688771529,0.9053869410806075,1.1399490368662917,1.1464412081242243,0.12377321915077477,0.09136870002839714,
2074ee81fa1c,2026-09-25T10:58:17,tamzeed,importance,rare_barrier,call,exact,plain,{},16384,252,12,2639252508,LAPTOP-G689CP2J_AMD64,1.0912054227199048,0.06248987024287671,0.9687275276452852,1.2136833177945245,1.1464412081242243,0.055235785404319504,0.10192290006671101,
4cea6e6edbb5,2026-09-25T10:58:17,tamzeed,importance,rare_barrier,call,exact,plain,{},16384,252,13,3479911152,LAPTOP-G689CP2J_AMD64,1.004411473206332,0.06004177778828983,0.886731751173527,1.122091195239137,1.1464412081242243,0.14202973491789228,0.11947239993605763,
902c5f550046,2026-09-25T10:58:17,tamzeed,importance,rare_barrier,call,exact,plain,{},16384,252,14,4262233468,LAPTOP-G689CP2J_AMD64,1.018060280366234,0.06097825325971013,0.8985451001370399,1.137575460595428,1.1464412081242243,0.12838092775799037,0.12237580004148185,
15ad3c47e3a0,2026-09-25T10:58:18,tamzeed,importance,rare_barrier,call,exact,plain,{},16384,252,15,1608386167,LAPTOP-G689CP2J_AMD64,0.9839361302056403,0.05848163984767379,0.8693142223473572,1.0985580380639235,1.1464412081242243,0.16250507791858404,0.11400459997821599,
f201f2f8581c,2026-09-25T10:58:18,tamzeed,importance,rare_barrier,call,exact,plain,{},16384,252,16,2999583094,LAPTOP-G689CP2J_AMD64,1.125819862344391,0.06417363609414103,1.0000418468428949,1.251597877845887,1.1464412081242243,0.020621345779833433,0.10660499997902662,
a2c32c8d842a,2026-09-25T10:58:18,tamzeed,importance,rare_barrier,call,exact,plain,{},16384,252,17,1804128487,LAPTOP-G689CP2J_AMD64,0.9791079595914847,0.058959657781072435,0.8635491537997759,1.0946667653831934,1.1464412081242243,0.16733324853273968,0.11231770005542785,
8e1d51717bb7,2026-09-25T10:58:18,tamzeed,importance,rare_barrier,call,exact,plain,{},16384,252,18,3640816546,LAPTOP-G689CP2J_AMD64,1.1000016842858353,0.0625684383854139,0.9773697984815106,1.22263357009016,1.1464412081242243,0.04643952383838901,0.1341246000956744,
b9698c610613,2026-09-25T10:58:18,tamzeed,importance,rare_barrier,call,exact,plain,{},16384,252,19,959691453,LAPTOP-G689CP2J_AMD64,1.1492351981225375,0.06404038904753716,1.0237183420334313,1.2747520542116437,1.1464412081242243,0.002793989998313151,0.12609289993997663,
b7d2a786a068,2026-09-25T10:58:18,tamzeed,importance,rare_barrier,call,exact,plain,{},65536,252,0,3501944906,LAPTOP-G689CP2J_AMD64,1.1069259956117496,0.03115915844971169,1.0458551672617378,1.1679968239617615,1.1464412081242243,0.039515212512474696,0.459508900064975,
1cd9c3e89ed1,2026-09-25T10:58:19,tamzeed,importance,rare_barrier,call,exact,plain,{},65536,252,1,1104896275,LAPTOP-G689CP2J_AMD64,1.0294584736539476,0.03032393202780171,0.9700246590098156,1.0888922882980796,1.1464412081242243,0.11698273447027674,0.42788699991069734,
862b892f7b40,2026-09-25T10:58:19,tamzeed,importance,rare_barrier,call,exact,plain,{},65536,252,2,2726577998,LAPTOP-G689CP2J_AMD64,1.083648199295952,0.03118496452326096,1.022526791971201,1.1447696066207027,1.1464412081242243,0.06279300882827243,0.3928402999881655,
ae696f9e191f,2026-09-25T10:58:20,tamzeed,importance,rare_barrier,call,exact,plain,{},65536,252,3,688915132,LAPTOP-G689CP2J_AMD64,1.1104386721869606,0.03137665335925817,1.048941561647417,1.1719357827265042,1.1464412081242243,0.03600253593726377,0.3750127999810502,
727a198b5b94,2026-09-25T10:58:20,tamzeed,importance,rare_barrier,call,exact,plain,{},65536,252,4,1068154811,LAPTOP-G689CP2J_AMD64,1.082616585253026,0.031080430076167717,1.0217000616797218,1.1435331088263303,1.1464412081242243,0.06382462287119828,0.3973956999834627,
f57905ebe695,2026-09-25T10:58:20,tamzeed,importance,rare_barrier,call,exact,plain,{},65536,252,5,3475365744,LAPTOP-G689CP2J_AMD64,1.0267408341581932,0.030303645636010013,0.9673467801113491,1.0861348882050372,1.1464412081242243,0.11970037396603117,0.3651608999352902,
31d9e0326fff,2026-09-25T10:58:21,tamzeed,importance,rare_barrier,call,exact,plain,{},65536,252,6,2841916016,LAPTOP-G689CP2J_AMD64,1.064556741690005,0.030876522339780086,1.0040398699361897,1.1250736134438204,1.1464412081242243,0.08188446643421932,0.36030960001517087,
4ba154e54088,2026-09-25T10:58:21,tamzeed,importance,rare_barrier,call,exact,plain,{},65536,252,7,4259360119,LAPTOP-G689CP2J_AMD64,1.023073726626467,0.02994484511203367,0.9643829086842506,1.0817645445686832,1.1464412081242243,0.12336748149775745,0.37619780004024506,
0965883c4642,2026-09-25T10:58:22,tamzeed,importance,rare_barrier,call,exact,plain,{},65536,252,8,1846606280,LAPTOP-G689CP2J_AMD64,1.0452367623681162,0.030527726825163578,0.9854035172609183,1.1050700074753141,1.1464412081242243,0.1012044457561081,0.3545181000372395,
9dbb250f8170,2026-09-25T10:58:22,tamzeed,importance,rare_barrier,call,exact,plain,{},65536,252,9,3451441572,LAPTOP-G689CP2J_AMD64,1.0684428524482739,0.03073377782303965,1.0082057548062604,1.1286799500902873,1.1464412081242243,0.07799835567595048,0.36275720002595335,
fc7ae9d8a707,2026-09-25T10:58:22,tamzeed,importance,rare_barrier,call,exact,plain,{},65536,252,10,2334074042,LAPTOP-G689CP2J_AMD64,1.006709253362748,0.029624460556078997,0.9486463776114057,1.0647721291140901,1.1464412081242243,0.13973195476147637,0.38767780002672225,
05516a981ca2,2026-09-25T10:58:23,tamzeed,importance,rare_barrier,call,exact,plain,{},65536,252,11,2562278727,LAPTOP-G689CP2J_AMD64,1.1046040547932168,0.03143018152671942,1.0430020309732906,1.166206078613143,1.1464412081242243,0.04183715333100757,0.4034342000959441,
b6fda1d246ae,2026-09-25T10:58:23,tamzeed,importance,rare_barrier,call,exact,plain,{},65536,252,12,2500319005,LAPTOP-G689CP2J_AMD64,1.0658540446764768,0.03064699028704841,1.0057870474793131,1.1259210418736405,1.1464412081242243,0.08058716344774752,0.3766416000435129,
ee2c6dfd99dd,2026-09-25T10:58:23,tamzeed,importance,rare_barrier,call,exact,plain,{},65536,252,13,3334774246,LAPTOP-G689CP2J_AMD64,1.0704780591098213,0.030723832345935956,1.01026045424474,1.1306956639749026,1.1464412081242243,0.07596314901440304,0.3835191000252962,
a9a7c40a060c,2026-09-25T10:58:24,tamzeed,importance,rare_barrier,call,exact,plain,{},65536,252,14,1258315753,LAPTOP-G689CP2J_AMD64,1.0915944108088467,0.031239765280322577,1.0303655959739295,1.1528232256437638,1.1464412081242243,0.05484679731537767,0.39017420005984604,
244862d3b1e1,2026-09-25T10:58:24,tamzeed,importance,rare_barrier,call,exact,plain,{},65536,252,15,3858698934,LAPTOP-G689CP2J_AMD64,1.0197467662250739,0.029860648844435796,0.9612209699349822,1.0782725625151657,1.1464412081242243,0.12669444189915047,0.3710330000612885,
2003a3bc1d81,2026-09-25T10:58:25,tamzeed,importance,rare_barrier,call,exact,plain,{},65536,252,16,2276221488,LAPTOP-G689CP2J_AMD64,1.0870096865673755,0.031008187873222265,1.0262347551100082,1.1477846180247429,1.1464412081242243,0.05943152155684883,0.3867292000213638,
975cd65412dd,2026-09-25T10:58:25,tamzeed,importance,rare_barrier,call,exact,plain,{},65536,252,17,1112396923,LAPTOP-G689CP2J_AMD64,1.0724832247356253,0.030893014567587647,1.0119340288092822,1.1330324206619684,1.1464412081242243,0.07395798338859905,0.36438669997733086,
3e08d994582b,2026-09-25T10:58:25,tamzeed,importance,rare_barrier,call,exact,plain,{},65536,252,18,966582533,LAPTOP-G689CP2J_AMD64,1.071807927320628,0.03090194546361556,1.0112412271597206,1.1323746274815354,1.1464412081242243,0.07463328080359632,0.36448849993757904,
fdcb4e5b3b57,2026-09-25T10:58:26,tamzeed,importance,rare_barrier,call,exact,plain,{},65536,252,19,3351674728,LAPTOP-G689CP2J_AMD64,0.9817414648542084,0.029309511264290725,0.9242958783717276,1.0391870513366892,1.1464412081242243,0.1646997432700159,0.36414479999803007,
f3d75c3ba104,2026-09-25T10:58:26,tamzeed,importance,rare_barrier,call,exact,antithetic,{},256,252,0,746493846,LAPTOP-G689CP2J_AMD64,1.378123712040109,0.5544807761566012,0.29136136065335516,2.464886063426863,1.1464412081242243,0.23168250391588474,0.001774400006979704,"{""pairs"": 128, ""rho_pair"": -0.022381589932787785}"
55883b013785,2026-09-25T10:58:26,tamzeed,importance,rare_barrier,call,exact,antithetic,{},256,252,1,1278348209,LAPTOP-G689CP2J_AMD64,2.631865907447797,0.7547952724331534,1.152494357777718,4.111237457117875,1.1464412081242243,1.4854246993235725,0.001892399974167347,"{""pairs"": 128, ""rho_pair"": -0.040607956395886234}"
378d6289271b,2026-09-25T10:58:26,tamzeed,importance,rare_barrier,call,exact,antithetic,{},256,252,2,1493058650,LAPTOP-G689CP2J_AMD64,0.3892360164706531,0.27700728482784026,-0.1536882852471424,0.9321603181884486,1.1464412081242243,0.7572051916535713,0.0017599000129848719,"{""pairs"": 128, ""rho_pair"": -0.007874015748031527}"
b21fca741ff4,2026-09-25T10:58:26,tamzeed,importance,rare_barrier,call,exact,antithetic,{},256,252,3,199112080,LAPTOP-G689CP2J_AMD64,1.0266074421419864,0.5164078476196632,0.014466659473598265,2.0387482248103748,1.1464412081242243,0.11983376598223794,0.0014356999890878797,"{""pairs"": 128, ""rho_pair"": -0.015723457448859123}"
9514ba818816,2026-09-25T10:58:26,tamzeed,importance,rare_barrier,call,exact,antithetic,{},256,252,4,2030976180,LAPTOP-G689CP2J_AMD64,1.3847198869065795,0.5441200885227911,0.3182641101371628,2.451175663675996,1.1464412081242243,0.2382786787823552,0.0014347999822348356,"{""pairs"": 128, ""rho_pair"": -0.025015225640438937}"
05b4567dd373,2026-09-25T10:58:26,tamzeed,importance,rare_barrier,call,exact,antithetic,{},256,252,5,3447664474,LAPTOP-G689CP2J_AMD64,0.8884242955012469,0.43976972692187194,0.02649146924336332,1.7503571217591305,1.1464412081242243,0.25801691262297743,0.001541999983601272,"{""pairs"": 128, ""rho_pair"": NaN}"
e3fb629143ea,2026-09-25T10:58:26,tamzeed,importance,rare_barrier,call,exact,antithetic,{},256,252,6,2012167860,LAPTOP-G689CP2J_AMD64,0.9083183070352124,0.45041868743454144,0.025513901699707464,1.7911227123707174,1.1464412081242243,0.2381229010890119,0.0014700000174343586,"{""pairs"": 128, ""rho_pair"": -0.01575889344347826}"
04d199636b34,2026-09-25T10:58:26,tamzeed,importance,rare_barrier,call,exact,antithetic,{},256,252,7,3585480917,LAPTOP-G689CP2J_AMD64,1.21883890466033,0.4956734544599978,0.2473367858261798,2.1903410234944802,1.1464412081242243,0.07239769653610573,0.0015564999775961041,"{""pairs"": 128, ""rho_pair"": -0.017576660250231243}"
06f7bb9db24f,2026-09-25T10:58:26,tamzeed,importance,rare_barrier,call,exact,antithetic,{},256,252,8,3916760847,LAPTOP-G689CP2J_AMD64,0.3008302698194846,0.30083026981948463,-0.2887862244861721,0.8904467641251412,1.1464412081242243,0.8456109383047398,0.0017007000278681517,"{""pairs"": 128, ""rho_pair"": NaN}"
1652245bf51c,2026-09-25T10:58:26,tamzeed,importance,rare_barrier,call,exact,antithetic,{},256,252,9,990515471,LAPTOP-G689CP2J_AMD64,1.9587696810524418,0.6580323503937255,0.6690499736184985,3.248489388486385,1.1464412081242243,0.8123284729282174,0.001424600020982325,"{""pairs"": 128, ""rho_pair"": -0.032029789406830655}"
b053b253a2d1,2026-09-25T10:58:26,tamzeed,importance,rare_barrier,call,exact,antithetic,{},256,252,10,3945833132,LAPTOP-G689CP2J_AMD64,2.0089355444130064,0.6386215773413958,0.75726025307371,3.2606108357523027,1.1464412081242243,0.862494336288782,0.0014361999928951263,"{""pairs"": 128, ""rho_pair"": -0.03448730644419539}"
0d3ba0e1a262,2026-09-25T10:58:26,tamzeed,importance,rare_barrier,call,exact,antithetic,{},256,252,11,1014713518,LAPTOP-G689CP2J_AMD64,1.6282621124988113,0.5729981916715601,0.5052062936159747,2.7513179313816476,1.1464412081242243,0.4818209043745869,0.0014148999471217394,"{""pairs"": 128, ""rho_pair"": -0.027273727500709347}"
6cac7e64c703,2026-09-25T10:58:26,tamzeed,importance,rare_barrier,call,exact,antithetic,{},256,252,12,2444461044,LAPTOP-G689CP2J_AMD64,0.8101489981448886,0.4087644054574988,0.008985485286262973,1.6113125110035142,1.1464412081242243,0.33629220997933573,0.0014059999957680702,"{""pairs"": 128, ""rho_pair"": -0.013709174538688558}"
3adb4ece1efc,2026-09-25T10:58:26,tamzeed,importance,rare_barrier,call,exact,antithetic,{},256,252,13,1182045475,LAPTOP-G689CP2J_AMD64,0.8354299245999544,0.4186671308069813,0.014857426707551191,1.6560024224923575,1.1464412081242243,0.31101128352427,0.0014170999638736248,"{""pairs"": 128, ""rho_pair"": -0.015438580643259548}"
0baf387ec094,2026-09-25T10:58:26,tamzeed,importance,rare_barrier,call,exact,antithetic,{},256,252,14,1792043481,LAPTOP-G689CP2J_AMD64,0.6125822173156565,0.3546171225306499,-0.0824545711456447,1.3076190057769579,1.1464412081242243,0.5338589908085678,0.001424600020982325,"{""pairs"": 128, ""rho_pair"": -0.011090712564621878}"
1a7f359ecb4a,2026-09-25T10:58:26,tamzeed,importance,rare_barrier,call,exact,antithetic,{},256,252,15,1130249079,LAPTOP-G689CP2J_AMD64,0.8892369682140124,0.3987052723661055,0.1077889939302128,1.670684942497812,1.1464412081242243,0.2572042399102119,0.0015981999458745122,"{""pairs"": 128, ""rho_pair"": -0.018963867485686636}"
9ba13ce83a97,2026-09-25T10:58:26,tamzeed,importance,rare_barrier,call,exact,antithetic,{},256,252,16,1636646383,LAPTOP-G689CP2J_AMD64,1.4933867433167936,0.6237338802672228,0.27089080205561866,2.715882684577968,1.1464412081242243,0.3469455351925692,0.0015745999990031123,"{""pairs"": 128, ""rho_pair"": -0.021487942580623}"
db1cfe23895f,2026-09-25T10:58:26,tamzeed,importance,rare_barrier,call,exact,antithetic,{},256,252,17,206862431,LAPTOP-G689CP2J_AMD64,1.0226544872892125,0.5159312828854568,0.011447754336170846,2.033861220242254,1.1464412081242243,0.12378672083501185,0.0014620000729337335,"{""pairs"": 128, ""rho_pair"": -0.015613015867872842}"
9b29a186be43,2026-09-25T10:58:26,tamzeed,importance,rare_barrier,call,exact,antithetic,{},256,252,18,1971436175,LAPTOP-G689CP2J_AMD64,1.2731527304990835,0.5246745703792974,0.2448094689516347,2.301495992046532,1.1464412081242243,0.12671152237485916,0.001421299995854497,"{""pairs"": 128, ""rho_pair"": -0.021219895496254314}"
f7ed3a5cd27f,2026-09-25T10:58:26,tamzeed,importance,rare_barrier,call,exact,antithetic,{},256,252,19,1708285498,LAPTOP-G689CP2J_AMD64,2.182022615725943,0.6477309844774143,0.9124932144795381,3.451552016972348,1.1464412081242243,1.0355814076017187,0.0014807999832555652,"{""pairs"": 128, ""rho_pair"": -0.042390490870699724}"
10bfb761536c,2026-09-25T10:58:26,tamzeed,importance,rare_barrier,call,exact,antithetic,{},1024,252,0,1241168165,LAPTOP-G689CP2J_AMD64,1.4239776229484915,0.2905636701921437,0.8544832941561155,1.9934719517408674,1.1464412081242243,0.27753641482426716,0.005231100018136203,"{""pairs"": 512, ""rho_pair"": -0.02286068981206139}"
b32191e971cd,2026-09-25T10:58:26,tamzeed,importance,rare_barrier,call,exact,antithetic,{},1024,252,1,2845181952,LAPTOP-G689CP2J_AMD64,1.4369324012837021,0.2962769307162585,0.8562402876297667,2.0176245149376375,1.1464412081242243,0.2904911931594778,0.005169900017790496,"{""pairs"": 512, ""rho_pair"": -0.022496485813511352}"
f828a1670a69,2026-09-25T10:58:26,tamzeed,importance,rare_barrier,call,exact,antithetic,{},1024,252,2,2464018928,LAPTOP-G689CP2J_AMD64,1.168990778868623,0.246846627977918,0.6851802783267463,1.6528012794104994,1.1464412081242243,0.02254957074439856,0.005792899988591671,"{""pairs"": 512, ""rho_pair"": -0.021372479328481672}"
1e557f32cb7d,2026-09-25T10:58:26,tamzeed,importance,rare_barrier,call,exact,antithetic,{},1024,252,3,2842993105,LAPTOP-G689CP2J_AMD64,1.1850103902300888,0.25490789019398313,0.6854001060747911,1.6846206743853864,1.1464412081242243,0.038569182105864463,0.0053662999998778105,"{""pairs"": 512, ""rho_pair"": -0.02041499283595667}"
63443eb63873,2026-09-25T10:58:26,tamzeed,importance,rare_barrier,call,exact,antithetic,{},1024,252,4,984880179,LAPTOP-G689CP2J_AMD64,1.1210622691388505,0.25091574566457225,0.6292764444822767,1.6128480937954244,1.1464412081242243,0.0253789389853738,0.005306000006385148,"{""pairs"": 512, ""rho_pair"": -0.01919681634985481}"
f35717294c4e,2026-09-25T10:58:26,tamzeed,importance,rare_barrier,call,exact,antithetic,{},1024,252,5,515380772,LAPTOP-G689CP2J_AMD64,1.4009769690370903,0.2925480786629113,0.8275932711113935,1.9743606669627871,1.1464412081242243,0.254535760912866,0.0055686000268906355,"{""pairs"": 512, ""rho_pair"": -0.019994508942843763}"
becb389af0f1,2026-09-25T10:58:26,tamzeed,importance,rare_barrier,call,exact,antithetic,{},1024,252,6,2814006876,LAPTOP-G689CP2J_AMD64,0.9464315393863062,0.2473844509990472,0.4615669250929599,1.4312961536796525,1.1464412081242243,0.20000966873791814,0.00530710001476109,"{""pairs"": 512, ""rho_pair"": -0.013651259101785251}"
ccc0ca255bd8,2026-09-25T10:58:26,tamzeed,importance,rare_barrier,call,exact,antithetic,{},1024,252,7,3095987525,LAPTOP-G689CP2J_AMD64,1.0191634653501787,0.21919932445482343,0.5895406839832148,1.4487862467171424,1.1464412081242243,0.1272777427740457,0.005302500096149743,"{""pairs"": 512, ""rho_pair"": -0.020685206790229112}"
bba5f746dc3e,2026-09-25T10:58:26,tamzeed,importance,rare_barrier,call,exact,antithetic,{},1024,252,8,4001681085,LAPTOP-G689CP2J_AMD64,0.8878407175968331,0.23020108545712248,0.43665488089884585,1.3390265542948203,1.1464412081242243,0.2586004905273912,0.005349199986085296,"{""pairs"": 512, ""rho_pair"": -0.014138256812973593}"
d8e5491a3cad,2026-09-25T10:58:26,tamzeed,importance,rare_barrier,call,exact,antithetic,{},1024,252,9,3676371426,LAPTOP-G689CP2J_AMD64,1.3863087997118355,0.2734240212710505,0.8504075655124629,1.9222100339112083,1.1464412081242243,0.23986759158761117,0.005288199987262487,"{""pairs"": 512, ""rho_pair"": -0.024203787784402495}"
c957f90f478a,2026-09-25T10:58:26,tamzeed,importance,rare_barrier,call,exact,antithetic,{},1024,252,10,138315241,LAPTOP-G689CP2J_AMD64,0.8744747303818409,0.2324194023005531,0.41894107256443097,1.3300083881992508,1.1464412081242243,0.2719664777423835,0.006155699957162142,"{""pairs"": 512, ""rho_pair"": -0.014182728902138599}"
d726d77b5145,2026-09-25T10:58:26,tamzeed,importance,rare_barrier,call,exact,antithetic,{},1024,252,11,2903967963,LAPTOP-G689CP2J_AMD64,1.6560543478110838,0.2965425594339897,1.0748416114371355,2.2372670841850324,1.1464412081242243,0.5096131396868595,0.0055822000140324235,"{""pairs"": 512, ""rho_pair"": -0.029633073959689893}"
570f68f32bb0,2026-09-25T10:58:26,tamzeed,importance,rare_barrier,call,exact,antithetic,{},1024,252,12,2815879998,LAPTOP-G689CP2J_AMD64,1.1661182630432338,0.2477343415453803,0.6805678758805436,1.6516686502059241,1.1464412081242243,0.019677054919009507,0.0053050999995321035,"{""pairs"": 512, ""rho_pair"": -0.021188212823323022}"
2f9d93318269,2026-09-25T10:58:26,tamzeed,importance,rare_barrier,call,exact,antithetic,{},1024,252,13,596641920,LAPTOP-G689CP2J_AMD64,0.8970094671541381,0.23058615658071704,0.44506890492241913,1.3489500293858572,1.1464412081242243,0.24943174097008625,0.006282399990595877,"{""pairs"": 512, ""rho_pair"": -0.013820421716219434}"
6cb987d9999a,2026-09-25T10:58:26,tamzeed,importance,rare_barrier,call,exact,antithetic,{},1024,252,14,1946165872,LAPTOP-G689CP2J_AMD64,1.1366073118066538,0.24022188763815233,0.6657810637376476,1.60743355987566,1.1464412081242243,0.00983389631757059,0.005093500018119812,"{""pairs"": 512, ""rho_pair"": -0.021381274807802136}"
436c9aec9d7f,2026-09-25T10:58:26,tamzeed,importance,rare_barrier,call,exact,antithetic,{},1024,252,15,1902614143,LAPTOP-G689CP2J_AMD64,1.4116473289426548,0.27508107374314017,0.8724983315774933,1.9507963263078163,1.1464412081242243,0.2652061208184304,0.005605599959380925,"{""pairs"": 512, ""rho_pair"": -0.02508615223575095}"
5d7b01474453,2026-09-25T10:58:26,tamzeed,importance,rare_barrier,call,exact,antithetic,{},1024,252,16,837665784,LAPTOP-G689CP2J_AMD64,1.4573865865976376,0.2879611073406659,0.89299318726166,2.021779985933615,1.1464412081242243,0.3109453784734133,0.005298700067214668,"{""pairs"": 512, ""rho_pair"": -0.024456931343022455}"
80408e1fada5,2026-09-25T10:58:26,tamzeed,importance,rare_barrier,call,exact,antithetic,{},1024,252,17,936652240,LAPTOP-G689CP2J_AMD64,1.011455140857356,0.23229168397439995,0.5561718063593721,1.4667384753553399,1.1464412081242243,0.13498606726686835,0.005061900010332465,"{""pairs"": 512, ""rho_pair"": -0.01756661973641675}"
fa827a39f6cb,2026-09-25T10:58:26,tamzeed,importance,rare_barrier,call,exact,antithetic,{},1024,252,18,62755773,LAPTOP-G689CP2J_AMD64,0.980389971318031,0.22663169757116747,0.5362000063233691,1.4245799363126928,1.1464412081242243,0.16605123680619338,0.005205299938097596,"{""pairs"": 512, ""rho_pair"": -0.01786610955358225}"
bf96ef58c1a2,2026-09-25T10:58:26,tamzeed,importance,rare_barrier,call,exact,antithetic,{},1024,252,19,1584340774,LAPTOP-G689CP2J_AMD64,1.230309983461943,0.2574072231607674,0.7258010967063745,1.7348188702175116,1.1464412081242243,0.08386877533771875,0.00509230000898242,"{""pairs"": 512, ""rho_pair"": -0.020914854475412203}"
8343bad82227,2026-09-25T10:58:26,tamzeed,importance,rare_barrier,call,exact,antithetic,{},4096,252,0,4048274571,LAPTOP-G689CP2J_AMD64,1.1329722786520495,0.12291248359506765,0.8920682375553467,1.3738763197487525,1.1464412081242243,0.013468929472174818,0.02004169998690486,"{""pairs"": 2048, ""rho_pair"": -0.02034953580618079}"
6944e9890259,2026-09-25T10:58:26,tamzeed,importance,rare_barrier,call,exact,antithetic,{},4096,252,1,3745609978,LAPTOP-G689CP2J_AMD64,0.9908968512955917,0.11647431824021752,0.7626113824209086,1.2191823201702747,1.1464412081242243,0.15554435682863266,0.020377000095322728,"{""pairs"": 2048, ""rho_pair"": -0.017233907389085923}"
b659eb8808a9,2026-09-25T10:58:26,tamzeed,importance,rare_barrier,call,exact,antithetic,{},4096,252,2,3528262665,LAPTOP-G689CP2J_AMD64,1.0537325581392567,0.12109166107462062,0.8163972636048695,1.2910678526736439,1.1464412081242243,0.09270864998496764,0.020368399913422763,"{""pairs"": 2048, ""rho_pair"": -0.018152644637666606}"
1a3939e5a6a7,2026-09-25T10:58:26,tamzeed,importance,rare_barrier,call,exact,antithetic,{},4096,252,3,448603171,LAPTOP-G689CP2J_AMD64,0.8648950177399837,0.1114210025869743,0.6465138655481699,1.0832761699317974,1.1464412081242243,0.28154619038424067,0.02099600003566593,"{""pairs"": 2048, ""rho_pair"": -0.014497919112271237}"
5e1d721bedc4,2026-09-25T10:58:26,tamzeed,importance,rare_barrier,call,exact,antithetic,{},4096,252,4,1535404950,LAPTOP-G689CP2J_AMD64,0.9704485559245709,0.11370693653614834,0.7475870555213385,1.1933100563278032,1.1464412081242243,0.17599265219965343,0.020021499949507415,"{""pairs"": 2048, ""rho_pair"": -0.017025574798652562}"
4280866500fa,2026-09-25T10:58:26,tamzeed,importance,rare_barrier,call,exact,antithetic,{},4096,252,5,4203499801,LAPTOP-G689CP2J_AMD64,1.1309919784208204,0.12455672763672047,0.8868652782206835,1.3751186786209573,1.1464412081242243,0.0154492297034039,0.02041670004837215,"{""pairs"": 2048, ""rho_pair"": -0.01957030183001635}"
b3f4984f88e9,2026-09-25T10:58:26,tamzeed,importance,rare_barrier,call,exact,antithetic,{},4096,252,6,1513262049,LAPTOP-G689CP2J_AMD64,1.2864732266676446,0.13375129164906865,1.0243255121497572,1.548620941185532,1.1464412081242243,0.1400320185434203,0.019674499984830618,"{""pairs"": 2048, ""rho_pair"": -0.022081611884196422}"
a7dffab541b4,2026-09-25T10:58:26,tamzeed,importance,rare_barrier,call,exact,antithetic,{},4096,252,7,3828671631,LAPTOP-G689CP2J_AMD64,1.268194410131584,0.13075986250538246,1.0119097889976252,1.524479031265543,1.1464412081242243,0.12175320200735973,0.020448800059966743,"{""pairs"": 2048, ""rho_pair"": -0.022453513701728333}"
d22d641f0fc3,2026-09-25T10:58:26,tamzeed,importance,rare_barrier,call,exact,antithetic,{},4096,252,8,2824430683,LAPTOP-G689CP2J_AMD64,1.077895095592961,0.12180657789913175,0.8391585898305902,1.3166316013553316,1.1464412081242243,0.06854611253126341,0.01971110003069043,"{""pairs"": 2048, ""rho_pair"": -0.018786487990468156}"
26d53296d77a,2026-09-25T10:58:26,tamzeed,importance,rare_barrier,call,exact,antithetic,{},4096,252,9,1323025838,LAPTOP-G689CP2J_AMD64,1.1231198951311876,0.12368312569279674,0.8807054232779654,1.3655343669844098,1.1464412081242243,0.023321312993036747,0.02042659989092499,"{""pairs"": 2048, ""rho_pair"": -0.01978686286537665}"
d9424bd41fbe,2026-09-25T10:58:26,tamzeed,importance,rare_barrier,call,exact,antithetic,{},4096,252,10,2198208554,LAPTOP-G689CP2J_AMD64,1.0778702586533857,0.12189090233767708,0.8389684800284496,1.3167720372783218,1.1464412081242243,0.06857094947083864,0.020288100000470877,"{""pairs"": 2048, ""rho_pair"": -0.018215441953180672}"
ba4059a49278,2026-09-25T10:58:26,tamzeed,importance,rare_barrier,call,exact,antithetic,{},4096,252,11,3136869341,LAPTOP-G689CP2J_AMD64,1.1505723645439843,0.12359608864546173,0.9083284821688593,1.3928162469191092,1.1464412081242243,0.004131156419759918,0.019949400098994374,"{""pairs"": 2048, ""rho_pair"": -0.02074383866047399}"
abd0fa20593e,2026-09-25T10:58:26,tamzeed,importance,rare_barrier,call,exact,antithetic,{},4096,252,12,278066789,LAPTOP-G689CP2J_AMD64,1.0169144408454684,0.12203212212100777,0.7777358765312996,1.2560930051596373,1.1464412081242243,0.1295267672787559,0.020964000024832785,"{""pairs"": 2048, ""rho_pair"": -0.016499630766717507}"
8c1d404ad279,2026-09-25T10:58:26,tamzeed,importance,rare_barrier,call,exact,antithetic,{},4096,252,13,2826140628,LAPTOP-G689CP2J_AMD64,0.8997338932312295,0.10759235421920706,0.6888567539497076,1.1106110325127516,1.1464412081242243,0.2467073148929948,0.020304000005126,"{""pairs"": 2048, ""rho_pair"": -0.016827430806585483}"
d65e28bd4e52,2026-09-25T10:58:26,tamzeed,importance,rare_barrier,call,exact,antithetic,{},4096,252,14,1513136065,LAPTOP-G689CP2J_AMD64,0.9307900366027684,0.1126189526316015,0.7100609454682071,1.1515191277373296,1.1464412081242243,0.21565117152145596,0.023411700036376715,"{""pairs"": 2048, ""rho_pair"": -0.016355740740892324}"
6a9bfff8fe93,2026-09-25T10:58:26,tamzeed,importance,rare_barrier,call,exact,antithetic,{},4096,252,15,2095691192,LAPTOP-G689CP2J_AMD64,0.9650182089624597,0.11318238372658428,0.7431848131739622,1.1868516047509572,1.1464412081242243,0.18142299916176463,0.021492399973794818,"{""pairs"": 2048, ""rho_pair"": -0.017395094243764196}"
a9e51510ce82,2026-09-25T10:58:26,tamzeed,importance,rare_barrier,call,exact,antithetic,{},4096,252,16,214274031,LAPTOP-G689CP2J_AMD64,1.171533206718085,0.12994576425384033,0.9168441888370256,1.4262222245991445,1.1464412081242243,0.025091998593860687,0.020491700037382543,"{""pairs"": 2048, ""rho_pair"": -0.019312406006477715}"
216f512a8fd5,2026-09-25T10:58:26,tamzeed,importance,rare_barrier,call,exact,antithetic,{},4096,252,17,348172355,LAPTOP-G689CP2J_AMD64,1.0865805783783395,0.12426889771541785,0.8430180144576287,1.3301431422990504,1.1464412081242243,0.0598606297458848,0.02110870007891208,"{""pairs"": 2048, ""rho_pair"": -0.01790572305315404}"
7778088dbd4b,2026-09-25T10:58:26,tamzeed,importance,rare_barrier,call,exact,antithetic,{},4096,252,18,1839948981,LAPTOP-G689CP2J_AMD64,1.0769124750564432,0.12533249794662019,0.8312652929886273,1.322559657124259,1.1464412081242243,0.06952873306778118,0.02031569997780025,"{""pairs"": 2048, ""rho_pair"": -0.017705706604757836}"
2d3d64d0751b,2026-09-25T10:58:26,tamzeed,importance,rare_barrier,call,exact,antithetic,{},4096,252,19,788844036,LAPTOP-G689CP2J_AMD64,0.828584698383295,0.10880457337353694,0.6153316532179168,1.041837743548673,1.1464412081242243,0.3178565097409294,0.02006080001592636,"{""pairs"": 2048, ""rho_pair"": -0.013922065835659204}"
3a9c1f8d45c9,2026-09-25T10:58:26,tamzeed,importance,rare_barrier,call,exact,antithetic,{},16384,252,0,2440736698,LAPTOP-G689CP2J_AMD64,0.9965405399642011,0.059042778674711194,0.8808188202145977,1.1122622597138045,1.1464412081242243,0.14990066816002323,0.08477100008167326,"{""pairs"": 8192, ""rho_pair"": -0.017076646858654936}"
de0a4b33744a,2026-09-25T10:58:26,tamzeed,importance,rare_barrier,call,exact,antithetic,{},16384,252,1,1456830410,LAPTOP-G689CP2J_AMD64,1.1746393161082216,0.06489335209707693,1.047450683161874,1.3018279490545692,1.1464412081242243,0.028198107983997245,0.09392240003217012,"{""pairs"": 8192, ""rho_pair"": -0.019608953936825067}"
f22af878fbcd,2026-09-25T10:58:27,tamzeed,importance,rare_barrier,call,exact,antithetic,{},16384,252,2,4125652140,LAPTOP-G689CP2J_AMD64,1.090398723850712,0.061964618433847214,0.9689503034046048,1.2118471442968193,1.1464412081242243,0.05604248427351233,0.09748180001042783,"{""pairs"": 8192, ""rho_pair"": -0.01855373087251354}"
540505465c89,2026-09-25T10:58:27,tamzeed,importance,rare_barrier,call,exact,antithetic,{},16384,252,3,3278685782,LAPTOP-G689CP2J_AMD64,1.003062894960975,0.0579292535250748,0.8895236444005384,1.1166021455214117,1.1464412081242243,0.14337831316324934,0.09286120010074228,"{""pairs"": 8192, ""rho_pair"": -0.01789501190657471}"
2ae6a1f00ba8,2026-09-25T10:58:27,tamzeed,importance,rare_barrier,call,exact,antithetic,{},16384,252,4,1745592261,LAPTOP-G689CP2J_AMD64,1.0994328846089554,0.06223722823169772,0.9774501587772284,1.2214156104406824,1.1464412081242243,0.04700832351526896,0.08846940007060766,"{""pairs"": 8192, ""rho_pair"": -0.01869660645899487}"
a18d95d296cf,2026-09-25T10:58:27,tamzeed,importance,rare_barrier,call,exact,antithetic,{},16384,252,5,1812904091,LAPTOP-G689CP2J_AMD64,1.0726233937718386,0.06035996969266777,0.9543200270662806,1.1909267604773965,1.1464412081242243,0.07381781435238577,0.08645589998923242,"{""pairs"": 8192, ""rho_pair"": -0.018855422352109092}"
ea549fe2bf21,2026-09-25T10:58:27,tamzeed,importance,rare_barrier,call,exact,antithetic,{},16384,252,6,710143820,LAPTOP-G689CP2J_AMD64,1.0823234885441468,0.061242866143053395,0.9622896765937548,1.202357300494539,1.1464412081242243,0.0641177195800775,0.08725519990548491,"{""pairs"": 8192, ""rho_pair"": -0.018686492473663635}"
4e072b4f7337,2026-09-25T10:58:27,tamzeed,importance,rare_barrier,call,exact,antithetic,{},16384,252,7,988163505,LAPTOP-G689CP2J_AMD64,1.0245044333087079,0.05973827700650903,0.907419561877473,1.1415893047399428,1.1464412081242243,0.12193677481551646,0.08466639998368919,"{""pairs"": 8192, ""rho_pair"": -0.017637781662909826}"
b1deeda51f69,2026-09-25T10:58:27,tamzeed,importance,rare_barrier,call,exact,antithetic,{},16384,252,8,2366538344,LAPTOP-G689CP2J_AMD64,1.1078722061310295,0.062272965683692984,0.9858194361804926,1.2299249760815665,1.1464412081242243,0.038569001993194796,0.08486479998100549,"{""pairs"": 8192, ""rho_pair"": -0.01895454603392134}"
4556c9815554,2026-09-25T10:58:27,tamzeed,importance,rare_barrier,call,exact,antithetic,{},16384,252,9,2383196793,LAPTOP-G689CP2J_AMD64,1.117684307681867,0.06184928103223919,0.996461944388982,1.238906670974752,1.1464412081242243,0.028756900442357347,0.08869070000946522,"{""pairs"": 8192, ""rho_pair"": -0.019538112281032936}"
7d62181b8f01,2026-09-25T10:58:27,tamzeed,importance,rare_barrier,call,exact,antithetic,{},16384,252,10,1155346673,LAPTOP-G689CP2J_AMD64,0.9733768810597161,0.05823118233233869,0.8592458609111472,1.087507901208285,1.1464412081242243,0.17306432706450825,0.08966079994570464,"{""pairs"": 8192, ""rho_pair"": -0.0167550553896661}"
2ba94a0662ae,2026-09-25T10:58:27,tamzeed,importance,rare_barrier,call,exact,antithetic,{},16384,252,11,3413963097,LAPTOP-G689CP2J_AMD64,1.0617038684231686,0.060034784709802266,0.9440378525723402,1.179369884273997,1.1464412081242243,0.08473733970105579,0.08730260003358126,"{""pairs"": 8192, ""rho_pair"": -0.018734754491494376}"
0f623b020196,2026-09-25T10:58:27,tamzeed,importance,rare_barrier,call,exact,antithetic,{},16384,252,12,1597425005,LAPTOP-G689CP2J_AMD64,1.1138043298137412,0.06155412708648737,0.9931604576244246,1.2344482020030578,1.1464412081242243,0.03263687831048312,0.09009170008357614,"{""pairs"": 8192, ""rho_pair"": -0.019586074051307842}"
3894d619826f,2026-09-25T10:58:28,tamzeed,importance,rare_barrier,call,exact,antithetic,{},16384,252,13,3995565156,LAPTOP-G689CP2J_AMD64,1.184918870158371,0.06328254022423714,1.060887370468659,1.308950369848083,1.1464412081242243,0.03847766203414671,0.08751989994198084,"{""pairs"": 8192, ""rho_pair"": -0.02094311065762517}"
45b7f1bc61ba,2026-09-25T10:58:28,tamzeed,importance,rare_barrier,call,exact,antithetic,{},16384,252,14,2491840119,LAPTOP-G689CP2J_AMD64,1.0913812953869222,0.06157127290111705,0.9707038180184457,1.2120587727553986,1.1464412081242243,0.05505991273730215,0.08766489999834448,"{""pairs"": 8192, ""rho_pair"": -0.018816860074561407}"
428d5c0a19b7,2026-09-25T10:58:28,tamzeed,importance,rare_barrier,call,exact,antithetic,{},16384,252,15,2454307776,LAPTOP-G689CP2J_AMD64,1.0859406724970482,0.061715403446923965,0.9649807044497181,1.2069006405443783,1.1464412081242243,0.060500535627176166,0.0859299999428913,"{""pairs"": 8192, ""rho_pair"": -0.018528330479207458}"
9af1daee2307,2026-09-25T10:58:28,tamzeed,importance,rare_barrier,call,exact,antithetic,{},16384,252,16,1724260424,LAPTOP-G689CP2J_AMD64,1.0491362047381543,0.06089690036725266,0.9297804732482151,1.1684919362280934,1.1464412081242243,0.09730500338607007,0.08593839989043772,"{""pairs"": 8192, ""rho_pair"": -0.017790101257525386}"
c503c316a85c,2026-09-25T10:58:28,tamzeed,importance,rare_barrier,call,exact,antithetic,{},16384,252,17,1497429199,LAPTOP-G689CP2J_AMD64,1.129012365987026,0.06285620459397324,1.0058164687779572,1.2522082631960947,1.1464412081242243,0.01742884213719842,0.08944169990718365,"{""pairs"": 8192, ""rho_pair"": -0.019324698623958986}"
9f100764abd1,2026-09-25T10:58:28,tamzeed,importance,rare_barrier,call,exact,antithetic,{},16384,252,18,695238858,LAPTOP-G689CP2J_AMD64,1.0493072114234834,0.06039381618772229,0.9309375068066156,1.1676769160403513,1.1464412081242243,0.09713399670074097,0.08811629994306713,"{""pairs"": 8192, ""rho_pair"": -0.018094709324658058}"
14671ab66398,2026-09-25T10:58:28,tamzeed,importance,rare_barrier,call,exact,antithetic,{},16384,252,19,2256687322,LAPTOP-G689CP2J_AMD64,1.1138493227574138,0.06223074902767367,0.9918792959322223,1.235819349582605,1.1464412081242243,0.03259188536681057,0.08691299997735769,"{""pairs"": 8192, ""rho_pair"": -0.01917610629649471}"
cb535076206f,2026-09-25T10:58:28,tamzeed,importance,rare_barrier,call,exact,antithetic,{},65536,252,0,248219410,LAPTOP-G689CP2J_AMD64,1.098339637205345,0.030943435678270476,1.0376916177180033,1.1589876566926869,1.1464412081242243,0.04810157091887923,0.35269710002467036,"{""pairs"": 32768, ""rho_pair"": -0.018854939051025678}"
37f559b63a48,2026-09-25T10:58:29,tamzeed,importance,rare_barrier,call,exact,antithetic,{},65536,252,1,804756391,LAPTOP-G689CP2J_AMD64,1.0276442813701834,0.029619136050244608,0.969591841458512,1.0856967212818547,1.1464412081242243,0.11879692675404097,0.3769510999554768,"{""pairs"": 32768, ""rho_pair"": -0.018029135125076364}"
ed4905784d31,2026-09-25T10:58:29,tamzeed,importance,rare_barrier,call,exact,antithetic,{},65536,252,2,1261191467,LAPTOP-G689CP2J_AMD64,1.1102124394827888,0.03126123337790499,1.0489415479497937,1.171483331015784,1.1464412081242243,0.03622876864143554,0.34199159999843687,"{""pairs"": 32768, ""rho_pair"": -0.01887775864759615}"
67a0f04468f4,2026-09-25T10:58:30,tamzeed,importance,rare_barrier,call,exact,antithetic,{},65536,252,3,3630396999,LAPTOP-G689CP2J_AMD64,1.0686817833197777,0.0304186026825722,1.0090624176019027,1.1283011490376527,1.1464412081242243,0.07775942480444664,0.40232200000900775,"{""pairs"": 32768, ""rho_pair"": -0.01849269861780254}"
a13e8a06d6c1,2026-09-25T10:58:30,tamzeed,importance,rare_barrier,call,exact,antithetic,{},65536,252,4,4253126520,LAPTOP-G689CP2J_AMD64,1.027708079190007,0.029905024614565148,0.9690953079886756,1.0863208503913386,1.1464412081242243,0.11873312893421728,0.3591949000256136,"{""pairs"": 32768, ""rho_pair"": -0.017701176563186722}"
8558f6aee1e3,2026-09-25T10:58:30,tamzeed,importance,rare_barrier,call,exact,antithetic,{},65536,252,5,3876571573,LAPTOP-G689CP2J_AMD64,1.0329136351516068,0.029883571890660883,0.974342910516498,1.0914843597867157,1.1464412081242243,0.11352757297261751,0.3686409000074491,"{""pairs"": 32768, ""rho_pair"": -0.017867417406177283}"
807a11a46a08,2026-09-25T10:58:31,tamzeed,importance,rare_barrier,call,exact,antithetic,{},65536,252,6,363788082,LAPTOP-G689CP2J_AMD64,1.0334917523543639,0.030054102924846816,0.9745867930340042,1.0923967116747235,1.1464412081242243,0.11294945576986049,0.34177669999189675,"{""pairs"": 32768, ""rho_pair"": -0.017685911225548988}"
3f20b9816c80,2026-09-25T10:58:31,tamzeed,importance,rare_barrier,call,exact,antithetic,{},65536,252,7,1188730232,LAPTOP-G689CP2J_AMD64,1.0516450643491095,0.030148415926127593,0.9925552549429657,1.1107348737552534,1.1464412081242243,0.0947961437751148,0.3440614000428468,"{""pairs"": 32768, ""rho_pair"": -0.01822800476177691}"
11045e936acc,2026-09-25T10:58:31,tamzeed,importance,rare_barrier,call,exact,antithetic,{},65536,252,8,1065754013,LAPTOP-G689CP2J_AMD64,1.054659620533135,0.03029402047286217,0.9952844314594059,1.1140348096068637,1.1464412081242243,0.09178158759108945,0.34179540001787245,"{""pairs"": 32768, ""rho_pair"": -0.018156729875906635}"
5162d496b392,2026-09-25T10:58:32,tamzeed,importance,rare_barrier,call,exact,antithetic,{},65536,252,9,26434839,LAPTOP-G689CP2J_AMD64,1.0354106580755218,0.029903582792230585,0.9768007127940381,1.0940206033570055,1.1464412081242243,0.11103055004870255,0.3639891999773681,"{""pairs"": 32768, ""rho_pair"": -0.017965054247301868}"
99e251ced24c,2026-09-25T10:58:32,tamzeed,importance,rare_barrier,call,exact,antithetic,{},65536,252,10,3853568333,LAPTOP-G689CP2J_AMD64,1.0348304772863481,0.029994465416902708,0.9760424053336867,1.0936185492390096,1.1464412081242243,0.1116107308378762,0.33611569995991886,"{""pairs"": 32768, ""rho_pair"": -0.01783841966762346}"
da5e50d3ebe9,2026-09-25T10:58:32,tamzeed,importance,rare_barrier,call,exact,antithetic,{},65536,252,11,3188849667,LAPTOP-G689CP2J_AMD64,1.029742142636882,0.0298175703079799,0.9713007787267505,1.0881835065470136,1.1464412081242243,0.11669906548734232,0.34205700003076345,"{""pairs"": 32768, ""rho_pair"": -0.017863987507727584}"
34e5faf80e0e,2026-09-25T10:58:33,tamzeed,importance,rare_barrier,call,exact,antithetic,{},65536,252,12,2132378015,LAPTOP-G689CP2J_AMD64,1.0685240511887952,0.030409756165139624,1.0089220243264767,1.1281260780511138,1.1464412081242243,0.07791715693542911,0.3376844999147579,"{""pairs"": 32768, ""rho_pair"": -0.018491298252050363}"
557414d602db,2026-09-25T10:58:33,tamzeed,importance,rare_barrier,call,exact,antithetic,{},65536,252,13,983199180,LAPTOP-G689CP2J_AMD64,1.0775008431208435,0.03047907024484413,1.0177629631586826,1.1372387230830043,1.1464412081242243,0.06894036500338085,0.3407333000795916,"{""pairs"": 32768, ""rho_pair"": -0.01870863010570853}"
98a5326c933f,2026-09-25T10:58:33,tamzeed,importance,rare_barrier,call,exact,antithetic,{},65536,252,14,136796849,LAPTOP-G689CP2J_AMD64,1.0453554219068135,0.030520484547224006,0.9855363714035432,1.1051744724100838,1.1464412081242243,0.10108578621741082,0.3599353999597952,"{""pairs"": 32768, ""rho_pair"": -0.017573927903942955}"
725062a720ae,2026-09-25T10:58:34,tamzeed,importance,rare_barrier,call,exact,antithetic,{},65536,252,15,298299565,LAPTOP-G689CP2J_AMD64,1.0411673103926746,0.029958361010369243,0.9824500017765019,1.0998846190088474,1.1464412081242243,0.10527389773154971,0.34689819999039173,"{""pairs"": 32768, ""rho_pair"": -0.018097305995412583}"
cdcb818b8541,2026-09-25T10:58:34,tamzeed,importance,rare_barrier,call,exact,antithetic,{},65536,252,16,902231541,LAPTOP-G689CP2J_AMD64,1.0567859991928625,0.030205740778454414,0.997583835140739,1.115988163244986,1.1464412081242243,0.08965520893136181,0.34308370004873723,"{""pairs"": 32768, ""rho_pair"": -0.01833375717845051}"
483f78119dd0,2026-09-25T10:58:34,tamzeed,importance,rare_barrier,call,exact,antithetic,{},65536,252,17,3664890651,LAPTOP-G689CP2J_AMD64,1.0731255974867335,0.030575647908470355,1.0131984287821543,1.1330527661913128,1.1464412081242243,0.07331561063749081,0.3379933999385685,"{""pairs"": 32768, ""rho_pair"": -0.01844858355068654}"
8ad6a423c98f,2026-09-25T10:58:35,tamzeed,importance,rare_barrier,call,exact,antithetic,{},65536,252,18,3859635556,LAPTOP-G689CP2J_AMD64,1.0876074704286744,0.03088015029318873,1.0270834880168405,1.1481314528405084,1.1464412081242243,0.05883373769554989,0.3348402000265196,"{""pairs"": 32768, ""rho_pair"": -0.018580339870104497}"
2cd0e7ab6be4,2026-09-25T10:58:35,tamzeed,importance,rare_barrier,call,exact,antithetic,{},65536,252,19,2403673486,LAPTOP-G689CP2J_AMD64,1.066945006859523,0.030324862901002777,1.0075093677374427,1.1263806459816033,1.1464412081242243,0.07949620126470136,0.34451540000736713,"{""pairs"": 32768, ""rho_pair"": -0.01853843954991786}"
aea255148ce6,2026-09-25T10:58:35,tamzeed,importance,rare_barrier,call,exact,importance,{},256,252,0,308985182,LAPTOP-G689CP2J_AMD64,0.9110177798460508,0.09196582540004115,0.7307680742534712,1.0912674854386304,1.1464412081242243,0.23542342827817353,0.061709800036624074,"{""theta"": 2.300018146228678, ""theta0"": 2.300018146228678, ""ESS"": 17.131392764342387, ""ESS_frac"": 0.06691950298571245, ""max_weight"": 32.371872529901914, ""max_weight_share"": 0.1713527816056983, ""mean_weight"": 0.7379665849890364, ""hit_rate_proposal"": 0.51953125, ""pilot_paths"": 10000, ""total_paths_simulated"": 10256, ""theta_grid"": [[0.0, 62.61849102584274], [0.5750045365571695, 17.35145346312656], [1.150009073114339, 7.146677521897177], [1.7250136096715085, 4.3679934158872715], [2.300018146228678, 3.9852641371836444], [2.875022682785848, 5.505161884016913], [3.450027219343017, 11.752672191600551]]}"
2600c2e9aafd,2026-09-25T10:58:35,tamzeed,importance,rare_barrier,call,exact,importance,{},256,252,1,3993676261,LAPTOP-G689CP2J_AMD64,1.006669399676776,0.11547286024883292,0.7803467523972365,1.2329920469563154,1.1464412081242243,0.1397718084474484,0.057817099965177476,"{""theta"": 2.300018146228678, ""theta0"": 2.300018146228678, ""ESS"": 3.6882570338359377, ""ESS_frac"": 0.014407254038421632, ""max_weight"": 352.25765550738504, ""max_weight_share"": 0.4953554416106383, ""mean_weight"": 2.7778163945300878, ""hit_rate_proposal"": 0.52734375, ""pilot_paths"": 10000, ""total_paths_simulated"": 10256, ""theta_grid"": [[0.0, 64.59913448536314], [0.5750045365571695, 17.948066237286767], [1.150009073114339, 7.368647992150109], [1.7250136096715085, 4.445991506132427], [2.300018146228678, 3.9365564824834363], [2.875022682785848, 5.122283966490059], [3.450027219343017, 9.828077660390642]]}"
895870b38d26,2026-09-25T10:58:35,tamzeed,importance,rare_barrier,call,exact,importance,{},256,252,2,4231099625,LAPTOP-G689CP2J_AMD64,0.893054479384854,0.08767721586197022,0.7212102940306484,1.0648986647390597,1.1464412081242243,0.2533867287393703,0.059195099980570376,"{""theta"": 2.300018146228678, ""theta0"": 2.300018146228678, ""ESS"": 23.492041499036045, ""ESS_frac"": 0.09176578710560955, ""max_weight"": 17.216217723864155, ""max_weight_share"": 0.1126619257668598, ""mean_weight"": 0.5969261578486759, ""hit_rate_proposal"": 0.5390625, ""pilot_paths"": 10000, ""total_paths_simulated"": 10256, ""theta_grid"": [[0.0, 62.27656651156808], [0.5750045365571695, 17.33240687847699], [1.150009073114339, 7.143344744757069], [1.7250136096715085, 4.331182046077665], [2.300018146228678, 3.8523727442916207], [2.875022682785848, 5.024145806327174], [3.450027219343017, 9.61449839246863]]}"
f9cb1797b20c,2026-09-25T10:58:35,tamzeed,importance,rare_barrier,call,exact,importance,{},256,252,3,3583948663,LAPTOP-G689CP2J_AMD64,1.082927759760861,0.10025356390952693,0.8864343851764037,1.2794211343453186,1.1464412081242243,0.06351344836336326,0.056909100036136806,"{""theta"": 2.300018146228678, ""theta0"": 2.300018146228678, ""ESS"": 13.452702758420617, ""ESS_frac"": 0.05254962015008054, ""max_weight"": 43.52538577889852, ""max_weight_share"": 0.16274622877742417, ""mean_weight"": 1.0447003256299559, ""hit_rate_proposal"": 0.6015625, ""pilot_paths"": 10000, ""total_paths_simulated"": 10256, ""theta_grid"": [[0.0, 62.275558885126586], [0.5750045365571695, 17.259868216065684], [1.150009073114339, 7.07783220843404], [1.7250136096715085, 4.2686938851358205], [2.300018146228678, 3.7760637381156665], [2.875022682785848, 4.896637274391443], [3.450027219343017, 9.314512095231699]]}"
8d4770d219f9,2026-09-25T10:58:35,tamzeed,importance,rare_barrier,call,exact,importance,{},256,252,4,667292088,LAPTOP-G689CP2J_AMD64,1.0337396204688964,0.11131688200906116,0.8155625408598419,1.251916700077951,1.1464412081242243,0.1127015876553279,0.05795990000478923,"{""theta"": 2.300018146228678, ""theta0"": 2.300018146228678, ""ESS"": 17.118146562091255, ""ESS_frac"": 0.06686776000816896, ""max_weight"": 40.33373331074646, ""max_weight_share"": 0.19873650168259557, ""mean_weight"": 0.7927765881515524, ""hit_rate_proposal"": 0.4921875, ""pilot_paths"": 10000, ""total_paths_simulated"": 10256, ""theta_grid"": [[0.0, 62.208347078001104], [0.5750045365571695, 17.169173804760007], [1.150009073114339, 7.011998646306375], [1.7250136096715085, 4.218044832090335], [2.300018146228678, 3.7483617412707746], [2.875022682785848, 4.986461652355624], [3.450027219343017, 10.203304037635478]]}"
acf6bbfa96a6,2026-09-25T10:58:35,tamzeed,importance,rare_barrier,call,exact,importance,{},256,252,5,3779547750,LAPTOP-G689CP2J_AMD64,0.9704678130967705,0.09621468378956177,0.7818904980853197,1.1590451281082215,1.1464412081242243,0.1759733950274538,0.05781779997050762,"{""theta"": 2.300018146228678, ""theta0"": 2.300018146228678, ""ESS"": 17.121365656589028, ""ESS_frac"": 0.06688033459605089, ""max_weight"": 36.314901493681916, ""max_weight_share"": 0.16117223028922883, ""mean_weight"": 0.8801459389445154, ""hit_rate_proposal"": 0.51171875, ""pilot_paths"": 10000, ""total_paths_simulated"": 10256, ""theta_grid"": [[0.0, 62.62702941079201], [0.5750045365571695, 17.311677451834335], [1.150009073114339, 7.082258437401606], [1.7250136096715085, 4.264133177609882], [2.300018146228678, 3.769242850856002], [2.875022682785848, 4.888009780153], [3.450027219343017, 9.297174575593145]]}"
139fb286424f,2026-09-25T10:58:36,tamzeed,importance,rare_barrier,call,exact,importance,{},256,252,6,365162852,LAPTOP-G689CP2J_AMD64,1.008840666515666,0.11007996747061131,0.7930878948539271,1.2245934381774048,1.1464412081242243,0.1376005416085584,0.0571089000441134,"{""theta"": 2.300018146228678, ""theta0"": 2.300018146228678, ""ESS"": 10.585605304721762, ""ESS_frac"": 0.04135002072156938, ""max_weight"": 89.42176037369305, ""max_weight_share"": 0.23875798409303692, ""mean_weight"": 1.4630034375044192, ""hit_rate_proposal"": 0.546875, ""pilot_paths"": 10000, ""total_paths_simulated"": 10256, ""theta_grid"": [[0.0, 63.1642553632438], [0.5750045365571695, 17.485137449005492], [1.150009073114339, 7.15444401987078], [1.7250136096715085, 4.296785863063417], [2.300018146228678, 3.772352288156729], [2.875022682785848, 4.8307898514389835], [3.450027219343017, 9.012033812515773]]}"
a9882a238e33,2026-09-25T10:58:36,tamzeed,importance,rare_barrier,call,exact,importance,{},256,252,7,2758679113,LAPTOP-G689CP2J_AMD64,1.130451501467743,0.12630673631306463,0.8828948472893389,1.378008155646147,1.1464412081242243,0.01598970665648136,0.06160950008779764,"{""theta"": 2.300018146228678, ""theta0"": 2.300018146228678, ""ESS"": 7.2348987710333015, ""ESS_frac"": 0.028261323324348834, ""max_weight"": 74.61611065018771, ""max_weight_share"": 0.2553740647744067, ""mean_weight"": 1.1413421424950683, ""hit_rate_proposal"": 0.52734375, ""pilot_paths"": 10000, ""total_paths_simulated"": 10256, ""theta_grid"": [[0.0, 63.88890964312638], [0.5750045365571695, 17.876266306389383], [1.150009073114339, 7.443599672975085], [1.7250136096715085, 4.59981787255758], [2.300018146228678, 4.230370292811324], [2.875022682785848, 5.833734996582487], [3.450027219343017, 12.184372174100254]]}"
d7b56a9ddc82,2026-09-25T10:58:36,tamzeed,importance,rare_barrier,call,exact,importance,{},256,252,8,425156009,LAPTOP-G689CP2J_AMD64,1.0166144226289147,0.09160114014950546,0.837079486993078,1.1961493582647513,1.1464412081242243,0.12982678549530968,0.05717669997829944,"{""theta"": 2.300018146228678, ""theta0"": 2.300018146228678, ""ESS"": 19.347537803442783, ""ESS_frac"": 0.07557631954469837, ""max_weight"": 17.16918866633799, ""max_weight_share"": 0.14000833154413736, ""mean_weight"": 0.47902251593320355, ""hit_rate_proposal"": 0.58203125, ""pilot_paths"": 10000, ""total_paths_simulated"": 10256, ""theta_grid"": [[0.0, 64.33051671064892], [0.5750045365571695, 17.925915226970027], [1.150009073114339, 7.390628267295146], [1.7250136096715085, 4.478307872437729], [2.300018146228678, 3.973799347087842], [2.875022682785848, 5.154991383901822], [3.450027219343017, 9.770277205230817]]}"
3e86da550a66,2026-09-25T10:58:36,tamzeed,importance,rare_barrier,call,exact,importance,{},256,252,9,1527380224,LAPTOP-G689CP2J_AMD64,1.0645077217377217,0.09373992763182615,0.8807808396659513,1.248234603809492,1.1464412081242243,0.08193348638650266,0.05849800002761185,"{""theta"": 2.300018146228678, ""theta0"": 2.300018146228678, ""ESS"": 12.453855499183481, ""ESS_frac"": 0.04864787304368547, ""max_weight"": 39.43124913226252, ""max_weight_share"": 0.1889488882438987, ""mean_weight"": 0.8151850924048725, ""hit_rate_proposal"": 0.59375, ""pilot_paths"": 10000, ""total_paths_simulated"": 10256, ""theta_grid"": [[0.0, 63.60782022364036], [0.5750045365571695, 17.682282042930403], [1.150009073114339, 7.273956155661201], [1.7250136096715085, 4.404561886871829], [2.300018146228678, 3.9190068714092887], [2.875022682785848, 5.126472561612757], [3.450027219343017, 9.873673135200685]]}"
af6401720bba,2026-09-25T10:58:36,tamzeed,importance,rare_barrier,call,exact,importance,{},256,252,10,400991734,LAPTOP-G689CP2J_AMD64,1.088255528400509,0.0913320078790836,0.9092480823217768,1.2672629744792414,1.1464412081242243,0.058185679723715245,0.05739410000387579,"{""theta"": 2.300018146228678, ""theta0"": 2.300018146228678, ""ESS"": 22.044325041243876, ""ESS_frac"": 0.08611064469235889, ""max_weight"": 15.309862711029135, ""max_weight_share"": 0.1321030789784483, ""mean_weight"": 0.4527082311587468, ""hit_rate_proposal"": 0.65234375, ""pilot_paths"": 10000, ""total_paths_simulated"": 10256, ""theta_grid"": [[0.0, 61.5629539823028], [0.5750045365571695, 17.00010666591411], [1.150009073114339, 6.945243416234287], [1.7250136096715085, 4.17457754524765], [2.300018146228678, 3.685683969309833], [2.875022682785848, 4.786819280160215], [3.450027219343017, 9.17961334697871]]}"
b0fb0bc1afae,2026-09-25T10:58:36,tamzeed,importance,rare_barrier,call,exact,importance,{},256,252,11,3486305797,LAPTOP-G689CP2J_AMD64,1.0488275212173486,0.10948873857543687,0.834233536896771,1.263421505537926,1.1464412081242243,0.09761368690687577,0.059366500005126,"{""theta"": 2.300018146228678, ""theta0"": 2.300018146228678, ""ESS"": 13.085206417252312, ""ESS_frac"": 0.051114087567391844, ""max_weight"": 29.166092934114356, ""max_weight_share"": 0.16054177509738846, ""mean_weight"": 0.7096598405914692, ""hit_rate_proposal"": 0.56640625, ""pilot_paths"": 10000, ""total_paths_simulated"": 10256, ""theta_grid"": [[0.0, 61.29094449595159], [0.5750045365571695, 16.97279636893807], [1.150009073114339, 6.9619129069752885], [1.7250136096715085, 4.2085017951097194], [2.300018146228678, 3.748885315057809], [2.875022682785848, 4.939606202488327], [3.450027219343017, 9.685430137944147]]}"
a15c1b664eca,2026-09-25T10:58:36,tamzeed,importance,rare_barrier,call,exact,importance,{},256,252,12,3935468497,LAPTOP-G689CP2J_AMD64,1.0878902175640972,0.15076206311470514,0.7924020036243207,1.3833784315038737,1.1464412081242243,0.058550990560127136,0.05656489997636527,"{""theta"": 2.300018146228678, ""theta0"": 2.300018146228678, ""ESS"": 20.262049135613374, ""ESS_frac"": 0.07914862943598974, ""max_weight"": 22.370554331743506, ""max_weight_share"": 0.18290571916031503, ""mean_weight"": 0.47775968001187, ""hit_rate_proposal"": 0.5703125, ""pilot_paths"": 10000, ""total_paths_simulated"": 10256, ""theta_grid"": [[0.0, 63.50661776709652], [0.5750045365571695, 17.63463023989976], [1.150009073114339, 7.2613210886318775], [1.7250136096715085, 4.413575757598658], [2.300018146228678, 3.957914615367741], [2.875022682785848, 5.248422320914659], [3.450027219343017, 10.328082268273338]]}"
513585ae7c43,2026-09-25T10:58:36,tamzeed,importance,rare_barrier,call,exact,importance,{},256,252,13,2279950558,LAPTOP-G689CP2J_AMD64,1.2815500099146808,0.14372352486170079,0.9998570774546003,1.5632429423747614,1.1464412081242243,0.13510880179045648,0.058155299979262054,"{""theta"": 2.300018146228678, ""theta0"": 2.300018146228678, ""ESS"": 18.339338090269642, ""ESS_frac"": 0.07163803941511579, ""max_weight"": 30.6136045463555, ""max_weight_share"": 0.13151867514979615, ""mean_weight"": 0.9092578876954002, ""hit_rate_proposal"": 0.6015625, ""pilot_paths"": 10000, ""total_paths_simulated"": 10256, ""theta_grid"": [[0.0, 61.753040815698405], [0.5750045365571695, 17.079780818159332], [1.150009073114339, 7.009686988738729], [1.7250136096715085, 4.249726763299509], [2.300018146228678, 3.802177925753063], [2.875022682785848, 5.024964688834685], [3.450027219343017, 9.822909209187277]]}"
00d19b32f270,2026-09-25T10:58:36,tamzeed,importance,rare_barrier,call,exact,importance,{},256,252,14,2501266971,LAPTOP-G689CP2J_AMD64,0.9734366590288109,0.09867596502479263,0.7800353214404834,1.1668379966171385,1.1464412081242243,0.1730045490954134,0.0568792000412941,"{""theta"": 2.300018146228678, ""theta0"": 2.300018146228678, ""ESS"": 2.8494976931695604, ""ESS_frac"": 0.011130850363943595, ""max_weight"": 208.593618493666, ""max_weight_share"": 0.5840723811773917, ""mean_weight"": 1.3950648044654075, ""hit_rate_proposal"": 0.578125, ""pilot_paths"": 10000, ""total_paths_simulated"": 10256, ""theta_grid"": [[0.0, 63.35455316978035], [0.5750045365571695, 17.5955618098675], [1.150009073114339, 7.2622008723845415], [1.7250136096715085, 4.433026043250673], [2.300018146228678, 3.998392079675792], [2.875022682785848, 5.3386998550257285], [3.450027219343017, 10.589248426579427]]}"
2205074a2d33,2026-09-25T10:58:36,tamzeed,importance,rare_barrier,call,exact,importance,{},256,252,15,517300344,LAPTOP-G689CP2J_AMD64,1.1442137871389917,0.10052456594992093,0.9471892583156252,1.3412383159623582,1.1464412081242243,0.002227420985232653,0.05856589996255934,"{""theta"": 2.300018146228678, ""theta0"": 2.300018146228678, ""ESS"": 15.707003513217947, ""ESS_frac"": 0.061355482473507604, ""max_weight"": 25.839561439509453, ""max_weight_share"": 0.1548374916209966, ""mean_weight"": 0.6518820849936611, ""hit_rate_proposal"": 0.60546875, ""pilot_paths"": 10000, ""total_paths_simulated"": 10256, ""theta_grid"": [[0.0, 62.233750448725736], [0.5750045365571695, 17.183753134852367], [1.150009073114339, 7.022732241937125], [1.7250136096715085, 4.221452006871151], [2.300018146228678, 3.7224258656541633], [2.875022682785848, 4.813560164962463], [3.450027219343017, 9.135583636727569]]}"
700fd029a35f,2026-09-25T10:58:36,tamzeed,importance,rare_barrier,call,exact,importance,{},256,252,16,431868515,LAPTOP-G689CP2J_AMD64,1.060060196597664,0.11478302043437408,0.8350896105095656,1.285030782685762,1.1464412081242243,0.08638101152656041,0.05602359992917627,"{""theta"": 2.300018146228678, ""theta0"": 2.300018146228678, ""ESS"": 5.728168039972126, ""ESS_frac"": 0.022375656406141118, ""max_weight"": 115.08439739564037, ""max_weight_share"": 0.3971444027461285, ""mean_weight"": 1.1319520663472389, ""hit_rate_proposal"": 0.5625, ""pilot_paths"": 10000, ""total_paths_simulated"": 10256, ""theta_grid"": [[0.0, 62.992805455083435], [0.5750045365571695, 17.58468571528991], [1.150009073114339, 7.288652186465964], [1.7250136096715085, 4.465030043799735], [2.300018146228678, 4.0397010755846425], [2.875022682785848, 5.408420639154823], [3.450027219343017, 10.750373251772924]]}"
bbbdad07ad18,2026-09-25T10:58:36,tamzeed,importance,rare_barrier,call,exact,importance,{},256,252,17,128930656,LAPTOP-G689CP2J_AMD64,1.052516916235525,0.09152433260175852,0.8731325206270132,1.2319013118440367,1.1464412081242243,0.09392429188869933,0.06066730001475662,"{""theta"": 2.300018146228678, ""theta0"": 2.300018146228678, ""ESS"": 35.00242769290518, ""ESS_frac"": 0.13672823317541086, ""max_weight"": 12.923528497235221, ""max_weight_share"": 0.08392758092620616, ""mean_weight"": 0.6015011112581948, ""hit_rate_proposal"": 0.5859375, ""pilot_paths"": 10000, ""total_paths_simulated"": 10256, ""theta_grid"": [[0.0, 63.252053187555596], [0.5750045365571695, 17.588128102687605], [1.150009073114339, 7.250852132761921], [1.7250136096715085, 4.404850021352983], [2.300018146228678, 3.9340631845071417], [2.875022682785848, 5.166653952372713], [3.450027219343017, 9.991740636366409]]}"
74dd3694486a,2026-09-25T10:58:36,tamzeed,importance,rare_barrier,call,exact,importance,{},256,252,18,1416589853,LAPTOP-G689CP2J_AMD64,1.0138736823192946,0.09329581365173607,0.8310172476535316,1.1967301169850577,1.1464412081242243,0.1325675258049297,0.06716079998295754,"{""theta"": 2.300018146228678, ""theta0"": 2.300018146228678, ""ESS"": 4.38745252816452, ""ESS_frac"": 0.017138486438142655, ""max_weight"": 140.60964232817193, ""max_weight_share"": 0.36695480580422, ""mean_weight"": 1.4967958087935882, ""hit_rate_proposal"": 0.60546875, ""pilot_paths"": 10000, ""total_paths_simulated"": 10256, ""theta_grid"": [[0.0, 63.83787808765981], [0.5750045365571695, 17.74022884563877], [1.150009073114339, 7.293349227813875], [1.7250136096715085, 4.409358272706094], [2.300018146228678, 3.9116108857963687], [2.875022682785848, 5.093891644974831], [3.450027219343017, 9.755689327401459]]}"
ffdaa58a1689,2026-09-25T10:58:36,tamzeed,importance,rare_barrier,call,exact,importance,{},256,252,19,789500410,LAPTOP-G689CP2J_AMD64,0.9899931289707753,0.08821710468037736,0.8170907809768359,1.1628954769647146,1.1464412081242243,0.15644807915344905,0.06255639996379614,"{""theta"": 2.300018146228678, ""theta0"": 2.300018146228678, ""ESS"": 30.74152880542867, ""ESS_frac"": 0.12008409689620574, ""max_weight"": 10.902179764495951, ""max_weight_share"": 0.08285096947204543, ""mean_weight"": 0.5140149834870837, ""hit_rate_proposal"": 0.5546875, ""pilot_paths"": 10000, ""total_paths_simulated"": 10256, ""theta_grid"": [[0.0, 63.52571307047023], [0.5750045365571695, 17.79185997888163], [1.150009073114339, 7.395817584899827], [1.7250136096715085, 4.5411931300784865], [2.300018146228678, 4.115712818423269], [2.875022682785848, 5.516585634853847], [3.450027219343017, 10.97124717890499]]}"
b5d5183f7b4c,2026-09-25T10:58:36,tamzeed,importance,rare_barrier,call,exact,importance,{},1024,252,0,1600660234,LAPTOP-G689CP2J_AMD64,1.1825019544790205,0.059175323985851194,1.066520450693263,1.298483458264778,1.1464412081242243,0.03606074635479617,0.06360140000469983,"{""theta"": 2.300018146228678, ""theta0"": 2.300018146228678, ""ESS"": 15.12446124293147, ""ESS_frac"": 0.014769981682550264, ""max_weight"": 193.85744984011288, ""max_weight_share"": 0.23764887879323984, ""mean_weight"": 0.7966118620916904, ""hit_rate_proposal"": 0.587890625, ""pilot_paths"": 10000, ""total_paths_simulated"": 11024, ""theta_grid"": [[0.0, 62.29755909501695], [0.5750045365571695, 17.25086998554356], [1.150009073114339, 7.07823870408721], [1.7250136096715085, 4.276970321539234], [2.300018146228678, 3.7978014839267593], [2.875022682785848, 4.961604440076632], [3.450027219343017, 9.571428518030322]]}"
5b9363b64106,2026-09-25T10:58:36,tamzeed,importance,rare_barrier,call,exact,importance,{},1024,252,1,3629988088,LAPTOP-G689CP2J_AMD64,1.0035684578143482,0.05450785371195205,0.8967350276643443,1.1104018879643522,1.1464412081242243,0.14287275030987612,0.06354800006374717,"{""theta"": 2.300018146228678, ""theta0"": 2.300018146228678, ""ESS"": 23.337702793257275, ""ESS_frac"": 0.022790725384040308, ""max_weight"": 155.12816902232186, ""max_weight_share"": 0.13206418217631366, ""mean_weight"": 1.1471115791154467, ""hit_rate_proposal"": 0.5546875, ""pilot_paths"": 10000, ""total_paths_simulated"": 11024, ""theta_grid"": [[0.0, 64.60750784488316], [0.5750045365571695, 17.9939121746679], [1.150009073114339, 7.425963623916819], [1.7250136096715085, 4.522648574981252], [2.300018146228678, 4.068219850652387], [2.875022682785848, 5.431700061577259], [3.450027219343017, 10.848861855660488]]}"
99ad8d891283,2026-09-25T10:58:37,tamzeed,importance,rare_barrier,call,exact,importance,{},1024,252,2,3245933403,LAPTOP-G689CP2J_AMD64,1.0111653349828742,0.04999810459143687,0.9131708506883912,1.109159819277357,1.1464412081242243,0.13527587314135014,0.06195750006008893,"{""theta"": 2.300018146228678, ""theta0"": 2.300018146228678, ""ESS"": 36.43690823232083, ""ESS_frac"": 0.03558291819562581, ""max_weight"": 83.8359272006987, ""max_weight_share"": 0.09198296514509298, ""mean_weight"": 0.890067226336853, ""hit_rate_proposal"": 0.544921875, ""pilot_paths"": 10000, ""total_paths_simulated"": 11024, ""theta_grid"": [[0.0, 62.92844331612715], [0.5750045365571695, 17.47880735630282], [1.150009073114339, 7.192820495759876], [1.7250136096715085, 4.370024344295076], [2.300018146228678, 3.9308619894611168], [2.875022682785848, 5.2920713357163605], [3.450027219343017, 10.89587184982971]]}"
6be3ac44acb6,2026-09-25T10:58:37,tamzeed,importance,rare_barrier,call,exact,importance,{},1024,252,3,3497779631,LAPTOP-G689CP2J_AMD64,0.9561344540813703,0.049621341100835804,0.858878412659155,1.0533904955035855,1.1464412081242243,0.19030675404285402,0.06566679989919066,"{""theta"": 2.300018146228678, ""theta0"": 2.300018146228678, ""ESS"": 26.453782807344098, ""ESS_frac"": 0.02583377227279697, ""max_weight"": 153.21464634812804, ""max_weight_share"": 0.1614159569042235, ""mean_weight"": 0.9269447763650982, ""hit_rate_proposal"": 0.5380859375, ""pilot_paths"": 10000, ""total_paths_simulated"": 11024, ""theta_grid"": [[0.0, 64.14757137574152], [0.5750045365571695, 17.952970153532963], [1.150009073114339, 7.440978801171429], [1.7250136096715085, 4.538934012368824], [2.300018146228678, 4.0620879501039235], [2.875022682785848, 5.325647940128626], [3.450027219343017, 10.21801466352752]]}"
877555082523,2026-09-25T10:58:37,tamzeed,importance,rare_barrier,call,exact,importance,{},1024,252,4,1584989197,LAPTOP-G689CP2J_AMD64,1.0751522389216812,0.054283913889154885,0.968757722759064,1.1815467550842984,1.1464412081242243,0.07128896920254313,0.06900860008317977,"{""theta"": 2.300018146228678, ""theta0"": 2.300018146228678, ""ESS"": 38.55607091915938, ""ESS_frac"": 0.037652413006991584, ""max_weight"": 99.79461475329028, ""max_weight_share"": 0.08023325968069328, ""mean_weight"": 1.2146543572809747, ""hit_rate_proposal"": 0.5634765625, ""pilot_paths"": 10000, ""total_paths_simulated"": 11024, ""theta_grid"": [[0.0, 62.92191304176131], [0.5750045365571695, 17.48052222605393], [1.150009073114339, 7.186784258833178], [1.7250136096715085, 4.346401395513899], [2.300018146228678, 3.855800187262654], [2.875022682785848, 5.012251128147226], [3.450027219343017, 9.542469292062606]]}"
661fccb13360,2026-09-25T10:58:37,tamzeed,importance,rare_barrier,call,exact,importance,{},1024,252,5,99112311,LAPTOP-G689CP2J_AMD64,1.060127378552314,0.05502062019550868,0.9522889445620598,1.167965812542568,1.1464412081242243,0.08631382957191036,0.06264200003352016,"{""theta"": 2.300018146228678, ""theta0"": 2.300018146228678, ""ESS"": 5.709491906631384, ""ESS_frac"": 0.005575675690069711, ""max_weight"": 542.7193485490488, ""max_weight_share"": 0.4001149608103342, ""mean_weight"": 1.3246177117297675, ""hit_rate_proposal"": 0.57421875, ""pilot_paths"": 10000, ""total_paths_simulated"": 11024, ""theta_grid"": [[0.0, 63.786439166363], [0.5750045365571695, 17.763337706971146], [1.150009073114339, 7.313433897868477], [1.7250136096715085, 4.424783499278528], [2.300018146228678, 3.9216604780906104], [2.875022682785848, 5.084144214615], [3.450027219343017, 9.633119799141499]]}"
7acfe59378fd,2026-09-25T10:58:37,tamzeed,importance,rare_barrier,call,exact,importance,{},1024,252,6,220099503,LAPTOP-G689CP2J_AMD64,1.0642690839082256,0.04936622627821162,0.967513058350276,1.1610251094661752,1.1464412081242243,0.08217212421599873,0.06364619999658316,"{""theta"": 2.300018146228678, ""theta0"": 2.300018146228678, ""ESS"": 77.80297930344838, ""ESS_frac"": 0.07597947197602381, ""max_weight"": 25.555777957098137, ""max_weight_share"": 0.040554784103661624, ""mean_weight"": 0.6153852119502552, ""hit_rate_proposal"": 0.583984375, ""pilot_paths"": 10000, ""total_paths_simulated"": 11024, ""theta_grid"": [[0.0, 62.21876813861795], [0.5750045365571695, 17.287950835562746], [1.150009073114339, 7.140410101165121], [1.7250136096715085, 4.3713239664754955], [2.300018146228678, 3.977884848506339], [2.875022682785848, 5.422998788425693], [3.450027219343017, 11.198513987149546]]}"
3ffe5d8af4b6,2026-09-25T10:58:37,tamzeed,importance,rare_barrier,call,exact,importance,{},1024,252,7,3700714345,LAPTOP-G689CP2J_AMD64,1.144968675029588,0.05516321419543944,1.036850761935058,1.253086588124118,1.1464412081242243,0.0014725330946363524,0.0606703000376001,"{""theta"": 2.300018146228678, ""theta0"": 2.300018146228678, ""ESS"": 30.86457002099204, ""ESS_frac"": 0.03014118166112504, ""max_weight"": 103.58772113430842, ""max_weight_share"": 0.11859613872107379, ""mean_weight"": 0.852977887906966, ""hit_rate_proposal"": 0.5703125, ""pilot_paths"": 10000, ""total_paths_simulated"": 11024, ""theta_grid"": [[0.0, 61.72514327018956], [0.5750045365571695, 16.9552528288329], [1.150009073114339, 6.871755590732908], [1.7250136096715085, 4.0777067265254034], [2.300018146228678, 3.525888407906542], [2.875022682785848, 4.429517072632622], [3.450027219343017, 8.07009739667101]]}"
a4aeb4543cd6,2026-09-25T10:58:37,tamzeed,importance,rare_barrier,call,exact,importance,{},1024,252,8,4021437042,LAPTOP-G689CP2J_AMD64,1.1035943789829976,0.0568029910791529,0.992262562253708,1.2149261957122872,1.1464412081242243,0.04284682914122673,0.061898100073449314,"{""theta"": 2.300018146228678, ""theta0"": 2.300018146228678, ""ESS"": 41.26970614768178, ""ESS_frac"": 0.04030244740984549, ""max_weight"": 70.19507698702004, ""max_weight_share"": 0.07696437907460735, ""mean_weight"": 0.8906702125627002, ""hit_rate_proposal"": 0.59375, ""pilot_paths"": 10000, ""total_paths_simulated"": 11024, ""theta_grid"": [[0.0, 63.90421856696261], [0.5750045365571695, 17.689697371738767], [1.150009073114339, 7.249740648799528], [1.7250136096715085, 4.372777319688803], [2.300018146228678, 3.8731025718006515], [2.875022682785848, 5.04059587908759], [3.450027219343017, 9.663982507221215]]}"
2f2106f799d2,2026-09-25T10:58:37,tamzeed,importance,rare_barrier,call,exact,importance,{},1024,252,9,4162693154,LAPTOP-G689CP2J_AMD64,1.1045739585189103,0.053579471021550314,0.9995601250059641,1.2095877920318563,1.1464412081242243,0.04186724960531407,0.060921299969777465,"{""theta"": 2.300018146228678, ""theta0"": 2.300018146228678, ""ESS"": 30.026499745884628, ""ESS_frac"": 0.029322753658090457, ""max_weight"": 165.54261858659117, ""max_weight_share"": 0.14809257882546106, ""mean_weight"": 1.0916327796141654, ""hit_rate_proposal"": 0.5673828125, ""pilot_paths"": 10000, ""total_paths_simulated"": 11024, ""theta_grid"": [[0.0, 63.35782307468082], [0.5750045365571695, 17.582591707086987], [1.150009073114339, 7.236709725211971], [1.7250136096715085, 4.3999213685924525], [2.300018146228678, 3.9495336661430125], [2.875022682785848, 5.239714338859382], [3.450027219343017, 10.283342502182785]]}"
86dd92afb91c,2026-09-25T10:58:37,tamzeed,importance,rare_barrier,call,exact,importance,{},1024,252,10,2112391506,LAPTOP-G689CP2J_AMD64,1.1787450916675328,0.05651332711811516,1.0679810058694963,1.2895091774655694,1.1464412081242243,0.03230388354330849,0.0644109999993816,"{""theta"": 2.300018146228678, ""theta0"": 2.300018146228678, ""ESS"": 42.59711982053848, ""ESS_frac"": 0.04159874982474461, ""max_weight"": 73.11722883122358, ""max_weight_share"": 0.08858502845924163, ""mean_weight"": 0.8060452767517581, ""hit_rate_proposal"": 0.572265625, ""pilot_paths"": 10000, ""total_paths_simulated"": 11024, ""theta_grid"": [[0.0, 62.81996374216159], [0.5750045365571695, 17.525215441524363], [1.150009073114339, 7.256561080978904], [1.7250136096715085, 4.433248001489881], [2.300018146228678, 3.986280517032196], [2.875022682785848, 5.272409335453187], [3.450027219343017, 10.255632853478417]]}"
9be02500c63e,2026-09-25T10:58:37,tamzeed,importance,rare_barrier,call,exact,importance,{},1024,252,11,834316741,LAPTOP-G689CP2J_AMD64,0.9641131794247872,0.04655586566195294,0.8728653594582745,1.0553609993913,1.1464412081242243,0.1823280286994371,0.0700760999461636,"{""theta"": 2.300018146228678, ""theta0"": 2.300018146228678, ""ESS"": 42.907903209052634, ""ESS_frac"": 0.04190224922759046, ""max_weight"": 76.61207674939931, ""max_weight_share"": 0.09420750147970136, ""mean_weight"": 0.7941669190399425, ""hit_rate_proposal"": 0.57421875, ""pilot_paths"": 10000, ""total_paths_simulated"": 11024, ""theta_grid"": [[0.0, 63.186464882786396], [0.5750045365571695, 17.554456238687393], [1.150009073114339, 7.227974148773897], [1.7250136096715085, 4.3857681535039585], [2.300018146228678, 3.9140417120747966], [2.875022682785848, 5.140136548956758], [3.450027219343017, 9.951114067529119]]}"
64dc25b7a091,2026-09-25T10:58:37,tamzeed,importance,rare_barrier,call,exact,importance,{},1024,252,12,1141817111,LAPTOP-G689CP2J_AMD64,1.0667939302514278,0.048543983697619086,0.9716494705379949,1.1619383899648608,1.1464412081242243,0.07964727787279657,0.06638029997702688,"{""theta"": 2.300018146228678, ""theta0"": 2.300018146228678, ""ESS"": 2.044261862757598, ""ESS_frac"": 0.0019963494753492167, ""max_weight"": 2615.4143157504977, ""max_weight_share"": 0.684715638528852, ""mean_weight"": 3.7301843261718814, ""hit_rate_proposal"": 0.568359375, ""pilot_paths"": 10000, ""total_paths_simulated"": 11024, ""theta_grid"": [[0.0, 62.15405285411305], [0.5750045365571695, 17.241449100601862], [1.150009073114339, 7.094622749292387], [1.7250136096715085, 4.308718199821242], [2.300018146228678, 3.8612757028976876], [2.875022682785848, 5.126399138306531], [3.450027219343017, 10.158604096173827]]}"
98b63e9e6122,2026-09-25T10:58:37,tamzeed,importance,rare_barrier,call,exact,importance,{},1024,252,13,891540562,LAPTOP-G689CP2J_AMD64,1.0428652040310395,0.04784749368239963,0.9490858396630285,1.1366445683990505,1.1464412081242243,0.10357600409318479,0.06579929997678846,"{""theta"": 2.300018146228678, ""theta0"": 2.300018146228678, ""ESS"": 34.613341928143754, ""ESS_frac"": 0.033802091726702885, ""max_weight"": 99.31183670318653, ""max_weight_share"": 0.08135325428437733, ""mean_weight"": 1.192136889711122, ""hit_rate_proposal"": 0.55859375, ""pilot_paths"": 10000, ""total_paths_simulated"": 11024, ""theta_grid"": [[0.0, 62.8019386506652], [0.5750045365571695, 17.385019133076902], [1.150009073114339, 7.124919968251579], [1.7250136096715085, 4.29904287785104], [2.300018146228678, 3.81202094328933], [2.875022682785848, 4.972036727030601], [3.450027219343017, 9.564792204592907]]}"
35d64860275a,2026-09-25T10:58:37,tamzeed,importance,rare_barrier,call,exact,importance,{},1024,252,14,598675372,LAPTOP-G689CP2J_AMD64,1.0553152954541876,0.05335697717557113,0.9507375418661425,1.1598930490422328,1.1464412081242243,0.09112591267003678,0.06427640002220869,"{""theta"": 2.300018146228678, ""theta0"": 2.300018146228678, ""ESS"": 66.26119773948287, ""ESS_frac"": 0.06470820091746374, ""max_weight"": 52.201002377227816, ""max_weight_share"": 0.06261256593309099, ""mean_weight"": 0.8141742895265967, ""hit_rate_proposal"": 0.552734375, ""pilot_paths"": 10000, ""total_paths_simulated"": 11024, ""theta_grid"": [[0.0, 63.78591794369067], [0.5750045365571695, 17.818441981271913], [1.150009073114339, 7.399905399493038], [1.7250136096715085, 4.554174085615854], [2.300018146228678, 4.161719057867261], [2.875022682785848, 5.682706628105735], [3.450027219343017, 11.700973987816527]]}"
e8d3f3479413,2026-09-25T10:58:37,tamzeed,importance,rare_barrier,call,exact,importance,{},1024,252,15,2271430948,LAPTOP-G689CP2J_AMD64,1.1138776656955336,0.05564956138220088,1.0048065296309687,1.2229488017600985,1.1464412081242243,0.03256354242869075,0.1187098000664264,"{""theta"": 2.300018146228678, ""theta0"": 2.300018146228678, ""ESS"": 39.84226953017485, ""ESS_frac"": 0.03890846633806138, ""max_weight"": 96.71784710349128, ""max_weight_share"": 0.10270170898083693, ""mean_weight"": 0.9196635917677551, ""hit_rate_proposal"": 0.5576171875, ""pilot_paths"": 10000, ""total_paths_simulated"": 11024, ""theta_grid"": [[0.0, 63.418290599952314], [0.5750045365571695, 17.596813463522658], [1.150009073114339, 7.220901211742856], [1.7250136096715085, 4.361392699504873], [2.300018146228678, 3.8759546477856], [2.875022682785848, 5.083393478944122], [3.450027219343017, 9.88935147282177]]}"
d0c6f31b3a66,2026-09-25T10:58:37,tamzeed,importance,rare_barrier,call,exact,importance,{},1024,252,16,3817931285,LAPTOP-G689CP2J_AMD64,0.9457086009176962,0.04533066046797085,0.8568621390050597,1.0345550628303326,1.1464412081242243,0.2007326072065282,0.06857829994987696,"{""theta"": 2.300018146228678, ""theta0"": 2.300018146228678, ""ESS"": 26.85888904934937, ""ESS_frac"": 0.026229383837255243, ""max_weight"": 132.71520046241164, ""max_weight_share"": 0.1563572111241133, ""mean_weight"": 0.8289012513065113, ""hit_rate_proposal"": 0.568359375, ""pilot_paths"": 10000, ""total_paths_simulated"": 11024, ""theta_grid"": [[0.0, 62.6493821092512], [0.5750045365571695, 17.408392509669888], [1.150009073114339, 7.164891318217489], [1.7250136096715085, 4.343048568653673], [2.300018146228678, 3.8687914941073687], [2.875022682785848, 5.066476127590379], [3.450027219343017, 9.772468546289609]]}"
d20dbc1fc392,2026-09-25T10:58:38,tamzeed,importance,rare_barrier,call,exact,importance,{},1024,252,17,4167709503,LAPTOP-G689CP2J_AMD64,1.0694996348021004,0.04877825237617756,0.973896016915987,1.1651032526882137,1.1464412081242243,0.07694157332212392,0.07423950009979308,"{""theta"": 2.300018146228678, ""theta0"": 2.300018146228678, ""ESS"": 21.916831316643044, ""ESS_frac"": 0.021403155582659223, ""max_weight"": 144.32074010583236, ""max_weight_share"": 0.18685171625613234, ""mean_weight"": 0.7542784491548732, ""hit_rate_proposal"": 0.5908203125, ""pilot_paths"": 10000, ""total_paths_simulated"": 11024, ""theta_grid"": [[0.0, 64.44055172013556], [0.5750045365571695, 17.86482950247916], [1.150009073114339, 7.302275692447633], [1.7250136096715085, 4.372709818714178], [2.300018146228678, 3.8249109984028444], [2.875022682785848, 4.885626507714063], [3.450027219343017, 9.124763622859758]]}"
f19a1b9a2ca4,2026-09-25T10:58:38,tamzeed,importance,rare_barrier,call,exact,importance,{},1024,252,18,4084166060,LAPTOP-G689CP2J_AMD64,1.0320750566986032,0.050669851400224813,0.9327639728521662,1.1313861405450403,1.1464412081242243,0.11436615142562112,0.06429140002001077,"{""theta"": 2.300018146228678, ""theta0"": 2.300018146228678, ""ESS"": 39.27496780820407, ""ESS_frac"": 0.038354460750199285, ""max_weight"": 90.21522073170551, ""max_weight_share"": 0.08959113955678172, ""mean_weight"": 0.9833651177075274, ""hit_rate_proposal"": 0.578125, ""pilot_paths"": 10000, ""total_paths_simulated"": 11024, ""theta_grid"": [[0.0, 62.59230304290964], [0.5750045365571695, 17.262052920896497], [1.150009073114339, 7.0370163316589025], [1.7250136096715085, 4.212893874609224], [2.300018146228678, 3.6935504434167923], [2.875022682785848, 4.741587187650069], [3.450027219343017, 8.927883605719671]]}"
20f6ffa81f16,2026-09-25T10:58:38,tamzeed,importance,rare_barrier,call,exact,importance,{},1024,252,19,599672880,LAPTOP-G689CP2J_AMD64,1.019920818708964,0.055927234515558345,0.9103054533035442,1.1295361841143836,1.1464412081242243,0.12652038941526045,0.06596989999525249,"{""theta"": 2.300018146228678, ""theta0"": 2.300018146228678, ""ESS"": 15.2488020922275, ""ESS_frac"": 0.014891408293190918, ""max_weight"": 285.2731784069951, ""max_weight_share"": 0.22866454018642443, ""mean_weight"": 1.2183222114848071, ""hit_rate_proposal"": 0.5478515625, ""pilot_paths"": 10000, ""total_paths_simulated"": 11024, ""theta_grid"": [[0.0, 63.06268286819536], [0.5750045365571695, 17.598351951971996], [1.150009073114339, 7.291636235931657], [1.7250136096715085, 4.46082228273612], [2.300018146228678, 4.020272642599169], [2.875022682785848, 5.335820965886069], [3.450027219343017, 10.432585026447763]]}"
151f2fd97dc7,2026-09-25T10:58:38,tamzeed,importance,rare_barrier,call,exact,importance,{},4096,252,0,583072580,LAPTOP-G689CP2J_AMD64,1.0850281597822162,0.0253896584015077,1.0352653437354864,1.134790975828946,1.1464412081242243,0.061413048342008114,0.08237969991751015,"{""theta"": 2.300018146228678, ""theta0"": 2.300018146228678, ""ESS"": 58.89901986377809, ""ESS_frac"": 0.014379643521430199, ""max_weight"": 388.38644438828874, ""max_weight_share"": 0.10066525856151705, ""mean_weight"": 0.9419427380354765, ""hit_rate_proposal"": 0.575927734375, ""pilot_paths"": 10000, ""total_paths_simulated"": 14096, ""theta_grid"": [[0.0, 62.3298757540756], [0.5750045365571695, 17.214881330562434], [1.150009073114339, 7.033173889897507], [1.7250136096715085, 4.222697180113341], [2.300018146228678, 3.71513929152021], [2.875022682785848, 4.788963969629355], [3.450027219343017, 9.060805932339532]]}"
fb97df7d91a3,2026-09-25T10:58:38,tamzeed,importance,rare_barrier,call,exact,importance,{},4096,252,1,2877023542,LAPTOP-G689CP2J_AMD64,1.0854106270245152,0.027000380172929123,1.0324908543166846,1.1383303997323457,1.1464412081242243,0.06103058109970916,0.0813085000263527,"{""theta"": 2.300018146228678, ""theta0"": 2.300018146228678, ""ESS"": 41.49393135890217, ""ESS_frac"": 0.010130354335669474, ""max_weight"": 589.9688711803062, ""max_weight_share"": 0.13969020376986008, ""mean_weight"": 1.0311057257658742, ""hit_rate_proposal"": 0.565185546875, ""pilot_paths"": 10000, ""total_paths_simulated"": 14096, ""theta_grid"": [[0.0, 63.77087468535379], [0.5750045365571695, 17.86294229743926], [1.150009073114339, 7.434371528532659], [1.7250136096715085, 4.572467550493622], [2.300018146228678, 4.151953807341036], [2.875022682785848, 5.579791284767008], [3.450027219343017, 11.151834023550231]]}"
4e53c4359379,2026-09-25T10:58:38,tamzeed,importance,rare_barrier,call,exact,importance,{},4096,252,2,3930866527,LAPTOP-G689CP2J_AMD64,1.0837768963744336,0.02673201185248896,1.0313831159092575,1.1361706768396098,1.1464412081242243,0.0626643117497907,0.08012360008433461,"{""theta"": 2.300018146228678, ""theta0"": 2.300018146228678, ""ESS"": 67.62603861131714, ""ESS_frac"": 0.0165102633328411, ""max_weight"": 313.8546608741666, ""max_weight_share"": 0.09262681206157597, ""mean_weight"": 0.8272407455202488, ""hit_rate_proposal"": 0.571533203125, ""pilot_paths"": 10000, ""total_paths_simulated"": 14096, ""theta_grid"": [[0.0, 62.656492636087386], [0.5750045365571695, 17.37242062038433], [1.150009073114339, 7.146425781429975], [1.7250136096715085, 4.34523951252336], [2.300018146228678, 3.907973109680177], [2.875022682785848, 5.219038851325198], [3.450027219343017, 10.402965540164043]]}"
529d6e307592,2026-09-25T10:58:38,tamzeed,importance,rare_barrier,call,exact,importance,{},4096,252,3,3436453247,LAPTOP-G689CP2J_AMD64,1.0690644051778668,0.026215714778579532,1.0176825483828764,1.1204462619728572,1.1464412081242243,0.07737680294635751,0.0828548000426963,"{""theta"": 2.300018146228678, ""theta0"": 2.300018146228678, ""ESS"": 67.90797039153055, ""ESS_frac"": 0.016579094333869764, ""max_weight"": 343.63872749309303, ""max_weight_share"": 0.08107772122845602, ""mean_weight"": 1.034762354358366, ""hit_rate_proposal"": 0.572509765625, ""pilot_paths"": 10000, ""total_paths_simulated"": 14096, ""theta_grid"": [[0.0, 62.55445960611354], [0.5750045365571695, 17.192187657225904], [1.150009073114339, 6.975443671922738], [1.7250136096715085, 4.150302633098881], [2.300018146228678, 3.6089784695819427], [2.875022682785848, 4.581714360984502], [3.450027219343017, 8.496164300517858]]}"
0ef781d1163d,2026-09-25T10:58:38,tamzeed,importance,rare_barrier,call,exact,importance,{},4096,252,4,3758147630,LAPTOP-G689CP2J_AMD64,1.0772489055384207,0.026889112216880583,1.0245472140170788,1.1299505970597625,1.1464412081242243,0.06919230258580367,0.08920550008770078,"{""theta"": 2.300018146228678, ""theta0"": 2.300018146228678, ""ESS"": 144.46827779693893, ""ESS_frac"": 0.035270575634018295, ""max_weight"": 169.75478751719996, ""max_weight_share"": 0.05497294434038992, ""mean_weight"": 0.7538988573100946, ""hit_rate_proposal"": 0.5615234375, ""pilot_paths"": 10000, ""total_paths_simulated"": 14096, ""theta_grid"": [[0.0, 63.78150645866031], [0.5750045365571695, 17.750938594015075], [1.150009073114339, 7.317418574641822], [1.7250136096715085, 4.453970048428657], [2.300018146228678, 4.012271630405834], [2.875022682785848, 5.3874236097596615], [3.450027219343017, 10.894447844271285]]}"
0cec0e53da47,2026-09-25T10:58:38,tamzeed,importance,rare_barrier,call,exact,importance,{},4096,252,5,1579110609,LAPTOP-G689CP2J_AMD64,1.0931436359425684,0.028165590901575166,1.037940092172192,1.1483471797129448,1.1464412081242243,0.05329757218165598,0.09159820002969354,"{""theta"": 2.300018146228678, ""theta0"": 2.300018146228678, ""ESS"": 122.94256519616198, ""ESS_frac"": 0.030015274706094233, ""max_weight"": 187.5357978737871, ""max_weight_share"": 0.051083133258616305, ""mean_weight"": 0.8962861904140811, ""hit_rate_proposal"": 0.57763671875, ""pilot_paths"": 10000, ""total_paths_simulated"": 14096, ""theta_grid"": [[0.0, 62.116474049644076], [0.5750045365571695, 17.261729710359518], [1.150009073114339, 7.119906859669136], [1.7250136096715085, 4.335827527947694], [2.300018146228678, 3.8890825010591565], [2.875022682785848, 5.133375974567062], [3.450027219343017, 9.963815793612875]]}"
1cf2a26dd717,2026-09-25T10:58:38,tamzeed,importance,rare_barrier,call,exact,importance,{},4096,252,6,3587368043,LAPTOP-G689CP2J_AMD64,1.0502550526386503,0.02606952491858265,0.9991597227041588,1.1013503825731417,1.1464412081242243,0.09618615548557408,0.08303239999804646,"{""theta"": 2.300018146228678, ""theta0"": 2.300018146228678, ""ESS"": 118.48376190546516, ""ESS_frac"": 0.028926699683951455, ""max_weight"": 140.9069201132993, ""max_weight_share"": 0.04261932961708453, ""mean_weight"": 0.8071713903612369, ""hit_rate_proposal"": 0.555908203125, ""pilot_paths"": 10000, ""total_paths_simulated"": 14096, ""theta_grid"": [[0.0, 64.84555907299873], [0.5750045365571695, 18.204131270574425], [1.150009073114339, 7.583517262593305], [1.7250136096715085, 4.661859678218687], [2.300018146228678, 4.2207425540859145], [2.875022682785848, 5.630078436169359], [3.450027219343017, 11.079963669478476]]}"
15b31cd1fdde,2026-09-25T10:58:38,tamzeed,importance,rare_barrier,call,exact,importance,{},4096,252,7,3594166212,LAPTOP-G689CP2J_AMD64,1.1147281734724395,0.027085131174714547,1.0616422918534558,1.167814055091423,1.1464412081242243,0.03171303465178488,0.08150169998407364,"{""theta"": 2.300018146228678, ""theta0"": 2.300018146228678, ""ESS"": 80.38683472383532, ""ESS_frac"": 0.019625692071248858, ""max_weight"": 283.3714031095546, ""max_weight_share"": 0.07601735960793882, ""mean_weight"": 0.9100877986173646, ""hit_rate_proposal"": 0.575439453125, ""pilot_paths"": 10000, ""total_paths_simulated"": 14096, ""theta_grid"": [[0.0, 62.786236260547945], [0.5750045365571695, 17.314921404145334], [1.150009073114339, 7.058362571194428], [1.7250136096715085, 4.223645663708153], [2.300018146228678, 3.695826255874345], [2.875022682785848, 4.71988630697334], [3.450027219343017, 8.787342594489234]]}"
95b1d2e7d46d,2026-09-25T10:58:38,tamzeed,importance,rare_barrier,call,exact,importance,{},4096,252,8,2184119560,LAPTOP-G689CP2J_AMD64,1.0746893895114475,0.026073828817490412,1.0235856240901038,1.1257931549327913,1.1464412081242243,0.0717518186127768,0.08104299998376518,"{""theta"": 2.300018146228678, ""theta0"": 2.300018146228678, ""ESS"": 99.00701008144131, ""ESS_frac"": 0.024171633320664382, ""max_weight"": 225.15210493099622, ""max_weight_share"": 0.053867336633191494, ""mean_weight"": 1.020447251591957, ""hit_rate_proposal"": 0.57568359375, ""pilot_paths"": 10000, ""total_paths_simulated"": 14096, ""theta_grid"": [[0.0, 61.34186422513707], [0.5750045365571695, 16.948561372727372], [1.150009073114339, 6.938463315106181], [1.7250136096715085, 4.188906533817303], [2.300018146228678, 3.728313504308252], [2.875022682785848, 4.905203133148733], [3.450027219343017, 9.576948756912488]]}"
3e6a482ee357,2026-09-25T10:58:39,tamzeed,importance,rare_barrier,call,exact,importance,{},4096,252,9,1013081321,LAPTOP-G689CP2J_AMD64,1.098784020132784,0.026554525049138987,1.046738107409905,1.1508299328556633,1.1464412081242243,0.04765718799144025,0.08103880006819963,"{""theta"": 2.300018146228678, ""theta0"": 2.300018146228678, ""ESS"": 140.12961917033402, ""ESS_frac"": 0.03421133280525733, ""max_weight"": 110.0053071445722, ""max_weight_share"": 0.030053322030014363, ""mean_weight"": 0.8936371297912049, ""hit_rate_proposal"": 0.57958984375, ""pilot_paths"": 10000, ""total_paths_simulated"": 14096, ""theta_grid"": [[0.0, 62.582024190209495], [0.5750045365571695, 17.36263590201976], [1.150009073114339, 7.152077853015977], [1.7250136096715085, 4.36167841747893], [2.300018146228678, 3.949673013631649], [2.875022682785848, 5.352128451349059], [3.450027219343017, 10.964595372032475]]}"
16ba070b1d21,2026-09-25T10:58:39,tamzeed,importance,rare_barrier,call,exact,importance,{},4096,252,10,3814085430,LAPTOP-G689CP2J_AMD64,1.0845621305996644,0.026303469945826448,1.033008276837413,1.136115984361916,1.1464412081242243,0.0618790775245599,0.0799303000094369,"{""theta"": 2.300018146228678, ""theta0"": 2.300018146228678, ""ESS"": 95.03867854262916, ""ESS_frac"": 0.02320280237857157, ""max_weight"": 159.78082786624557, ""max_weight_share"": 0.03659523089196832, ""mean_weight"": 1.065958329199777, ""hit_rate_proposal"": 0.57470703125, ""pilot_paths"": 10000, ""total_paths_simulated"": 14096, ""theta_grid"": [[0.0, 62.375271770222064], [0.5750045365571695, 17.224971414966937], [1.150009073114339, 7.038255270621756], [1.7250136096715085, 4.228575517780463], [2.300018146228678, 3.7236712864618298], [2.875022682785848, 4.799791326253176], [3.450027219343017, 9.050109666844806]]}"
771304a0c2d2,2026-09-25T10:58:39,tamzeed,importance,rare_barrier,call,exact,importance,{},4096,252,11,2959894811,LAPTOP-G689CP2J_AMD64,1.0984966182268168,0.026712564241283585,1.0461409543791884,1.1508522820744451,1.1464412081242243,0.047944589897407575,0.08498429995961487,"{""theta"": 2.300018146228678, ""theta0"": 2.300018146228678, ""ESS"": 29.22520753563694, ""ESS_frac"": 0.007135060433505112, ""max_weight"": 795.2487631410426, ""max_weight_share"": 0.1592970713396041, ""mean_weight"": 1.2188079067054467, ""hit_rate_proposal"": 0.56787109375, ""pilot_paths"": 10000, ""total_paths_simulated"": 14096, ""theta_grid"": [[0.0, 63.81790789254645], [0.5750045365571695, 17.818089741105208], [1.150009073114339, 7.389660269058835], [1.7250136096715085, 4.53067626807296], [2.300018146228678, 4.1024549907992665], [2.875022682785848, 5.492404499106997], [3.450027219343017, 10.889313352130712]]}"
6fc3053ddf5a,2026-09-25T10:58:39,tamzeed,importance,rare_barrier,call,exact,importance,{},4096,252,12,2349509003,LAPTOP-G689CP2J_AMD64,1.0958409530543198,0.027012324882866458,1.0428977691452064,1.1487841369634333,1.1464412081242243,0.05060025506990451,0.08201929996721447,"{""theta"": 2.300018146228678, ""theta0"": 2.300018146228678, ""ESS"": 10.346274591568536, ""ESS_frac"": 0.002525945945207162, ""max_weight"": 1742.6004658094907, ""max_weight_share"": 0.299677057635629, ""mean_weight"": 1.4196601174765375, ""hit_rate_proposal"": 0.5693359375, ""pilot_paths"": 10000, ""total_paths_simulated"": 14096, ""theta_grid"": [[0.0, 64.44175629413019], [0.5750045365571695, 18.022167526629467], [1.150009073114339, 7.49001257192977], [1.7250136096715085, 4.613263801158921], [2.300018146228678, 4.220724868936588], [2.875022682785848, 5.771456509544254], [3.450027219343017, 11.890348471241872]]}"
e9912d12ec99,2026-09-25T10:58:39,tamzeed,importance,rare_barrier,call,exact,importance,{},4096,252,13,55020350,LAPTOP-G689CP2J_AMD64,1.0884020331715873,0.02655834798214205,1.036348627637707,1.1404554387054677,1.1464412081242243,0.058039174952636996,0.08335870003793389,"{""theta"": 2.300018146228678, ""theta0"": 2.300018146228678, ""ESS"": 39.43054841659707, ""ESS_frac"": 0.009626598734520769, ""max_weight"": 469.87325959748455, ""max_weight_share"": 0.09392767718437935, ""mean_weight"": 1.2213136181759516, ""hit_rate_proposal"": 0.56298828125, ""pilot_paths"": 10000, ""total_paths_simulated"": 14096, ""theta_grid"": [[0.0, 62.739257527421415], [0.5750045365571695, 17.483527859234496], [1.150009073114339, 7.2114076178332525], [1.7250136096715085, 4.370172337005641], [2.300018146228678, 3.8743793055549975], [2.875022682785848, 5.013512030406014], [3.450027219343017, 9.458254536678794]]}"
03d8985d8c06,2026-09-25T10:58:39,tamzeed,importance,rare_barrier,call,exact,importance,{},4096,252,14,167998097,LAPTOP-G689CP2J_AMD64,1.038063382809183,0.024681927341060714,0.9896876941516695,1.0864390714666965,1.1464412081242243,0.10837782531504137,0.08158739993814379,"{""theta"": 2.300018146228678, ""theta0"": 2.300018146228678, ""ESS"": 39.067425748036115, ""ESS_frac"": 0.00953794573926663, ""max_weight"": 496.72609931799883, ""max_weight_share"": 0.10064358982924261, ""mean_weight"": 1.2049552340796201, ""hit_rate_proposal"": 0.56396484375, ""pilot_paths"": 10000, ""total_paths_simulated"": 14096, ""theta_grid"": [[0.0, 63.662775035273306], [0.5750045365571695, 17.736288031559937], [1.150009073114339, 7.338339339767381], [1.7250136096715085, 4.480741207566921], [2.300018146228678, 4.024028979026124], [2.875022682785848, 5.306029515720374], [3.450027219343017, 10.259298071640556]]}"
341a6ed13883,2026-09-25T10:58:39,tamzeed,importance,rare_barrier,call,exact,importance,{},4096,252,15,2971003706,LAPTOP-G689CP2J_AMD64,1.0338070324958597,0.02548138519658286,0.9838644352343652,1.0837496297573541,1.1464412081242243,0.11263417562836464,0.09276419994421303,"{""theta"": 2.300018146228678, ""theta0"": 2.300018146228678, ""ESS"": 109.45158298965326, ""ESS_frac"": 0.026721577878333316, ""max_weight"": 181.64384602731175, ""max_weight_share"": 0.04229182761076292, ""mean_weight"": 1.0485865615612648, ""hit_rate_proposal"": 0.55078125, ""pilot_paths"": 10000, ""total_paths_simulated"": 14096, ""theta_grid"": [[0.0, 63.77214605416134], [0.5750045365571695, 17.764413403155945], [1.150009073114339, 7.369315386088845], [1.7250136096715085, 4.539626432229418], [2.300018146228678, 4.156726821556645], [2.875022682785848, 5.674501460118659], [3.450027219343017, 11.581885255281096]]}"
4fc7be1090a7,2026-09-25T10:58:39,tamzeed,importance,rare_barrier,call,exact,importance,{},4096,252,16,3170136819,LAPTOP-G689CP2J_AMD64,1.0804812290743653,0.027007211870599814,1.027548066485147,1.1334143916635835,1.1464412081242243,0.06595997904985906,0.08236550004221499,"{""theta"": 2.300018146228678, ""theta0"": 2.300018146228678, ""ESS"": 55.07232808323526, ""ESS_frac"": 0.013445392598446109, ""max_weight"": 376.81407057690143, ""max_weight_share"": 0.08876449928349492, ""mean_weight"": 1.0364010774805859, ""hit_rate_proposal"": 0.564208984375, ""pilot_paths"": 10000, ""total_paths_simulated"": 14096, ""theta_grid"": [[0.0, 63.08113648149505], [0.5750045365571695, 17.47080858312077], [1.150009073114339, 7.151922361642716], [1.7250136096715085, 4.297717902386062], [2.300018146228678, 3.7766874015617242], [2.875022682785848, 4.844090704102321], [3.450027219343017, 9.059219549544059]]}"
be69af549c79,2026-09-25T10:58:39,tamzeed,importance,rare_barrier,call,exact,importance,{},4096,252,17,1620186847,LAPTOP-G689CP2J_AMD64,1.0440881863989555,0.026799544350691016,0.9915620446695173,1.0966143281283938,1.1464412081242243,0.10235302172526883,0.07926280004903674,"{""theta"": 2.300018146228678, ""theta0"": 2.300018146228678, ""ESS"": 12.739383057565252, ""ESS_frac"": 0.0031102009417883917, ""max_weight"": 1256.6687213554565, ""max_weight_share"": 0.21864721025544337, ""mean_weight"": 1.4031914090796587, ""hit_rate_proposal"": 0.556640625, ""pilot_paths"": 10000, ""total_paths_simulated"": 14096, ""theta_grid"": [[0.0, 61.90622924313623], [0.5750045365571695, 17.214658252024794], [1.150009073114339, 7.111731525031077], [1.7250136096715085, 4.349356994601779], [2.300018146228678, 3.9487854039364887], [2.875022682785848, 5.374910810942019], [3.450027219343017, 11.163916005930133]]}"
a8a9a668b214,2026-09-25T10:58:39,tamzeed,importance,rare_barrier,call,exact,importance,{},4096,252,18,3322930669,LAPTOP-G689CP2J_AMD64,1.0800966726402639,0.025982022241847216,1.0291728448007247,1.131020500479803,1.1464412081242243,0.06634453548396047,0.07854270003736019,"{""theta"": 2.300018146228678, ""theta0"": 2.300018146228678, ""ESS"": 5.059222163156347, ""ESS_frac"": 0.0012351616609268426, ""max_weight"": 2682.6079478036936, ""max_weight_share"": 0.44192973722227336, ""mean_weight"": 1.4819857679714257, ""hit_rate_proposal"": 0.57373046875, ""pilot_paths"": 10000, ""total_paths_simulated"": 14096, ""theta_grid"": [[0.0, 62.12436994981513], [0.5750045365571695, 17.310992957934378], [1.150009073114339, 7.1833648166805695], [1.7250136096715085, 4.433060467750453], [2.300018146228678, 4.091753098151718], [2.875022682785848, 5.721688809033156], [3.450027219343017, 12.349386991567911]]}"
572018878b9c,2026-09-25T10:58:39,tamzeed,importance,rare_barrier,call,exact,importance,{},4096,252,19,4263232827,LAPTOP-G689CP2J_AMD64,1.0869712198430843,0.02660564568099099,1.0348251125229084,1.1391173271632602,1.1464412081242243,0.05946998828114003,0.0777160000288859,"{""theta"": 2.300018146228678, ""theta0"": 2.300018146228678, ""ESS"": 66.07605604566861, ""ESS_frac"": 0.016131849620524562, ""max_weight"": 424.23765527129353, ""max_weight_share"": 0.08351959450259709, ""mean_weight"": 1.2401119392796796, ""hit_rate_proposal"": 0.567138671875, ""pilot_paths"": 10000, ""total_paths_simulated"": 14096, ""theta_grid"": [[0.0, 62.67388422004854], [0.5750045365571695, 17.43301930926606], [1.150009073114339, 7.216581271575065], [1.7250136096715085, 4.4234715084010885], [2.300018146228678, 4.010355226140867], [2.875022682785848, 5.387541476949571], [3.450027219343017, 10.767019785179338]]}"
ea510c508a3d,2026-09-25T10:58:40,tamzeed,importance,rare_barrier,call,exact,importance,{},16384,252,0,2921616690,LAPTOP-G689CP2J_AMD64,1.047589870413183,0.012677041220246259,1.0227433261909706,1.0724364146353953,1.1464412081242243,0.09885133771104138,0.14627000002656132,"{""theta"": 2.300018146228678, ""theta0"": 2.300018146228678, ""ESS"": 357.8614590194565, ""ESS_frac"": 0.0218421300671055, ""max_weight"": 394.6069983746731, ""max_weight_share"": 0.02526514591439131, ""mean_weight"": 0.9532856008333062, ""hit_rate_proposal"": 0.56549072265625, ""pilot_paths"": 10000, ""total_paths_simulated"": 26384, ""theta_grid"": [[0.0, 61.48928879671503], [0.5750045365571695, 16.999744486693086], [1.150009073114339, 6.993027243792531], [1.7250136096715085, 4.270536265206383], [2.300018146228678, 3.8881738945129314], [2.875022682785848, 5.339126192646552], [3.450027219343017, 11.272868060519778]]}"
6fe54f3dc0db,2026-09-25T10:58:40,tamzeed,importance,rare_barrier,call,exact,importance,{},16384,252,1,2149657470,LAPTOP-G689CP2J_AMD64,1.074931095846753,0.012916566889687833,1.0496150899390624,1.1002471017544437,1.1464412081242243,0.07151011227747128,0.15254049992654473,"{""theta"": 2.300018146228678, ""theta0"": 2.300018146228678, ""ESS"": 235.33770269867333, ""ESS_frac"": 0.014363873455729573, ""max_weight"": 441.7426674186489, ""max_weight_share"": 0.02981000666899827, ""mean_weight"": 0.9044557764634356, ""hit_rate_proposal"": 0.5626220703125, ""pilot_paths"": 10000, ""total_paths_simulated"": 26384, ""theta_grid"": [[0.0, 64.3380757788777], [0.5750045365571695, 18.025866802239186], [1.150009073114339, 7.481722159241142], [1.7250136096715085, 4.581741410649477], [2.300018146228678, 4.142999523302589], [2.875022682785848, 5.558010751253378], [3.450027219343017, 11.145128171337435]]}"
f6dcdc7bc2e7,2026-09-25T10:58:40,tamzeed,importance,rare_barrier,call,exact,importance,{},16384,252,2,3668798228,LAPTOP-G689CP2J_AMD64,1.0460304081760268,0.012995718296268418,1.0205592683621125,1.071501547989941,1.1464412081242243,0.10041079994819757,0.15773730003274977,"{""theta"": 2.300018146228678, ""theta0"": 2.300018146228678, ""ESS"": 190.3665284423986, ""ESS_frac"": 0.011619050808251867, ""max_weight"": 609.969362792441, ""max_weight_share"": 0.03618547194303353, ""mean_weight"": 1.0288542159781628, ""hit_rate_proposal"": 0.56903076171875, ""pilot_paths"": 10000, ""total_paths_simulated"": 26384, ""theta_grid"": [[0.0, 63.65983476626447], [0.5750045365571695, 17.676225121437287], [1.150009073114339, 7.283704992229922], [1.7250136096715085, 4.434664509716804], [2.300018146228678, 3.9908142920527943], [2.875022682785848, 5.329741061070929], [3.450027219343017, 10.629600547006184]]}"
923ab03e6ee6,2026-09-25T10:58:40,tamzeed,importance,rare_barrier,call,exact,importance,{},16384,252,3,872591699,LAPTOP-G689CP2J_AMD64,1.072336023669799,0.013137679622240482,1.0465866447697818,1.0980854025698161,1.1464412081242243,0.07410518445442538,0.15748030005488545,"{""theta"": 2.300018146228678, ""theta0"": 2.300018146228678, ""ESS"": 347.15055267230935, ""ESS_frac"": 0.021188388224628256, ""max_weight"": 266.49849488000086, ""max_weight_share"": 0.01684304729907529, ""mean_weight"": 0.9657265093759901, ""hit_rate_proposal"": 0.5667724609375, ""pilot_paths"": 10000, ""total_paths_simulated"": 26384, ""theta_grid"": [[0.0, 62.776978314742955], [0.5750045365571695, 17.499057997150782], [1.150009073114339, 7.256828037086665], [1.7250136096715085, 4.461618174903518], [2.300018146228678, 4.068438296635833], [2.875022682785848, 5.514817786435535], [3.450027219343017, 11.133629472861411]]}"
127a436da396,2026-09-25T10:58:40,tamzeed,importance,rare_barrier,call,exact,importance,{},16384,252,4,4116040345,LAPTOP-G689CP2J_AMD64,1.0604506139228276,0.013012867703133396,1.0349458618891016,1.0859553659565535,1.1464412081242243,0.08599059420139676,0.14834139996673912,"{""theta"": 2.300018146228678, ""theta0"": 2.300018146228678, ""ESS"": 299.0431584217863, ""ESS_frac"": 0.01825214589976723, ""max_weight"": 351.4248356357765, ""max_weight_share"": 0.023025524655990122, ""mean_weight"": 0.9315431493362358, ""hit_rate_proposal"": 0.56719970703125, ""pilot_paths"": 10000, ""total_paths_simulated"": 26384, ""theta_grid"": [[0.0, 63.324251913015594], [0.5750045365571695, 17.564238288654472], [1.150009073114339, 7.199033351245598], [1.7250136096715085, 4.331336773827798], [2.300018146228678, 3.8117590191496418], [2.875022682785848, 4.8981488423720245], [3.450027219343017, 9.181959259785627]]}"
83127d367341,2026-09-25T10:58:40,tamzeed,importance,rare_barrier,call,exact,importance,{},16384,252,5,851779141,LAPTOP-G689CP2J_AMD64,1.03726166580478,0.01252404489264023,1.0127149888744422,1.0618083427351177,1.1464412081242243,0.10917954231944438,0.1480968000832945,"{""theta"": 2.300018146228678, ""theta0"": 2.300018146228678, ""ESS"": 438.0202745495571, ""ESS_frac"": 0.026734635897800115, ""max_weight"": 269.6371551297359, ""max_weight_share"": 0.016743252169690068, ""mean_weight"": 0.9829240894992481, ""hit_rate_proposal"": 0.56103515625, ""pilot_paths"": 10000, ""total_paths_simulated"": 26384, ""theta_grid"": [[0.0, 62.52400137619844], [0.5750045365571695, 17.33605796659478], [1.150009073114339, 7.109043236058674], [1.7250136096715085, 4.280610272442625], [2.300018146228678, 3.7690761885750623], [2.875022682785848, 4.841898556616369], [3.450027219343017, 9.062884638824913]]}"
7698ea78cc12,2026-09-25T10:58:40,tamzeed,importance,rare_barrier,call,exact,importance,{},16384,252,6,442005343,LAPTOP-G689CP2J_AMD64,1.0756720120661862,0.013480996812527877,1.0492497438379322,1.1020942802944402,1.1464412081242243,0.07076919605803811,0.15164139994885772,"{""theta"": 2.300018146228678, ""theta0"": 2.300018146228678, ""ESS"": 117.107085940504, ""ESS_frac"": 0.00714764928836084, ""max_weight"": 1247.1712161628243, ""max_weight_share"": 0.07581172868248859, ""mean_weight"": 1.004083291225404, ""hit_rate_proposal"": 0.5693359375, ""pilot_paths"": 10000, ""total_paths_simulated"": 26384, ""theta_grid"": [[0.0, 62.41874947932236], [0.5750045365571695, 17.2308573055042], [1.150009073114339, 7.06293366655006], [1.7250136096715085, 4.292100895529771], [2.300018146228678, 3.8802010751382143], [2.875022682785848, 5.252311936161903], [3.450027219343017, 10.714819715407586]]}"
b497e2d5237c,2026-09-25T10:58:41,tamzeed,importance,rare_barrier,call,exact,importance,{},16384,252,7,3031359798,LAPTOP-G689CP2J_AMD64,1.0490619907224432,0.012707836879022445,1.0241550881181494,1.073968893326737,1.1464412081242243,0.09737921740178113,0.1435421999776736,"{""theta"": 2.300018146228678, ""theta0"": 2.300018146228678, ""ESS"": 291.1978462632828, ""ESS_frac"": 0.017773306046342946, ""max_weight"": 396.6050078197506, ""max_weight_share"": 0.025587537363296123, ""mean_weight"": 0.9460405774154064, ""hit_rate_proposal"": 0.57080078125, ""pilot_paths"": 10000, ""total_paths_simulated"": 26384, ""theta_grid"": [[0.0, 62.736706910597036], [0.5750045365571695, 17.34208945937996], [1.150009073114339, 7.107362342192726], [1.7250136096715085, 4.294999378065117], [2.300018146228678, 3.8203764111724396], [2.875022682785848, 5.004571473829161], [3.450027219343017, 9.66648415746243]]}"
04f974826b02,2026-09-25T10:58:41,tamzeed,importance,rare_barrier,call,exact,importance,{},16384,252,8,775684825,LAPTOP-G689CP2J_AMD64,1.069000509133228,0.012936892600695223,1.0436446655640026,1.0943563527024533,1.1464412081242243,0.07744069899099637,0.14585199998691678,"{""theta"": 2.300018146228678, ""theta0"": 2.300018146228678, ""ESS"": 319.6794749675932, ""ESS_frac"": 0.019511686704565014, ""max_weight"": 390.38186198179983, ""max_weight_share"": 0.0261652886913024, ""mean_weight"": 0.9106346283557507, ""hit_rate_proposal"": 0.56982421875, ""pilot_paths"": 10000, ""total_paths_simulated"": 26384, ""theta_grid"": [[0.0, 62.37752301225342], [0.5750045365571695, 17.178281689798755], [1.150009073114339, 6.986837896530266], [1.7250136096715085, 4.171574733292674], [2.300018146228678, 3.6477583496199246], [2.875022682785848, 4.673892441483328], [3.450027219343017, 8.797441643742607]]}"
c21cba4b9057,2026-09-25T10:58:41,tamzeed,importance,rare_barrier,call,exact,importance,{},16384,252,9,76984919,LAPTOP-G689CP2J_AMD64,1.0793340930615543,0.013273288495103164,1.0533189256547422,1.1053492604683663,1.1464412081242243,0.06710711506267009,0.14726530003827065,"{""theta"": 2.300018146228678, ""theta0"": 2.300018146228678, ""ESS"": 286.0006678601258, ""ESS_frac"": 0.017456095450447132, ""max_weight"": 440.79999568938734, ""max_weight_share"": 0.02959770920820897, ""mean_weight"": 0.9089992885138264, ""hit_rate_proposal"": 0.56964111328125, ""pilot_paths"": 10000, ""total_paths_simulated"": 26384, ""theta_grid"": [[0.0, 63.48313768725218], [0.5750045365571695, 17.66481431371737], [1.150009073114339, 7.296997228499406], [1.7250136096715085, 4.453284994255255], [2.300018146228678, 4.010841061614428], [2.875022682785848, 5.337912730889627], [3.450027219343017, 10.523764107935614]]}"
97358b69f3c1,2026-09-25T10:58:41,tamzeed,importance,rare_barrier,call,exact,importance,{},16384,252,10,3147531677,LAPTOP-G689CP2J_AMD64,1.062464516675659,0.013570175171480035,1.0358674620756585,1.0890615712756595,1.1464412081242243,0.08397669144856534,0.1465448000235483,"{""theta"": 2.300018146228678, ""theta0"": 2.300018146228678, ""ESS"": 167.2187367300918, ""ESS_frac"": 0.010206221724248767, ""max_weight"": 981.0220095816461, ""max_weight_share"": 0.06437089348538493, ""mean_weight"": 0.930184877006554, ""hit_rate_proposal"": 0.56146240234375, ""pilot_paths"": 10000, ""total_paths_simulated"": 26384, ""theta_grid"": [[0.0, 62.444471806148684], [0.5750045365571695, 17.30318306853109], [1.150009073114339, 7.102500207835219], [1.7250136096715085, 4.296355157816111], [2.300018146228678, 3.822935652813071], [2.875022682785848, 5.005098304411304], [3.450027219343017, 9.652103960969422]]}"
55d7be0c44ec,2026-09-25T10:58:41,tamzeed,importance,rare_barrier,call,exact,importance,{},16384,252,11,1123619592,LAPTOP-G689CP2J_AMD64,1.0701082370267838,0.01358003847247377,1.043491850712067,1.0967246233415007,1.1464412081242243,0.07633297109744053,0.14774689998012036,"{""theta"": 2.300018146228678, ""theta0"": 2.300018146228678, ""ESS"": 368.0337679545919, ""ESS_frac"": 0.02246299853238476, ""max_weight"": 217.7994501586411, ""max_weight_share"": 0.014331508016907418, ""mean_weight"": 0.9275662725732697, ""hit_rate_proposal"": 0.5635986328125, ""pilot_paths"": 10000, ""total_paths_simulated"": 26384, ""theta_grid"": [[0.0, 62.86116689871282], [0.5750045365571695, 17.509951416957385], [1.150009073114339, 7.2331506493942985], [1.7250136096715085, 4.412680196154104], [2.300018146228678, 3.9766988611830296], [2.875022682785848, 5.313138984073758], [3.450027219343017, 10.58251496598146]]}"
7eb6961eb9b8,2026-09-25T10:58:41,tamzeed,importance,rare_barrier,call,exact,importance,{},16384,252,12,1212473659,LAPTOP-G689CP2J_AMD64,1.0470226083301533,0.012923105826040998,1.0216937863427131,1.0723514303175934,1.1464412081242243,0.09941859979407108,0.14530710002873093,"{""theta"": 2.300018146228678, ""theta0"": 2.300018146228678, ""ESS"": 229.4572933860822, ""ESS_frac"": 0.014004961754521619, ""max_weight"": 531.7895165565511, ""max_weight_share"": 0.0318145740027331, ""mean_weight"": 1.020219734275012, ""hit_rate_proposal"": 0.56060791015625, ""pilot_paths"": 10000, ""total_paths_simulated"": 26384, ""theta_grid"": [[0.0, 62.59954582819019], [0.5750045365571695, 17.246165690023535], [1.150009073114339, 7.050005906262299], [1.7250136096715085, 4.258220717286918], [2.300018146228678, 3.798108078285308], [2.875022682785848, 5.009990906312585], [3.450027219343017, 9.789068281355346]]}"
2c88e1953681,2026-09-25T10:58:41,tamzeed,importance,rare_barrier,call,exact,importance,{},16384,252,13,736576280,LAPTOP-G689CP2J_AMD64,1.0664468462655035,0.012956060326739198,1.0410534346435665,1.0918402578874404,1.1464412081242243,0.07999436185872089,0.14327820006292313,"{""theta"": 2.300018146228678, ""theta0"": 2.300018146228678, ""ESS"": 194.17343043075994, ""ESS_frac"": 0.011851405665939937, ""max_weight"": 714.9124063666877, ""max_weight_share"": 0.04311211652294723, ""mean_weight"": 1.0121235964935482, ""hit_rate_proposal"": 0.56964111328125, ""pilot_paths"": 10000, ""total_paths_simulated"": 26384, ""theta_grid"": [[0.0, 63.06082079202505], [0.5750045365571695, 17.525195097348586], [1.150009073114339, 7.215121335093821], [1.7250136096715085, 4.37482666313752], [2.300018146228678, 3.8964852528426372], [2.875022682785848, 5.09400277653971], [3.450027219343017, 9.7741563971977]]}"
c309973f51fa,2026-09-25T10:58:42,tamzeed,importance,rare_barrier,call,exact,importance,{},16384,252,14,2071167399,LAPTOP-G689CP2J_AMD64,1.053906253822817,0.012985868440614591,1.028454419371237,1.079358088274397,1.1464412081242243,0.09253495430140735,0.1503858999349177,"{""theta"": 2.300018146228678, ""theta0"": 2.300018146228678, ""ESS"": 298.00522803068816, ""ESS_frac"": 0.01818879565616993, ""max_weight"": 384.11283246613834, ""max_weight_share"": 0.02361657536668238, ""mean_weight"": 0.9927089928658974, ""hit_rate_proposal"": 0.5693359375, ""pilot_paths"": 10000, ""total_paths_simulated"": 26384, ""theta_grid"": [[0.0, 63.32124293880179], [0.5750045365571695, 17.575539345367705], [1.150009073114339, 7.208145745285673], [1.7250136096715085, 4.337644115039146], [2.300018146228678, 3.8159677485369388], [2.875022682785848, 4.899770288998593], [3.450027219343017, 9.177138015984633]]}"
c26b39f784d0,2026-09-25T10:58:42,tamzeed,importance,rare_barrier,call,exact,importance,{},16384,252,15,61517790,LAPTOP-G689CP2J_AMD64,1.0548496455842298,0.0131107726850635,1.0291530033120138,1.0805462878564458,1.1464412081242243,0.09159156253999456,0.20368390006478876,"{""theta"": 2.300018146228678, ""theta0"": 2.300018146228678, ""ESS"": 112.48332931324629, ""ESS_frac"": 0.006865437580154192, ""max_weight"": 1253.2247426939189, ""max_weight_share"": 0.06847971289386952, ""mean_weight"": 1.1169843557205836, ""hit_rate_proposal"": 0.5587158203125, ""pilot_paths"": 10000, ""total_paths_simulated"": 26384, ""theta_grid"": [[0.0, 64.58117790869751], [0.5750045365571695, 17.971697935207224], [1.150009073114339, 7.3920724328130625], [1.7250136096715085, 4.4676728902855265], [2.300018146228678, 3.9588447845225114], [2.875022682785848, 5.144167316771729], [3.450027219343017, 9.816895380733273]]}"
2114e7ebf589,2026-09-25T10:58:42,tamzeed,importance,rare_barrier,call,exact,importance,{},16384,252,16,2416404014,LAPTOP-G689CP2J_AMD64,1.0843852112310548,0.01321885862131768,1.0584767244165454,1.1102936980455642,1.1464412081242243,0.06205599689316954,0.16219039994757622,"{""theta"": 2.300018146228678, ""theta0"": 2.300018146228678, ""ESS"": 196.7052643672733, ""ESS_frac"": 0.012005936545854082, ""max_weight"": 545.2611717672688, ""max_weight_share"": 0.03434132850323507, ""mean_weight"": 0.9690976519076204, ""hit_rate_proposal"": 0.57635498046875, ""pilot_paths"": 10000, ""total_paths_simulated"": 26384, ""theta_grid"": [[0.0, 63.41264415852159], [0.5750045365571695, 17.62252988571299], [1.150009073114339, 7.251225083212957], [1.7250136096715085, 4.399364019933945], [2.300018146228678, 3.934931110813222], [2.875022682785848, 5.201398294414479], [3.450027219343017, 10.196142392978157]]}"
50637335655b,2026-09-25T10:58:42,tamzeed,importance,rare_barrier,call,exact,importance,{},16384,252,17,310308702,LAPTOP-G689CP2J_AMD64,1.075695530274094,0.012871289193183647,1.0504682670208545,1.1009227935273336,1.1464412081242243,0.0707456778501303,0.15309010003693402,"{""theta"": 2.300018146228678, ""theta0"": 2.300018146228678, ""ESS"": 129.11539272267748, ""ESS_frac"": 0.007880578169108733, ""max_weight"": 884.530249805183, ""max_weight_share"": 0.05335013031278861, ""mean_weight"": 1.0119458319630288, ""hit_rate_proposal"": 0.576904296875, ""pilot_paths"": 10000, ""total_paths_simulated"": 26384, ""theta_grid"": [[0.0, 62.26470803609111], [0.5750045365571695, 17.307919332148458], [1.150009073114339, 7.1382226664731805], [1.7250136096715085, 4.344925304278398], [2.300018146228678, 3.8991719479031497], [2.875022682785848, 5.17052484960678], [3.450027219343017, 10.17611126622756]]}"
cf29d493a314,2026-09-25T10:58:42,tamzeed,importance,rare_barrier,call,exact,importance,{},16384,252,18,3658396306,LAPTOP-G689CP2J_AMD64,1.0640016793609388,0.012771997562928017,1.0389690241269665,1.0890343345949112,1.1464412081242243,0.08243952876328553,0.1458868000190705,"{""theta"": 2.300018146228678, ""theta0"": 2.300018146228678, ""ESS"": 360.4189152001869, ""ESS_frac"": 0.02199822480469891, ""max_weight"": 256.5975444624079, ""max_weight_share"": 0.01679491858161948, ""mean_weight"": 0.9325124824820199, ""hit_rate_proposal"": 0.5672607421875, ""pilot_paths"": 10000, ""total_paths_simulated"": 26384, ""theta_grid"": [[0.0, 62.3864533009837], [0.5750045365571695, 17.299044860673437], [1.150009073114339, 7.1147616963540425], [1.7250136096715085, 4.317013735001106], [2.300018146228678, 3.859973755580507], [2.875022682785848, 5.095335027001069], [3.450027219343017, 9.965685997707817]]}"
8d4bd37c3629,2026-09-25T10:58:42,tamzeed,importance,rare_barrier,call,exact,importance,{},16384,252,19,1308797631,LAPTOP-G689CP2J_AMD64,1.0653859190354869,0.01283768613204231,1.0402245165718547,1.090547321499119,1.1464412081242243,0.08105528908873749,0.14402040001004934,"{""theta"": 2.300018146228678, ""theta0"": 2.300018146228678, ""ESS"": 396.6931072306436, ""ESS_frac"": 0.024212225783120336, ""max_weight"": 355.5793658566609, ""max_weight_share"": 0.02156980239433418, ""mean_weight"": 1.006167871062091, ""hit_rate_proposal"": 0.56390380859375, ""pilot_paths"": 10000, ""total_paths_simulated"": 26384, ""theta_grid"": [[0.0, 62.707608332423845], [0.5750045365571695, 17.365942913007522], [1.150009073114339, 7.12775408658167], [1.7250136096715085, 4.322535031806997], [2.300018146228678, 3.884676560236416], [2.875022682785848, 5.225479409458806], [3.450027219343017, 10.708666911010713]]}"
0259e21bdbba,2026-09-25T10:58:43,tamzeed,importance,rare_barrier,call,exact,importance,{},65536,252,0,1108673327,LAPTOP-G689CP2J_AMD64,1.059668131759973,0.0064998321223129416,1.046928694894683,1.072407568625263,1.1464412081242243,0.08677307636425136,0.4275933000026271,"{""theta"": 2.300018146228678, ""theta0"": 2.300018146228678, ""ESS"": 1257.7756962992949, ""ESS_frac"": 0.019192134037770002, ""max_weight"": 583.490531173723, ""max_weight_share"": 0.009388391924796267, ""mean_weight"": 0.9483369469941603, ""hit_rate_proposal"": 0.5692138671875, ""pilot_paths"": 10000, ""total_paths_simulated"": 75536, ""theta_grid"": [[0.0, 62.64745046538531], [0.5750045365571695, 17.319077652234295], [1.150009073114339, 7.084000087563698], [1.7250136096715085, 4.261635254701369], [2.300018146228678, 3.76250306591939], [2.875022682785848, 4.877551298062984], [3.450027219343017, 9.303668591932585]]}"
016938c8234b,2026-09-25T10:58:43,tamzeed,importance,rare_barrier,call,exact,importance,{},65536,252,1,801180962,LAPTOP-G689CP2J_AMD64,1.0637363826815112,0.006547503730993452,1.0509035111801224,1.0765692541829,1.1464412081242243,0.08270482544271318,0.43630970001686364,"{""theta"": 2.300018146228678, ""theta0"": 2.300018146228678, ""ESS"": 640.6986890417209, ""ESS_frac"": 0.009776286148707899, ""max_weight"": 1132.2232739940168, ""max_weight_share"": 0.01619396677704246, ""mean_weight"": 1.0668390486029553, ""hit_rate_proposal"": 0.566741943359375, ""pilot_paths"": 10000, ""total_paths_simulated"": 75536, ""theta_grid"": [[0.0, 63.58869725382278], [0.5750045365571695, 17.69928866662815], [1.150009073114339, 7.30850682077518], [1.7250136096715085, 4.453666841490429], [2.300018146228678, 3.99875207721824], [2.875022682785848, 5.2932294041703605], [3.450027219343017, 10.344445173656915]]}"
f959e398b11c,2026-09-25T10:58:44,tamzeed,importance,rare_barrier,call,exact,importance,{},65536,252,2,2444241834,LAPTOP-G689CP2J_AMD64,1.054834898710509,0.006418536764533311,1.0422547978185774,1.0674149996024405,1.1464412081242243,0.09160630941371539,0.42280409997329116,"{""theta"": 2.300018146228678, ""theta0"": 2.300018146228678, ""ESS"": 664.9787225285601, ""ESS_frac"": 0.010146770058114015, ""max_weight"": 1328.8633520171911, ""max_weight_share"": 0.02002563407942129, ""mean_weight"": 1.012544496763469, ""hit_rate_proposal"": 0.5654144287109375, ""pilot_paths"": 10000, ""total_paths_simulated"": 75536, ""theta_grid"": [[0.0, 62.79536354708759], [0.5750045365571695, 17.397627884998236], [1.150009073114339, 7.140303214085852], [1.7250136096715085, 4.324829910239309], [2.300018146228678, 3.876735427790365], [2.875022682785848, 5.197839536550241], [3.450027219343017, 10.630146217094676]]}"
631b5a2b154b,2026-09-25T10:58:44,tamzeed,importance,rare_barrier,call,exact,importance,{},65536,252,3,1027002915,LAPTOP-G689CP2J_AMD64,1.063691020680158,0.006492178277307659,1.0509665850754217,1.0764154562848942,1.1464412081242243,0.08275018744406637,0.45564649999141693,"{""theta"": 2.300018146228678, ""theta0"": 2.300018146228678, ""ESS"": 855.776297486964, ""ESS_frac"": 0.013058110008040833, ""max_weight"": 1033.972483345491, ""max_weight_share"": 0.015992218890559757, ""mean_weight"": 0.986552780934698, ""hit_rate_proposal"": 0.566131591796875, ""pilot_paths"": 10000, ""total_paths_simulated"": 75536, ""theta_grid"": [[0.0, 63.098606896249365], [0.5750045365571695, 17.489300034888963], [1.150009073114339, 7.177833619860635], [1.7250136096715085, 4.33700986149273], [2.300018146228678, 3.8490691911393937], [2.875022682785848, 5.016418375340916], [3.450027219343017, 9.607296945334454]]}"
dec20f05a667,2026-09-25T10:58:45,tamzeed,importance,rare_barrier,call,exact,importance,{},65536,252,4,3405926506,LAPTOP-G689CP2J_AMD64,1.0692110533122197,0.006507151801681269,1.0564572701389894,1.08196483648545,1.1464412081242243,0.07723015481200468,0.4656453999923542,"{""theta"": 2.300018146228678, ""theta0"": 2.300018146228678, ""ESS"": 943.8805929194289, ""ESS_frac"": 0.014402474867544996, ""max_weight"": 928.9412933443024, ""max_weight_share"": 0.014698526200174204, ""mean_weight"": 0.9643496942175503, ""hit_rate_proposal"": 0.566558837890625, ""pilot_paths"": 10000, ""total_paths_simulated"": 75536, ""theta_grid"": [[0.0, 62.87393671524119], [0.5750045365571695, 17.48233133570977], [1.150009073114339, 7.217231165439863], [1.7250136096715085, 4.40254939049367], [2.300018146228678, 3.967535240078195], [2.875022682785848, 5.3017141478322305], [3.450027219343017, 10.574840399925248]]}"
7cf03e087421,2026-09-25T10:58:45,tamzeed,importance,rare_barrier,call,exact,importance,{},65536,252,5,2089301005,LAPTOP-G689CP2J_AMD64,1.0670205507340877,0.0065427470925587825,1.0541970020727185,1.079844099395457,1.1464412081242243,0.0794206573901366,0.41920870007015765,"{""theta"": 2.300018146228678, ""theta0"": 2.300018146228678, ""ESS"": 963.8567510766512, ""ESS_frac"": 0.01470728685114519, ""max_weight"": 544.5061432825886, ""max_weight_share"": 0.008425966195218529, ""mean_weight"": 0.9860595439249727, ""hit_rate_proposal"": 0.564727783203125, ""pilot_paths"": 10000, ""total_paths_simulated"": 75536, ""theta_grid"": [[0.0, 63.00166447919243], [0.5750045365571695, 17.52939775703165], [1.150009073114339, 7.238988111321998], [1.7250136096715085, 4.428010180281113], [2.300018146228678, 4.028005136521982], [2.875022682785848, 5.500414845855982], [3.450027219343017, 11.421718401935966]]}"
b525ae0f1d4c,2026-09-25T10:58:45,tamzeed,importance,rare_barrier,call,exact,importance,{},65536,252,6,2782315309,LAPTOP-G689CP2J_AMD64,1.065694467969362,0.006506034662862291,1.0529428743479827,1.0784460615907414,1.1464412081242243,0.08074674015486227,0.4311089999973774,"{""theta"": 2.300018146228678, ""theta0"": 2.300018146228678, ""ESS"": 598.7464798513112, ""ESS_frac"": 0.009136146237965563, ""max_weight"": 1729.3088077278394, ""max_weight_share"": 0.024326320398902753, ""mean_weight"": 1.0847163849010504, ""hit_rate_proposal"": 0.5694580078125, ""pilot_paths"": 10000, ""total_paths_simulated"": 75536, ""theta_grid"": [[0.0, 63.11450904304861], [0.5750045365571695, 17.561065064483973], [1.150009073114339, 7.240982023849238], [1.7250136096715085, 4.3977742480317605], [2.300018146228678, 3.923893938144022], [2.875022682785848, 5.140160288952019], [3.450027219343017, 9.886126893348004]]}"
f9137e159000,2026-09-25T10:58:46,tamzeed,importance,rare_barrier,call,exact,importance,{},65536,252,7,848778544,LAPTOP-G689CP2J_AMD64,1.064873960264685,0.006462236006181684,1.052208210432971,1.077539710096399,1.1464412081242243,0.08156724785953928,0.42999029997736216,"{""theta"": 2.300018146228678, ""theta0"": 2.300018146228678, ""ESS"": 762.3991190437096, ""ESS_frac"": 0.011633287338923791, ""max_weight"": 1376.3986273296953, ""max_weight_share"": 0.022142535063752435, ""mean_weight"": 0.9484991786111768, ""hit_rate_proposal"": 0.56787109375, ""pilot_paths"": 10000, ""total_paths_simulated"": 75536, ""theta_grid"": [[0.0, 62.21673952339381], [0.5750045365571695, 17.217806458433003], [1.150009073114339, 7.0545596582282055], [1.7250136096715085, 4.266331705300179], [2.300018146228678, 3.824111059008085], [2.875022682785848, 5.14377860860747], [3.450027219343017, 10.598813829679218]]}"
7992f4cb04af,2026-09-25T10:58:46,tamzeed,importance,rare_barrier,call,exact,importance,{},65536,252,8,1115761769,LAPTOP-G689CP2J_AMD64,1.0723264497644227,0.006514423642076123,1.0595584140459173,1.085094485482928,1.1464412081242243,0.07411475835980164,0.4470087999943644,"{""theta"": 2.300018146228678, ""theta0"": 2.300018146228678, ""ESS"": 1152.6776367159587, ""ESS_frac"": 0.01758846491570982, ""max_weight"": 631.3869437796602, ""max_weight_share"": 0.010106129402662542, ""mean_weight"": 0.9533026748511823, ""hit_rate_proposal"": 0.5685882568359375, ""pilot_paths"": 10000, ""total_paths_simulated"": 75536, ""theta_grid"": [[0.0, 64.10956896526602], [0.5750045365571695, 17.935391759294674], [1.150009073114339, 7.444280747311835], [1.7250136096715085, 4.562655705382328], [2.300018146228678, 4.124877656527426], [2.875022682785848, 5.506163231608931], [3.450027219343017, 10.870810900664994]]}"
cfd72d7ec74f,2026-09-25T10:58:47,tamzeed,importance,rare_barrier,call,exact,importance,{},65536,252,9,201559718,LAPTOP-G689CP2J_AMD64,1.0662957442578904,0.006491865503733647,1.0535719216780945,1.0790195668376863,1.1464412081242243,0.08014546386633392,0.43747510004322976,"{""theta"": 2.300018146228678, ""theta0"": 2.300018146228678, ""ESS"": 849.0471336203485, ""ESS_frac"": 0.01295543111603315, ""max_weight"": 987.6067042350437, ""max_weight_share"": 0.015271549919909738, ""mean_weight"": 0.9867814632872854, ""hit_rate_proposal"": 0.5679168701171875, ""pilot_paths"": 10000, ""total_paths_simulated"": 75536, ""theta_grid"": [[0.0, 63.27334419303512], [0.5750045365571695, 17.543391463190048], [1.150009073114339, 7.204030090638373], [1.7250136096715085, 4.360777158585772], [2.300018146228678, 3.8900710808815524], [2.875022682785848, 5.130166265184232], [3.450027219343017, 10.055567706441996]]}"
d537e7ccbd81,2026-09-25T10:58:47,tamzeed,importance,rare_barrier,call,exact,importance,{},65536,252,10,3624204486,LAPTOP-G689CP2J_AMD64,1.0652750561087119,0.0065357647555834755,1.052465192576342,1.0780849196410818,1.1464412081242243,0.08116615201551247,0.45190710003953427,"{""theta"": 2.300018146228678, ""theta0"": 2.300018146228678, ""ESS"": 486.33874412956885, ""ESS_frac"": 0.007420940309594251, ""max_weight"": 2115.983746364543, ""max_weight_share"": 0.032004449409346145, ""mean_weight"": 1.0088394033120378, ""hit_rate_proposal"": 0.5667572021484375, ""pilot_paths"": 10000, ""total_paths_simulated"": 75536, ""theta_grid"": [[0.0, 64.08463803607405], [0.5750045365571695, 17.89675608990808], [1.150009073114339, 7.4059145664759125], [1.7250136096715085, 4.512307299640416], [2.300018146228678, 4.034179579569279], [2.875022682785848, 5.283429682316422], [3.450027219343017, 10.125728903437862]]}"
1342440c5f1f,2026-09-25T10:58:48,tamzeed,importance,rare_barrier,call,exact,importance,{},65536,252,11,1818186282,LAPTOP-G689CP2J_AMD64,1.0657183596692943,0.006532623814233608,1.0529146522688477,1.0785220670697409,1.1464412081242243,0.08072284845493005,0.4181850999593735,"{""theta"": 2.300018146228678, ""theta0"": 2.300018146228678, ""ESS"": 658.379374329673, ""ESS_frac"": 0.010046071995997208, ""max_weight"": 910.1597989303558, ""max_weight_share"": 0.013500794518067273, ""mean_weight"": 1.0286754876878061, ""hit_rate_proposal"": 0.56658935546875, ""pilot_paths"": 10000, ""total_paths_simulated"": 75536, ""theta_grid"": [[0.0, 62.51087988023788], [0.5750045365571695, 17.24260622520256], [1.150009073114339, 7.029895184416481], [1.7250136096715085, 4.210406527653679], [2.300018146228678, 3.694841935470371], [2.875022682785848, 4.749732191126009], [3.450027219343017, 8.953948471319423]]}"
d9bb3a98c78f,2026-09-25T10:58:48,tamzeed,importance,rare_barrier,call,exact,importance,{},65536,252,12,672453335,LAPTOP-G689CP2J_AMD64,1.0687499596450998,0.006570783467245481,1.0558714606990873,1.0816284585911122,1.1464412081242243,0.07769124847912456,0.43567220005206764,"{""theta"": 2.300018146228678, ""theta0"": 2.300018146228678, ""ESS"": 523.7154958729043, ""ESS_frac"": 0.007991264280287236, ""max_weight"": 1902.408722876389, ""max_weight_share"": 0.029413616363826698, ""mean_weight"": 0.9869052840687234, ""hit_rate_proposal"": 0.5673980712890625, ""pilot_paths"": 10000, ""total_paths_simulated"": 75536, ""theta_grid"": [[0.0, 62.745982377117], [0.5750045365571695, 17.409574801820103], [1.150009073114339, 7.15748058277464], [1.7250136096715085, 4.339287344481954], [2.300018146228678, 3.8760913946237343], [2.875022682785848, 5.110620998459611], [3.450027219343017, 9.9760293405913]]}"
bd1150d27721,2026-09-25T10:58:49,tamzeed,importance,rare_barrier,call,exact,importance,{},65536,252,13,2886971432,LAPTOP-G689CP2J_AMD64,1.0583934486732378,0.006495413141143907,1.0456626728518876,1.071124224494588,1.1464412081242243,0.08804775945098653,0.4631252000108361,"{""theta"": 2.300018146228678, ""theta0"": 2.300018146228678, ""ESS"": 711.5731602850938, ""ESS_frac"": 0.010857744755326748, ""max_weight"": 1251.995762463489, ""max_weight_share"": 0.019056375569474374, ""mean_weight"": 1.002495945618119, ""hit_rate_proposal"": 0.5647430419921875, ""pilot_paths"": 10000, ""total_paths_simulated"": 75536, ""theta_grid"": [[0.0, 63.02613677890338], [0.5750045365571695, 17.48475040299335], [1.150009073114339, 7.192517586599654], [1.7250136096715085, 4.365192555242526], [2.300018146228678, 3.9036965901687313], [2.875022682785848, 5.148710087885795], [3.450027219343017, 10.029809182703508]]}"
2e302192b77c,2026-09-25T10:58:49,tamzeed,importance,rare_barrier,call,exact,importance,{},65536,252,14,394650796,LAPTOP-G689CP2J_AMD64,1.0681691434098928,0.006462891381314521,1.055502109066522,1.0808361777532636,1.1464412081242243,0.07827206471433157,0.42298499995376915,"{""theta"": 2.300018146228678, ""theta0"": 2.300018146228678, ""ESS"": 664.7116480928986, ""ESS_frac"": 0.01014269482563627, ""max_weight"": 1357.7399021956926, ""max_weight_share"": 0.02116976385316206, ""mean_weight"": 0.9786347600778245, ""hit_rate_proposal"": 0.5691680908203125, ""pilot_paths"": 10000, ""total_paths_simulated"": 75536, ""theta_grid"": [[0.0, 61.85750518505997], [0.5750045365571695, 17.02650884988508], [1.150009073114339, 6.92694023031785], [1.7250136096715085, 4.137176935738092], [2.300018146228678, 3.61782332889331], [2.875022682785848, 4.634056436126578], [3.450027219343017, 8.71723664758626]]}"
33ca972998c5,2026-09-25T10:58:49,tamzeed,importance,rare_barrier,call,exact,importance,{},65536,252,15,3642484946,LAPTOP-G689CP2J_AMD64,1.06400992894909,0.006506636071281074,1.05125715658887,1.0767627013093102,1.1464412081242243,0.08243127917513426,0.4242866999702528,"{""theta"": 2.300018146228678, ""theta0"": 2.300018146228678, ""ESS"": 646.9765396845594, ""ESS_frac"": 0.009872078547432852, ""max_weight"": 1064.870247736445, ""max_weight_share"": 0.01655362329193242, ""mean_weight"": 0.9815754655394069, ""hit_rate_proposal"": 0.56878662109375, ""pilot_paths"": 10000, ""total_paths_simulated"": 75536, ""theta_grid"": [[0.0, 64.28833446021399], [0.5750045365571695, 17.884961754984335], [1.150009073114339, 7.363122697868511], [1.7250136096715085, 4.467518608088855], [2.300018146228678, 3.998789785268212], [2.875022682785848, 5.311451220507418], [3.450027219343017, 10.58153285821265]]}"
926a602d96de,2026-09-25T10:58:50,tamzeed,importance,rare_barrier,call,exact,importance,{},65536,252,16,3817873340,LAPTOP-G689CP2J_AMD64,1.0596432154217856,0.006459147142759099,1.046983519651133,1.0723029111924383,1.1464412081242243,0.08679799270243871,0.4368037999374792,"{""theta"": 2.300018146228678, ""theta0"": 2.300018146228678, ""ESS"": 884.5102985951224, ""ESS_frac"": 0.013496556069871863, ""max_weight"": 789.7952300169836, ""max_weight_share"": 0.012295747097947484, ""mean_weight"": 0.9801209085871273, ""hit_rate_proposal"": 0.56854248046875, ""pilot_paths"": 10000, ""total_paths_simulated"": 75536, ""theta_grid"": [[0.0, 62.65806106550125], [0.5750045365571695, 17.429371734724917], [1.150009073114339, 7.19082962850814], [1.7250136096715085, 4.382300209132229], [2.300018146228678, 3.9476571590608946], [2.875022682785848, 5.279563678244863], [3.450027219343017, 10.551089116133467]]}"
b8522565a9e1,2026-09-25T10:58:50,tamzeed,importance,rare_barrier,call,exact,importance,{},65536,252,17,2043704735,LAPTOP-G689CP2J_AMD64,1.0725365774892446,0.006549911339662287,1.059698987161576,1.085374167816913,1.1464412081242243,0.07390463063497976,0.41448199993465096,"{""theta"": 2.300018146228678, ""theta0"": 2.300018146228678, ""ESS"": 714.4613688081351, ""ESS_frac"": 0.010901815319948351, ""max_weight"": 882.613547338714, ""max_weight_share"": 0.013268772525581922, ""mean_weight"": 1.0149856677835882, ""hit_rate_proposal"": 0.57000732421875, ""pilot_paths"": 10000, ""total_paths_simulated"": 75536, ""theta_grid"": [[0.0, 63.81827103517414], [0.5750045365571695, 17.8222430907763], [1.150009073114339, 7.3890380098122845], [1.7250136096715085, 4.5275685690810965], [2.300018146228678, 4.097560803074122], [2.875022682785848, 5.48881423587196], [3.450027219343017, 10.920823264960697]]}"
3772553f23ab,2026-09-25T10:58:51,tamzeed,importance,rare_barrier,call,exact,importance,{},65536,252,18,3711689339,LAPTOP-G689CP2J_AMD64,1.057870177866052,0.006428148137762535,1.0452712390287493,1.0704691167033547,1.1464412081242243,0.08857103025817237,0.428974200040102,"{""theta"": 2.300018146228678, ""theta0"": 2.300018146228678, ""ESS"": 436.1466459340747, ""ESS_frac"": 0.006655069670624919, ""max_weight"": 2360.7289929165945, ""max_weight_share"": 0.03577536653410416, ""mean_weight"": 1.0068901936281556, ""hit_rate_proposal"": 0.5665283203125, ""pilot_paths"": 10000, ""total_paths_simulated"": 75536, ""theta_grid"": [[0.0, 63.23651875963595], [0.5750045365571695, 17.53487817919268], [1.150009073114339, 7.2025662026944515], [1.7250136096715085, 4.35914762817161], [2.300018146228678, 3.885059199000169], [2.875022682785848, 5.116173636921139], [3.450027219343017, 10.018181255418519]]}"
4c7626eec4b8,2026-09-25T10:58:51,tamzeed,importance,rare_barrier,call,exact,importance,{},65536,252,19,4120626757,LAPTOP-G689CP2J_AMD64,1.0696727739306064,0.006500800952687604,1.056931438192675,1.0824141096685378,1.1464412081242243,0.0767684341936179,0.43488210008945316,"{""theta"": 2.300018146228678, ""theta0"": 2.300018146228678, ""ESS"": 485.07709702774207, ""ESS_frac"": 0.007401689102596162, ""max_weight"": 1926.3035042087686, ""max_weight_share"": 0.028475434290822443, ""mean_weight"": 1.0322251292423479, ""hit_rate_proposal"": 0.56689453125, ""pilot_paths"": 10000, ""total_paths_simulated"": 75536, ""theta_grid"": [[0.0, 63.60243853574256], [0.5750045365571695, 17.653223006921436], [1.150009073114339, 7.23560398167972], [1.7250136096715085, 4.349485902118891], [2.300018146228678, 3.819839882813434], [2.875022682785848, 4.8914751867029045], [3.450027219343017, 9.123483497165699]]}"
36b3f4ebe01d,2026-09-25T10:58:51,tamzeed,importance,deep_barrier,call,exact,importance_fixed_theta,{'theta_factor': 0.0},65536,252,0,898102556,LAPTOP-G689CP2J_AMD64,3.4290727686090587,0.045048282111588143,3.340779758104946,3.5173657791131716,,,0.35541890002787113,"{""theta"": 0.0, ""theta0"": 1.6323611831060643, ""ESS"": 65536.0, ""ESS_frac"": 1.0, ""max_weight"": 1.0, ""max_weight_share"": 1.52587890625e-05, ""mean_weight"": 1.0, ""hit_rate_proposal"": 0.0938873291015625, ""pilot_paths"": 0, ""total_paths_simulated"": 65536}"
f50dd3b6598c,2026-09-25T10:58:52,tamzeed,importance,deep_barrier,call,exact,importance_fixed_theta,{'theta_factor': 0.125},65536,252,1,898102556,LAPTOP-G689CP2J_AMD64,3.4158448140453976,0.036116053689415784,3.3450586495504275,3.4866309785403677,,,0.36029670003335923,"{""theta"": 0.20404514788825803, ""theta0"": 1.6323611831060643, ""ESS"": 62837.46950944453, ""ESS_frac"": 0.9588236924658894, ""max_weight"": 2.2235064663938062, ""max_weight_share"": 3.38738384796597e-05, ""mean_weight"": 1.0015993956569365, ""hit_rate_proposal"": 0.1299896240234375, ""pilot_paths"": 0, ""total_paths_simulated"": 65536}"
1a7e995c2511,2026-09-25T10:58:52,tamzeed,importance,deep_barrier,call,exact,importance_fixed_theta,{'theta_factor': 0.25},65536,252,2,898102556,LAPTOP-G689CP2J_AMD64,3.3895554447880913,0.02943010844678341,3.331873492171288,3.4472373974048947,,,0.3790413999231532,"{""theta"": 0.40809029577651607, ""theta0"": 1.6323611831060643, ""ESS"": 55415.586769244976, ""ESS_frac"": 0.845574749286575, ""max_weight"": 4.742367368997321, ""max_weight_share"": 7.210203331314452e-05, ""mean_weight"": 1.0036164032453323, ""hit_rate_proposal"": 0.1741943359375, ""pilot_paths"": 0, ""total_paths_simulated"": 65536}"
b5dbfbb46204,2026-09-25T10:58:53,tamzeed,importance,deep_barrier,call,exact,importance_fixed_theta,{'theta_factor': 0.375},65536,252,3,898102556,LAPTOP-G689CP2J_AMD64,3.3605218315214938,0.02438552097899034,3.3127270886584266,3.408316574384561,,,0.489002599962987,"{""theta"": 0.6121354436647741, ""theta0"": 1.6323611831060643, ""ESS"": 44999.26314863337, ""ESS_frac"": 0.6866342643529262, ""max_weight"": 9.70220374952299, ""max_weight_share"": 0.0001471681092944013, ""mean_weight"": 1.0059508215819681, ""hit_rate_proposal"": 0.227447509765625, ""pilot_paths"": 0, ""total_paths_simulated"": 65536}"
04d18a954d49,2026-09-25T10:58:53,tamzeed,importance,deep_barrier,call,exact,importance_fixed_theta,{'theta_factor': 0.5},65536,252,4,898102556,LAPTOP-G689CP2J_AMD64,3.383279332041568,0.02072361814326013,3.3426617868514175,3.4238968772317184,,,0.4017835999839008,"{""theta"": 0.8161805915530321, ""theta0"": 1.6323611831060643, ""ESS"": 33709.02564912187, ""ESS_frac"": 0.5143589118823527, ""max_weight"": 19.039870396186497, ""max_weight_share"": 0.0002880891887043694, ""mean_weight"": 1.0084563306916685, ""hit_rate_proposal"": 0.292724609375, ""pilot_paths"": 0, ""total_paths_simulated"": 65536}"
889faa49766d,2026-09-25T10:58:54,tamzeed,importance,deep_barrier,call,exact,importance_fixed_theta,{'theta_factor': 0.625},65536,252,5,898102556,LAPTOP-G689CP2J_AMD64,3.378962158038783,0.017998362457037773,3.343686015842291,3.414238300235275,,,0.418484800029546,"{""theta"": 1.0202257394412901, ""theta0"": 1.6323611831060643, ""ESS"": 23383.482461149535, ""ESS_frac"": 0.3568036264213491, ""max_weight"": 35.840658887640195, ""max_weight_share"": 0.0005409626083578212, ""mean_weight"": 1.0109479756607853, ""hit_rate_proposal"": 0.362884521484375, ""pilot_paths"": 0, ""total_paths_simulated"": 65536}"
a77d005090e8,2026-09-25T10:58:54,tamzeed,importance,deep_barrier,call,exact,importance_fixed_theta,{'theta_factor': 0.75},65536,252,6,898102556,LAPTOP-G689CP2J_AMD64,3.3580520512480225,0.01606200494496105,3.3265711000363947,3.3895330024596504,,,0.39958910003770143,"{""theta"": 1.2242708873295483, ""theta0"": 1.6323611831060643, ""ESS"": 15141.275554087366, ""ESS_frac"": 0.23103752981700693, ""max_weight"": 64.71521261958974, ""max_weight_share"": 0.0009746143986377526, ""mean_weight"": 1.013196377846851, ""hit_rate_proposal"": 0.436370849609375, ""pilot_paths"": 0, ""total_paths_simulated"": 65536}"
874620b92573,2026-09-25T10:58:54,tamzeed,importance,deep_barrier,call,exact,importance_fixed_theta,{'theta_factor': 0.875},65536,252,7,898102556,LAPTOP-G689CP2J_AMD64,3.3512349394869876,0.014858189406816835,3.322113423374152,3.380356455599823,,,0.362731899949722,"{""theta"": 1.4283160352178061, ""theta0"": 1.6323611831060643, ""ESS"": 9279.228649481347, ""ESS_frac"": 0.14158979262514262, ""max_weight"": 112.08698305318609, ""max_weight_share"": 0.001685198787893626, ""mean_weight"": 1.0149020064264003, ""hit_rate_proposal"": 0.5135040283203125, ""pilot_paths"": 0, ""total_paths_simulated"": 65536}"
b16908bdd08a,2026-09-25T10:58:55,tamzeed,importance,deep_barrier,call,exact,importance_fixed_theta,{'theta_factor': 1.0},65536,252,8,898102556,LAPTOP-G689CP2J_AMD64,3.3565858555585852,0.014334098996024936,3.3284915377755446,3.384680173341626,,,0.37443339999299496,"{""theta"": 1.6323611831060643, ""theta0"": 1.6323611831060643, ""ESS"": 5484.976384654072, ""ESS_frac"": 0.08369409766623034, ""max_weight"": 186.21830844961752, ""max_weight_share"": 0.002797693415033587, ""mean_weight"": 1.0156459149310193, ""hit_rate_proposal"": 0.5913238525390625, ""pilot_paths"": 0, ""total_paths_simulated"": 65536}"
674ce7d21e96,2026-09-25T10:58:55,tamzeed,importance,deep_barrier,call,exact,importance_fixed_theta,{'theta_factor': 1.125},65536,252,9,898102556,LAPTOP-G689CP2J_AMD64,3.3542882456863437,0.014450680203514287,3.32596543293535,3.3826110584373374,,,0.37693550006952137,"{""theta"": 1.8364063309943224, ""theta0"": 1.6323611831060643, ""ESS"": 3193.092677855125, ""ESS_frac"": 0.04872272762840462, ""max_weight"": 296.76178520681987, ""max_weight_share"": 0.004462096066210002, ""mean_weight"": 1.0148202582576766, ""hit_rate_proposal"": 0.66497802734375, ""pilot_paths"": 0, ""total_paths_simulated"": 65536}"
40856cdcade6,2026-09-25T10:58:55,tamzeed,importance,deep_barrier,call,exact,importance_fixed_theta,{'theta_factor': 1.25},65536,252,10,898102556,LAPTOP-G689CP2J_AMD64,3.3564623048776063,0.015216998449185146,3.3266375359644016,3.386287073790811,,,0.36516130005475134,"{""theta"": 2.0404514788825803, ""theta0"": 1.6323611831060643, ""ESS"": 1866.2072278842738, ""ESS_frac"": 0.028476062437199003, ""max_weight"": 453.6406590456418, ""max_weight_share"": 0.0068429550196575486, ""mean_weight"": 1.011552334724734, ""hit_rate_proposal"": 0.733184814453125, ""pilot_paths"": 0, ""total_paths_simulated"": 65536}"
904249e19a84,2026-09-25T10:58:56,tamzeed,importance,deep_barrier,call,exact,importance_fixed_theta,{'theta_factor': 1.375},65536,252,11,898102556,LAPTOP-G689CP2J_AMD64,3.3729957088876064,0.016777647159467828,3.3401121247097287,3.405879293065484,,,0.35797110002022237,"{""theta"": 2.244496626770838, ""theta0"": 1.6323611831060643, ""ESS"": 1111.8029217471676, ""ESS_frac"": 0.016964766262011224, ""max_weight"": 665.1726294614058, ""max_weight_share"": 0.010102777110592882, ""mean_weight"": 1.0046474085286858, ""hit_rate_proposal"": 0.793792724609375, ""pilot_paths"": 0, ""total_paths_simulated"": 65536}"
0ddb99ec8330,2026-09-25T10:58:56,tamzeed,importance,deep_barrier,call,exact,importance_fixed_theta,{'theta_factor': 1.5},65536,252,12,898102556,LAPTOP-G689CP2J_AMD64,3.3727919949841314,0.01888159965415436,3.335784739691485,3.409799250276778,,,0.3749904000433162,"{""theta"": 2.4485417746590965, ""theta0"": 1.6323611831060643, ""ESS"": 682.3217704049405, ""ESS_frac"": 0.010411403967360542, ""max_weight"": 935.567589934327, ""max_weight_share"": 0.014382292256800872, ""mean_weight"": 0.9925836753712858, ""hit_rate_proposal"": 0.8448944091796875, ""pilot_paths"": 0, ""total_paths_simulated"": 65536}"
5caff4549e2d,2026-09-25T10:58:57,tamzeed,importance,deep_barrier,call,exact,importance_fixed_theta,{'theta_factor': 1.625},65536,252,13,898102556,LAPTOP-G689CP2J_AMD64,3.3891597805545945,0.02200529005451954,3.346030204578379,3.43228935653081,,,0.3596366998972371,"{""theta"": 2.6525869225473544, ""theta0"": 1.6323611831060643, ""ESS"": 434.0535124803367, ""ESS_frac"": 0.0066231309887746686, ""max_weight"": 1262.2179923676592, ""max_weight_share"": 0.01978232794197256, ""mean_weight"": 0.9735920945666963, ""hit_rate_proposal"": 0.8871002197265625, ""pilot_paths"": 0, ""total_paths_simulated"": 65536}"
9102dd134379,2026-09-25T10:58:57,tamzeed,importance,deep_barrier,call,exact,importance_fixed_theta,{'theta_factor': 1.75},65536,252,14,898102556,LAPTOP-G689CP2J_AMD64,3.423824524475991,0.026208741803226996,3.372456334461557,3.475192714490425,,,0.3573611000319943,"{""theta"": 2.8566320704356123, ""theta0"": 1.6323611831060643, ""ESS"": 286.9930084126592, ""ESS_frac"": 0.004379165777781055, ""max_weight"": 1633.47301651275, ""max_weight_share"": 0.026352034625338184, ""mean_weight"": 0.9458404465774249, ""hit_rate_proposal"": 0.9212188720703125, ""pilot_paths"": 0, ""total_paths_simulated"": 65536}"
d1970da84b93,2026-09-25T10:58:57,tamzeed,importance,deep_barrier,call,exact,importance_fixed_theta,{'theta_factor': 1.875},65536,252,15,898102556,LAPTOP-G689CP2J_AMD64,3.4907489318452494,0.03238173892267247,3.4272818898000326,3.554215973890466,,,0.3769657000666484,"{""theta"": 3.0606772183238706, ""theta0"": 1.6323611831060643, ""ESS"": 197.25589515739145, ""ESS_frac"": 0.0030098860955412514, ""max_weight"": 2027.7198983404483, ""max_weight_share"": 0.03408620125908809, ""mean_weight"": 0.9077148248768687, ""hit_rate_proposal"": 0.947418212890625, ""pilot_paths"": 0, ""total_paths_simulated"": 65536}"
a4e30f1130fc,2026-09-25T10:58:58,tamzeed,importance,deep_barrier,call,exact,importance_fixed_theta,{'theta_factor': 2.0},65536,252,16,898102556,LAPTOP-G689CP2J_AMD64,3.5290058701646085,0.039746082623972355,3.4511049796950695,3.6069067606341476,,,0.3718126999447122,"{""theta"": 3.2647223662121285, ""theta0"": 1.6323611831060643, ""ESS"": 140.7045812868974, ""ESS_frac"": 0.002146981525984152, ""max_weight"": 2414.4730451253095, ""max_weight_share"": 0.04293139527880353, ""mean_weight"": 0.8581583396812884, ""hit_rate_proposal"": 0.96636962890625, ""pilot_paths"": 0, ""total_paths_simulated"": 65536}"
56c09c4c2311,2026-09-25T10:58:58,tamzeed,importance,deep_barrier,call,exact,importance_fixed_theta,{'theta_factor': 2.125},65536,252,17,898102556,LAPTOP-G689CP2J_AMD64,3.5299220354460212,0.04990069002206136,3.4321184801990836,3.627725590692959,,,0.4028540999861434,"{""theta"": 3.4687675141003864, ""theta0"": 1.6323611831060643, ""ESS"": 103.87779388651069, ""ESS_frac"": 0.0015850493451921186, ""max_weight"": 2757.7516926886697, ""max_weight_share"": 0.05279815356021084, ""mean_weight"": 0.79699664719337, ""hit_rate_proposal"": 0.9789276123046875, ""pilot_paths"": 0, ""total_paths_simulated"": 65536}"
024f492155a3,2026-09-25T10:58:58,tamzeed,importance,deep_barrier,call,exact,importance_fixed_theta,{'theta_factor': 2.25},65536,252,18,898102556,LAPTOP-G689CP2J_AMD64,3.581614007939486,0.066750290186975,3.4507858432154177,3.7124421726635544,,,0.4031929000047967,"{""theta"": 3.6728126619886448, ""theta0"": 1.6323611831060643, ""ESS"": 79.11272225041279, ""ESS_frac"": 0.001207164340979199, ""max_weight"": 3021.3870149505724, ""max_weight_share"": 0.06357543730796883, ""mean_weight"": 0.7251653954652169, ""hit_rate_proposal"": 0.98736572265625, ""pilot_paths"": 0, ""total_paths_simulated"": 65536}"
241aeb6b6c93,2026-09-25T10:58:59,tamzeed,importance,deep_barrier,call,exact,importance_fixed_theta,{'theta_factor': 2.375},65536,252,19,898102556,LAPTOP-G689CP2J_AMD64,3.5318502573893173,0.08605049539401045,3.363194385565227,3.700506129213408,,,0.3728417999809608,"{""theta"": 3.8768578098769026, ""theta0"": 1.6323611831060643, ""ESS"": 61.940358274690404, ""ESS_frac"": 0.0009451348613691773, ""max_weight"": 3175.2356142800822, ""max_weight_share"": 0.07514405622812556, ""mean_weight"": 0.64476490748583, ""hit_rate_proposal"": 0.992431640625, ""pilot_paths"": 0, ""total_paths_simulated"": 65536}"
2822a1bcff0d,2026-09-25T10:58:59,tamzeed,importance,deep_barrier,call,exact,importance_fixed_theta,{'theta_factor': 2.5},65536,252,20,898102556,LAPTOP-G689CP2J_AMD64,3.50178308893763,0.10640649888654419,3.2932301833990016,3.710335994476258,,,0.37342880002688617,"{""theta"": 4.0809029577651605, ""theta0"": 1.6323611831060643, ""ESS"": 49.68581174859037, ""ESS_frac"": 0.0007581453208708247, ""max_weight"": 3200.8399278725124, ""max_weight_share"": 0.08738708198620193, ""mean_weight"": 0.5589034462776337, ""hit_rate_proposal"": 0.995758056640625, ""pilot_paths"": 0, ""total_paths_simulated"": 65536}"
4cf290e97db4,2026-09-25T10:59:00,tamzeed,importance,deep_barrier,call,exact,importance_fixed_theta,{'theta_factor': 2.625},65536,252,21,898102556,LAPTOP-G689CP2J_AMD64,3.5516986423512567,0.14254477292587164,3.272316021232108,3.8310812634704052,,,0.40109539998229593,"{""theta"": 4.284948105653418, ""theta0"": 1.6323611831060643, ""ESS"": 40.70524540388963, ""ESS_frac"": 0.0006211127533552494, ""max_weight"": 3095.0691378808374, ""max_weight_share"": 0.1001966360515105, ""mean_weight"": 0.47134324035088665, ""hit_rate_proposal"": 0.997711181640625, ""pilot_paths"": 0, ""total_paths_simulated"": 65536}"
4dd94e3854d1,2026-09-25T10:59:00,tamzeed,importance,deep_barrier,call,exact,importance_fixed_theta,{'theta_factor': 2.75},65536,252,22,898102556,LAPTOP-G689CP2J_AMD64,3.4827071754720027,0.1829781037726121,3.1240766821182504,3.841337668825755,,,0.3971711000194773,"{""theta"": 4.488993253541676, ""theta0"": 1.6323611831060643, ""ESS"": 33.96185640403949, ""ESS_frac"": 0.0005182168030401533, ""max_weight"": 2870.7485475239464, ""max_weight_share"": 0.11347739413539214, ""mean_weight"": 0.3860165002192644, ""hit_rate_proposal"": 0.998779296875, ""pilot_paths"": 0, ""total_paths_simulated"": 65536}"
ca95dddb9ee8,2026-09-25T10:59:00,tamzeed,importance,deep_barrier,call,exact,importance_fixed_theta,{'theta_factor': 2.875},65536,252,23,898102556,LAPTOP-G689CP2J_AMD64,3.2799691911785067,0.2075194873472656,2.8732384698876507,3.6866999124693627,,,0.38188020000234246,"{""theta"": 4.693038401429935, ""theta0"": 1.6323611831060643, ""ESS"": 28.785102726128013, ""ESS_frac"": 0.00043922581064038106, ""max_weight"": 2554.1026804947687, ""max_weight_share"": 0.1271476037764747, ""mean_weight"": 0.3065139482624394, ""hit_rate_proposal"": 0.9993438720703125, ""pilot_paths"": 0, ""total_paths_simulated"": 65536}"
1d4c16dbac07,2026-09-25T10:59:01,tamzeed,importance,deep_barrier,call,exact,importance_fixed_theta,{'theta_factor': 3.0},65536,252,24,898102556,LAPTOP-G689CP2J_AMD64,3.2180497048169667,0.2713592818842783,2.686195285453129,3.7499041241808047,,,0.376968500087969,"{""theta"": 4.897083549318193, ""theta0"": 1.6323611831060643, ""ESS"": 24.7308292007864, ""ESS_frac"": 0.0003773625061155151, ""max_weight"": 2179.716200571727, ""max_weight_share"": 0.14113848375656976, ""mean_weight"": 0.23565386870673202, ""hit_rate_proposal"": 0.9996337890625, ""pilot_paths"": 0, ""total_paths_simulated"": 65536}"
bb61151c4798,2026-09-25T10:59:01,tamzeed,importance,paper_barrier,call,exact,importance_fixed_theta,{'theta_factor': 0.0},65536,252,0,2217502647,LAPTOP-G689CP2J_AMD64,7.079295087092749,0.04905396704382421,6.983151078388039,7.17543909579746,,,0.3786305000539869,"{""theta"": 0.0, ""theta0"": 0.45723835226890763, ""ESS"": 65536.0, ""ESS_frac"": 1.0, ""max_weight"": 1.0, ""max_weight_share"": 1.52587890625e-05, ""mean_weight"": 1.0, ""hit_rate_proposal"": 0.4048614501953125, ""pilot_paths"": 0, ""total_paths_simulated"": 65536}"
96368ec16bd8,2026-09-25T10:59:02,tamzeed,importance,paper_barrier,call,exact,importance_fixed_theta,{'theta_factor': 0.125},65536,252,1,2217502647,LAPTOP-G689CP2J_AMD64,7.0774923582932265,0.04584243194113166,6.98764284272488,7.167341873861573,,,0.38399829994887114,"{""theta"": 0.057154794033613454, ""theta0"": 0.45723835226890763, ""ESS"": 65322.26568604829, ""ESS_frac"": 0.9967386731879927, ""max_weight"": 1.254076120875514, ""max_weight_share"": 1.9133701427883937e-05, ""mean_weight"": 1.0001035643250342, ""hit_rate_proposal"": 0.4274139404296875, ""pilot_paths"": 0, ""total_paths_simulated"": 65536}"
609f50c6dc4b,2026-09-25T10:59:02,tamzeed,importance,paper_barrier,call,exact,importance_fixed_theta,{'theta_factor': 0.25},65536,252,2,2217502647,LAPTOP-G689CP2J_AMD64,7.076924431594495,0.042877194492806574,6.992886674630475,7.160962188558515,,,0.3822634000098333,"{""theta"": 0.11430958806722691, ""theta0"": 0.45723835226890763, ""ESS"": 64685.645430865094, ""ESS_frac"": 0.9870246190012374, ""max_weight"": 1.5675777838442664, ""max_weight_share"": 2.391438546558003e-05, ""mean_weight"": 1.0002071254211395, ""hit_rate_proposal"": 0.450439453125, ""pilot_paths"": 0, ""total_paths_simulated"": 65536}"
5dda9da6e01b,2026-09-25T10:59:02,tamzeed,importance,paper_barrier,call,exact,importance_fixed_theta,{'theta_factor': 0.375},65536,252,3,2217502647,LAPTOP-G689CP2J_AMD64,7.0772870252139795,0.04013462867978622,6.9986245984687105,7.155949451959248,,,0.3701894999248907,"{""theta"": 0.17146438210084036, ""theta0"": 0.45723835226890763, ""ESS"": 63639.17336949968, ""ESS_frac"": 0.971056722557063, ""max_weight"": 1.9530600852139741, ""max_weight_share"": 2.9792122425562965e-05, ""mean_weight"": 1.0003091233640151, ""hit_rate_proposal"": 0.4737701416015625, ""pilot_paths"": 0, ""total_paths_simulated"": 65536}"
05a930225d36,2026-09-25T10:59:03,tamzeed,importance,paper_barrier,call,exact,importance_fixed_theta,{'theta_factor': 0.5},65536,252,4,2217502647,LAPTOP-G689CP2J_AMD64,7.07906034389322,0.03759266936633544,7.0053800658524805,7.152740621933959,,,0.3821975999744609,"{""theta"": 0.22861917613445382, ""theta0"": 0.45723835226890763, ""ESS"": 62203.72133087693, ""ESS_frac"": 0.9491534626903828, ""max_weight"": 2.425400216241852, ""max_weight_share"": 3.699358039613317e-05, ""mean_weight"": 1.0004079057901818, ""hit_rate_proposal"": 0.496856689453125, ""pilot_paths"": 0, ""total_paths_simulated"": 65536}"
f9e87e86fe3e,2026-09-25T10:59:03,tamzeed,importance,paper_barrier,call,exact,importance_fixed_theta,{'theta_factor': 0.625},65536,252,5,2217502647,LAPTOP-G689CP2J_AMD64,7.080890516301441,0.03523583461934865,7.011829549482308,7.1499514831205735,,,0.37455940002109855,"{""theta"": 0.28577397016806727, ""theta0"": 0.45723835226890763, ""ESS"": 60407.3227683359, ""ESS_frac"": 0.921742595952391, ""max_weight"": 3.002150932596321, ""max_weight_share"": 4.578621609892635e-05, ""mean_weight"": 1.00050171683327, ""hit_rate_proposal"": 0.5197601318359375, ""pilot_paths"": 0, ""total_paths_simulated"": 65536}"
e89ac05c20ad,2026-09-25T10:59:03,tamzeed,importance,paper_barrier,call,exact,importance_fixed_theta,{'theta_factor': 0.75},65536,252,6,2217502647,LAPTOP-G689CP2J_AMD64,7.082814849456188,0.03304808592609925,7.018041791283048,7.147587907629328,,,0.38059509999584407,"{""theta"": 0.3429287642016807, ""theta0"": 0.45723835226890763, ""ESS"": 58284.27804213599, ""ESS_frac"": 0.8893475043050536, ""max_weight"": 3.7039314133948844, ""max_weight_share"": 5.648425665766477e-05, ""mean_weight"": 1.0005886858261548, ""hit_rate_proposal"": 0.5424652099609375, ""pilot_paths"": 0, ""total_paths_simulated"": 65536}"
eaa93c3e5d08,2026-09-25T10:59:04,tamzeed,importance,paper_barrier,call,exact,importance_fixed_theta,{'theta_factor': 0.875},65536,252,7,2217502647,LAPTOP-G689CP2J_AMD64,7.084556034877966,0.03101599660744651,7.023765798582755,7.145346271173178,,,0.45893169997725636,"{""theta"": 0.4000835582352942, ""theta0"": 0.45723835226890763, ""ESS"": 55874.083772653714, ""ESS_frac"": 0.8525708583473772, ""max_weight"": 4.554856013867274, ""max_weight_share"": 6.945527326405299e-05, ""mean_weight"": 1.000666815627249, ""hit_rate_proposal"": 0.565399169921875, ""pilot_paths"": 0, ""total_paths_simulated"": 65536}"
03d6ffb8d59d,2026-09-25T10:59:04,tamzeed,importance,paper_barrier,call,exact,importance_fixed_theta,{'theta_factor': 1.0},65536,252,8,2217502647,LAPTOP-G689CP2J_AMD64,7.086452213565372,0.029125958905337524,7.0293663830957165,7.143538044035028,,,0.38069100002758205,"{""theta"": 0.45723835226890763, ""theta0"": 0.45723835226890763, ""ESS"": 53220.23599672011, ""ESS_frac"": 0.8120763549304216, ""max_weight"": 5.583000573769763, ""max_weight_share"": 8.512734714496857e-05, ""mean_weight"": 1.0007339703173683, ""hit_rate_proposal"": 0.58807373046875, ""pilot_paths"": 0, ""total_paths_simulated"": 65536}"
58d15650244e,2026-09-25T10:59:05,tamzeed,importance,paper_barrier,call,exact,importance_fixed_theta,{'theta_factor': 1.125},65536,252,9,2217502647,LAPTOP-G689CP2J_AMD64,7.087743636945838,0.02737182263544139,7.034095850389154,7.1413914235025215,,,0.3806955999461934,"{""theta"": 0.5143931463025211, ""theta0"": 0.45723835226890763, ""ESS"": 50368.95977068489, ""ESS_frac"": 0.7685693324384291, ""max_weight"": 6.820904911825279, ""max_weight_share"": 0.00010399681413779684, ""mean_weight"": 1.000787861895526, ""hit_rate_proposal"": 0.6094207763671875, ""pilot_paths"": 0, ""total_paths_simulated"": 65536}"
4754aa30858f,2026-09-25T10:59:05,tamzeed,importance,paper_barrier,call,exact,importance_fixed_theta,{'theta_factor': 1.25},65536,252,10,2217502647,LAPTOP-G689CP2J_AMD64,7.090584582070091,0.025739095572202414,7.04013688175394,7.1410322823862415,,,0.3769412999972701,"{""theta"": 0.5715479403361345, ""theta0"": 0.45723835226890763, ""ESS"": 47367.916732811456, ""ESS_frac"": 0.7227770497560342, ""max_weight"": 8.30610890362898, ""max_weight_share"": 0.00012663655740071498, ""mean_weight"": 1.0008260354834329, ""hit_rate_proposal"": 0.6314239501953125, ""pilot_paths"": 0, ""total_paths_simulated"": 65536}"
0a32810b3492,2026-09-25T10:59:05,tamzeed,importance,paper_barrier,call,exact,importance_fixed_theta,{'theta_factor': 1.375},65536,252,11,2217502647,LAPTOP-G689CP2J_AMD64,7.0917138582191175,0.024230838173535958,7.044222288083769,7.139205428354466,,,0.3850253999698907,"{""theta"": 0.628702734369748, ""theta0"": 0.45723835226890763, ""ESS"": 44264.93770648739, ""ESS_frac"": 0.6754293473279936, ""max_weight"": 10.08171810027104, ""max_weight_share"": 0.00015370479830162576, ""mean_weight"": 1.0008458524355441, ""hit_rate_proposal"": 0.652496337890625, ""pilot_paths"": 0, ""total_paths_simulated"": 65536}"
c95e8a0db2fc,2026-09-25T10:59:06,tamzeed,importance,paper_barrier,call,exact,importance_fixed_theta,{'theta_factor': 1.5},65536,252,12,2217502647,LAPTOP-G689CP2J_AMD64,7.0930773142135335,0.022836103168720766,7.0483193744556,7.137835253971467,,,0.3929471999872476,"{""theta"": 0.6858575284033614, ""theta0"": 0.45723835226890763, ""ESS"": 41106.820933480005, ""ESS_frac"": 0.6272403096539307, ""max_weight"": 12.196993197038973, ""max_weight_share"": 0.00018595431343028818, ""mean_weight"": 1.0008444706507755, ""hit_rate_proposal"": 0.6723480224609375, ""pilot_paths"": 0, ""total_paths_simulated"": 65536}"
99cb18c5890d,2026-09-25T10:59:06,tamzeed,importance,paper_barrier,call,exact,importance_fixed_theta,{'theta_factor': 1.625},65536,252,13,2217502647,LAPTOP-G689CP2J_AMD64,7.092148686463235,0.021560295238366903,7.049891284299985,7.134406088626484,,,0.38027879991568625,"{""theta"": 0.7430123224369749, ""theta0"": 0.45723835226890763, ""ESS"": 37938.22938862449, ""ESS_frac"": 0.5788914396457594, ""max_weight"": 14.707955813023274, ""max_weight_share"": 0.00022424198118089618, ""mean_weight"": 1.0008188213002298, ""hit_rate_proposal"": 0.692138671875, ""pilot_paths"": 0, ""total_paths_simulated"": 65536}"
b1e23281d054,2026-09-25T10:59:07,tamzeed,importance,paper_barrier,call,exact,importance_fixed_theta,{'theta_factor': 1.75},65536,252,14,2217502647,LAPTOP-G689CP2J_AMD64,7.091789691281968,0.02039007381048069,7.051825880971313,7.131753501592623,,,0.37202619994059205,"{""theta"": 0.8001671164705884, ""theta0"": 0.45723835226890763, ""ESS"": 34800.71406248228, ""ESS_frac"": 0.5310167551037945, ""max_weight"": 17.678001009088657, ""max_weight_share"": 0.0002695385348285243, ""mean_weight"": 1.0007655811290692, ""hit_rate_proposal"": 0.711395263671875, ""pilot_paths"": 0, ""total_paths_simulated"": 65536}"
ebb61d17723b,2026-09-25T10:59:07,tamzeed,importance,paper_barrier,call,exact,importance_fixed_theta,{'theta_factor': 1.875},65536,252,15,2217502647,LAPTOP-G689CP2J_AMD64,7.090847201762773,0.019330022002211497,7.052961054818072,7.128733348707474,,,0.3773898999206722,"{""theta"": 0.8573219105042018, ""theta0"": 0.45723835226890763, ""ESS"": 31731.884805741178, ""ESS_frac"": 0.4841901368063534, ""max_weight"": 21.17850477938304, ""max_weight_share"": 0.0003229383710180139, ""mean_weight"": 1.0006811394664765, ""hit_rate_proposal"": 0.7309112548828125, ""pilot_paths"": 0, ""total_paths_simulated"": 65536}"
7a2c958961b0,2026-09-25T10:59:07,tamzeed,importance,paper_barrier,call,exact,importance_fixed_theta,{'theta_factor': 2.0},65536,252,16,2217502647,LAPTOP-G689CP2J_AMD64,7.088485194374865,0.01838417598412098,7.052452871560542,7.124517517189188,,,0.3746562000596896,"{""theta"": 0.9144767045378153, ""theta0"": 0.45723835226890763, ""ESS"": 28764.746314364445, ""ESS_frac"": 0.4389151964472114, ""max_weight"": 25.289412437445318, ""max_weight_share"": 0.00038566923383307275, ""mean_weight"": 1.000561559091237, ""hit_rate_proposal"": 0.7487335205078125, ""pilot_paths"": 0, ""total_paths_simulated"": 65536}"
9ee28af3fe53,2026-09-25T10:59:08,tamzeed,importance,paper_barrier,call,exact,importance_fixed_theta,{'theta_factor': 2.125},65536,252,17,2217502647,LAPTOP-G689CP2J_AMD64,7.0865941968668436,0.017547123217425513,7.052202467328403,7.120985926405284,,,0.3734584000194445,"{""theta"": 0.9716314985714287, ""theta0"": 0.45723835226890763, ""ESS"": 25927.213449254374, ""ESS_frac"": 0.39561788100058554, ""max_weight"": 30.09979143127089, ""max_weight_share"": 0.0004591015660495654, ""mean_weight"": 1.000402530156959, ""hit_rate_proposal"": 0.7659759521484375, ""pilot_paths"": 0, ""total_paths_simulated"": 65536}"
4017cd326c8e,2026-09-25T10:59:08,tamzeed,importance,paper_barrier,call,exact,importance_fixed_theta,{'theta_factor': 2.25},65536,252,18,2217502647,LAPTOP-G689CP2J_AMD64,7.084116075117802,0.01682710417703513,7.05113555696671,7.117096593268894,,,0.4016900999704376,"{""theta"": 1.0287862926050422, ""theta0"": 0.45723835226890763, ""ESS"": 23241.816281060692, ""ESS_frac"": 0.3546419720620833, ""max_weight"": 35.70832972432376, ""max_weight_share"": 0.0005447572919294077, ""mean_weight"": 1.0001993164843426, ""hit_rate_proposal"": 0.7829437255859375, ""pilot_paths"": 0, ""total_paths_simulated"": 65536}"
dcb637ba94b1,2026-09-25T10:59:08,tamzeed,importance,paper_barrier,call,exact,importance_fixed_theta,{'theta_factor': 2.375},65536,252,19,2217502647,LAPTOP-G689CP2J_AMD64,7.082057078790433,0.016224229401837775,7.050258173485915,7.1138559840949505,,,0.38946540001779795,"{""theta"": 1.0859410866386556, ""theta0"": 0.45723835226890763, ""ESS"": 20725.59998949814, ""ESS_frac"": 0.3162475584335043, ""max_weight"": 42.22375854622034, ""max_weight_share"": 0.0006443177712914033, ""mean_weight"": 0.9999466936809353, ""hit_rate_proposal"": 0.7992095947265625, ""pilot_paths"": 0, ""total_paths_simulated"": 65536}"
1b9570cda982,2026-09-25T10:59:09,tamzeed,importance,paper_barrier,call,exact,importance_fixed_theta,{'theta_factor': 2.5},65536,252,20,2217502647,LAPTOP-G689CP2J_AMD64,7.080229738678889,0.015744622429827826,7.049370845766245,7.1110886315915325,,,0.3996400000760332,"{""theta"": 1.143095880672269, ""theta0"": 0.45723835226890763, ""ESS"": 18390.21742431907, ""ESS_frac"": 0.28061244849119676, ""max_weight"": 49.76517613490585, ""max_weight_share"": 0.0007596306440662663, ""mean_weight"": 0.9996388787528232, ""hit_rate_proposal"": 0.814605712890625, ""pilot_paths"": 0, ""total_paths_simulated"": 65536}"
37a53f423501,2026-09-25T10:59:09,tamzeed,importance,paper_barrier,call,exact,importance_fixed_theta,{'theta_factor': 2.625},65536,252,21,2217502647,LAPTOP-G689CP2J_AMD64,7.079324455725606,0.015390642137557926,7.049159351437048,7.109489560014165,,,0.3922183000249788,"{""theta"": 1.2002506747058825, ""theta0"": 0.45723835226890763, ""ESS"": 16242.20289114972, ""ESS_frac"": 0.24783634782638123, ""max_weight"": 58.462247160360945, ""max_weight_share"": 0.0008927152696736501, ""mean_weight"": 0.999269451127232, ""hit_rate_proposal"": 0.829803466796875, ""pilot_paths"": 0, ""total_paths_simulated"": 65536}"
5cf8c094fec6,2026-09-25T10:59:10,tamzeed,importance,paper_barrier,call,exact,importance_fixed_theta,{'theta_factor': 2.75},65536,252,22,2217502647,LAPTOP-G689CP2J_AMD64,7.079235906792496,0.015163462228840343,7.049516066943036,7.108955746641956,,,0.36999940010719,"{""theta"": 1.257405468739496, ""theta0"": 0.45723835226890763, ""ESS"": 14283.405501878857, ""ESS_frac"": 0.21794747164732142, ""max_weight"": 68.45525094683478, ""max_weight_share"": 0.0010457664579575476, ""mean_weight"": 0.9988312653078592, ""hit_rate_proposal"": 0.8444061279296875, ""pilot_paths"": 0, ""total_paths_simulated"": 65536}"
06d68a70f9ba,2026-09-25T10:59:10,tamzeed,importance,paper_barrier,call,exact,importance_fixed_theta,{'theta_factor': 2.875},65536,252,23,2217502647,LAPTOP-G689CP2J_AMD64,7.077455866015505,0.015085078338311407,7.04788965576845,7.10702207626256,,,0.39866489998530596,"{""theta"": 1.3145602627731094, ""theta0"": 0.45723835226890763, ""ESS"": 12511.550753407791, ""ESS_frac"": 0.19091111379101244, ""max_weight"": 79.89495051239322, ""max_weight_share"": 0.0012211561896467904, ""mean_weight"": 0.9983163557317752, ""hit_rate_proposal"": 0.8567962646484375, ""pilot_paths"": 0, ""total_paths_simulated"": 65536}"
aaaf9f039146,2026-09-25T10:59:10,tamzeed,importance,paper_barrier,call,exact,importance_fixed_theta,{'theta_factor': 3.0},65536,252,24,2217502647,LAPTOP-G689CP2J_AMD64,7.076314849107003,0.015143026209471479,7.046635063119493,7.105994635094514,,,0.38178729999344796,"{""theta"": 1.371715056806723, ""theta0"": 0.45723835226890763, ""ESS"": 10920.891556191733, ""ESS_frac"": 0.16663958063036702, ""max_weight"": 92.94225394163492, ""max_weight_share"": 0.0014214330357892506, ""mean_weight"": 0.9977158347816706, ""hit_rate_proposal"": 0.869140625, ""pilot_paths"": 0, ""total_paths_simulated"": 65536}"
9767a441abe6,2026-09-25T10:59:11,tamzeed,importance,rare_barrier,call,exact,importance_fixed_theta,{'theta_factor': 0.0},65536,252,0,3997507444,LAPTOP-G689CP2J_AMD64,1.1394792998908356,0.032005534310215945,1.0767496053368513,1.20220899444482,,,0.38110899995081127,"{""theta"": 0.0, ""theta0"": 2.300018146228678, ""ESS"": 65536.0, ""ESS_frac"": 1.0, ""max_weight"": 1.0, ""max_weight_share"": 1.52587890625e-05, ""mean_weight"": 1.0, ""hit_rate_proposal"": 0.0203399658203125, ""pilot_paths"": 0, ""total_paths_simulated"": 65536}"
c1db34f17f04,2026-09-25T10:59:11,tamzeed,importance,rare_barrier,call,exact,importance_fixed_theta,{'theta_factor': 0.125},65536,252,1,3997507444,LAPTOP-G689CP2J_AMD64,1.1086644785989483,0.022012334317526257,1.0655210961209418,1.1518078610769549,,,0.4622895000502467,"{""theta"": 0.28750226827858477, ""theta0"": 2.300018146228678, ""ESS"": 60352.70614446965, ""ESS_frac"": 0.9209092124095101, ""max_weight"": 3.160763868617593, ""max_weight_share"": 4.8413010643153045e-05, ""mean_weight"": 0.9962080132363821, ""hit_rate_proposal"": 0.037872314453125, ""pilot_paths"": 0, ""total_paths_simulated"": 65536}"
536fc241ceca,2026-09-25T10:59:12,tamzeed,importance,rare_barrier,call,exact,importance_fixed_theta,{'theta_factor': 0.25},65536,252,2,3997507444,LAPTOP-G689CP2J_AMD64,1.1056169768255357,0.01607847784365837,1.07410373932574,1.1371302143253315,,,0.39754039992112666,"{""theta"": 0.5750045365571695, ""theta0"": 2.300018146228678, ""ESS"": 47227.002073236414, ""ESS_frac"": 0.7206268626897646, ""max_weight"": 9.197851311307147, ""max_weight_share"": 0.00014145585554632705, ""mean_weight"": 0.9921687048261536, ""hit_rate_proposal"": 0.0674285888671875, ""pilot_paths"": 0, ""total_paths_simulated"": 65536}"
93a772d28bb2,2026-09-25T10:59:12,tamzeed,importance,rare_barrier,call,exact,importance_fixed_theta,{'theta_factor': 0.375},65536,252,3,3997507444,LAPTOP-G689CP2J_AMD64,1.0975007776237762,0.012234054658680944,1.073522471107867,1.1214790841396853,,,0.4233109999913722,"{""theta"": 0.8625068048357543, ""theta0"": 2.300018146228678, ""ESS"": 31557.067969213338, ""ESS_frac"": 0.48152264357320157, ""max_weight"": 24.64239969370114, ""max_weight_share"": 0.0003807996337125508, ""mean_weight"": 0.9874305162904553, ""hit_rate_proposal"": 0.1117706298828125, ""pilot_paths"": 0, ""total_paths_simulated"": 65536}"
dc19977d8e2a,2026-09-25T10:59:13,tamzeed,importance,rare_barrier,call,exact,importance_fixed_theta,{'theta_factor': 0.5},65536,252,4,3997507444,LAPTOP-G689CP2J_AMD64,1.084895296254719,0.009677601589297065,1.065927545682969,1.1038630468264687,,,0.45240670000202954,"{""theta"": 1.150009073114339, ""theta0"": 2.300018146228678, ""ESS"": 18232.254638717455, ""ESS_frac"": 0.2782021276659768, ""max_weight"": 60.782966304552744, ""max_weight_share"": 0.0009450009330056131, ""mean_weight"": 0.9814534875477277, ""hit_rate_proposal"": 0.1734619140625, ""pilot_paths"": 0, ""total_paths_simulated"": 65536}"
c5561f7c47e4,2026-09-25T10:59:13,tamzeed,importance,rare_barrier,call,exact,importance_fixed_theta,{'theta_factor': 0.625},65536,252,5,3997507444,LAPTOP-G689CP2J_AMD64,1.074418996159978,0.0080224578718521,1.058695267663658,1.0901427246562978,,,0.49019549996592104,"{""theta"": 1.437511341392924, ""theta0"": 2.300018146228678, ""ESS"": 9352.797331513635, ""ESS_frac"": 0.14271236162587944, ""max_weight"": 138.03304350127615, ""max_weight_share"": 0.0021636094330754656, ""mean_weight"": 0.973473799033578, ""hit_rate_proposal"": 0.2535400390625, ""pilot_paths"": 0, ""total_paths_simulated"": 65536}"
15ef10785696,2026-09-25T10:59:13,tamzeed,importance,rare_barrier,call,exact,importance_fixed_theta,{'theta_factor': 0.75},65536,252,6,3997507444,LAPTOP-G689CP2J_AMD64,1.0741417343846411,0.0070571173322026975,1.0603100385788504,1.0879734301904318,,,0.43383869994431734,"{""theta"": 1.7250136096715085, ""theta0"": 2.300018146228678, ""ESS"": 4435.577195258726, ""ESS_frac"": 0.06768153679288827, ""max_weight"": 288.5934815957294, ""max_weight_share"": 0.004576038705305061, ""mean_weight"": 0.9623142075648474, ""hit_rate_proposal"": 0.351165771484375, ""pilot_paths"": 0, ""total_paths_simulated"": 65536}"
e9fe6b7672cc,2026-09-25T10:59:14,tamzeed,importance,rare_barrier,call,exact,importance_fixed_theta,{'theta_factor': 0.875},65536,252,7,3997507444,LAPTOP-G689CP2J_AMD64,1.074282627945193,0.006601512016322003,1.0613439021496933,1.0872213537406925,,,0.4428499999921769,"{""theta"": 2.0125158779500936, ""theta0"": 2.300018146228678, ""ESS"": 2034.5947964295713, ""ESS_frac"": 0.031045452826378956, ""max_weight"": 555.5104735410197, ""max_weight_share"": 0.008958494227624125, ""mean_weight"": 0.9461877099428495, ""hit_rate_proposal"": 0.4596710205078125, ""pilot_paths"": 0, ""total_paths_simulated"": 65536}"
7c892e0fb724,2026-09-25T10:59:14,tamzeed,importance,rare_barrier,call,exact,importance_fixed_theta,{'theta_factor': 1.0},65536,252,8,3997507444,LAPTOP-G689CP2J_AMD64,1.0742540756123728,0.006562057626345154,1.06139267900026,1.0871154722244858,,,0.46721089992206544,"{""theta"": 2.300018146228678, ""theta0"": 2.300018146228678, ""ESS"": 938.945666391131, ""ESS_frac"": 0.014327173864610764, ""max_weight"": 984.4649663900472, ""max_weight_share"": 0.01628189134916079, ""mean_weight"": 0.9226043178540888, ""hit_rate_proposal"": 0.5721588134765625, ""pilot_paths"": 0, ""total_paths_simulated"": 65536}"
8d4e9a173dfb,2026-09-25T10:59:15,tamzeed,importance,rare_barrier,call,exact,importance_fixed_theta,{'theta_factor': 1.125},65536,252,9,3997507444,LAPTOP-G689CP2J_AMD64,1.0752998110054852,0.007095123060447344,1.061393625341129,1.0892059966698415,,,0.45230689994059503,"{""theta"": 2.587520414507263, ""theta0"": 2.300018146228678, ""ESS"": 448.5635676801554, ""ESS_frac"": 0.006844536860353934, ""max_weight"": 1606.2404564320834, ""max_weight_share"": 0.02758413963667686, ""mean_weight"": 0.8885281408510004, ""hit_rate_proposal"": 0.678741455078125, ""pilot_paths"": 0, ""total_paths_simulated"": 65536}"
a2c4df308121,2026-09-25T10:59:15,tamzeed,importance,rare_barrier,call,exact,importance_fixed_theta,{'theta_factor': 1.25},65536,252,10,3997507444,LAPTOP-G689CP2J_AMD64,1.065597547743318,0.007817347812307592,1.050275827576572,1.0809192679100639,,,0.44826380000449717,"{""theta"": 2.875022682785848, ""theta0"": 2.300018146228678, ""ESS"": 225.7687782571815, ""ESS_frac"": 0.003444958164324669, ""max_weight"": 2412.810061071869, ""max_weight_share"": 0.04378236891709793, ""mean_weight"": 0.8408992176619241, ""hit_rate_proposal"": 0.7723846435546875, ""pilot_paths"": 0, ""total_paths_simulated"": 65536}"
aabf6c7ec503,2026-09-25T10:59:16,tamzeed,importance,rare_barrier,call,exact,importance_fixed_theta,{'theta_factor': 1.375},65536,252,11,3997507444,LAPTOP-G689CP2J_AMD64,1.049986141789749,0.009050446943934748,1.0322475917356462,1.0677246918438517,,,0.37230750010348856,"{""theta"": 3.1625249510644324, ""theta0"": 2.300018146228678, ""ESS"": 120.77787238020696, ""ESS_frac"": 0.0018429240780671228, ""max_weight"": 3336.860033258285, ""max_weight_share"": 0.0654870069509948, ""mean_weight"": 0.7775045119511519, ""hit_rate_proposal"": 0.8482208251953125, ""pilot_paths"": 0, ""total_paths_simulated"": 65536}"
10725f00a040,2026-09-25T10:59:16,tamzeed,importance,rare_barrier,call,exact,importance_fixed_theta,{'theta_factor': 1.5},65536,252,12,3997507444,LAPTOP-G689CP2J_AMD64,1.0495685994568056,0.011160337280581337,1.0276947403315464,1.0714424585820648,,,0.3881843000417575,"{""theta"": 3.450027219343017, ""theta0"": 2.300018146228678, ""ESS"": 68.85094220401353, ""ESS_frac"": 0.0010505820038454214, ""max_weight"": 4248.690794167821, ""max_weight_share"": 0.09288156412480314, ""mean_weight"": 0.6979843333913041, ""hit_rate_proposal"": 0.9056243896484375, ""pilot_paths"": 0, ""total_paths_simulated"": 65536}"
e4a7575c6716,2026-09-25T10:59:16,tamzeed,importance,rare_barrier,call,exact,importance_fixed_theta,{'theta_factor': 1.625},65536,252,13,3997507444,LAPTOP-G689CP2J_AMD64,1.0353267816864973,0.013726160679887897,1.008424001107907,1.0622295622650875,,,0.3706746998941526,"{""theta"": 3.737529487621602, ""theta0"": 2.300018146228678, ""ESS"": 41.76240310512511, ""ESS_frac"": 0.0006372436997241991, ""max_weight"": 4980.518314444726, ""max_weight_share"": 0.1256991696354584, ""mean_weight"": 0.6045917296226295, ""hit_rate_proposal"": 0.9449462890625, ""pilot_paths"": 0, ""total_paths_simulated"": 65536}"
1ef012fc088d,2026-09-25T10:59:17,tamzeed,importance,rare_barrier,call,exact,importance_fixed_theta,{'theta_factor': 1.75},65536,252,14,3997507444,LAPTOP-G689CP2J_AMD64,1.0327122263493518,0.019492930080614857,0.9945067854381893,1.0709176672605143,,,0.3656890999991447,"{""theta"": 4.025031755900187, ""theta0"": 2.300018146228678, ""ESS"": 26.849679496133206, ""ESS_frac"": 0.00040969359582722787, ""max_weight"": 5375.219918997447, ""max_weight_share"": 0.16328562985358056, ""mean_weight"": 0.5023059713342671, ""hit_rate_proposal"": 0.9701690673828125, ""pilot_paths"": 0, ""total_paths_simulated"": 65536}"
c3382b8972cd,2026-09-25T10:59:17,tamzeed,importance,rare_barrier,call,exact,importance_fixed_theta,{'theta_factor': 1.875},65536,252,15,3997507444,LAPTOP-G689CP2J_AMD64,1.0351667347310118,0.02580930301038246,0.984581430364581,1.0857520390974427,,,0.36058620002586395,"{""theta"": 4.312534024178771, ""theta0"": 2.300018146228678, ""ESS"": 18.204751196486523, ""ESS_frac"": 0.00027778245844248234, ""max_weight"": 5340.97092489633, ""max_weight_share"": 0.2047141637734142, ""mean_weight"": 0.3981001960477072, ""hit_rate_proposal"": 0.9849700927734375, ""pilot_paths"": 0, ""total_paths_simulated"": 65536}"
b74485c5faf0,2026-09-25T10:59:18,tamzeed,importance,rare_barrier,call,exact,importance_fixed_theta,{'theta_factor': 2.0},65536,252,16,3997507444,LAPTOP-G689CP2J_AMD64,0.9957737169922143,0.03217896380397826,0.9327041068765989,1.0588433271078297,,,0.373157300055027,"{""theta"": 4.600036292457356, ""theta0"": 2.300018146228678, ""ESS"": 12.946819548168477, ""ESS_frac"": 0.00019755278851575435, ""max_weight"": 4885.921334726951, ""max_weight_share"": 0.24891448292667318, ""mean_weight"": 0.29951348007552203, ""hit_rate_proposal"": 0.992828369140625, ""pilot_paths"": 0, ""total_paths_simulated"": 65536}"
4e0b9c8475cf,2026-09-25T10:59:18,tamzeed,importance,rare_barrier,call,exact,importance_fixed_theta,{'theta_factor': 2.125},65536,252,17,3997507444,LAPTOP-G689CP2J_AMD64,0.9817117303814686,0.04914760468439447,0.8853841952736434,1.0780392654892939,,,0.3760941999498755,"{""theta"": 4.887538560735941, ""theta0"": 2.300018146228678, ""ESS"": 9.606014781304355, ""ESS_frac"": 0.00014657615327918022, ""max_weight"": 4115.048965317178, ""max_weight_share"": 0.2947894049892017, ""mean_weight"": 0.21300176695947998, ""hit_rate_proposal"": 0.9969482421875, ""pilot_paths"": 0, ""total_paths_simulated"": 65536}"
4d9385936afe,2026-09-25T10:59:18,tamzeed,importance,rare_barrier,call,exact,importance_fixed_theta,{'theta_factor': 2.25},65536,252,18,3997507444,LAPTOP-G689CP2J_AMD64,0.975546249883154,0.09013939426396776,0.7988762835375208,1.152216216228787,,,0.3890625999774784,"{""theta"": 5.175040829014526, ""theta0"": 2.300018146228678, ""ESS"": 7.398293482252667, ""ESS_frac"": 0.00011288899966816203, ""max_weight"": 3190.8458542989947, ""max_weight_share"": 0.3413051823128425, ""mean_weight"": 0.14265369043553763, ""hit_rate_proposal"": 0.9986572265625, ""pilot_paths"": 0, ""total_paths_simulated"": 65536}"
d91e36d1d25a,2026-09-25T10:59:19,tamzeed,importance,rare_barrier,call,exact,importance_fixed_theta,{'theta_factor': 2.375},65536,252,19,3997507444,LAPTOP-G689CP2J_AMD64,1.1170212507449138,0.15130525786809412,0.8204683946519036,1.413574106837924,,,0.396902900072746,"{""theta"": 5.462543097293111, ""theta0"": 2.300018146228678, ""ESS"": 5.887380626800876, ""ESS_frac"": 8.98342991150036e-05, ""max_weight"": 2277.922382793572, ""max_weight_share"": 0.38755175582090345, ""mean_weight"": 0.0896869556587872, ""hit_rate_proposal"": 0.99957275390625, ""pilot_paths"": 0, ""total_paths_simulated"": 65536}"
ada84acb164a,2026-09-25T10:59:19,tamzeed,importance,rare_barrier,call,exact,importance_fixed_theta,{'theta_factor': 2.5},65536,252,20,3997507444,LAPTOP-G689CP2J_AMD64,1.7208865374083584,0.7687749168469308,0.21411538817059927,3.2276576866461175,,,0.39274179993662983,"{""theta"": 5.750045365571696, ""theta0"": 2.300018146228678, ""ESS"": 4.820736186544002, ""ESS_frac"": 7.355859659643557e-05, ""max_weight"": 1497.1809748926232, ""max_weight_share"": 0.4327752291322374, ""mean_weight"": 0.05278760692954113, ""hit_rate_proposal"": 0.9999237060546875, ""pilot_paths"": 0, ""total_paths_simulated"": 65536}"
6b25e19ef1bc,2026-09-25T10:59:19,tamzeed,importance,rare_barrier,call,exact,importance_fixed_theta,{'theta_factor': 2.625},65536,252,21,3997507444,LAPTOP-G689CP2J_AMD64,1.4753963470343745,0.6068505152754731,0.2859911930948733,2.6648015009738755,,,0.4068797000218183,"{""theta"": 6.03754763385028, ""theta0"": 2.300018146228678, ""ESS"": 4.046748048725958, ""ESS_frac"": 6.174847486459287e-05, ""max_weight"": 905.966122065272, ""max_weight_share"": 0.47638784679263274, ""mean_weight"": 0.029018259066509202, ""hit_rate_proposal"": 1.0, ""pilot_paths"": 0, ""total_paths_simulated"": 65536}"
29d4584ef568,2026-09-25T10:59:20,tamzeed,importance,rare_barrier,call,exact,importance_fixed_theta,{'theta_factor': 2.75},65536,252,22,3997507444,LAPTOP-G689CP2J_AMD64,0.87030153782148,0.40228774684680857,0.08183204257996857,1.6587710330629915,,,0.37876900006085634,"{""theta"": 6.325049902128865, ""theta0"": 2.300018146228678, ""ESS"": 3.47130303573751, ""ESS_frac"": 5.2967880794334566e-05, ""max_weight"": 504.7216059243245, ""max_weight_share"": 0.5179617126301108, ""mean_weight"": 0.01486874479771694, ""hit_rate_proposal"": 1.0, ""pilot_paths"": 0, ""total_paths_simulated"": 65536}"
458a2fa308d1,2026-09-25T10:59:20,tamzeed,importance,rare_barrier,call,exact,importance_fixed_theta,{'theta_factor': 2.875},65536,252,23,3997507444,LAPTOP-G689CP2J_AMD64,0.47358887593280713,0.2412339609863801,0.0007790005515616039,0.9463987513140526,,,0.3957498000236228,"{""theta"": 6.61255217040745, ""theta0"": 2.300018146228678, ""ESS"": 3.034171250861515, ""ESS_frac"": 4.6297779096397626e-05, ""max_weight"": 258.8773861340137, ""max_weight_share"": 0.5572121996292212, ""mean_weight"": 0.007089140242619922, ""hit_rate_proposal"": 1.0, ""pilot_paths"": 0, ""total_paths_simulated"": 65536}"
27806ff5cd68,2026-09-25T10:59:21,tamzeed,importance,rare_barrier,call,exact,importance_fixed_theta,{'theta_factor': 3.0},65536,252,24,3997507444,LAPTOP-G689CP2J_AMD64,0.23767246487037547,0.1313811375499375,-0.019829832975404915,0.49517476271615585,,,0.3700210000388324,"{""theta"": 6.900054438686034, ""theta0"": 2.300018146228678, ""ESS"": 2.6957216901630257, ""ESS_frac"": 4.113344864140359e-05, ""max_weight"": 122.24711365029076, ""max_weight_share"": 0.5939760424813304, ""mean_weight"": 0.0031404346089394367, ""hit_rate_proposal"": 1.0, ""pilot_paths"": 0, ""total_paths_simulated"": 65536}"
