run_id,timestamp,person,experiment_id,scenario,option_type,scheme,method,method_params,n_paths,n_steps,replicate_id,seed,machine_id,price,std_error,ci_low,ci_high,exact_price,abs_error,runtime_sec,extra_json
d607f389b035,2026-09-24T19:52:13,zaki,scheme_order,paper_barrier,call,exact,price_call,{'fine_steps': 512},65536,4,0,117617038,zaki-rehnoom_x86_64,7.099240310516441,0.0488048147500329,7.003582873606376,7.194897747426506,,,0.014726075000908168,"{""dt"": 0.25}"
61a8a192bab0,2026-09-24T19:52:13,zaki,scheme_order,paper_barrier,call,exact,price_barrier,{'fine_steps': 512},65536,4,0,117617038,zaki-rehnoom_x86_64,6.965366363786912,0.0490248333159985,6.869277690487555,7.061455037086269,,,0.014726075000908168,"{""dt"": 0.25}"
ab0fa39e9f07,2026-09-24T19:52:13,zaki,scheme_order,paper_barrier,call,euler_maruyama,strong_abs_terminal,{'fine_steps': 512},65536,4,0,117617038,zaki-rehnoom_x86_64,1.1062777188706645,0.0038285549764454046,1.0987737511168316,1.1137816866244974,,,0.01115813500018703,"{""dt"": 0.25}"
47add6b580ba,2026-09-24T19:52:13,zaki,scheme_order,paper_barrier,call,euler_maruyama,weak_terminal_mean,{'fine_steps': 512},65536,4,0,117617038,zaki-rehnoom_x86_64,-0.001995109338216038,0.005773433327612238,-0.013311038660336026,0.009320819983903949,-0.011534328945430161,0.009539219607214123,0.01115813500018703,"{""dt"": 0.25}"
634c050817ab,2026-09-24T19:52:13,zaki,scheme_order,paper_barrier,call,euler_maruyama,weak_call,{'fine_steps': 512},65536,4,0,117617038,zaki-rehnoom_x86_64,-0.051450118884871776,0.0042109045481463665,-0.05970349179923865,-0.0431967459705049,,,0.01115813500018703,"{""dt"": 0.25}"
c1afeaf6b3e0,2026-09-24T19:52:13,zaki,scheme_order,paper_barrier,call,euler_maruyama,weak_barrier,{'fine_steps': 512},65536,4,0,117617038,zaki-rehnoom_x86_64,-0.05695352176799803,0.0047117077144600405,-0.06618846888833971,-0.04771857464765635,,,0.01115813500018703,"{""dt"": 0.25}"
12d810b1c0a9,2026-09-24T19:52:13,zaki,scheme_order,paper_barrier,call,milstein,strong_abs_terminal,{'fine_steps': 512},65536,4,0,117617038,zaki-rehnoom_x86_64,0.11977991095179114,0.0005285590980617399,0.11874393511959012,0.12081588678399215,,,0.009265697999126132,"{""dt"": 0.25}"
959d745f9f00,2026-09-24T19:52:13,zaki,scheme_order,paper_barrier,call,milstein,weak_terminal_mean,{'fine_steps': 512},65536,4,0,117617038,zaki-rehnoom_x86_64,-0.01153792500430118,0.0007044629404501698,-0.012918672367583513,-0.010157177641018847,-0.011534328945430161,3.5960588710189784e-06,0.009265697999126132,"{""dt"": 0.25}"
749136d85523,2026-09-24T19:52:13,zaki,scheme_order,paper_barrier,call,milstein,weak_call,{'fine_steps': 512},65536,4,0,117617038,zaki-rehnoom_x86_64,-0.06130093586072577,0.0005018266990505991,-0.06228451619086495,-0.06031735553058659,,,0.009265697999126132,"{""dt"": 0.25}"
7024d70e1cca,2026-09-24T19:52:13,zaki,scheme_order,paper_barrier,call,milstein,weak_barrier,{'fine_steps': 512},65536,4,0,117617038,zaki-rehnoom_x86_64,-0.06211849259340829,0.0006695502149974688,-0.06343081101480333,-0.060806174172013255,,,0.009265697999126132,"{""dt"": 0.25}"
e2466483a2f5,2026-09-24T19:52:13,zaki,scheme_order,paper_barrier,call,exact,price_call,{'fine_steps': 512},65536,8,0,117617038,zaki-rehnoom_x86_64,7.0992403105164446,0.048804814750032906,7.00358287360638,7.194897747426509,,,0.016276255999855493,"{""dt"": 0.125}"
5a067634942a,2026-09-24T19:52:13,zaki,scheme_order,paper_barrier,call,exact,price_barrier,{'fine_steps': 512},65536,8,0,117617038,zaki-rehnoom_x86_64,7.003175373398744,0.048964458038354294,6.907205035643569,7.099145711153918,,,0.016276255999855493,"{""dt"": 0.125}"
6af1b8c84ede,2026-09-24T19:52:13,zaki,scheme_order,paper_barrier,call,euler_maruyama,strong_abs_terminal,{'fine_steps': 512},65536,8,0,117617038,zaki-rehnoom_x86_64,0.796085553594023,0.0025979713287610454,0.7909935297896513,0.8011775773983947,,,0.011051347999455174,"{""dt"": 0.125}"
642eee3fd989,2026-09-24T19:52:13,zaki,scheme_order,paper_barrier,call,euler_maruyama,weak_terminal_mean,{'fine_steps': 512},65536,8,0,117617038,zaki-rehnoom_x86_64,0.0027243349498616122,0.004052132845962011,-0.00521784542822393,0.010666515327947153,-0.005781694413798277,0.008506029363659889,0.011051347999455174,"{""dt"": 0.125}"
743363a149e7,2026-09-24T19:52:13,zaki,scheme_order,paper_barrier,call,euler_maruyama,weak_call,{'fine_steps': 512},65536,8,0,117617038,zaki-rehnoom_x86_64,-0.019572235572837052,0.002950537226984766,-0.025355288537727193,-0.013789182607946912,,,0.011051347999455174,"{""dt"": 0.125}"
f52d87670542,2026-09-24T19:52:13,zaki,scheme_order,paper_barrier,call,euler_maruyama,weak_barrier,{'fine_steps': 512},65536,8,0,117617038,zaki-rehnoom_x86_64,-0.02318053332047442,0.0033231977655085224,-0.029694000940871126,-0.016667065700077716,,,0.011051347999455174,"{""dt"": 0.125}"
a75aa9c6995c,2026-09-24T19:52:13,zaki,scheme_order,paper_barrier,call,milstein,strong_abs_terminal,{'fine_steps': 512},65536,8,0,117617038,zaki-rehnoom_x86_64,0.0640009228989197,0.0002516421498979114,0.0635077042851198,0.06449414151271961,,,0.014665936999335827,"{""dt"": 0.125}"
083eb25cbb43,2026-09-24T19:52:13,zaki,scheme_order,paper_barrier,call,milstein,weak_terminal_mean,{'fine_steps': 512},65536,8,0,117617038,zaki-rehnoom_x86_64,-0.005578468459152617,0.00035405038855158545,-0.006272407220713724,-0.004884529697591509,-0.005781694413798277,0.00020322595464566072,0.014665936999335827,"{""dt"": 0.125}"
1e9d74069e9e,2026-09-24T19:52:13,zaki,scheme_order,paper_barrier,call,milstein,weak_call,{'fine_steps': 512},65536,8,0,117617038,zaki-rehnoom_x86_64,-0.031536792970667034,0.0002519120374797568,-0.03203054056412736,-0.031043045377206712,,,0.014665936999335827,"{""dt"": 0.125}"
e7ebada2eadf,2026-09-24T19:52:13,zaki,scheme_order,paper_barrier,call,milstein,weak_barrier,{'fine_steps': 512},65536,8,0,117617038,zaki-rehnoom_x86_64,-0.03198526655637464,0.0003968306443860003,-0.0327630546193712,-0.03120747849337808,,,0.014665936999335827,"{""dt"": 0.125}"
9b00ba9effe9,2026-09-24T19:52:13,zaki,scheme_order,paper_barrier,call,exact,price_call,{'fine_steps': 512},65536,16,0,117617038,zaki-rehnoom_x86_64,7.099240310516441,0.0488048147500329,7.003582873606376,7.194897747426506,,,0.026256256999658945,"{""dt"": 0.0625}"
7c3b65c2c6ef,2026-09-24T19:52:13,zaki,scheme_order,paper_barrier,call,exact,price_barrier,{'fine_steps': 512},65536,16,0,117617038,zaki-rehnoom_x86_64,7.026691670169077,0.04892622109798502,6.930796276817026,7.122587063521128,,,0.026256256999658945,"{""dt"": 0.0625}"
36adc5aeb606,2026-09-24T19:52:13,zaki,scheme_order,paper_barrier,call,euler_maruyama,strong_abs_terminal,{'fine_steps': 512},65536,16,0,117617038,zaki-rehnoom_x86_64,0.571483520453684,0.0018200297817736037,0.5679162620814078,0.5750507788259602,,,0.018798209000578936,"{""dt"": 0.0625}"
c7bc33deaddd,2026-09-24T19:52:13,zaki,scheme_order,paper_barrier,call,euler_maruyama,weak_terminal_mean,{'fine_steps': 512},65536,16,0,117617038,zaki-rehnoom_x86_64,0.000703768598112916,0.0028802772274092005,-0.0049415747676091176,0.006349111963834949,-0.0028944951184826095,0.0035982637165955255,0.018798209000578936,"{""dt"": 0.0625}"
f8cd572911cd,2026-09-24T19:52:13,zaki,scheme_order,paper_barrier,call,euler_maruyama,weak_call,{'fine_steps': 512},65536,16,0,117617038,zaki-rehnoom_x86_64,-0.010337816271026052,0.0021047531731909794,-0.014463132490480372,-0.006212500051571732,,,0.018798209000578936,"{""dt"": 0.0625}"
791903c9a88c,2026-09-24T19:52:13,zaki,scheme_order,paper_barrier,call,euler_maruyama,weak_barrier,{'fine_steps': 512},65536,16,0,117617038,zaki-rehnoom_x86_64,-0.01041610814636971,0.0024000076412971356,-0.015120123123312096,-0.005712093169427324,,,0.018798209000578936,"{""dt"": 0.0625}"
8a0cd3028d0e,2026-09-24T19:52:13,zaki,scheme_order,paper_barrier,call,milstein,strong_abs_terminal,{'fine_steps': 512},65536,16,0,117617038,zaki-rehnoom_x86_64,0.03336239700006781,0.00012257492252298066,0.03312215015192277,0.03360264384821285,,,0.024988838000354008,"{""dt"": 0.0625}"
45785e22d9ab,2026-09-24T19:52:13,zaki,scheme_order,paper_barrier,call,milstein,weak_terminal_mean,{'fine_steps': 512},65536,16,0,117617038,zaki-rehnoom_x86_64,-0.0028097948235463496,0.00017857264535276523,-0.0031597972084377694,-0.00245979243865493,-0.0028944951184826095,8.470029493625993e-05,0.024988838000354008,"{""dt"": 0.0625}"
51fb27f6e9c5,2026-09-24T19:52:13,zaki,scheme_order,paper_barrier,call,milstein,weak_call,{'fine_steps': 512},65536,16,0,117617038,zaki-rehnoom_x86_64,-0.01603501499076508,0.0001275348507094682,-0.01628498329815564,-0.015785046683374524,,,0.024988838000354008,"{""dt"": 0.0625}"
6f0d86b4d508,2026-09-24T19:52:13,zaki,scheme_order,paper_barrier,call,milstein,weak_barrier,{'fine_steps': 512},65536,16,0,117617038,zaki-rehnoom_x86_64,-0.01614503271684406,0.0001972982782465339,-0.016531737342207267,-0.015758328091480853,,,0.024988838000354008,"{""dt"": 0.0625}"
9985bdcbeb64,2026-09-24T19:52:13,zaki,scheme_order,paper_barrier,call,exact,price_call,{'fine_steps': 512},65536,32,0,117617038,zaki-rehnoom_x86_64,7.099240310516442,0.04880481475003291,7.003582873606377,7.194897747426507,,,0.044928186999641184,"{""dt"": 0.03125}"
5fd15e318370,2026-09-24T19:52:13,zaki,scheme_order,paper_barrier,call,exact,price_barrier,{'fine_steps': 512},65536,32,0,117617038,zaki-rehnoom_x86_64,7.043438181116361,0.04889930116104618,6.947595550840711,7.139280811392012,,,0.044928186999641184,"{""dt"": 0.03125}"
cadd028fd8ef,2026-09-24T19:52:13,zaki,scheme_order,paper_barrier,call,euler_maruyama,strong_abs_terminal,{'fine_steps': 512},65536,32,0,117617038,zaki-rehnoom_x86_64,0.40859913437495043,0.001278418822636548,0.4060934334825828,0.41110483526731806,,,0.036401333000412706,"{""dt"": 0.03125}"
fb68893f604e,2026-09-24T19:52:13,zaki,scheme_order,paper_barrier,call,euler_maruyama,weak_terminal_mean,{'fine_steps': 512},65536,32,0,117617038,zaki-rehnoom_x86_64,0.0006194153377506618,0.0020449675226984062,-0.003388721006738215,0.004627551682239538,-0.0014481614756078898,0.0020675768133585513,0.036401333000412706,"{""dt"": 0.03125}"
ca6dac479404,2026-09-24T19:52:13,zaki,scheme_order,paper_barrier,call,euler_maruyama,weak_call,{'fine_steps': 512},65536,32,0,117617038,zaki-rehnoom_x86_64,-0.004544631681374039,0.0015005718925392491,-0.007485752590750967,-0.001603510771997111,,,0.036401333000412706,"{""dt"": 0.03125}"
77075db8eeb7,2026-09-24T19:52:13,zaki,scheme_order,paper_barrier,call,euler_maruyama,weak_barrier,{'fine_steps': 512},65536,32,0,117617038,zaki-rehnoom_x86_64,-0.004554732234822126,0.0017377071088588991,-0.007960638168185569,-0.0011488263014586835,,,0.036401333000412706,"{""dt"": 0.03125}"
eae3a7b7f3f0,2026-09-24T19:52:13,zaki,scheme_order,paper_barrier,call,milstein,strong_abs_terminal,{'fine_steps': 512},65536,32,0,117617038,zaki-rehnoom_x86_64,0.01711569557339447,6.013983844934139e-05,0.016997821490033763,0.01723356965675518,,,0.04757862299993576,"{""dt"": 0.03125}"
6f7bc28b9967,2026-09-24T19:52:13,zaki,scheme_order,paper_barrier,call,milstein,weak_terminal_mean,{'fine_steps': 512},65536,32,0,117617038,zaki-rehnoom_x86_64,-0.001386488061037961,8.97638692463988e-05,-0.0015624252447609028,-0.0012105508773150194,-0.0014481614756078898,6.167341456992867e-05,0.04757862299993576,"{""dt"": 0.03125}"
99e9298beeb4,2026-09-24T19:52:13,zaki,scheme_order,paper_barrier,call,milstein,weak_call,{'fine_steps': 512},65536,32,0,117617038,zaki-rehnoom_x86_64,-0.008098238175824474,6.418219670036023e-05,-0.00822403528135718,-0.007972441070291767,,,0.04757862299993576,"{""dt"": 0.03125}"
a8b12f651519,2026-09-24T19:52:13,zaki,scheme_order,paper_barrier,call,milstein,weak_barrier,{'fine_steps': 512},65536,32,0,117617038,zaki-rehnoom_x86_64,-0.008105528482572887,9.20799696766276e-05,-0.008286005223139077,-0.007925051742006696,,,0.04757862299993576,"{""dt"": 0.03125}"
44f3f2c4e126,2026-09-24T19:52:13,zaki,scheme_order,paper_barrier,call,exact,price_call,{'fine_steps': 512},65536,64,0,117617038,zaki-rehnoom_x86_64,7.099240310516439,0.048804814750032885,7.0035828736063745,7.194897747426504,,,0.08440452299873868,"{""dt"": 0.015625}"
ccdc17c431c0,2026-09-24T19:52:13,zaki,scheme_order,paper_barrier,call,exact,price_barrier,{'fine_steps': 512},65536,64,0,117617038,zaki-rehnoom_x86_64,7.0541524695379945,0.04888205774056141,6.958343636366494,7.149961302709495,,,0.08440452299873868,"{""dt"": 0.015625}"
fb1b35929cda,2026-09-24T19:52:13,zaki,scheme_order,paper_barrier,call,euler_maruyama,strong_abs_terminal,{'fine_steps': 512},65536,64,0,117617038,zaki-rehnoom_x86_64,0.288771699506915,0.0009060201322814871,0.2869959000476433,0.2905474989661867,,,0.07031335000010586,"{""dt"": 0.015625}"
d872e2b10faa,2026-09-24T19:52:13,zaki,scheme_order,paper_barrier,call,euler_maruyama,weak_terminal_mean,{'fine_steps': 512},65536,64,0,117617038,zaki-rehnoom_x86_64,0.0006450897749398203,0.0014468248505412923,-0.0021906869321211123,0.003480866482000753,-0.0007243094598123889,0.0013693992347522093,0.07031335000010586,"{""dt"": 0.015625}"
06f58cab2d51,2026-09-24T19:52:13,zaki,scheme_order,paper_barrier,call,euler_maruyama,weak_call,{'fine_steps': 512},65536,64,0,117617038,zaki-rehnoom_x86_64,-0.0016944401166953883,0.0010650594075293604,-0.003781956555452935,0.0003930763220621582,,,0.07031335000010586,"{""dt"": 0.015625}"
92c03dc77671,2026-09-24T19:52:13,zaki,scheme_order,paper_barrier,call,euler_maruyama,weak_barrier,{'fine_steps': 512},65536,64,0,117617038,zaki-rehnoom_x86_64,-0.0014403550185628031,0.001245196286597658,-0.0038809397402942126,0.0010002297031686063,,,0.07031335000010586,"{""dt"": 0.015625}"
34be674a90fc,2026-09-24T19:52:13,zaki,scheme_order,paper_barrier,call,milstein,strong_abs_terminal,{'fine_steps': 512},65536,64,0,117617038,zaki-rehnoom_x86_64,0.008672195720687724,2.9626526268801206e-05,0.008614127729200872,0.008730263712174575,,,0.09278190299937705,"{""dt"": 0.015625}"
23b0cd233e56,2026-09-24T19:52:13,zaki,scheme_order,paper_barrier,call,milstein,weak_terminal_mean,{'fine_steps': 512},65536,64,0,117617038,zaki-rehnoom_x86_64,-0.0007154757143456518,4.4916642963058285e-05,-0.000803512334553246,-0.0006274390941380575,-0.0007243094598123889,8.833745466737142e-06,0.09278190299937705,"{""dt"": 0.015625}"
12edb05d0e2a,2026-09-24T19:52:13,zaki,scheme_order,paper_barrier,call,milstein,weak_call,{'fine_steps': 512},65536,64,0,117617038,zaki-rehnoom_x86_64,-0.0040684416689880445,3.217853329407717e-05,-0.004131511594244436,-0.004005371743731653,,,0.09278190299937705,"{""dt"": 0.015625}"
20e5514df94e,2026-09-24T19:52:13,zaki,scheme_order,paper_barrier,call,milstein,weak_barrier,{'fine_steps': 512},65536,64,0,117617038,zaki-rehnoom_x86_64,-0.004123712006568334,7.611119588050086e-05,-0.004272889950494116,-0.003974534062642553,,,0.09278190299937705,"{""dt"": 0.015625}"
d9bb4f609d5e,2026-09-24T19:52:13,zaki,scheme_order,paper_barrier,call,exact,price_call,{'fine_steps': 512},65536,128,0,117617038,zaki-rehnoom_x86_64,7.099240310516439,0.04880481475003289,7.0035828736063745,7.194897747426504,,,0.17063223900004232,"{""dt"": 0.0078125}"
d7dfa62324c9,2026-09-24T19:52:13,zaki,scheme_order,paper_barrier,call,exact,price_barrier,{'fine_steps': 512},65536,128,0,117617038,zaki-rehnoom_x86_64,7.0615402473020605,0.048869956445311946,6.9657551326692495,7.157325361934872,,,0.17063223900004232,"{""dt"": 0.0078125}"
3332d4707bfc,2026-09-24T19:52:13,zaki,scheme_order,paper_barrier,call,euler_maruyama,strong_abs_terminal,{'fine_steps': 512},65536,128,0,117617038,zaki-rehnoom_x86_64,0.20503297187071287,0.0006375164438443981,0.20378343964077786,0.20628250410064788,,,0.13516519399945537,"{""dt"": 0.0078125}"
5d3089e9d100,2026-09-24T19:52:13,zaki,scheme_order,paper_barrier,call,euler_maruyama,weak_terminal_mean,{'fine_steps': 512},65536,128,0,117617038,zaki-rehnoom_x86_64,0.0006397233480628769,0.0010236638422158816,-0.001366657782680251,0.002646104478806005,-0.00036221194078223107,0.001001935288845108,0.13516519399945537,"{""dt"": 0.0078125}"
b449f47978fb,2026-09-24T19:52:13,zaki,scheme_order,paper_barrier,call,euler_maruyama,weak_call,{'fine_steps': 512},65536,128,0,117617038,zaki-rehnoom_x86_64,0.00011622842684945919,0.0007546051453808611,-0.0013627976580970287,0.001595254511795947,,,0.13516519399945537,"{""dt"": 0.0078125}"
2c113aad119e,2026-09-24T19:52:13,zaki,scheme_order,paper_barrier,call,euler_maruyama,weak_barrier,{'fine_steps': 512},65536,128,0,117617038,zaki-rehnoom_x86_64,0.00014353823776400707,0.0009001088328887148,-0.001620675074697874,0.001907751550225888,,,0.13516519399945537,"{""dt"": 0.0078125}"
51e1a2e0ad27,2026-09-24T19:52:13,zaki,scheme_order,paper_barrier,call,milstein,strong_abs_terminal,{'fine_steps': 512},65536,128,0,117617038,zaki-rehnoom_x86_64,0.004365547284315964,1.4702032117261972e-05,0.004336731301366131,0.004394363267265797,,,0.20318222800051444,"{""dt"": 0.0078125}"
6b1bafd7734e,2026-09-24T19:52:13,zaki,scheme_order,paper_barrier,call,milstein,weak_terminal_mean,{'fine_steps': 512},65536,128,0,117617038,zaki-rehnoom_x86_64,-0.00037147970597961545,2.2468879210821195e-05,-0.000415518709232825,-0.0003274407027264059,-0.00036221194078223107,9.267765197384383e-06,0.20318222800051444,"{""dt"": 0.0078125}"
6d0b1e41812e,2026-09-24T19:52:13,zaki,scheme_order,paper_barrier,call,milstein,weak_call,{'fine_steps': 512},65536,128,0,117617038,zaki-rehnoom_x86_64,-0.0020438800084493303,1.611125011490907e-05,-0.0020754580586745523,-0.0020123019582241083,,,0.20318222800051444,"{""dt"": 0.0078125}"
d43f7c9e8b5d,2026-09-24T19:52:13,zaki,scheme_order,paper_barrier,call,milstein,weak_barrier,{'fine_steps': 512},65536,128,0,117617038,zaki-rehnoom_x86_64,-0.0020557888243996347,3.1102409469728416e-05,-0.0021167495469603024,-0.001994828101838967,,,0.20318222800051444,"{""dt"": 0.0078125}"
9898c568163d,2026-09-24T19:52:13,zaki,scheme_order,paper_barrier,call,exact,price_call,{'fine_steps': 512},65536,256,0,117617038,zaki-rehnoom_x86_64,7.099240310516436,0.04880481475003288,7.003582873606371,7.1948977474265,,,0.32221214999981385,"{""dt"": 0.00390625}"
8ee92b1b3d97,2026-09-24T19:52:13,zaki,scheme_order,paper_barrier,call,exact,price_barrier,{'fine_steps': 512},65536,256,0,117617038,zaki-rehnoom_x86_64,7.066393723330053,0.04886207626119219,6.970624053858117,7.16216339280199,,,0.32221214999981385,"{""dt"": 0.00390625}"
6141742d043a,2026-09-24T19:52:13,zaki,scheme_order,paper_barrier,call,euler_maruyama,strong_abs_terminal,{'fine_steps': 512},65536,256,0,117617038,zaki-rehnoom_x86_64,0.1451547866001626,0.0004538888120226751,0.14426516452859814,0.14604440867172705,,,0.25396385300018665,"{""dt"": 0.00390625}"
45f991f1e462,2026-09-24T19:52:13,zaki,scheme_order,paper_barrier,call,euler_maruyama,weak_terminal_mean,{'fine_steps': 512},65536,256,0,117617038,zaki-rehnoom_x86_64,0.0006408683144493812,0.0007263023036555761,-0.000782684200715548,0.0020644208296143104,-0.0001811202798052136,0.0008219885942545948,0.25396385300018665,"{""dt"": 0.00390625}"
af59895107c1,2026-09-24T19:52:13,zaki,scheme_order,paper_barrier,call,euler_maruyama,weak_call,{'fine_steps': 512},65536,256,0,117617038,zaki-rehnoom_x86_64,2.4484533877946996e-05,0.0005368108194041748,-0.0010276646721542357,0.0010766337399101297,,,0.25396385300018665,"{""dt"": 0.00390625}"
bac0cac8cc9c,2026-09-24T19:52:13,zaki,scheme_order,paper_barrier,call,euler_maruyama,weak_barrier,{'fine_steps': 512},65536,256,0,117617038,zaki-rehnoom_x86_64,0.000914241617530657,0.0007010951712416043,-0.00045990491810288736,0.0022883881531642015,,,0.25396385300018665,"{""dt"": 0.00390625}"
6a24088d51ae,2026-09-24T19:52:13,zaki,scheme_order,paper_barrier,call,milstein,strong_abs_terminal,{'fine_steps': 512},65536,256,0,117617038,zaki-rehnoom_x86_64,0.0021879250538361446,7.312192312573926e-06,0.0021735931569035,0.0022022569507687893,,,0.3680399830004717,"{""dt"": 0.00390625}"
72d48d53b874,2026-09-24T19:52:13,zaki,scheme_order,paper_barrier,call,milstein,weak_terminal_mean,{'fine_steps': 512},65536,256,0,117617038,zaki-rehnoom_x86_64,-0.0001802945039949698,1.1225743966093204e-05,-0.00020229696216851246,-0.00015829204582142712,-0.0001811202798052136,8.25775810243826e-07,0.3680399830004717,"{""dt"": 0.00390625}"
b42a857c6053,2026-09-24T19:52:13,zaki,scheme_order,paper_barrier,call,milstein,weak_call,{'fine_steps': 512},65536,256,0,117617038,zaki-rehnoom_x86_64,-0.00101860127802132,8.05153829667463e-06,-0.0010343822930828023,-0.0010028202629598377,,,0.3680399830004717,"{""dt"": 0.00390625}"
606403779f81,2026-09-24T19:52:13,zaki,scheme_order,paper_barrier,call,milstein,weak_barrier,{'fine_steps': 512},65536,256,0,117617038,zaki-rehnoom_x86_64,-0.001011927710656024,8.034557306930007e-06,-0.0010276754429776069,-0.000996179978334441,,,0.3680399830004717,"{""dt"": 0.00390625}"
eea8353880da,2026-09-24T19:52:13,zaki,scheme_order,paper_barrier,call,exact,price_call,{'fine_steps': 512},65536,512,0,117617038,zaki-rehnoom_x86_64,7.099240310516436,0.048804814750032885,7.003582873606371,7.1948977474265,,,0.6413103639997644,"{""dt"": 0.001953125}"
89c7d38bfc0d,2026-09-24T19:52:13,zaki,scheme_order,paper_barrier,call,exact,price_barrier,{'fine_steps': 512},65536,512,0,117617038,zaki-rehnoom_x86_64,7.0699822648562485,0.04885621147377527,6.974224090367649,7.165740439344848,,,0.6413103639997644,"{""dt"": 0.001953125}"
d5a7d28f2f9e,2026-09-24T19:52:13,zaki,scheme_order,paper_barrier,call,euler_maruyama,strong_abs_terminal,{'fine_steps': 512},65536,512,0,117617038,zaki-rehnoom_x86_64,0.10299330313287373,0.00032171116286346254,0.10236274925366134,0.10362385701208612,,,0.5297248610013412,"{""dt"": 0.001953125}"
5a45c32b4142,2026-09-24T19:52:13,zaki,scheme_order,paper_barrier,call,euler_maruyama,weak_terminal_mean,{'fine_steps': 512},65536,512,0,117617038,zaki-rehnoom_x86_64,-0.00043575919798704774,0.0005151282249763086,-0.0014454105189406125,0.0005738921229665171,-9.056371841609234e-05,0.0003451954795709554,0.5297248610013412,"{""dt"": 0.001953125}"
9a39733bafcf,2026-09-24T19:52:13,zaki,scheme_order,paper_barrier,call,euler_maruyama,weak_call,{'fine_steps': 512},65536,512,0,117617038,zaki-rehnoom_x86_64,-0.00032889626520620445,0.00038124657465459617,-0.001076139551529213,0.000418347021116804,,,0.5297248610013412,"{""dt"": 0.001953125}"
03a07d38e1e6,2026-09-24T19:52:13,zaki,scheme_order,paper_barrier,call,euler_maruyama,weak_barrier,{'fine_steps': 512},65536,512,0,117617038,zaki-rehnoom_x86_64,4.014860238103501e-05,0.0004765531045427259,-0.0008938954825227078,0.0009741926872847777,,,0.5297248610013412,"{""dt"": 0.001953125}"
8f354623da7f,2026-09-24T19:52:13,zaki,scheme_order,paper_barrier,call,milstein,strong_abs_terminal,{'fine_steps': 512},65536,512,0,117617038,zaki-rehnoom_x86_64,0.0010989751064816216,3.6578954801750185e-06,0.0010918056313404785,0.0011061445816227646,,,0.7681115349996617,"{""dt"": 0.001953125}"
201bf426977c,2026-09-24T19:52:13,zaki,scheme_order,paper_barrier,call,milstein,weak_terminal_mean,{'fine_steps': 512},65536,512,0,117617038,zaki-rehnoom_x86_64,-9.351033718372212e-05,5.628125679562522e-06,-0.00010454146351566467,-8.247921085177958e-05,-9.056371841609234e-05,2.9466187676297807e-06,0.7681115349996617,"{""dt"": 0.001953125}"
8209c5c6d46a,2026-09-24T19:52:13,zaki,scheme_order,paper_barrier,call,milstein,weak_call,{'fine_steps': 512},65536,512,0,117617038,zaki-rehnoom_x86_64,-0.0005135448365192401,4.04009468152369e-06,-0.0005214634220950265,-0.0005056262509434536,,,0.7681115349996617,"{""dt"": 0.001953125}"
ee76cb412fe0,2026-09-24T19:52:13,zaki,scheme_order,paper_barrier,call,milstein,weak_barrier,{'fine_steps': 512},65536,512,0,117617038,zaki-rehnoom_x86_64,-0.0005106298472659297,4.032242610505505e-06,-0.0005185330427825205,-0.0005027266517493388,,,0.7681115349996617,"{""dt"": 0.001953125}"
22c52ba19322,2026-09-24T19:52:20,zaki,scheme_order,paper_barrier,call,exact,price_call,{'fine_steps': 512},65536,4,1,3668753362,zaki-rehnoom_x86_64,7.102363153190157,0.04898179106946238,7.006358842694011,7.198367463686303,,,0.016798569000457064,"{""dt"": 0.25}"
6125b470dcf3,2026-09-24T19:52:20,zaki,scheme_order,paper_barrier,call,exact,price_barrier,{'fine_steps': 512},65536,4,1,3668753362,zaki-rehnoom_x86_64,6.967991787965298,0.0492014247544958,6.871556995446486,7.06442658048411,,,0.016798569000457064,"{""dt"": 0.25}"
1784ba066972,2026-09-24T19:52:20,zaki,scheme_order,paper_barrier,call,euler_maruyama,strong_abs_terminal,{'fine_steps': 512},65536,4,1,3668753362,zaki-rehnoom_x86_64,1.1086814554437057,0.0038965312496078517,1.1010442541944743,1.116318656692937,,,0.011609349000082148,"{""dt"": 0.25}"
0dda90811c60,2026-09-24T19:52:20,zaki,scheme_order,paper_barrier,call,euler_maruyama,weak_terminal_mean,{'fine_steps': 512},65536,4,1,3668753362,zaki-rehnoom_x86_64,-0.016172120501229507,0.005825372661562985,-0.027589850917892955,-0.004754390084566058,-0.011534328945430161,0.004637791555799346,0.011609349000082148,"{""dt"": 0.25}"
19654179c641,2026-09-24T19:52:20,zaki,scheme_order,paper_barrier,call,euler_maruyama,weak_call,{'fine_steps': 512},65536,4,1,3668753362,zaki-rehnoom_x86_64,-0.05905628099030883,0.004256286113598685,-0.06739860177296225,-0.05071396020765541,,,0.011609349000082148,"{""dt"": 0.25}"
9638b561bbfd,2026-09-24T19:52:20,zaki,scheme_order,paper_barrier,call,euler_maruyama,weak_barrier,{'fine_steps': 512},65536,4,1,3668753362,zaki-rehnoom_x86_64,-0.06424672415601886,0.004753264084261122,-0.07356312176117065,-0.054930326550867055,,,0.011609349000082148,"{""dt"": 0.25}"
50bb377720d0,2026-09-24T19:52:20,zaki,scheme_order,paper_barrier,call,milstein,strong_abs_terminal,{'fine_steps': 512},65536,4,1,3668753362,zaki-rehnoom_x86_64,0.12064057343101367,0.000534669295020542,0.11959262161277341,0.12168852524925393,,,0.009301867000885977,"{""dt"": 0.25}"
1639c4e1291b,2026-09-24T19:52:20,zaki,scheme_order,paper_barrier,call,milstein,weak_terminal_mean,{'fine_steps': 512},65536,4,1,3668753362,zaki-rehnoom_x86_64,-0.011597203907741042,0.0007112672164172971,-0.012991287651918945,-0.01020312016356314,-0.011534328945430161,6.287496231088124e-05,0.009301867000885977,"{""dt"": 0.25}"
22e24a530876,2026-09-24T19:52:20,zaki,scheme_order,paper_barrier,call,milstein,weak_call,{'fine_steps': 512},65536,4,1,3668753362,zaki-rehnoom_x86_64,-0.061717478363678226,0.000506229908862071,-0.06270968898504789,-0.06072526774230857,,,0.009301867000885977,"{""dt"": 0.25}"
9b998db55dc6,2026-09-24T19:52:20,zaki,scheme_order,paper_barrier,call,milstein,weak_barrier,{'fine_steps': 512},65536,4,1,3668753362,zaki-rehnoom_x86_64,-0.06200512441971536,0.0006531222808215301,-0.06328524409012556,-0.060725004749305166,,,0.009301867000885977,"{""dt"": 0.25}"
e08a92abf90f,2026-09-24T19:52:20,zaki,scheme_order,paper_barrier,call,exact,price_call,{'fine_steps': 512},65536,8,1,3668753362,zaki-rehnoom_x86_64,7.102363153190159,0.04898179106946239,7.006358842694013,7.198367463686305,,,0.015800484000465076,"{""dt"": 0.125}"
faffbf80ef94,2026-09-24T19:52:20,zaki,scheme_order,paper_barrier,call,exact,price_barrier,{'fine_steps': 512},65536,8,1,3668753362,zaki-rehnoom_x86_64,7.005896157581239,0.04914129722704777,6.909579215016225,7.102213100146252,,,0.015800484000465076,"{""dt"": 0.125}"
c5d0f8c790b9,2026-09-24T19:52:20,zaki,scheme_order,paper_barrier,call,euler_maruyama,strong_abs_terminal,{'fine_steps': 512},65536,8,1,3668753362,zaki-rehnoom_x86_64,0.8034940148807137,0.002657042723945271,0.798286211141781,0.8087018186196464,,,0.011268226000083814,"{""dt"": 0.125}"
542ed3c72e57,2026-09-24T19:52:20,zaki,scheme_order,paper_barrier,call,euler_maruyama,weak_terminal_mean,{'fine_steps': 512},65536,8,1,3668753362,zaki-rehnoom_x86_64,-0.006717082302446725,0.004112232028906912,-0.014777057079104271,0.0013428924742108217,-0.005781694413798277,0.0009353878886484476,0.011268226000083814,"{""dt"": 0.125}"
ee4f6354ebb7,2026-09-24T19:52:20,zaki,scheme_order,paper_barrier,call,euler_maruyama,weak_call,{'fine_steps': 512},65536,8,1,3668753362,zaki-rehnoom_x86_64,-0.027766201353511433,0.003006550860482798,-0.033659041040057715,-0.02187336166696515,,,0.011268226000083814,"{""dt"": 0.125}"
3bc96b104418,2026-09-24T19:52:20,zaki,scheme_order,paper_barrier,call,euler_maruyama,weak_barrier,{'fine_steps': 512},65536,8,1,3668753362,zaki-rehnoom_x86_64,-0.03286544570190599,0.0033606057444736676,-0.03945223296107438,-0.026278658442737603,,,0.011268226000083814,"{""dt"": 0.125}"
896d9444d5f5,2026-09-24T19:52:20,zaki,scheme_order,paper_barrier,call,milstein,strong_abs_terminal,{'fine_steps': 512},65536,8,1,3668753362,zaki-rehnoom_x86_64,0.06428045826464224,0.0002553596751610712,0.06377995330132653,0.06478096322795794,,,0.01418161599940504,"{""dt"": 0.125}"
d897f5fc0d83,2026-09-24T19:52:20,zaki,scheme_order,paper_barrier,call,milstein,weak_terminal_mean,{'fine_steps': 512},65536,8,1,3668753362,zaki-rehnoom_x86_64,-0.0059776230487813735,0.0003573699217841103,-0.00667806809547823,-0.005277178002084517,-0.005781694413798277,0.0001959286349830962,0.01418161599940504,"{""dt"": 0.125}"
bd592b949a38,2026-09-24T19:52:20,zaki,scheme_order,paper_barrier,call,milstein,weak_call,{'fine_steps': 512},65536,8,1,3668753362,zaki-rehnoom_x86_64,-0.03178224920960242,0.0002552756423791335,-0.03228258946866552,-0.03128190895053932,,,0.01418161599940504,"{""dt"": 0.125}"
d40033a14f9a,2026-09-24T19:52:20,zaki,scheme_order,paper_barrier,call,milstein,weak_barrier,{'fine_steps': 512},65536,8,1,3668753362,zaki-rehnoom_x86_64,-0.0319094417823467,0.0003641306673950484,-0.032623137890440995,-0.031195745674252404,,,0.01418161599940504,"{""dt"": 0.125}"
9f6e13db8b47,2026-09-24T19:52:20,zaki,scheme_order,paper_barrier,call,exact,price_call,{'fine_steps': 512},65536,16,1,3668753362,zaki-rehnoom_x86_64,7.102363153190157,0.04898179106946238,7.006358842694011,7.198367463686303,,,0.025230165999801102,"{""dt"": 0.0625}"
a86311900bcd,2026-09-24T19:52:20,zaki,scheme_order,paper_barrier,call,exact,price_barrier,{'fine_steps': 512},65536,16,1,3668753362,zaki-rehnoom_x86_64,7.03036154244074,0.04910212983952903,6.934121367955264,7.126601716926217,,,0.025230165999801102,"{""dt"": 0.0625}"
74bd675cb3ea,2026-09-24T19:52:20,zaki,scheme_order,paper_barrier,call,euler_maruyama,strong_abs_terminal,{'fine_steps': 512},65536,16,1,3668753362,zaki-rehnoom_x86_64,0.5790232120092724,0.0018629532121615452,0.5753718237134358,0.5826746003051091,,,0.018040213999483967,"{""dt"": 0.0625}"
14091b84ca6f,2026-09-24T19:52:20,zaki,scheme_order,paper_barrier,call,euler_maruyama,weak_terminal_mean,{'fine_steps': 512},65536,16,1,3668753362,zaki-rehnoom_x86_64,-0.004831560409921206,0.002930204495822086,-0.010574761221732495,0.0009116404018900829,-0.0028944951184826095,0.0019370652914385963,0.018040213999483967,"{""dt"": 0.0625}"
6d3d20133221,2026-09-24T19:52:20,zaki,scheme_order,paper_barrier,call,euler_maruyama,weak_call,{'fine_steps': 512},65536,16,1,3668753362,zaki-rehnoom_x86_64,-0.013826429380844817,0.0021525375128694023,-0.018045402906068847,-0.009607455855620789,,,0.018040213999483967,"{""dt"": 0.0625}"
f09cae823a64,2026-09-24T19:52:20,zaki,scheme_order,paper_barrier,call,euler_maruyama,weak_barrier,{'fine_steps': 512},65536,16,1,3668753362,zaki-rehnoom_x86_64,-0.0136710688198231,0.0024378302536725606,-0.01844921611702132,-0.00889292152262488,,,0.018040213999483967,"{""dt"": 0.0625}"
5c07c0b1d56b,2026-09-24T19:52:20,zaki,scheme_order,paper_barrier,call,milstein,strong_abs_terminal,{'fine_steps': 512},65536,16,1,3668753362,zaki-rehnoom_x86_64,0.03354955986023474,0.00012343045036969727,0.03330763617751013,0.03379148354295934,,,0.0234684399993057,"{""dt"": 0.0625}"
acbd7fb4e54f,2026-09-24T19:52:20,zaki,scheme_order,paper_barrier,call,milstein,weak_terminal_mean,{'fine_steps': 512},65536,16,1,3668753362,zaki-rehnoom_x86_64,-0.002746660296066026,0.00017970838151163415,-0.003098888723828829,-0.002394431868303223,-0.0028944951184826095,0.00014783482241658352,0.0234684399993057,"{""dt"": 0.0625}"
8f388e509da2,2026-09-24T19:52:20,zaki,scheme_order,paper_barrier,call,milstein,weak_call,{'fine_steps': 512},65536,16,1,3668753362,zaki-rehnoom_x86_64,-0.016066846124830475,0.00012808400174877838,-0.01631789076825808,-0.01581580148140287,,,0.0234684399993057,"{""dt"": 0.0625}"
41854cc31e41,2026-09-24T19:52:20,zaki,scheme_order,paper_barrier,call,milstein,weak_barrier,{'fine_steps': 512},65536,16,1,3668753362,zaki-rehnoom_x86_64,-0.016392005718279944,0.00023415953696070236,-0.01685095841072292,-0.015933053025836967,,,0.0234684399993057,"{""dt"": 0.0625}"
a1b12a732665,2026-09-24T19:52:20,zaki,scheme_order,paper_barrier,call,exact,price_call,{'fine_steps': 512},65536,32,1,3668753362,zaki-rehnoom_x86_64,7.102363153190159,0.048981791069462384,7.006358842694013,7.198367463686305,,,0.043241975999990245,"{""dt"": 0.03125}"
47a071e33075,2026-09-24T19:52:20,zaki,scheme_order,paper_barrier,call,exact,price_barrier,{'fine_steps': 512},65536,32,1,3668753362,zaki-rehnoom_x86_64,7.047343580206348,0.04907461028926401,6.951157344039391,7.143529816373306,,,0.043241975999990245,"{""dt"": 0.03125}"
26513ae140ad,2026-09-24T19:52:20,zaki,scheme_order,paper_barrier,call,euler_maruyama,strong_abs_terminal,{'fine_steps': 512},65536,32,1,3668753362,zaki-rehnoom_x86_64,0.41017384445741656,0.0012962106011718405,0.4076332716791197,0.4127144172357134,,,0.03360573400050271,"{""dt"": 0.03125}"
bb2e1b9fe6a3,2026-09-24T19:52:20,zaki,scheme_order,paper_barrier,call,euler_maruyama,weak_terminal_mean,{'fine_steps': 512},65536,32,1,3668753362,zaki-rehnoom_x86_64,-0.0009959755229743935,0.002060913399239556,-0.0050353657854839235,0.0030434147395351366,-0.0014481614756078898,0.0004521859526334963,0.03360573400050271,"{""dt"": 0.03125}"
1725e362dee2,2026-09-24T19:52:20,zaki,scheme_order,paper_barrier,call,euler_maruyama,weak_call,{'fine_steps': 512},65536,32,1,3668753362,zaki-rehnoom_x86_64,-0.006632794875885547,0.001518981621606251,-0.0096099988542338,-0.003655590897537295,,,0.03360573400050271,"{""dt"": 0.03125}"
a8c6fe4a9625,2026-09-24T19:52:20,zaki,scheme_order,paper_barrier,call,euler_maruyama,weak_barrier,{'fine_steps': 512},65536,32,1,3668753362,zaki-rehnoom_x86_64,-0.006553837356485513,0.0017366959283893785,-0.009957761376128695,-0.003149913336842331,,,0.03360573400050271,"{""dt"": 0.03125}"
1f8b7538c3b7,2026-09-24T19:52:20,zaki,scheme_order,paper_barrier,call,milstein,strong_abs_terminal,{'fine_steps': 512},65536,32,1,3668753362,zaki-rehnoom_x86_64,0.017136156006712575,6.044906179408667e-05,0.017017675845596165,0.017254636167828984,,,0.044506052000542695,"{""dt"": 0.03125}"
e666dd06854b,2026-09-24T19:52:20,zaki,scheme_order,paper_barrier,call,milstein,weak_terminal_mean,{'fine_steps': 512},65536,32,1,3668753362,zaki-rehnoom_x86_64,-0.0013967823793726844,9.002831535712132e-05,-0.0015732378774726422,-0.0012203268812727265,-0.0014481614756078898,5.13790962352054e-05,0.044506052000542695,"{""dt"": 0.03125}"
74258ccb4112,2026-09-24T19:52:20,zaki,scheme_order,paper_barrier,call,milstein,weak_call,{'fine_steps': 512},65536,32,1,3668753362,zaki-rehnoom_x86_64,-0.008092867349022573,6.459270535871539e-05,-0.008219469051525655,-0.007966265646519491,,,0.044506052000542695,"{""dt"": 0.03125}"
70d0671612d4,2026-09-24T19:52:20,zaki,scheme_order,paper_barrier,call,milstein,weak_barrier,{'fine_steps': 512},65536,32,1,3668753362,zaki-rehnoom_x86_64,-0.008439796614288545,0.00018825184633762575,-0.008808770233110292,-0.008070822995466798,,,0.044506052000542695,"{""dt"": 0.03125}"
819e31f1881d,2026-09-24T19:52:20,zaki,scheme_order,paper_barrier,call,exact,price_call,{'fine_steps': 512},65536,64,1,3668753362,zaki-rehnoom_x86_64,7.102363153190155,0.04898179106946236,7.006358842694009,7.198367463686301,,,0.07885854300002393,"{""dt"": 0.015625}"
aec7b5f7d755,2026-09-24T19:52:20,zaki,scheme_order,paper_barrier,call,exact,price_barrier,{'fine_steps': 512},65536,64,1,3668753362,zaki-rehnoom_x86_64,7.057732267449409,0.04905765190889293,6.961579269707979,7.153885265190839,,,0.07885854300002393,"{""dt"": 0.015625}"
d71b49ea3b0b,2026-09-24T19:52:20,zaki,scheme_order,paper_barrier,call,euler_maruyama,strong_abs_terminal,{'fine_steps': 512},65536,64,1,3668753362,zaki-rehnoom_x86_64,0.29063475060976807,0.0009131158825208363,0.2888450434800272,0.2924244577395089,,,0.06559424399938507,"{""dt"": 0.015625}"
cc791ca165ac,2026-09-24T19:52:20,zaki,scheme_order,paper_barrier,call,euler_maruyama,weak_terminal_mean,{'fine_steps': 512},65536,64,1,3668753362,zaki-rehnoom_x86_64,0.0007102045585760353,0.0014569421740440352,-0.002145402102550273,0.0035658112197023443,-0.0007243094598123889,0.0014345140183884243,0.06559424399938507,"{""dt"": 0.015625}"
7379f164f0b9,2026-09-24T19:52:20,zaki,scheme_order,paper_barrier,call,euler_maruyama,weak_call,{'fine_steps': 512},65536,64,1,3668753362,zaki-rehnoom_x86_64,-0.002343982867727552,0.0010786843936101908,-0.004458204279203525,-0.00022976145625157795,,,0.06559424399938507,"{""dt"": 0.015625}"
4f6e4f66f783,2026-09-24T19:52:20,zaki,scheme_order,paper_barrier,call,euler_maruyama,weak_barrier,{'fine_steps': 512},65536,64,1,3668753362,zaki-rehnoom_x86_64,-0.0033011164098540385,0.0012344093668305146,-0.005720558768841847,-0.0008816740508662299,,,0.06559424399938507,"{""dt"": 0.015625}"
eb25a6b37995,2026-09-24T19:52:20,zaki,scheme_order,paper_barrier,call,milstein,strong_abs_terminal,{'fine_steps': 512},65536,64,1,3668753362,zaki-rehnoom_x86_64,0.00867786201270008,2.976322511625006e-05,0.00861952609147223,0.008736197933927931,,,0.09331110200037074,"{""dt"": 0.015625}"
d31dbfbca5cd,2026-09-24T19:52:20,zaki,scheme_order,paper_barrier,call,milstein,weak_terminal_mean,{'fine_steps': 512},65536,64,1,3668753362,zaki-rehnoom_x86_64,-0.0006935905382403586,4.502881299996045e-05,-0.0007818470117202811,-0.0006053340647604362,-0.0007243094598123889,3.0718921572030276e-05,0.09331110200037074,"{""dt"": 0.015625}"
c1d1353d8cfc,2026-09-24T19:52:20,zaki,scheme_order,paper_barrier,call,milstein,weak_call,{'fine_steps': 512},65536,64,1,3668753362,zaki-rehnoom_x86_64,-0.004059854213300977,3.2288041782381794e-05,-0.004123138775194445,-0.003996569651407508,,,0.09331110200037074,"{""dt"": 0.015625}"
80ac32dd2baf,2026-09-24T19:52:20,zaki,scheme_order,paper_barrier,call,milstein,weak_barrier,{'fine_steps': 512},65536,64,1,3668753362,zaki-rehnoom_x86_64,-0.004223228343504703,0.00012086329039769054,-0.0044601203926841766,-0.003986336294325229,,,0.09331110200037074,"{""dt"": 0.015625}"
002b9a2b4179,2026-09-24T19:52:20,zaki,scheme_order,paper_barrier,call,exact,price_call,{'fine_steps': 512},65536,128,1,3668753362,zaki-rehnoom_x86_64,7.102363153190155,0.04898179106946238,7.006358842694009,7.198367463686301,,,0.15786119699941992,"{""dt"": 0.0078125}"
2b6b4c855804,2026-09-24T19:52:20,zaki,scheme_order,paper_barrier,call,exact,price_barrier,{'fine_steps': 512},65536,128,1,3668753362,zaki-rehnoom_x86_64,7.06431006360056,0.049046943378137836,6.96817805457941,7.16044207262171,,,0.15786119699941992,"{""dt"": 0.0078125}"
093e2c801d45,2026-09-24T19:52:20,zaki,scheme_order,paper_barrier,call,euler_maruyama,strong_abs_terminal,{'fine_steps': 512},65536,128,1,3668753362,zaki-rehnoom_x86_64,0.20644792717204788,0.0006460280641448249,0.20518171216632403,0.20771414217777173,,,0.12888523800074836,"{""dt"": 0.0078125}"
467fe72073ca,2026-09-24T19:52:20,zaki,scheme_order,paper_barrier,call,euler_maruyama,weak_terminal_mean,{'fine_steps': 512},65536,128,1,3668753362,zaki-rehnoom_x86_64,-3.26632912826466e-05,0.0010332972222546581,-0.0020579258469017765,0.0019925992643364835,-0.00036221194078223107,0.00032954864949958447,0.12888523800074836,"{""dt"": 0.0078125}"
13121a618202,2026-09-24T19:52:20,zaki,scheme_order,paper_barrier,call,euler_maruyama,weak_call,{'fine_steps': 512},65536,128,1,3668753362,zaki-rehnoom_x86_64,-0.0012616999089469963,0.0007646844991602511,-0.0027604815273010886,0.00023708170940709588,,,0.12888523800074836,"{""dt"": 0.0078125}"
258fa7000be4,2026-09-24T19:52:20,zaki,scheme_order,paper_barrier,call,euler_maruyama,weak_barrier,{'fine_steps': 512},65536,128,1,3668753362,zaki-rehnoom_x86_64,-0.0011571656256843274,0.0009080597358378249,-0.0029369627079264644,0.0006226314565578094,,,0.12888523800074836,"{""dt"": 0.0078125}"
cf57089f3d40,2026-09-24T19:52:20,zaki,scheme_order,paper_barrier,call,milstein,strong_abs_terminal,{'fine_steps': 512},65536,128,1,3668753362,zaki-rehnoom_x86_64,0.004360500203856151,1.4694142172663518e-05,0.004331699685197731,0.004389300722514572,,,0.18193519399983415,"{""dt"": 0.0078125}"
38c99e34eafa,2026-09-24T19:52:20,zaki,scheme_order,paper_barrier,call,milstein,weak_terminal_mean,{'fine_steps': 512},65536,128,1,3668753362,zaki-rehnoom_x86_64,-0.0003383815675876917,2.2456738126662595e-05,-0.0003823967743159504,-0.000294366360859433,-0.00036221194078223107,2.3830373194539366e-05,0.18193519399983415,"{""dt"": 0.0078125}"
bb0f509c0a65,2026-09-24T19:52:20,zaki,scheme_order,paper_barrier,call,milstein,weak_call,{'fine_steps': 512},65536,128,1,3668753362,zaki-rehnoom_x86_64,-0.0020257849481484665,1.6111227050009987e-05,-0.002057362953166486,-0.001994206943130447,,,0.18193519399983415,"{""dt"": 0.0078125}"
d165330c227c,2026-09-24T19:52:20,zaki,scheme_order,paper_barrier,call,milstein,weak_barrier,{'fine_steps': 512},65536,128,1,3668753362,zaki-rehnoom_x86_64,-0.002083525443267691,6.811446517079809e-05,-0.002217029795002455,-0.0019500210915329268,,,0.18193519399983415,"{""dt"": 0.0078125}"
e7f7ab63dc1b,2026-09-24T19:52:20,zaki,scheme_order,paper_barrier,call,exact,price_call,{'fine_steps': 512},65536,256,1,3668753362,zaki-rehnoom_x86_64,7.102363153190152,0.048981791069462356,7.006358842694006,7.1983674636862975,,,0.3195757319999757,"{""dt"": 0.00390625}"
b27e5313d455,2026-09-24T19:52:20,zaki,scheme_order,paper_barrier,call,exact,price_barrier,{'fine_steps': 512},65536,256,1,3668753362,zaki-rehnoom_x86_64,7.069465915983887,0.049038567344083524,6.973350323989483,7.165581507978291,,,0.3195757319999757,"{""dt"": 0.00390625}"
694c51a7e84e,2026-09-24T19:52:20,zaki,scheme_order,paper_barrier,call,euler_maruyama,strong_abs_terminal,{'fine_steps': 512},65536,256,1,3668753362,zaki-rehnoom_x86_64,0.1452654302141843,0.0004574269042126133,0.1443688734819276,0.14616198694644103,,,0.24531988300032026,"{""dt"": 0.00390625}"
762a58a1a3e6,2026-09-24T19:52:20,zaki,scheme_order,paper_barrier,call,euler_maruyama,weak_terminal_mean,{'fine_steps': 512},65536,256,1,3668753362,zaki-rehnoom_x86_64,0.000647750509199859,0.0007288549514900978,-0.0007808051957207327,0.0020763062141204505,-0.0001811202798052136,0.0008288707890050726,0.24531988300032026,"{""dt"": 0.00390625}"
e5c8f608401f,2026-09-24T19:52:20,zaki,scheme_order,paper_barrier,call,euler_maruyama,weak_call,{'fine_steps': 512},65536,256,1,3668753362,zaki-rehnoom_x86_64,-0.0001691694421283837,0.0005400564347808218,-0.0012276800542987945,0.0008893411700420272,,,0.24531988300032026,"{""dt"": 0.00390625}"
106353e8b67d,2026-09-24T19:52:20,zaki,scheme_order,paper_barrier,call,euler_maruyama,weak_barrier,{'fine_steps': 512},65536,256,1,3668753362,zaki-rehnoom_x86_64,0.0005398205024961472,0.0006578893879809791,-0.0007496426979465719,0.0018292837029388663,,,0.24531988300032026,"{""dt"": 0.00390625}"
2f345c1b0ed7,2026-09-24T19:52:20,zaki,scheme_order,paper_barrier,call,milstein,strong_abs_terminal,{'fine_steps': 512},65536,256,1,3668753362,zaki-rehnoom_x86_64,0.0021874896264247193,7.34495997936804e-06,0.002173093504865158,0.0022018857479842806,,,0.3593684260004011,"{""dt"": 0.00390625}"
459dde5dae85,2026-09-24T19:52:20,zaki,scheme_order,paper_barrier,call,milstein,weak_terminal_mean,{'fine_steps': 512},65536,256,1,3668753362,zaki-rehnoom_x86_64,-0.00017151511154132534,1.1247918354738873e-05,-0.00019356103151661354,-0.00014946919156603715,-0.0001811202798052136,9.60516826388827e-06,0.3593684260004011,"{""dt"": 0.00390625}"
d7ea245bc74b,2026-09-24T19:52:20,zaki,scheme_order,paper_barrier,call,milstein,weak_call,{'fine_steps': 512},65536,256,1,3668753362,zaki-rehnoom_x86_64,-0.001016347205877159,8.081925517648837e-06,-0.0010321877798917507,-0.0010005066318625672,,,0.3593684260004011,"{""dt"": 0.00390625}"
ccecf967c22b,2026-09-24T19:52:20,zaki,scheme_order,paper_barrier,call,milstein,weak_barrier,{'fine_steps': 512},65536,256,1,3668753362,zaki-rehnoom_x86_64,-0.001009442388128183,8.067177502488167e-06,-0.0010252540560330597,-0.0009936307202233062,,,0.3593684260004011,"{""dt"": 0.00390625}"
5fd4002fba30,2026-09-24T19:52:20,zaki,scheme_order,paper_barrier,call,exact,price_call,{'fine_steps': 512},65536,512,1,3668753362,zaki-rehnoom_x86_64,7.102363153190152,0.04898179106946236,7.006358842694006,7.1983674636862975,,,0.6427473879994068,"{""dt"": 0.001953125}"
71bdbcf0c7de,2026-09-24T19:52:20,zaki,scheme_order,paper_barrier,call,exact,price_barrier,{'fine_steps': 512},65536,512,1,3668753362,zaki-rehnoom_x86_64,7.073454173906319,0.04903198370863693,6.97735148583739,7.169556861975247,,,0.6427473879994068,"{""dt"": 0.001953125}"
9cb82c900f25,2026-09-24T19:52:20,zaki,scheme_order,paper_barrier,call,euler_maruyama,strong_abs_terminal,{'fine_steps': 512},65536,512,1,3668753362,zaki-rehnoom_x86_64,0.10282031899721095,0.00032290012159940274,0.10218743475887612,0.10345320323554577,,,0.5235184199991636,"{""dt"": 0.001953125}"
e8404804e1d9,2026-09-24T19:52:20,zaki,scheme_order,paper_barrier,call,euler_maruyama,weak_terminal_mean,{'fine_steps': 512},65536,512,1,3668753362,zaki-rehnoom_x86_64,0.0001693673315239253,0.0005153471693466914,-0.0008407131203955898,0.0011794477834434405,-9.056371841609234e-05,0.00025993104994001765,0.5235184199991636,"{""dt"": 0.001953125}"
fdb650817135,2026-09-24T19:52:20,zaki,scheme_order,paper_barrier,call,euler_maruyama,weak_call,{'fine_steps': 512},65536,512,1,3668753362,zaki-rehnoom_x86_64,-0.00033739843952435467,0.0003822766079850062,-0.0010866605911749668,0.00041186371212625754,,,0.5235184199991636,"{""dt"": 0.001953125}"
8977861cd9d2,2026-09-24T19:52:20,zaki,scheme_order,paper_barrier,call,euler_maruyama,weak_barrier,{'fine_steps': 512},65536,512,1,3668753362,zaki-rehnoom_x86_64,-0.000170470643248506,0.0004505287163298173,-0.0010535069272549478,0.0007125656407579359,,,0.5235184199991636,"{""dt"": 0.001953125}"
704059590c1a,2026-09-24T19:52:20,zaki,scheme_order,paper_barrier,call,milstein,strong_abs_terminal,{'fine_steps': 512},65536,512,1,3668753362,zaki-rehnoom_x86_64,0.001097792716738009,3.6684917637548647e-06,0.0010906024728810494,0.0011049829605949686,,,0.7837842689996251,"{""dt"": 0.001953125}"
2a1638a2894f,2026-09-24T19:52:20,zaki,scheme_order,paper_barrier,call,milstein,weak_terminal_mean,{'fine_steps': 512},65536,512,1,3668753362,zaki-rehnoom_x86_64,-8.420910081095281e-05,5.633739445195281e-06,-9.525123012353557e-05,-7.316697149837006e-05,-9.056371841609234e-05,6.3546176051395295e-06,0.7837842689996251,"{""dt"": 0.001953125}"
f677e310aa65,2026-09-24T19:52:20,zaki,scheme_order,paper_barrier,call,milstein,weak_call,{'fine_steps': 512},65536,512,1,3668753362,zaki-rehnoom_x86_64,-0.0005089154873439312,4.0447023428354614e-06,-0.0005168431039358888,-0.0005009878707519737,,,0.7837842689996251,"{""dt"": 0.001953125}"
405b24fedfd3,2026-09-24T19:52:20,zaki,scheme_order,paper_barrier,call,milstein,weak_barrier,{'fine_steps': 512},65536,512,1,3668753362,zaki-rehnoom_x86_64,-0.0005057045183342763,4.0373784167407525e-06,-0.0005136177800310882,-0.0004977912566374644,,,0.7837842689996251,"{""dt"": 0.001953125}"
f213dc4a80d6,2026-09-24T19:52:27,zaki,scheme_order,paper_barrier,call,exact,price_call,{'fine_steps': 512},65536,4,2,2324300155,zaki-rehnoom_x86_64,7.19202265711024,0.04926232634456583,7.095468497474891,7.288576816745588,,,0.020225339000262466,"{""dt"": 0.25}"
279eddb73bb4,2026-09-24T19:52:27,zaki,scheme_order,paper_barrier,call,exact,price_barrier,{'fine_steps': 512},65536,4,2,2324300155,zaki-rehnoom_x86_64,7.055321231001105,0.049487828978323434,6.95832508620359,7.152317375798619,,,0.020225339000262466,"{""dt"": 0.25}"
8d5606e498a1,2026-09-24T19:52:27,zaki,scheme_order,paper_barrier,call,euler_maruyama,strong_abs_terminal,{'fine_steps': 512},65536,4,2,2324300155,zaki-rehnoom_x86_64,1.115361826404317,0.0039015048505942704,1.1077148768971523,1.1230087759114817,,,0.01135876299940719,"{""dt"": 0.25}"
dce5ca2cdd3b,2026-09-24T19:52:27,zaki,scheme_order,paper_barrier,call,euler_maruyama,weak_terminal_mean,{'fine_steps': 512},65536,4,2,2324300155,zaki-rehnoom_x86_64,-0.018311697734740857,0.005848019755139453,-0.029773816454814184,-0.006849579014667529,-0.011534328945430161,0.0067773687893106956,0.01135876299940719,"{""dt"": 0.25}"
f2b56f0ee30f,2026-09-24T19:52:27,zaki,scheme_order,paper_barrier,call,euler_maruyama,weak_call,{'fine_steps': 512},65536,4,2,2324300155,zaki-rehnoom_x86_64,-0.06062229343338464,0.00425742434894342,-0.06896684515731374,-0.05227774170945554,,,0.01135876299940719,"{""dt"": 0.25}"
0dbf98774583,2026-09-24T19:52:27,zaki,scheme_order,paper_barrier,call,euler_maruyama,weak_barrier,{'fine_steps': 512},65536,4,2,2324300155,zaki-rehnoom_x86_64,-0.06640862158276914,0.004805099543819735,-0.07582661668865581,-0.05699062647688246,,,0.01135876299940719,"{""dt"": 0.25}"
00919abcc83c,2026-09-24T19:52:27,zaki,scheme_order,paper_barrier,call,milstein,strong_abs_terminal,{'fine_steps': 512},65536,4,2,2324300155,zaki-rehnoom_x86_64,0.12124876046917984,0.0005398853728747058,0.12019058513834542,0.12230693580001427,,,0.009162883999579208,"{""dt"": 0.25}"
e03ce300a394,2026-09-24T19:52:27,zaki,scheme_order,paper_barrier,call,milstein,weak_terminal_mean,{'fine_steps': 512},65536,4,2,2324300155,zaki-rehnoom_x86_64,-0.012730506739311514,0.000716470604909864,-0.014134789124934847,-0.01132622435368818,-0.011534328945430161,0.0011961777938813527,0.009162883999579208,"{""dt"": 0.25}"
c205c9cd7cb7,2026-09-24T19:52:27,zaki,scheme_order,paper_barrier,call,milstein,weak_call,{'fine_steps': 512},65536,4,2,2324300155,zaki-rehnoom_x86_64,-0.0625462522000575,0.0005087500278062824,-0.0635434022545578,-0.06154910214555718,,,0.009162883999579208,"{""dt"": 0.25}"
fa0bacf79d50,2026-09-24T19:52:27,zaki,scheme_order,paper_barrier,call,milstein,weak_barrier,{'fine_steps': 512},65536,4,2,2324300155,zaki-rehnoom_x86_64,-0.0639654695568227,0.0007046394012474021,-0.0653465627832676,-0.06258437633037779,,,0.009162883999579208,"{""dt"": 0.25}"
17f899842a8a,2026-09-24T19:52:27,zaki,scheme_order,paper_barrier,call,exact,price_call,{'fine_steps': 512},65536,8,2,2324300155,zaki-rehnoom_x86_64,7.192022657110242,0.049262326344565836,7.095468497474894,7.288576816745591,,,0.02052929199908249,"{""dt"": 0.125}"
8fe2975307e1,2026-09-24T19:52:27,zaki,scheme_order,paper_barrier,call,exact,price_barrier,{'fine_steps': 512},65536,8,2,2324300155,zaki-rehnoom_x86_64,7.092260306504973,0.04942854387142443,6.995380360516981,7.189140252492965,,,0.02052929199908249,"{""dt"": 0.125}"
20e5a69e830f,2026-09-24T19:52:27,zaki,scheme_order,paper_barrier,call,euler_maruyama,strong_abs_terminal,{'fine_steps': 512},65536,8,2,2324300155,zaki-rehnoom_x86_64,0.8035845244510041,0.0026426711133778927,0.7984048890687835,0.8087641598332248,,,0.01097793000008096,"{""dt"": 0.125}"
71ea94af9314,2026-09-24T19:52:27,zaki,scheme_order,paper_barrier,call,euler_maruyama,weak_terminal_mean,{'fine_steps': 512},65536,8,2,2324300155,zaki-rehnoom_x86_64,-0.011088401899149839,0.004103086483342049,-0.019130451406500257,-0.003046352391799423,-0.005781694413798277,0.005306707485351562,0.01097793000008096,"{""dt"": 0.125}"
78dab68dcbd0,2026-09-24T19:52:27,zaki,scheme_order,paper_barrier,call,euler_maruyama,weak_call,{'fine_steps': 512},65536,8,2,2324300155,zaki-rehnoom_x86_64,-0.029253882614132497,0.002991916952586592,-0.035118039841202216,-0.023389725387062778,,,0.01097793000008096,"{""dt"": 0.125}"
0c9be8a4d57e,2026-09-24T19:52:27,zaki,scheme_order,paper_barrier,call,euler_maruyama,weak_barrier,{'fine_steps': 512},65536,8,2,2324300155,zaki-rehnoom_x86_64,-0.03087100067481986,0.0033926027984546776,-0.037520502159791025,-0.024221499189848693,,,0.01097793000008096,"{""dt"": 0.125}"
27e16ffe8118,2026-09-24T19:52:27,zaki,scheme_order,paper_barrier,call,milstein,strong_abs_terminal,{'fine_steps': 512},65536,8,2,2324300155,zaki-rehnoom_x86_64,0.06466348005076374,0.0002570358903797499,0.06415968970561943,0.06516727039590804,,,0.013719584999762446,"{""dt"": 0.125}"
f67434c9df4e,2026-09-24T19:52:27,zaki,scheme_order,paper_barrier,call,milstein,weak_terminal_mean,{'fine_steps': 512},65536,8,2,2324300155,zaki-rehnoom_x86_64,-0.0064024373951853345,0.0003595073202327389,-0.007107071742841503,-0.005697803047529166,-0.005781694413798277,0.0006207429813870572,0.013719584999762446,"{""dt"": 0.125}"
bac4183b3b01,2026-09-24T19:52:27,zaki,scheme_order,paper_barrier,call,milstein,weak_call,{'fine_steps': 512},65536,8,2,2324300155,zaki-rehnoom_x86_64,-0.03219705912027291,0.00025640576590286985,-0.032699614421442535,-0.031694503819103284,,,0.013719584999762446,"{""dt"": 0.125}"
5301c18e36c4,2026-09-24T19:52:27,zaki,scheme_order,paper_barrier,call,milstein,weak_barrier,{'fine_steps': 512},65536,8,2,2324300155,zaki-rehnoom_x86_64,-0.0329561557689631,0.00042472438364029853,-0.033788615560898086,-0.03212369597702812,,,0.013719584999762446,"{""dt"": 0.125}"
a20fff6d9e12,2026-09-24T19:52:27,zaki,scheme_order,paper_barrier,call,exact,price_call,{'fine_steps': 512},65536,16,2,2324300155,zaki-rehnoom_x86_64,7.19202265711024,0.04926232634456583,7.095468497474891,7.288576816745588,,,0.028813225999329006,"{""dt"": 0.0625}"
74795a22e6e3,2026-09-24T19:52:27,zaki,scheme_order,paper_barrier,call,exact,price_barrier,{'fine_steps': 512},65536,16,2,2324300155,zaki-rehnoom_x86_64,7.1169731782782355,0.049388466824870116,7.02017178330149,7.213774573254981,,,0.028813225999329006,"{""dt"": 0.0625}"
b0453e0ad764,2026-09-24T19:52:27,zaki,scheme_order,paper_barrier,call,euler_maruyama,strong_abs_terminal,{'fine_steps': 512},65536,16,2,2324300155,zaki-rehnoom_x86_64,0.574386061482737,0.0018359892502154789,0.5707875225523146,0.5779846004131594,,,0.01702149999937319,"{""dt"": 0.0625}"
4be731060837,2026-09-24T19:52:27,zaki,scheme_order,paper_barrier,call,euler_maruyama,weak_terminal_mean,{'fine_steps': 512},65536,16,2,2324300155,zaki-rehnoom_x86_64,-0.0032642832006238723,0.002899127538291263,-0.008946573175674748,0.0024180067744270037,-0.0028944951184826095,0.0003697880821412628,0.01702149999937319,"{""dt"": 0.0625}"
b1abc9cff8bf,2026-09-24T19:52:27,zaki,scheme_order,paper_barrier,call,euler_maruyama,weak_call,{'fine_steps': 512},65536,16,2,2324300155,zaki-rehnoom_x86_64,-0.013098691236045465,0.0021296913062350685,-0.0172728861962662,-0.008924496275824732,,,0.01702149999937319,"{""dt"": 0.0625}"
e6150fb027a0,2026-09-24T19:52:27,zaki,scheme_order,paper_barrier,call,euler_maruyama,weak_barrier,{'fine_steps': 512},65536,16,2,2324300155,zaki-rehnoom_x86_64,-0.01438065192663215,0.0024206334541243407,-0.01912509349671586,-0.009636210356548443,,,0.01702149999937319,"{""dt"": 0.0625}"
d97e2b2acb35,2026-09-24T19:52:27,zaki,scheme_order,paper_barrier,call,milstein,strong_abs_terminal,{'fine_steps': 512},65536,16,2,2324300155,zaki-rehnoom_x86_64,0.03353349757062101,0.00012399269947280665,0.03329047187965431,0.03377652326158771,,,0.024719330999687372,"{""dt"": 0.0625}"
5eab82e02552,2026-09-24T19:52:27,zaki,scheme_order,paper_barrier,call,milstein,weak_terminal_mean,{'fine_steps': 512},65536,16,2,2324300155,zaki-rehnoom_x86_64,-0.0032204129909593642,0.00017992953656907496,-0.003573074882634751,-0.0028677510992839773,-0.0028944951184826095,0.0003259178724767547,0.024719330999687372,"{""dt"": 0.0625}"
6e1cedb012d2,2026-09-24T19:52:27,zaki,scheme_order,paper_barrier,call,milstein,weak_call,{'fine_steps': 512},65536,16,2,2324300155,zaki-rehnoom_x86_64,-0.016291978587865154,0.00012911251299324892,-0.01654503911333192,-0.016038918062398388,,,0.024719330999687372,"{""dt"": 0.0625}"
6a7de012451c,2026-09-24T19:52:27,zaki,scheme_order,paper_barrier,call,milstein,weak_barrier,{'fine_steps': 512},65536,16,2,2324300155,zaki-rehnoom_x86_64,-0.01668752376455368,0.00024656955529929654,-0.0171708000929403,-0.01620424743616706,,,0.024719330999687372,"{""dt"": 0.0625}"
64544af4358b,2026-09-24T19:52:27,zaki,scheme_order,paper_barrier,call,exact,price_call,{'fine_steps': 512},65536,32,2,2324300155,zaki-rehnoom_x86_64,7.192022657110241,0.04926232634456583,7.095468497474892,7.288576816745589,,,0.04976135100059764,"{""dt"": 0.03125}"
ed80a33dc45d,2026-09-24T19:52:27,zaki,scheme_order,paper_barrier,call,exact,price_barrier,{'fine_steps': 512},65536,32,2,2324300155,zaki-rehnoom_x86_64,7.134579697056145,0.049359949294774254,7.0378341964383875,7.231325197673902,,,0.04976135100059764,"{""dt"": 0.03125}"
e02caee9f492,2026-09-24T19:52:27,zaki,scheme_order,paper_barrier,call,euler_maruyama,strong_abs_terminal,{'fine_steps': 512},65536,32,2,2324300155,zaki-rehnoom_x86_64,0.40838114506553563,0.0012894053859045349,0.40585391050916275,0.4109083796219085,,,0.03890365299957921,"{""dt"": 0.03125}"
67a9dfe9e42b,2026-09-24T19:52:27,zaki,scheme_order,paper_barrier,call,euler_maruyama,weak_terminal_mean,{'fine_steps': 512},65536,32,2,2324300155,zaki-rehnoom_x86_64,-0.001896021257545553,0.0020511794673899763,-0.005916333013629906,0.0021242904985388006,-0.0014481614756078898,0.00044785978193766316,0.03890365299957921,"{""dt"": 0.03125}"
3ef40e43bf3a,2026-09-24T19:52:27,zaki,scheme_order,paper_barrier,call,euler_maruyama,weak_call,{'fine_steps': 512},65536,32,2,2324300155,zaki-rehnoom_x86_64,-0.00641027276265171,0.0015125894033061037,-0.009374947993131672,-0.0034455975321717467,,,0.03890365299957921,"{""dt"": 0.03125}"
709904e3371a,2026-09-24T19:52:27,zaki,scheme_order,paper_barrier,call,euler_maruyama,weak_barrier,{'fine_steps': 512},65536,32,2,2324300155,zaki-rehnoom_x86_64,-0.007193573915685892,0.0017539534621536829,-0.01063132270150711,-0.0037558251298646732,,,0.03890365299957921,"{""dt"": 0.03125}"
eb76db423889,2026-09-24T19:52:27,zaki,scheme_order,paper_barrier,call,milstein,strong_abs_terminal,{'fine_steps': 512},65536,32,2,2324300155,zaki-rehnoom_x86_64,0.01712332589224278,6.045903491243881e-05,0.017004826183814402,0.01724182560067116,,,0.05645364200063341,"{""dt"": 0.03125}"
06ee57710097,2026-09-24T19:52:27,zaki,scheme_order,paper_barrier,call,milstein,weak_terminal_mean,{'fine_steps': 512},65536,32,2,2324300155,zaki-rehnoom_x86_64,-0.0016306479540033497,8.993771556055295e-05,-0.0018069258765020335,-0.0014543700315046658,-0.0014481614756078898,0.0001824864783954599,0.05645364200063341,"{""dt"": 0.03125}"
aacdcb0a3d6d,2026-09-24T19:52:27,zaki,scheme_order,paper_barrier,call,milstein,weak_call,{'fine_steps': 512},65536,32,2,2324300155,zaki-rehnoom_x86_64,-0.008198504552625524,6.469589963027516e-05,-0.008325308515900864,-0.008071700589350184,,,0.05645364200063341,"{""dt"": 0.03125}"
071b4b3186a4,2026-09-24T19:52:27,zaki,scheme_order,paper_barrier,call,milstein,weak_barrier,{'fine_steps': 512},65536,32,2,2324300155,zaki-rehnoom_x86_64,-0.008325622122591237,0.00013851911902672403,-0.008597119595883615,-0.008054124649298859,,,0.05645364200063341,"{""dt"": 0.03125}"
3ce89d6a3bd4,2026-09-24T19:52:27,zaki,scheme_order,paper_barrier,call,exact,price_call,{'fine_steps': 512},65536,64,2,2324300155,zaki-rehnoom_x86_64,7.192022657110238,0.04926232634456582,7.095468497474889,7.288576816745587,,,0.08624838299965631,"{""dt"": 0.015625}"
d262dabd6798,2026-09-24T19:52:27,zaki,scheme_order,paper_barrier,call,exact,price_barrier,{'fine_steps': 512},65536,64,2,2324300155,zaki-rehnoom_x86_64,7.146431324373286,0.04934076586760303,7.049723423272784,7.243139225473788,,,0.08624838299965631,"{""dt"": 0.015625}"
9a74f57735ac,2026-09-24T19:52:27,zaki,scheme_order,paper_barrier,call,euler_maruyama,strong_abs_terminal,{'fine_steps': 512},65536,64,2,2324300155,zaki-rehnoom_x86_64,0.2905681081398972,0.0009075798996453774,0.28878925153659224,0.29234696474320215,,,0.07134901300059937,"{""dt"": 0.015625}"
c5aa3c3d17ed,2026-09-24T19:52:27,zaki,scheme_order,paper_barrier,call,euler_maruyama,weak_terminal_mean,{'fine_steps': 512},65536,64,2,2324300155,zaki-rehnoom_x86_64,-0.0006620090744797438,0.0014532760035288006,-0.003510430041396193,0.0021864118924367053,-0.0007243094598123889,6.230038533264507e-05,0.07134901300059937,"{""dt"": 0.015625}"
78061f482318,2026-09-24T19:52:27,zaki,scheme_order,paper_barrier,call,euler_maruyama,weak_call,{'fine_steps': 512},65536,64,2,2324300155,zaki-rehnoom_x86_64,-0.0024144544451966984,0.0010770559022752959,-0.004525484013656278,-0.0003034248767371187,,,0.07134901300059937,"{""dt"": 0.015625}"
01320180e236,2026-09-24T19:52:27,zaki,scheme_order,paper_barrier,call,euler_maruyama,weak_barrier,{'fine_steps': 512},65536,64,2,2324300155,zaki-rehnoom_x86_64,-0.0025008666752820924,0.0012891672916826356,-0.005027634566980058,2.5901216415873552e-05,,,0.07134901300059937,"{""dt"": 0.015625}"
88f14e8f9dbc,2026-09-24T19:52:27,zaki,scheme_order,paper_barrier,call,milstein,strong_abs_terminal,{'fine_steps': 512},65536,64,2,2324300155,zaki-rehnoom_x86_64,0.008692746709736457,3.0061392994256782e-05,0.008633826379467713,0.0087516670400052,,,0.10128090599982897,"{""dt"": 0.015625}"
21e555502e2e,2026-09-24T19:52:27,zaki,scheme_order,paper_barrier,call,milstein,weak_terminal_mean,{'fine_steps': 512},65536,64,2,2324300155,zaki-rehnoom_x86_64,-0.0007851030709434598,4.524723482744543e-05,-0.0008737876512052528,-0.0006964184906816667,-0.0007243094598123889,6.079361113107084e-05,0.10128090599982897,"{""dt"": 0.015625}"
6ded180bbfc2,2026-09-24T19:52:27,zaki,scheme_order,paper_barrier,call,milstein,weak_call,{'fine_steps': 512},65536,64,2,2324300155,zaki-rehnoom_x86_64,-0.004101111195737696,3.2673211935524046e-05,-0.0041651506911313235,-0.004037071700344069,,,0.10128090599982897,"{""dt"": 0.015625}"
e4cfe50c4443,2026-09-24T19:52:27,zaki,scheme_order,paper_barrier,call,milstein,weak_barrier,{'fine_steps': 512},65536,64,2,2324300155,zaki-rehnoom_x86_64,-0.004069551162748663,3.2601349115495595e-05,-0.004133449807015035,-0.004005652518482291,,,0.10128090599982897,"{""dt"": 0.015625}"
d9d02ded157e,2026-09-24T19:52:27,zaki,scheme_order,paper_barrier,call,exact,price_call,{'fine_steps': 512},65536,128,2,2324300155,zaki-rehnoom_x86_64,7.192022657110238,0.04926232634456583,7.095468497474889,7.288576816745587,,,0.1690221829994698,"{""dt"": 0.0078125}"
cc446c470404,2026-09-24T19:52:27,zaki,scheme_order,paper_barrier,call,exact,price_barrier,{'fine_steps': 512},65536,128,2,2324300155,zaki-rehnoom_x86_64,7.1539559128988826,0.04932838500388081,7.0572722782912765,7.250639547506489,,,0.1690221829994698,"{""dt"": 0.0078125}"
84eb4253d9d1,2026-09-24T19:52:27,zaki,scheme_order,paper_barrier,call,euler_maruyama,strong_abs_terminal,{'fine_steps': 512},65536,128,2,2324300155,zaki-rehnoom_x86_64,0.20546173055190675,0.0006420955021196037,0.20420322336775232,0.20672023773606119,,,0.13332897700092872,"{""dt"": 0.0078125}"
e754e019a6f6,2026-09-24T19:52:27,zaki,scheme_order,paper_barrier,call,euler_maruyama,weak_terminal_mean,{'fine_steps': 512},65536,128,2,2324300155,zaki-rehnoom_x86_64,0.00013139609081490463,0.0010278320373292673,-0.0018831547023504594,0.0021459468839802685,-0.00036221194078223107,0.0004936080315971357,0.13332897700092872,"{""dt"": 0.0078125}"
00fb191ead34,2026-09-24T19:52:27,zaki,scheme_order,paper_barrier,call,euler_maruyama,weak_call,{'fine_steps': 512},65536,128,2,2324300155,zaki-rehnoom_x86_64,-0.001143398705370677,0.0007625670278440673,-0.002638030079945049,0.000351232669203695,,,0.13332897700092872,"{""dt"": 0.0078125}"
749c56728c52,2026-09-24T19:52:27,zaki,scheme_order,paper_barrier,call,euler_maruyama,weak_barrier,{'fine_steps': 512},65536,128,2,2324300155,zaki-rehnoom_x86_64,-0.0008998630549882355,0.0009205197180101226,-0.002704081702288076,0.0009043555923116047,,,0.13332897700092872,"{""dt"": 0.0078125}"
a8a4bff73d03,2026-09-24T19:52:27,zaki,scheme_order,paper_barrier,call,milstein,strong_abs_terminal,{'fine_steps': 512},65536,128,2,2324300155,zaki-rehnoom_x86_64,0.004367555279575949,1.4843953023429863e-05,0.004338461131650026,0.0043966494275018714,,,0.19743199900040054,"{""dt"": 0.0078125}"
91646a7025f1,2026-09-24T19:52:27,zaki,scheme_order,paper_barrier,call,milstein,weak_terminal_mean,{'fine_steps': 512},65536,128,2,2324300155,zaki-rehnoom_x86_64,-0.0003853353296664749,2.2564381230446506e-05,-0.00042956151687815005,-0.0003411091424547997,-0.00036221194078223107,2.312338888424382e-05,0.19743199900040054,"{""dt"": 0.0078125}"
a0e59a41a75d,2026-09-24T19:52:27,zaki,scheme_order,paper_barrier,call,milstein,weak_call,{'fine_steps': 512},65536,128,2,2324300155,zaki-rehnoom_x86_64,-0.0020451013308299057,1.6304591668311142e-05,-0.0020770583304997956,-0.0020131443311600158,,,0.19743199900040054,"{""dt"": 0.0078125}"
ce6e327daefe,2026-09-24T19:52:27,zaki,scheme_order,paper_barrier,call,milstein,weak_barrier,{'fine_steps': 512},65536,128,2,2324300155,zaki-rehnoom_x86_64,-0.0020328140718357686,1.6267384515332693e-05,-0.0020646981454858207,-0.0020009299981857166,,,0.19743199900040054,"{""dt"": 0.0078125}"
8715dc015866,2026-09-24T19:52:27,zaki,scheme_order,paper_barrier,call,exact,price_call,{'fine_steps': 512},65536,256,2,2324300155,zaki-rehnoom_x86_64,7.192022657110234,0.04926232634456581,7.095468497474886,7.288576816745583,,,0.3078341180003008,"{""dt"": 0.00390625}"
a587d9e7fa14,2026-09-24T19:52:27,zaki,scheme_order,paper_barrier,call,exact,price_barrier,{'fine_steps': 512},65536,256,2,2324300155,zaki-rehnoom_x86_64,7.159661461639012,0.04931911147948876,7.062996003139214,7.25632692013881,,,0.3078341180003008,"{""dt"": 0.00390625}"
627301799b47,2026-09-24T19:52:27,zaki,scheme_order,paper_barrier,call,euler_maruyama,strong_abs_terminal,{'fine_steps': 512},65536,256,2,2324300155,zaki-rehnoom_x86_64,0.14547446947381562,0.00045250575859765726,0.1445875581869642,0.14636138076066704,,,0.2457223120004528,"{""dt"": 0.00390625}"
c7c60cd30a96,2026-09-24T19:52:27,zaki,scheme_order,paper_barrier,call,euler_maruyama,weak_terminal_mean,{'fine_steps': 512},65536,256,2,2324300155,zaki-rehnoom_x86_64,0.0010570203892911662,0.0007264078509447399,-0.0003667389985605239,0.0024807797771428564,-0.0001811202798052136,0.0012381406690963799,0.2457223120004528,"{""dt"": 0.00390625}"
db28838fae3a,2026-09-24T19:52:27,zaki,scheme_order,paper_barrier,call,euler_maruyama,weak_call,{'fine_steps': 512},65536,256,2,2324300155,zaki-rehnoom_x86_64,6.512002891339398e-06,0.0005381917217901956,-0.001048343771817444,0.0010613677776001229,,,0.2457223120004528,"{""dt"": 0.00390625}"
604e6b2ab14c,2026-09-24T19:52:27,zaki,scheme_order,paper_barrier,call,euler_maruyama,weak_barrier,{'fine_steps': 512},65536,256,2,2324300155,zaki-rehnoom_x86_64,-7.244940044006138e-05,0.000668887974969552,-0.0013834698313803832,0.0012385710305002605,,,0.2457223120004528,"{""dt"": 0.00390625}"
e930f7871f40,2026-09-24T19:52:27,zaki,scheme_order,paper_barrier,call,milstein,strong_abs_terminal,{'fine_steps': 512},65536,256,2,2324300155,zaki-rehnoom_x86_64,0.0021911599521954885,7.37472675485191e-06,0.002176705487755979,0.002205614416634998,,,0.35920442099995853,"{""dt"": 0.00390625}"
803e6dfce9d2,2026-09-24T19:52:27,zaki,scheme_order,paper_barrier,call,milstein,weak_terminal_mean,{'fine_steps': 512},65536,256,2,2324300155,zaki-rehnoom_x86_64,-0.00019402981540746764,1.1272686898782376e-05,-0.0002161242817290811,-0.00017193534908585418,-0.0001811202798052136,1.290953560225403e-05,0.35920442099995853,"{""dt"": 0.00390625}"
aa6a8b78e05c,2026-09-24T19:52:27,zaki,scheme_order,paper_barrier,call,milstein,weak_call,{'fine_steps': 512},65536,256,2,2324300155,zaki-rehnoom_x86_64,-0.0010273273489398707,8.128273848397957e-06,-0.0010432587656827306,-0.0010113959321970108,,,0.35920442099995853,"{""dt"": 0.00390625}"
c811c3974052,2026-09-24T19:52:27,zaki,scheme_order,paper_barrier,call,milstein,weak_barrier,{'fine_steps': 512},65536,256,2,2324300155,zaki-rehnoom_x86_64,-0.0009379263765174064,8.447994239873712e-05,-0.0011035070636189312,-0.0007723456894158816,,,0.35920442099995853,"{""dt"": 0.00390625}"
e7769d5a5899,2026-09-24T19:52:27,zaki,scheme_order,paper_barrier,call,exact,price_call,{'fine_steps': 512},65536,512,2,2324300155,zaki-rehnoom_x86_64,7.192022657110234,0.049262326344565815,7.095468497474886,7.288576816745583,,,0.6712393559992051,"{""dt"": 0.001953125}"
545ce09a977d,2026-09-24T19:52:27,zaki,scheme_order,paper_barrier,call,exact,price_barrier,{'fine_steps': 512},65536,512,2,2324300155,zaki-rehnoom_x86_64,7.1633541801620275,0.049312981995346866,7.066700735451148,7.260007624872907,,,0.6712393559992051,"{""dt"": 0.001953125}"
f172dc4a60d4,2026-09-24T19:52:27,zaki,scheme_order,paper_barrier,call,euler_maruyama,strong_abs_terminal,{'fine_steps': 512},65536,512,2,2324300155,zaki-rehnoom_x86_64,0.10271195126243476,0.00032129114928277004,0.10208222060984054,0.10334168191502899,,,0.5468156610008919,"{""dt"": 0.001953125}"
1605d370826c,2026-09-24T19:52:27,zaki,scheme_order,paper_barrier,call,euler_maruyama,weak_terminal_mean,{'fine_steps': 512},65536,512,2,2324300155,zaki-rehnoom_x86_64,0.00010769716681879925,0.0005140103253310893,-0.0008997630708301357,0.0011151574044677343,-9.056371841609234e-05,0.0001982608852348916,0.5468156610008919,"{""dt"": 0.001953125}"
16df7bbda6a4,2026-09-24T19:52:27,zaki,scheme_order,paper_barrier,call,euler_maruyama,weak_call,{'fine_steps': 512},65536,512,2,2324300155,zaki-rehnoom_x86_64,-0.0004186726384827227,0.0003820952741990976,-0.001167579375912954,0.00033023409894750855,,,0.5468156610008919,"{""dt"": 0.001953125}"
9f258346e5db,2026-09-24T19:52:27,zaki,scheme_order,paper_barrier,call,euler_maruyama,weak_barrier,{'fine_steps': 512},65536,512,2,2324300155,zaki-rehnoom_x86_64,-0.0005128949836351947,0.0004814714496368224,-0.0014565790249233667,0.0004307890576529771,,,0.5468156610008919,"{""dt"": 0.001953125}"
bad2bc79368b,2026-09-24T19:52:27,zaki,scheme_order,paper_barrier,call,milstein,strong_abs_terminal,{'fine_steps': 512},65536,512,2,2324300155,zaki-rehnoom_x86_64,0.0010981540288362837,3.6775456954177403e-06,0.001090946039273265,0.0011053620183993024,,,0.7828219920006632,"{""dt"": 0.001953125}"
5c8ce717bc35,2026-09-24T19:52:27,zaki,scheme_order,paper_barrier,call,milstein,weak_terminal_mean,{'fine_steps': 512},65536,512,2,2324300155,zaki-rehnoom_x86_64,-9.447553146758718e-05,5.638230709956863e-06,-0.00010552646365910263,-8.342459927607173e-05,-9.056371841609234e-05,3.911813051494834e-06,0.7828219920006632,"{""dt"": 0.001953125}"
d522290c8f97,2026-09-24T19:52:27,zaki,scheme_order,paper_barrier,call,milstein,weak_call,{'fine_steps': 512},65536,512,2,2324300155,zaki-rehnoom_x86_64,-0.0005133721515861074,4.060426755816182e-06,-0.0005213305880275071,-0.0005054137151447077,,,0.7828219920006632,"{""dt"": 0.001953125}"
4c7474ce3bbf,2026-09-24T19:52:27,zaki,scheme_order,paper_barrier,call,milstein,weak_barrier,{'fine_steps': 512},65536,512,2,2324300155,zaki-rehnoom_x86_64,-0.0005102271497959165,4.052974337323553e-06,-0.0005181709794970707,-0.0005022833200947623,,,0.7828219920006632,"{""dt"": 0.001953125}"
1177a4ca6c78,2026-09-24T19:52:34,zaki,scheme_order,paper_barrier,call,exact,price_call,{'fine_steps': 512},65536,4,3,4230183285,zaki-rehnoom_x86_64,7.1331975971138055,0.04907282874633756,7.037014852770984,7.229380341456627,,,0.02685353700098858,"{""dt"": 0.25}"
b0dd7d23cd15,2026-09-24T19:52:34,zaki,scheme_order,paper_barrier,call,exact,price_barrier,{'fine_steps': 512},65536,4,3,4230183285,zaki-rehnoom_x86_64,6.996169356473796,0.04929734794411806,6.899546554503325,7.092792158444268,,,0.02685353700098858,"{""dt"": 0.25}"
61c2a2a20fe8,2026-09-24T19:52:34,zaki,scheme_order,paper_barrier,call,euler_maruyama,strong_abs_terminal,{'fine_steps': 512},65536,4,3,4230183285,zaki-rehnoom_x86_64,1.1131839233783312,0.003935301182093079,1.1054707330614286,1.1208971136952337,,,0.012951969999903667,"{""dt"": 0.25}"
894eb5e2642d,2026-09-24T19:52:34,zaki,scheme_order,paper_barrier,call,euler_maruyama,weak_terminal_mean,{'fine_steps': 512},65536,4,3,4230183285,zaki-rehnoom_x86_64,-0.029973450335545063,0.005863577204353267,-0.04146606165607747,-0.01848083901501266,-0.011534328945430161,0.0184391213901149,0.012951969999903667,"{""dt"": 0.25}"
fdfd23b0feeb,2026-09-24T19:52:34,zaki,scheme_order,paper_barrier,call,euler_maruyama,weak_call,{'fine_steps': 512},65536,4,3,4230183285,zaki-rehnoom_x86_64,-0.06736257403050556,0.004288700646665707,-0.07576842729797036,-0.05895672076304078,,,0.012951969999903667,"{""dt"": 0.25}"
9ae92d692370,2026-09-24T19:52:34,zaki,scheme_order,paper_barrier,call,euler_maruyama,weak_barrier,{'fine_steps': 512},65536,4,3,4230183285,zaki-rehnoom_x86_64,-0.07115714716490684,0.004803098209182883,-0.0805712196549053,-0.06174307467490839,,,0.012951969999903667,"{""dt"": 0.25}"
2039c365947f,2026-09-24T19:52:34,zaki,scheme_order,paper_barrier,call,milstein,strong_abs_terminal,{'fine_steps': 512},65536,4,3,4230183285,zaki-rehnoom_x86_64,0.12170489881995816,0.0005406134966183095,0.12064529636658627,0.12276450127333005,,,0.010437961000206997,"{""dt"": 0.25}"
18279a63045d,2026-09-24T19:52:34,zaki,scheme_order,paper_barrier,call,milstein,weak_terminal_mean,{'fine_steps': 512},65536,4,3,4230183285,zaki-rehnoom_x86_64,-0.011994015335823335,0.0007183910733975138,-0.013402061839682462,-0.010585968831964207,-0.011534328945430161,0.00045968639039317347,0.010437961000206997,"{""dt"": 0.25}"
2e48021e5822,2026-09-24T19:52:34,zaki,scheme_order,paper_barrier,call,milstein,weak_call,{'fine_steps': 512},65536,4,3,4230183285,zaki-rehnoom_x86_64,-0.06234468042786573,0.0005124017845440192,-0.063348987925572,-0.061340372930159454,,,0.010437961000206997,"{""dt"": 0.25}"
4dc637fa56a1,2026-09-24T19:52:34,zaki,scheme_order,paper_barrier,call,milstein,weak_barrier,{'fine_steps': 512},65536,4,3,4230183285,zaki-rehnoom_x86_64,-0.06418821254328665,0.0007358776642228785,-0.0656305327651635,-0.0627458923214098,,,0.010437961000206997,"{""dt"": 0.25}"
db56f885416a,2026-09-24T19:52:34,zaki,scheme_order,paper_barrier,call,exact,price_call,{'fine_steps': 512},65536,8,3,4230183285,zaki-rehnoom_x86_64,7.133197597113809,0.04907282874633757,7.037014852770987,7.229380341456631,,,0.016941500000484666,"{""dt"": 0.125}"
6a88b14f7219,2026-09-24T19:52:34,zaki,scheme_order,paper_barrier,call,exact,price_barrier,{'fine_steps': 512},65536,8,3,4230183285,zaki-rehnoom_x86_64,7.033191045374548,0.04923819394571782,6.936684185240941,7.129697905508155,,,0.016941500000484666,"{""dt"": 0.125}"
db4d9980edcc,2026-09-24T19:52:34,zaki,scheme_order,paper_barrier,call,euler_maruyama,strong_abs_terminal,{'fine_steps': 512},65536,8,3,4230183285,zaki-rehnoom_x86_64,0.8048934921780353,0.0026601517213394356,0.79967959480421,0.8101073895518606,,,0.010751471999356,"{""dt"": 0.125}"
f3372873ce9a,2026-09-24T19:52:34,zaki,scheme_order,paper_barrier,call,euler_maruyama,weak_terminal_mean,{'fine_steps': 512},65536,8,3,4230183285,zaki-rehnoom_x86_64,-0.012789634774323535,0.00411819407593767,-0.02086129516316137,-0.004717974385485702,-0.005781694413798277,0.007007940360525258,0.010751471999356,"{""dt"": 0.125}"
a5da95dc6d92,2026-09-24T19:52:34,zaki,scheme_order,paper_barrier,call,euler_maruyama,weak_call,{'fine_steps': 512},65536,8,3,4230183285,zaki-rehnoom_x86_64,-0.03130338202665012,0.003006020201530347,-0.0371951816216496,-0.025411582431650637,,,0.010751471999356,"{""dt"": 0.125}"
3263f06ca48e,2026-09-24T19:52:34,zaki,scheme_order,paper_barrier,call,euler_maruyama,weak_barrier,{'fine_steps': 512},65536,8,3,4230183285,zaki-rehnoom_x86_64,-0.032480679773977644,0.0034149955655348226,-0.0391740710824259,-0.02578728846552939,,,0.010751471999356,"{""dt"": 0.125}"
7a53a7c7610b,2026-09-24T19:52:34,zaki,scheme_order,paper_barrier,call,milstein,strong_abs_terminal,{'fine_steps': 512},65536,8,3,4230183285,zaki-rehnoom_x86_64,0.06476648702678844,0.00025526943472596906,0.06426615893472555,0.06526681511885134,,,0.014139106000584434,"{""dt"": 0.125}"
bce41882ca32,2026-09-24T19:52:34,zaki,scheme_order,paper_barrier,call,milstein,weak_terminal_mean,{'fine_steps': 512},65536,8,3,4230183285,zaki-rehnoom_x86_64,-0.005969853794295447,0.0003586441856311117,-0.006672796398132426,-0.0052669111904584676,-0.005781694413798277,0.0001881593804971696,0.014139106000584434,"{""dt"": 0.125}"
178741abbcb9,2026-09-24T19:52:34,zaki,scheme_order,paper_barrier,call,milstein,weak_call,{'fine_steps': 512},65536,8,3,4230183285,zaki-rehnoom_x86_64,-0.032067984523146374,0.0002560234733159823,-0.0325697905308457,-0.031566178515447046,,,0.014139106000584434,"{""dt"": 0.125}"
1eb85325473d,2026-09-24T19:52:34,zaki,scheme_order,paper_barrier,call,milstein,weak_barrier,{'fine_steps': 512},65536,8,3,4230183285,zaki-rehnoom_x86_64,-0.03296525210868383,0.0004283024494378253,-0.033804724909581974,-0.03212577930778569,,,0.014139106000584434,"{""dt"": 0.125}"
be37cde367d0,2026-09-24T19:52:34,zaki,scheme_order,paper_barrier,call,exact,price_call,{'fine_steps': 512},65536,16,3,4230183285,zaki-rehnoom_x86_64,7.133197597113806,0.04907282874633756,7.037014852770985,7.229380341456628,,,0.029902285999469314,"{""dt"": 0.0625}"
fad059945108,2026-09-24T19:52:34,zaki,scheme_order,paper_barrier,call,exact,price_barrier,{'fine_steps': 512},65536,16,3,4230183285,zaki-rehnoom_x86_64,7.056629538926154,0.04920036748225555,6.9601968186609335,7.153062259191375,,,0.029902285999469314,"{""dt"": 0.0625}"
d71c04565c7f,2026-09-24T19:52:34,zaki,scheme_order,paper_barrier,call,euler_maruyama,strong_abs_terminal,{'fine_steps': 512},65536,16,3,4230183285,zaki-rehnoom_x86_64,0.5786200800260918,0.0018503859640723623,0.5749933235365099,0.5822468365156737,,,0.017760852999344934,"{""dt"": 0.0625}"
324a96febdcb,2026-09-24T19:52:34,zaki,scheme_order,paper_barrier,call,euler_maruyama,weak_terminal_mean,{'fine_steps': 512},65536,16,3,4230183285,zaki-rehnoom_x86_64,-0.008281551666072404,0.0029208937820450627,-0.014006503478880727,-0.0025565998532640806,-0.0028944951184826095,0.005387056547589794,0.017760852999344934,"{""dt"": 0.0625}"
ab5000e2b8a4,2026-09-24T19:52:34,zaki,scheme_order,paper_barrier,call,euler_maruyama,weak_call,{'fine_steps': 512},65536,16,3,4230183285,zaki-rehnoom_x86_64,-0.01597665225122959,0.0021458133850717873,-0.02018244648597029,-0.011770858016488887,,,0.017760852999344934,"{""dt"": 0.0625}"
f2dab0aa7c12,2026-09-24T19:52:34,zaki,scheme_order,paper_barrier,call,euler_maruyama,weak_barrier,{'fine_steps': 512},65536,16,3,4230183285,zaki-rehnoom_x86_64,-0.01969985569287526,0.0025029883792718048,-0.024605712916247996,-0.014793998469502523,,,0.017760852999344934,"{""dt"": 0.0625}"
333428489493,2026-09-24T19:52:34,zaki,scheme_order,paper_barrier,call,milstein,strong_abs_terminal,{'fine_steps': 512},65536,16,3,4230183285,zaki-rehnoom_x86_64,0.03363643536969392,0.0001236377824533351,0.03339410531608538,0.03387876542330246,,,0.02534604299989951,"{""dt"": 0.0625}"
52fba0ade1c3,2026-09-24T19:52:34,zaki,scheme_order,paper_barrier,call,milstein,weak_terminal_mean,{'fine_steps': 512},65536,16,3,4230183285,zaki-rehnoom_x86_64,-0.0028548794180765125,0.00018007260136114513,-0.003207821716744357,-0.002501937119408668,-0.0028944951184826095,3.961570040609706e-05,0.02534604299989951,"{""dt"": 0.0625}"
60ef216648f6,2026-09-24T19:52:34,zaki,scheme_order,paper_barrier,call,milstein,weak_call,{'fine_steps': 512},65536,16,3,4230183285,zaki-rehnoom_x86_64,-0.016192615527885392,0.00012872849341396585,-0.016444923374976765,-0.01594030768079402,,,0.02534604299989951,"{""dt"": 0.0625}"
af590294eb89,2026-09-24T19:52:34,zaki,scheme_order,paper_barrier,call,milstein,weak_barrier,{'fine_steps': 512},65536,16,3,4230183285,zaki-rehnoom_x86_64,-0.01674452758861403,0.0002719183872728797,-0.017277487627668876,-0.016211567549559186,,,0.02534604299989951,"{""dt"": 0.0625}"
c787e556a01d,2026-09-24T19:52:34,zaki,scheme_order,paper_barrier,call,exact,price_call,{'fine_steps': 512},65536,32,3,4230183285,zaki-rehnoom_x86_64,7.133197597113808,0.04907282874633757,7.037014852770986,7.22938034145663,,,0.04402916399976675,"{""dt"": 0.03125}"
778aa1aaca94,2026-09-24T19:52:34,zaki,scheme_order,paper_barrier,call,exact,price_barrier,{'fine_steps': 512},65536,32,3,4230183285,zaki-rehnoom_x86_64,7.074881411574375,0.0491711330230304,6.978505990849236,7.171256832299514,,,0.04402916399976675,"{""dt"": 0.03125}"
00bc9f60c9e4,2026-09-24T19:52:34,zaki,scheme_order,paper_barrier,call,euler_maruyama,strong_abs_terminal,{'fine_steps': 512},65536,32,3,4230183285,zaki-rehnoom_x86_64,0.4104952416176083,0.0012967063174184781,0.4079536972354681,0.4130367859997485,,,0.03313887399963278,"{""dt"": 0.03125}"
6273d33aeb62,2026-09-24T19:52:34,zaki,scheme_order,paper_barrier,call,euler_maruyama,weak_terminal_mean,{'fine_steps': 512},65536,32,3,4230183285,zaki-rehnoom_x86_64,-0.0038757589291270877,0.0020621493747193607,-0.007917571703577035,0.0001660538453228588,-0.0014481614756078898,0.002427597453519198,0.03313887399963278,"{""dt"": 0.03125}"
d71cd4c9055e,2026-09-24T19:52:34,zaki,scheme_order,paper_barrier,call,euler_maruyama,weak_call,{'fine_steps': 512},65536,32,3,4230183285,zaki-rehnoom_x86_64,-0.007159729755324906,0.001518518635015926,-0.01013602627995612,-0.004183433230693691,,,0.03313887399963278,"{""dt"": 0.03125}"
ea4edda71758,2026-09-24T19:52:34,zaki,scheme_order,paper_barrier,call,euler_maruyama,weak_barrier,{'fine_steps': 512},65536,32,3,4230183285,zaki-rehnoom_x86_64,-0.008646134257091286,0.0017589427169921474,-0.012093661982395894,-0.005198606531786677,,,0.03313887399963278,"{""dt"": 0.03125}"
832d562c6e5d,2026-09-24T19:52:34,zaki,scheme_order,paper_barrier,call,milstein,strong_abs_terminal,{'fine_steps': 512},65536,32,3,4230183285,zaki-rehnoom_x86_64,0.017241526112812065,6.058568592165562e-05,0.01712277816840562,0.01736027405721851,,,0.0494905480009038,"{""dt"": 0.03125}"
50e717c66203,2026-09-24T19:52:34,zaki,scheme_order,paper_barrier,call,milstein,weak_terminal_mean,{'fine_steps': 512},65536,32,3,4230183285,zaki-rehnoom_x86_64,-0.0014845653981049988,9.040491298818479e-05,-0.001661759027561841,-0.0013073717686481567,-0.0014481614756078898,3.640392249710904e-05,0.0494905480009038,"{""dt"": 0.03125}"
8c637727d69a,2026-09-24T19:52:34,zaki,scheme_order,paper_barrier,call,milstein,weak_call,{'fine_steps': 512},65536,32,3,4230183285,zaki-rehnoom_x86_64,-0.008205807005299022,6.490001700491312e-05,-0.008333011038628652,-0.008078602971969393,,,0.0494905480009038,"{""dt"": 0.03125}"
e14761a844c8,2026-09-24T19:52:34,zaki,scheme_order,paper_barrier,call,milstein,weak_barrier,{'fine_steps': 512},65536,32,3,4230183285,zaki-rehnoom_x86_64,-0.0082036422203277,0.00010366947869319928,-0.00840683439856637,-0.00800045004208903,,,0.0494905480009038,"{""dt"": 0.03125}"
ea3fe0de2018,2026-09-24T19:52:34,zaki,scheme_order,paper_barrier,call,exact,price_call,{'fine_steps': 512},65536,64,3,4230183285,zaki-rehnoom_x86_64,7.133197597113804,0.049072828746337546,7.037014852770982,7.229380341456626,,,0.08799797499887063,"{""dt"": 0.015625}"
8feec05bc196,2026-09-24T19:52:34,zaki,scheme_order,paper_barrier,call,exact,price_barrier,{'fine_steps': 512},65536,64,3,4230183285,zaki-rehnoom_x86_64,7.085612956553911,0.04915351796616739,6.989272061340223,7.181953851767599,,,0.08799797499887063,"{""dt"": 0.015625}"
60d8c2492fea,2026-09-24T19:52:34,zaki,scheme_order,paper_barrier,call,euler_maruyama,strong_abs_terminal,{'fine_steps': 512},65536,64,3,4230183285,zaki-rehnoom_x86_64,0.29044168030467804,0.0009062421170573666,0.2886654457552456,0.29221791485411047,,,0.07117548000042007,"{""dt"": 0.015625}"
09eaf3d18ef5,2026-09-24T19:52:34,zaki,scheme_order,paper_barrier,call,euler_maruyama,weak_terminal_mean,{'fine_steps': 512},65536,64,3,4230183285,zaki-rehnoom_x86_64,-0.0026909962041249645,0.001452019272896738,-0.005536953979002571,0.00015496157075264166,-0.0007243094598123889,0.0019666867443125756,0.07117548000042007,"{""dt"": 0.015625}"
8dfcbc303f2b,2026-09-24T19:52:34,zaki,scheme_order,paper_barrier,call,euler_maruyama,weak_call,{'fine_steps': 512},65536,64,3,4230183285,zaki-rehnoom_x86_64,-0.003931142714169628,0.0010692718125433387,-0.0060269154667545715,-0.0018353699615846846,,,0.07117548000042007,"{""dt"": 0.015625}"
3499d6acdcd1,2026-09-24T19:52:34,zaki,scheme_order,paper_barrier,call,euler_maruyama,weak_barrier,{'fine_steps': 512},65536,64,3,4230183285,zaki-rehnoom_x86_64,-0.005009249595638896,0.001259334312081366,-0.0074775448473183735,-0.002540954343959419,,,0.07117548000042007,"{""dt"": 0.015625}"
191e755d9527,2026-09-24T19:52:34,zaki,scheme_order,paper_barrier,call,milstein,strong_abs_terminal,{'fine_steps': 512},65536,64,3,4230183285,zaki-rehnoom_x86_64,0.008703222173003941,2.9789732887062774e-05,0.008644834296545298,0.008761610049462585,,,0.10384815500037803,"{""dt"": 0.015625}"
3ef446149683,2026-09-24T19:52:34,zaki,scheme_order,paper_barrier,call,milstein,weak_terminal_mean,{'fine_steps': 512},65536,64,3,4230183285,zaki-rehnoom_x86_64,-0.0007247726978296284,4.5113453932449267e-05,-0.000813195067537229,-0.0006363503281220279,-0.0007243094598123889,4.6323801723951574e-07,0.10384815500037803,"{""dt"": 0.015625}"
15f99fa88845,2026-09-24T19:52:34,zaki,scheme_order,paper_barrier,call,milstein,weak_call,{'fine_steps': 512},65536,64,3,4230183285,zaki-rehnoom_x86_64,-0.004097181452376517,3.2370238269231355e-05,-0.004160627119384211,-0.004033735785368824,,,0.10384815500037803,"{""dt"": 0.015625}"
89279bfefd8c,2026-09-24T19:52:34,zaki,scheme_order,paper_barrier,call,milstein,weak_barrier,{'fine_steps': 512},65536,64,3,4230183285,zaki-rehnoom_x86_64,-0.004207998481316875,0.00010776093733668272,-0.004419209918496774,-0.003996787044136977,,,0.10384815500037803,"{""dt"": 0.015625}"
342049f22b72,2026-09-24T19:52:34,zaki,scheme_order,paper_barrier,call,exact,price_call,{'fine_steps': 512},65536,128,3,4230183285,zaki-rehnoom_x86_64,7.133197597113804,0.04907282874633755,7.037014852770982,7.229380341456626,,,0.16738584400036416,"{""dt"": 0.0078125}"
660e4c275909,2026-09-24T19:52:34,zaki,scheme_order,paper_barrier,call,exact,price_barrier,{'fine_steps': 512},65536,128,3,4230183285,zaki-rehnoom_x86_64,7.092960776494314,0.04914164417608033,6.996643153909196,7.189278399079432,,,0.16738584400036416,"{""dt"": 0.0078125}"
3d428cfe1280,2026-09-24T19:52:34,zaki,scheme_order,paper_barrier,call,euler_maruyama,strong_abs_terminal,{'fine_steps': 512},65536,128,3,4230183285,zaki-rehnoom_x86_64,0.20534012006803695,0.0006387198117584984,0.2040882292369903,0.2065920108990836,,,0.13259776799941392,"{""dt"": 0.0078125}"
a8c0bde12a3e,2026-09-24T19:52:34,zaki,scheme_order,paper_barrier,call,euler_maruyama,weak_terminal_mean,{'fine_steps': 512},65536,128,3,4230183285,zaki-rehnoom_x86_64,-0.001350114741724944,0.0010253415054787885,-0.0033597840924633696,0.0006595546090134817,-0.00036221194078223107,0.000987902800942713,0.13259776799941392,"{""dt"": 0.0078125}"
cc9401be98d5,2026-09-24T19:52:34,zaki,scheme_order,paper_barrier,call,euler_maruyama,weak_call,{'fine_steps': 512},65536,128,3,4230183285,zaki-rehnoom_x86_64,-0.002152861695092868,0.0007544859284451866,-0.0036316541148454337,-0.0006740692753403024,,,0.13259776799941392,"{""dt"": 0.0078125}"
37310936649c,2026-09-24T19:52:34,zaki,scheme_order,paper_barrier,call,euler_maruyama,weak_barrier,{'fine_steps': 512},65536,128,3,4230183285,zaki-rehnoom_x86_64,-0.002259933569061954,0.0009458805918454758,-0.004113859529079086,-0.0004060076090448212,,,0.13259776799941392,"{""dt"": 0.0078125}"
c8c94d055ed4,2026-09-24T19:52:34,zaki,scheme_order,paper_barrier,call,milstein,strong_abs_terminal,{'fine_steps': 512},65536,128,3,4230183285,zaki-rehnoom_x86_64,0.004368787160634583,1.4766667451915437e-05,0.0043398444924288284,0.004397729828840337,,,0.18705172599948128,"{""dt"": 0.0078125}"
61f8b0444ddc,2026-09-24T19:52:34,zaki,scheme_order,paper_barrier,call,milstein,weak_terminal_mean,{'fine_steps': 512},65536,128,3,4230183285,zaki-rehnoom_x86_64,-0.0003490724710035804,2.2526282878698914e-05,-0.00039322398544583024,-0.00030492095656133055,-0.00036221194078223107,1.313946977865067e-05,0.18705172599948128,"{""dt"": 0.0078125}"
988449f3132e,2026-09-24T19:52:34,zaki,scheme_order,paper_barrier,call,milstein,weak_call,{'fine_steps': 512},65536,128,3,4230183285,zaki-rehnoom_x86_64,-0.0020365848377202345,1.618242527651026e-05,-0.0020683023912621947,-0.0020048672841782742,,,0.18705172599948128,"{""dt"": 0.0078125}"
b42803552a9d,2026-09-24T19:52:34,zaki,scheme_order,paper_barrier,call,milstein,weak_barrier,{'fine_steps': 512},65536,128,3,4230183285,zaki-rehnoom_x86_64,-0.002029649085365743,1.7760312292005026e-05,-0.0020644592974580728,-0.001994838873273413,,,0.18705172599948128,"{""dt"": 0.0078125}"
21c3eb3e84dd,2026-09-24T19:52:34,zaki,scheme_order,paper_barrier,call,exact,price_call,{'fine_steps': 512},65536,256,3,4230183285,zaki-rehnoom_x86_64,7.133197597113801,0.04907282874633754,7.037014852770979,7.229380341456623,,,0.31473362599945176,"{""dt"": 0.00390625}"
12eafbb01eed,2026-09-24T19:52:34,zaki,scheme_order,paper_barrier,call,exact,price_barrier,{'fine_steps': 512},65536,256,3,4230183285,zaki-rehnoom_x86_64,7.0979137026764665,0.04913381965690298,7.001611416148936,7.194215989203997,,,0.31473362599945176,"{""dt"": 0.00390625}"
9c617bd3593e,2026-09-24T19:52:34,zaki,scheme_order,paper_barrier,call,euler_maruyama,strong_abs_terminal,{'fine_steps': 512},65536,256,3,4230183285,zaki-rehnoom_x86_64,0.14550313024737363,0.0004511416047131263,0.1446188927021359,0.14638736779261136,,,0.2536646800008384,"{""dt"": 0.00390625}"
620db798eb85,2026-09-24T19:52:34,zaki,scheme_order,paper_barrier,call,euler_maruyama,weak_terminal_mean,{'fine_steps': 512},65536,256,3,4230183285,zaki-rehnoom_x86_64,-0.0014512716431402007,0.0007256361464567703,-0.0028735184901954704,-2.902479608493094e-05,-0.0001811202798052136,0.001270151363334987,0.2536646800008384,"{""dt"": 0.00390625}"
09d13667f926,2026-09-24T19:52:34,zaki,scheme_order,paper_barrier,call,euler_maruyama,weak_call,{'fine_steps': 512},65536,256,3,4230183285,zaki-rehnoom_x86_64,-0.001689218044987843,0.0005372754213043174,-0.002742277870744305,-0.0006361582192313808,,,0.2536646800008384,"{""dt"": 0.00390625}"
e0a691bad821,2026-09-24T19:52:34,zaki,scheme_order,paper_barrier,call,euler_maruyama,weak_barrier,{'fine_steps': 512},65536,256,3,4230183285,zaki-rehnoom_x86_64,-0.0015860129479600034,0.0006477640590690129,-0.0028556305037352684,-0.00031639539218473816,,,0.2536646800008384,"{""dt"": 0.00390625}"
34c1cdd79e8c,2026-09-24T19:52:34,zaki,scheme_order,paper_barrier,call,milstein,strong_abs_terminal,{'fine_steps': 512},65536,256,3,4230183285,zaki-rehnoom_x86_64,0.0021908772736305418,7.340877576342407e-06,0.0021764891535809108,0.0022052653936801728,,,0.36206051600038336,"{""dt"": 0.00390625}"
959b1f9fdcb1,2026-09-24T19:52:34,zaki,scheme_order,paper_barrier,call,milstein,weak_terminal_mean,{'fine_steps': 512},65536,256,3,4230183285,zaki-rehnoom_x86_64,-0.0001796806063085396,1.1253367631697952e-05,-0.00020173720686666758,-0.00015762400575041163,-0.0001811202798052136,1.43967349667401e-06,0.36206051600038336,"{""dt"": 0.00390625}"
6a9ed783aba5,2026-09-24T19:52:34,zaki,scheme_order,paper_barrier,call,milstein,weak_call,{'fine_steps': 512},65536,256,3,4230183285,zaki-rehnoom_x86_64,-0.0010214190880586502,8.106581167055876e-06,-0.0010373079871460796,-0.0010055301889712208,,,0.36206051600038336,"{""dt"": 0.00390625}"
0e810fbca229,2026-09-24T19:52:34,zaki,scheme_order,paper_barrier,call,milstein,weak_barrier,{'fine_steps': 512},65536,256,3,4230183285,zaki-rehnoom_x86_64,-0.0010151555457268765,8.087494801798706e-06,-0.0010310070355384019,-0.000999304055915351,,,0.36206051600038336,"{""dt"": 0.00390625}"
d5420a385ed9,2026-09-24T19:52:34,zaki,scheme_order,paper_barrier,call,exact,price_call,{'fine_steps': 512},65536,512,3,4230183285,zaki-rehnoom_x86_64,7.133197597113802,0.049072828746337546,7.03701485277098,7.229380341456624,,,0.6268194510007561,"{""dt"": 0.001953125}"
52d5020fe8ba,2026-09-24T19:52:34,zaki,scheme_order,paper_barrier,call,exact,price_barrier,{'fine_steps': 512},65536,512,3,4230183285,zaki-rehnoom_x86_64,7.101566212121839,0.04912775005793335,7.00527582200829,7.1978566022353885,,,0.6268194510007561,"{""dt"": 0.001953125}"
8dcb257a5cd9,2026-09-24T19:52:34,zaki,scheme_order,paper_barrier,call,euler_maruyama,strong_abs_terminal,{'fine_steps': 512},65536,512,3,4230183285,zaki-rehnoom_x86_64,0.10232633413492664,0.0003182524775270429,0.10170255927897363,0.10295010899087965,,,0.5330145129996708,"{""dt"": 0.001953125}"
a56d4c1f8a2e,2026-09-24T19:52:34,zaki,scheme_order,paper_barrier,call,euler_maruyama,weak_terminal_mean,{'fine_steps': 512},65536,512,3,4230183285,zaki-rehnoom_x86_64,1.2569257279327218e-05,0.000510937326831127,-0.0009888679033096817,0.001014006417868336,-9.056371841609234e-05,0.00010313297569541956,0.5330145129996708,"{""dt"": 0.001953125}"
0158c87b5476,2026-09-24T19:52:34,zaki,scheme_order,paper_barrier,call,euler_maruyama,weak_call,{'fine_steps': 512},65536,512,3,4230183285,zaki-rehnoom_x86_64,-0.0004607871005974682,0.00037809527643882377,-0.001201853842417563,0.00028027964122262635,,,0.5330145129996708,"{""dt"": 0.001953125}"
2b76eeaf5f78,2026-09-24T19:52:34,zaki,scheme_order,paper_barrier,call,euler_maruyama,weak_barrier,{'fine_steps': 512},65536,512,3,4230183285,zaki-rehnoom_x86_64,-0.00041388514687377346,0.0005204939809571331,-0.0014340533495497544,0.0006062830558022075,,,0.5330145129996708,"{""dt"": 0.001953125}"
b8be070b74bd,2026-09-24T19:52:34,zaki,scheme_order,paper_barrier,call,milstein,strong_abs_terminal,{'fine_steps': 512},65536,512,3,4230183285,zaki-rehnoom_x86_64,0.001097002571101529,3.6664776481542136e-06,0.0010898162749111468,0.0011041888672919113,,,0.7814437510000971,"{""dt"": 0.001953125}"
d6faac95c7fc,2026-09-24T19:52:34,zaki,scheme_order,paper_barrier,call,milstein,weak_terminal_mean,{'fine_steps': 512},65536,512,3,4230183285,zaki-rehnoom_x86_64,-9.285368185351945e-05,5.6280039420899425e-06,-0.00010388456958001573,-8.182279412702316e-05,-9.056371841609234e-05,2.289963437427105e-06,0.7814437510000971,"{""dt"": 0.001953125}"
feb613802070,2026-09-24T19:52:34,zaki,scheme_order,paper_barrier,call,milstein,weak_call,{'fine_steps': 512},65536,512,3,4230183285,zaki-rehnoom_x86_64,-0.0005132997136755441,4.0512304893544556e-06,-0.0005212401254346788,-0.0005053593019164093,,,0.7814437510000971,"{""dt"": 0.001953125}"
41668e8f9fb2,2026-09-24T19:52:34,zaki,scheme_order,paper_barrier,call,milstein,weak_barrier,{'fine_steps': 512},65536,512,3,4230183285,zaki-rehnoom_x86_64,-0.0005098806939048535,4.043777334285057e-06,-0.0005178064974800522,-0.0005019548903296548,,,0.7814437510000971,"{""dt"": 0.001953125}"
f40e1849c600,2026-09-24T19:52:41,zaki,scheme_order,paper_barrier,call,exact,price_call,{'fine_steps': 512},65536,4,4,1077134032,zaki-rehnoom_x86_64,7.1217661972459805,0.04899227505806364,7.025741338132176,7.217791056359785,,,0.01376710800013825,"{""dt"": 0.25}"
1cf5c723ab8a,2026-09-24T19:52:41,zaki,scheme_order,paper_barrier,call,exact,price_barrier,{'fine_steps': 512},65536,4,4,1077134032,zaki-rehnoom_x86_64,6.987340245419496,0.04921373542578202,6.890881323984964,7.083799166854028,,,0.01376710800013825,"{""dt"": 0.25}"
e6020a96fb2e,2026-09-24T19:52:41,zaki,scheme_order,paper_barrier,call,euler_maruyama,strong_abs_terminal,{'fine_steps': 512},65536,4,4,1077134032,zaki-rehnoom_x86_64,1.1082212714969657,0.003891325657678349,1.1005942732079161,1.1158482697860153,,,0.011102624999693944,"{""dt"": 0.25}"
2fe08d84a299,2026-09-24T19:52:41,zaki,scheme_order,paper_barrier,call,euler_maruyama,weak_terminal_mean,{'fine_steps': 512},65536,4,4,1077134032,zaki-rehnoom_x86_64,-0.011150922089156266,0.005820734721511205,-0.02255956214331823,0.0002577179650056962,-0.011534328945430161,0.00038340685627389487,0.011102624999693944,"{""dt"": 0.25}"
f6ef945bb8f1,2026-09-24T19:52:41,zaki,scheme_order,paper_barrier,call,euler_maruyama,weak_call,{'fine_steps': 512},65536,4,4,1077134032,zaki-rehnoom_x86_64,-0.055171142326535645,0.004241055507804047,-0.06348361112183158,-0.046858673531239715,,,0.011102624999693944,"{""dt"": 0.25}"
28c1bb878ce1,2026-09-24T19:52:41,zaki,scheme_order,paper_barrier,call,euler_maruyama,weak_barrier,{'fine_steps': 512},65536,4,4,1077134032,zaki-rehnoom_x86_64,-0.0628780356591882,0.004724571748927617,-0.07213819628708633,-0.05361787503129008,,,0.011102624999693944,"{""dt"": 0.25}"
0f0b3342d981,2026-09-24T19:52:41,zaki,scheme_order,paper_barrier,call,milstein,strong_abs_terminal,{'fine_steps': 512},65536,4,4,1077134032,zaki-rehnoom_x86_64,0.12026016159714988,0.0005342903038070873,0.11921295260168799,0.12130737059261176,,,0.009203126000102202,"{""dt"": 0.25}"
75f0327da23d,2026-09-24T19:52:41,zaki,scheme_order,paper_barrier,call,milstein,weak_terminal_mean,{'fine_steps': 512},65536,4,4,1077134032,zaki-rehnoom_x86_64,-0.011196364193465005,0.000710096459945312,-0.012588153254957817,-0.009804575131972193,-0.011534328945430161,0.00033796475196515643,0.009203126000102202,"{""dt"": 0.25}"
9c66a013c97f,2026-09-24T19:52:41,zaki,scheme_order,paper_barrier,call,milstein,weak_call,{'fine_steps': 512},65536,4,4,1077134032,zaki-rehnoom_x86_64,-0.06141286858180203,0.0005047090332643094,-0.06240209828700008,-0.060423638876603986,,,0.009203126000102202,"{""dt"": 0.25}"
26b278876c86,2026-09-24T19:52:41,zaki,scheme_order,paper_barrier,call,milstein,weak_barrier,{'fine_steps': 512},65536,4,4,1077134032,zaki-rehnoom_x86_64,-0.062398029615373586,0.0006660177475995416,-0.06370342440066869,-0.061092634830078485,,,0.009203126000102202,"{""dt"": 0.25}"
6ab2fb436238,2026-09-24T19:52:41,zaki,scheme_order,paper_barrier,call,exact,price_call,{'fine_steps': 512},65536,8,4,1077134032,zaki-rehnoom_x86_64,7.121766197245981,0.04899227505806367,7.0257413381321765,7.217791056359786,,,0.01953814400030751,"{""dt"": 0.125}"
f9e7b8175568,2026-09-24T19:52:41,zaki,scheme_order,paper_barrier,call,exact,price_barrier,{'fine_steps': 512},65536,8,4,1077134032,zaki-rehnoom_x86_64,7.023127890891496,0.04915643951881413,6.9267812694346205,7.119474512348372,,,0.01953814400030751,"{""dt"": 0.125}"
dca6dae5404f,2026-09-24T19:52:41,zaki,scheme_order,paper_barrier,call,euler_maruyama,strong_abs_terminal,{'fine_steps': 512},65536,8,4,1077134032,zaki-rehnoom_x86_64,0.7999585802520794,0.0026457162320476057,0.7947729764372662,0.8051441840668927,,,0.011350555999797507,"{""dt"": 0.125}"
9ededceed6f5,2026-09-24T19:52:41,zaki,scheme_order,paper_barrier,call,euler_maruyama,weak_terminal_mean,{'fine_steps': 512},65536,8,4,1077134032,zaki-rehnoom_x86_64,-0.0021720929563762443,0.004094448093328345,-0.0101972112192998,0.005853025306547311,-0.005781694413798277,0.003609601457422033,0.011350555999797507,"{""dt"": 0.125}"
b4a1b774b4f2,2026-09-24T19:52:41,zaki,scheme_order,paper_barrier,call,euler_maruyama,weak_call,{'fine_steps': 512},65536,8,4,1077134032,zaki-rehnoom_x86_64,-0.02029617153317791,0.0029743167009461586,-0.02612583226703238,-0.01446651079932344,,,0.011350555999797507,"{""dt"": 0.125}"
457e229a5b56,2026-09-24T19:52:41,zaki,scheme_order,paper_barrier,call,euler_maruyama,weak_barrier,{'fine_steps': 512},65536,8,4,1077134032,zaki-rehnoom_x86_64,-0.024664387212180144,0.0033531529318782476,-0.03123656695866151,-0.018092207465698777,,,0.011350555999797507,"{""dt"": 0.125}"
34a940fb5246,2026-09-24T19:52:41,zaki,scheme_order,paper_barrier,call,milstein,strong_abs_terminal,{'fine_steps': 512},65536,8,4,1077134032,zaki-rehnoom_x86_64,0.06434141930679903,0.000254997982503477,0.06384162326109222,0.06484121535250584,,,0.014153581998925802,"{""dt"": 0.125}"
9c8efcfe177e,2026-09-24T19:52:41,zaki,scheme_order,paper_barrier,call,milstein,weak_terminal_mean,{'fine_steps': 512},65536,8,4,1077134032,zaki-rehnoom_x86_64,-0.005695494213947391,0.0003573493613989613,-0.006395898962289355,-0.004995089465605427,-0.005781694413798277,8.620019985088653e-05,0.014153581998925802,"{""dt"": 0.125}"
2488e6495a56,2026-09-24T19:52:41,zaki,scheme_order,paper_barrier,call,milstein,weak_call,{'fine_steps': 512},65536,8,4,1077134032,zaki-rehnoom_x86_64,-0.03178929897748885,0.00025445672158312606,-0.032288034151791774,-0.03129056380318592,,,0.014153581998925802,"{""dt"": 0.125}"
45e19a4a1062,2026-09-24T19:52:41,zaki,scheme_order,paper_barrier,call,milstein,weak_barrier,{'fine_steps': 512},65536,8,4,1077134032,zaki-rehnoom_x86_64,-0.03214015482821128,0.0003790781239166257,-0.03288314795108787,-0.03139716170533469,,,0.014153581998925802,"{""dt"": 0.125}"
66757602601d,2026-09-24T19:52:41,zaki,scheme_order,paper_barrier,call,exact,price_call,{'fine_steps': 512},65536,16,4,1077134032,zaki-rehnoom_x86_64,7.1217661972459805,0.04899227505806364,7.025741338132176,7.217791056359785,,,0.030439832999945793,"{""dt"": 0.0625}"
0fda39a25cd9,2026-09-24T19:52:41,zaki,scheme_order,paper_barrier,call,exact,price_barrier,{'fine_steps': 512},65536,16,4,1077134032,zaki-rehnoom_x86_64,7.048003142352101,0.04911584755411312,6.95173608114604,7.144270203558163,,,0.030439832999945793,"{""dt"": 0.0625}"
0a11323ba12b,2026-09-24T19:52:41,zaki,scheme_order,paper_barrier,call,euler_maruyama,strong_abs_terminal,{'fine_steps': 512},65536,16,4,1077134032,zaki-rehnoom_x86_64,0.5747564139563587,0.001826491478118997,0.5711764906592455,0.5783363372534719,,,0.018618530000367173,"{""dt"": 0.0625}"
1b2cca2c16aa,2026-09-24T19:52:41,zaki,scheme_order,paper_barrier,call,euler_maruyama,weak_terminal_mean,{'fine_steps': 512},65536,16,4,1077134032,zaki-rehnoom_x86_64,-0.0010275427204272764,0.0028942694433968597,-0.006700310829485121,0.004645225388630569,-0.0028944951184826095,0.0018669523980553331,0.018618530000367173,"{""dt"": 0.0625}"
23543148bb1c,2026-09-24T19:52:41,zaki,scheme_order,paper_barrier,call,euler_maruyama,weak_call,{'fine_steps': 512},65536,16,4,1077134032,zaki-rehnoom_x86_64,-0.009669781432153562,0.0021087011654758576,-0.013802835716486241,-0.005536727147820881,,,0.018618530000367173,"{""dt"": 0.0625}"
2bb34c547ad0,2026-09-24T19:52:41,zaki,scheme_order,paper_barrier,call,euler_maruyama,weak_barrier,{'fine_steps': 512},65536,16,4,1077134032,zaki-rehnoom_x86_64,-0.01209600752353045,0.0024349712412282654,-0.01686855115633785,-0.0073234638907230505,,,0.018618530000367173,"{""dt"": 0.0625}"
d3373056ad1f,2026-09-24T19:52:41,zaki,scheme_order,paper_barrier,call,milstein,strong_abs_terminal,{'fine_steps': 512},65536,16,4,1077134032,zaki-rehnoom_x86_64,0.03338615724718792,0.00012222001952557948,0.033146606008917785,0.03362570848545806,,,0.026113741999324702,"{""dt"": 0.0625}"
9ceedbbd58b8,2026-09-24T19:52:41,zaki,scheme_order,paper_barrier,call,milstein,weak_terminal_mean,{'fine_steps': 512},65536,16,4,1077134032,zaki-rehnoom_x86_64,-0.0027233757771159463,0.0001784175099799134,-0.0030730740966765768,-0.002373677457555316,-0.0028944951184826095,0.0001711193413666632,0.026113741999324702,"{""dt"": 0.0625}"
ea7243032b85,2026-09-24T19:52:41,zaki,scheme_order,paper_barrier,call,milstein,weak_call,{'fine_steps': 512},65536,16,4,1077134032,zaki-rehnoom_x86_64,-0.01602355459226911,0.00012709415974987182,-0.01627265914537886,-0.015774450039159362,,,0.026113741999324702,"{""dt"": 0.0625}"
aaef4d205deb,2026-09-24T19:52:41,zaki,scheme_order,paper_barrier,call,milstein,weak_barrier,{'fine_steps': 512},65536,16,4,1077134032,zaki-rehnoom_x86_64,-0.016090170271930673,0.0002053805971002057,-0.016492716242247078,-0.01568762430161427,,,0.026113741999324702,"{""dt"": 0.0625}"
a1c410d2404e,2026-09-24T19:52:41,zaki,scheme_order,paper_barrier,call,exact,price_call,{'fine_steps': 512},65536,32,4,1077134032,zaki-rehnoom_x86_64,7.121766197245981,0.04899227505806365,7.0257413381321765,7.217791056359786,,,0.04642529399916384,"{""dt"": 0.03125}"
a57b059db403,2026-09-24T19:52:41,zaki,scheme_order,paper_barrier,call,exact,price_barrier,{'fine_steps': 512},65536,32,4,1077134032,zaki-rehnoom_x86_64,7.063148411850577,0.049091610727681485,6.966928854824321,7.159367968876833,,,0.04642529399916384,"{""dt"": 0.03125}"
620789ec71c5,2026-09-24T19:52:41,zaki,scheme_order,paper_barrier,call,euler_maruyama,strong_abs_terminal,{'fine_steps': 512},65536,32,4,1077134032,zaki-rehnoom_x86_64,0.40853213982422676,0.0012802561008804331,0.4060228378665011,0.4110414417819524,,,0.037114051999651565,"{""dt"": 0.03125}"
3d4b3727b00f,2026-09-24T19:52:41,zaki,scheme_order,paper_barrier,call,euler_maruyama,weak_terminal_mean,{'fine_steps': 512},65536,32,4,1077134032,zaki-rehnoom_x86_64,-0.000699290328027298,0.0020459120776662896,-0.004709278000253225,0.0033106973441986293,-0.0014481614756078898,0.0007488711475805918,0.037114051999651565,"{""dt"": 0.03125}"
cd45eaccbfbf,2026-09-24T19:52:41,zaki,scheme_order,paper_barrier,call,euler_maruyama,weak_call,{'fine_steps': 512},65536,32,4,1077134032,zaki-rehnoom_x86_64,-0.004554756194901827,0.0014888465541135615,-0.007472895440964408,-0.0016366169488392468,,,0.037114051999651565,"{""dt"": 0.03125}"
1fa89bc1b225,2026-09-24T19:52:41,zaki,scheme_order,paper_barrier,call,euler_maruyama,weak_barrier,{'fine_steps': 512},65536,32,4,1077134032,zaki-rehnoom_x86_64,-0.005699042633559525,0.0017529482949336956,-0.009134821291629569,-0.0022632639754894815,,,0.037114051999651565,"{""dt"": 0.03125}"
a4b2b513d77c,2026-09-24T19:52:41,zaki,scheme_order,paper_barrier,call,milstein,strong_abs_terminal,{'fine_steps': 512},65536,32,4,1077134032,zaki-rehnoom_x86_64,0.017128450785155905,6.008086645461534e-05,0.01701069228690486,0.017246209283406953,,,0.051907272999415,"{""dt"": 0.03125}"
07d6031bfb53,2026-09-24T19:52:41,zaki,scheme_order,paper_barrier,call,milstein,weak_terminal_mean,{'fine_steps': 512},65536,32,4,1077134032,zaki-rehnoom_x86_64,-0.0013512192042593708,8.97697104988945e-05,-0.001527167836837204,-0.0011752705716815376,-0.0014481614756078898,9.694227134851899e-05,0.051907272999415,"{""dt"": 0.03125}"
7a8afbf71ad4,2026-09-24T19:52:41,zaki,scheme_order,paper_barrier,call,milstein,weak_call,{'fine_steps': 512},65536,32,4,1077134032,zaki-rehnoom_x86_64,-0.008093161611641387,6.412955433945948e-05,-0.008218855538146727,-0.007967467685136046,,,0.051907272999415,"{""dt"": 0.03125}"
5d88737ac99e,2026-09-24T19:52:41,zaki,scheme_order,paper_barrier,call,milstein,weak_barrier,{'fine_steps': 512},65536,32,4,1077134032,zaki-rehnoom_x86_64,-0.00813286931281871,0.00013817984783252117,-0.00840370181457045,-0.007862036811066968,,,0.051907272999415,"{""dt"": 0.03125}"
59a99c755709,2026-09-24T19:52:41,zaki,scheme_order,paper_barrier,call,exact,price_call,{'fine_steps': 512},65536,64,4,1077134032,zaki-rehnoom_x86_64,7.121766197245978,0.04899227505806364,7.025741338132173,7.217791056359783,,,0.08460287099933339,"{""dt"": 0.015625}"
318c28261a98,2026-09-24T19:52:41,zaki,scheme_order,paper_barrier,call,exact,price_barrier,{'fine_steps': 512},65536,64,4,1077134032,zaki-rehnoom_x86_64,7.0751556615392435,0.04907207510863917,6.97897439432631,7.171336928752177,,,0.08460287099933339,"{""dt"": 0.015625}"
696ec45caa43,2026-09-24T19:52:41,zaki,scheme_order,paper_barrier,call,euler_maruyama,strong_abs_terminal,{'fine_steps': 512},65536,64,4,1077134032,zaki-rehnoom_x86_64,0.2905996501150199,0.0009041127001220952,0.2888275892227806,0.2923717110072592,,,0.06470310000031532,"{""dt"": 0.015625}"
051b485d4a10,2026-09-24T19:52:41,zaki,scheme_order,paper_barrier,call,euler_maruyama,weak_terminal_mean,{'fine_steps': 512},65536,64,4,1077134032,zaki-rehnoom_x86_64,-0.0010558966752480465,0.0014512060616531713,-0.0039002605560882623,0.0017884672055921693,-0.0007243094598123889,0.00033158721543565754,0.06470310000031532,"{""dt"": 0.015625}"
e83bd058265a,2026-09-24T19:52:41,zaki,scheme_order,paper_barrier,call,euler_maruyama,weak_call,{'fine_steps': 512},65536,64,4,1077134032,zaki-rehnoom_x86_64,-0.0028936964283797564,0.0010627115362926245,-0.0049766110395133,-0.0008107818172462125,,,0.06470310000031532,"{""dt"": 0.015625}"
9f28b082c265,2026-09-24T19:52:41,zaki,scheme_order,paper_barrier,call,euler_maruyama,weak_barrier,{'fine_steps': 512},65536,64,4,1077134032,zaki-rehnoom_x86_64,-0.0021046836948876244,0.0012694603339447167,-0.004592825949419269,0.0003834585596440205,,,0.06470310000031532,"{""dt"": 0.015625}"
36b68d1b4d76,2026-09-24T19:52:41,zaki,scheme_order,paper_barrier,call,milstein,strong_abs_terminal,{'fine_steps': 512},65536,64,4,1077134032,zaki-rehnoom_x86_64,0.00865239681635658,2.9671760439013277e-05,0.008594240165896114,0.008710553466817044,,,0.09224178200020106,"{""dt"": 0.015625}"
d3e2f2d666fa,2026-09-24T19:52:41,zaki,scheme_order,paper_barrier,call,milstein,weak_terminal_mean,{'fine_steps': 512},65536,64,4,1077134032,zaki-rehnoom_x86_64,-0.0006966714504603292,4.489274275457987e-05,-0.0007846612262593058,-0.0006086816746613527,-0.0007243094598123889,2.7638009352059676e-05,0.09224178200020106,"{""dt"": 0.015625}"
5597a6d17096,2026-09-24T19:52:41,zaki,scheme_order,paper_barrier,call,milstein,weak_call,{'fine_steps': 512},65536,64,4,1077134032,zaki-rehnoom_x86_64,-0.0040623087102791035,3.219951561933725e-05,-0.004125419760893005,-0.003999197659665202,,,0.09224178200020106,"{""dt"": 0.015625}"
45bd7ab15616,2026-09-24T19:52:41,zaki,scheme_order,paper_barrier,call,milstein,weak_barrier,{'fine_steps': 512},65536,64,4,1077134032,zaki-rehnoom_x86_64,-0.004124293317808644,7.701545940399075e-05,-0.004275243618240466,-0.003973343017376822,,,0.09224178200020106,"{""dt"": 0.015625}"
cdc44d4f0baf,2026-09-24T19:52:41,zaki,scheme_order,paper_barrier,call,exact,price_call,{'fine_steps': 512},65536,128,4,1077134032,zaki-rehnoom_x86_64,7.121766197245979,0.04899227505806364,7.025741338132174,7.217791056359784,,,0.15986968400011392,"{""dt"": 0.0078125}"
48dc85ea3405,2026-09-24T19:52:41,zaki,scheme_order,paper_barrier,call,exact,price_barrier,{'fine_steps': 512},65536,128,4,1077134032,zaki-rehnoom_x86_64,7.0831493116501285,0.049059172175214785,6.986993334186708,7.179305289113549,,,0.15986968400011392,"{""dt"": 0.0078125}"
31fda0845256,2026-09-24T19:52:41,zaki,scheme_order,paper_barrier,call,euler_maruyama,strong_abs_terminal,{'fine_steps': 512},65536,128,4,1077134032,zaki-rehnoom_x86_64,0.20567292176919416,0.0006420680175277948,0.20441446845483968,0.20693137508354864,,,0.12497209500043027,"{""dt"": 0.0078125}"
f06764f5511a,2026-09-24T19:52:41,zaki,scheme_order,paper_barrier,call,euler_maruyama,weak_terminal_mean,{'fine_steps': 512},65536,128,4,1077134032,zaki-rehnoom_x86_64,-0.001356232138544437,0.001028445676519621,-0.003371985664522894,0.0006595213874340199,-0.00036221194078223107,0.0009940201977622059,0.12497209500043027,"{""dt"": 0.0078125}"
cbe40f8ea75c,2026-09-24T19:52:41,zaki,scheme_order,paper_barrier,call,euler_maruyama,weak_call,{'fine_steps': 512},65536,128,4,1077134032,zaki-rehnoom_x86_64,-0.00184223526561135,0.0007586683524332777,-0.003329225236380574,-0.0003552452948421259,,,0.12497209500043027,"{""dt"": 0.0078125}"
d9975c416b62,2026-09-24T19:52:41,zaki,scheme_order,paper_barrier,call,euler_maruyama,weak_barrier,{'fine_steps': 512},65536,128,4,1077134032,zaki-rehnoom_x86_64,-0.0016311500051801567,0.0009182887177759162,-0.003430995892020953,0.0001686958816606392,,,0.12497209500043027,"{""dt"": 0.0078125}"
f733a63e8fae,2026-09-24T19:52:41,zaki,scheme_order,paper_barrier,call,milstein,strong_abs_terminal,{'fine_steps': 512},65536,128,4,1077134032,zaki-rehnoom_x86_64,0.0043638547048733215,1.4729351297370887e-05,0.004334985176330475,0.004392724233416168,,,0.18862455900034547,"{""dt"": 0.0078125}"
4b68f34ce61c,2026-09-24T19:52:41,zaki,scheme_order,paper_barrier,call,milstein,weak_terminal_mean,{'fine_steps': 512},65536,128,4,1077134032,zaki-rehnoom_x86_64,-0.00036224064644749146,2.248405119696425e-05,-0.0004063093867935414,-0.0003181719061014415,-0.00036221194078223107,2.8705665260390575e-08,0.18862455900034547,"{""dt"": 0.0078125}"
8bf8e3b3fb8a,2026-09-24T19:52:41,zaki,scheme_order,paper_barrier,call,milstein,weak_call,{'fine_steps': 512},65536,128,4,1077134032,zaki-rehnoom_x86_64,-0.002040705271620134,1.6157756854557286e-05,-0.002072374475055066,-0.0020090360681852015,,,0.18862455900034547,"{""dt"": 0.0078125}"
4beae5c75a10,2026-09-24T19:52:41,zaki,scheme_order,paper_barrier,call,milstein,weak_barrier,{'fine_steps': 512},65536,128,4,1077134032,zaki-rehnoom_x86_64,-0.002023539413610533,1.6126508297910033e-05,-0.0020551473698744364,-0.0019919314573466295,,,0.18862455900034547,"{""dt"": 0.0078125}"
dc9a4247eda7,2026-09-24T19:52:41,zaki,scheme_order,paper_barrier,call,exact,price_call,{'fine_steps': 512},65536,256,4,1077134032,zaki-rehnoom_x86_64,7.121766197245974,0.048992275058063625,7.025741338132169,7.217791056359779,,,0.31210164000003715,"{""dt"": 0.00390625}"
e7368d5a7487,2026-09-24T19:52:41,zaki,scheme_order,paper_barrier,call,exact,price_barrier,{'fine_steps': 512},65536,256,4,1077134032,zaki-rehnoom_x86_64,7.088965387355784,0.04904979593980245,6.992827787313771,7.185102987397797,,,0.31210164000003715,"{""dt"": 0.00390625}"
8f9a58117922,2026-09-24T19:52:41,zaki,scheme_order,paper_barrier,call,euler_maruyama,strong_abs_terminal,{'fine_steps': 512},65536,256,4,1077134032,zaki-rehnoom_x86_64,0.14475181571808077,0.0004523900702795953,0.14386513118033276,0.14563850025582878,,,0.2531822170003579,"{""dt"": 0.00390625}"
a0dcf2d2b67b,2026-09-24T19:52:41,zaki,scheme_order,paper_barrier,call,euler_maruyama,weak_terminal_mean,{'fine_steps': 512},65536,256,4,1077134032,zaki-rehnoom_x86_64,-0.0008700900540063661,0.0007241331746876504,-0.002289391076394161,0.0005492109683814286,-0.0001811202798052136,0.0006889697742011525,0.2531822170003579,"{""dt"": 0.00390625}"
432d3d1988ed,2026-09-24T19:52:41,zaki,scheme_order,paper_barrier,call,euler_maruyama,weak_call,{'fine_steps': 512},65536,256,4,1077134032,zaki-rehnoom_x86_64,-0.0014090726062867562,0.000535723047893804,-0.002459089780158612,-0.0003590554324149004,,,0.2531822170003579,"{""dt"": 0.00390625}"
8437d3228cdd,2026-09-24T19:52:41,zaki,scheme_order,paper_barrier,call,euler_maruyama,weak_barrier,{'fine_steps': 512},65536,256,4,1077134032,zaki-rehnoom_x86_64,-0.001561526496460122,0.0006635585919670192,-0.00286210133671548,-0.0002609516562047645,,,0.2531822170003579,"{""dt"": 0.00390625}"
bf503db45a5d,2026-09-24T19:52:41,zaki,scheme_order,paper_barrier,call,milstein,strong_abs_terminal,{'fine_steps': 512},65536,256,4,1077134032,zaki-rehnoom_x86_64,0.002191778203542998,7.35612413744629e-06,0.0021773602002336033,0.002206196206852393,,,0.35477113100023416,"{""dt"": 0.00390625}"
dd46b5ec9cf9,2026-09-24T19:52:41,zaki,scheme_order,paper_barrier,call,milstein,weak_terminal_mean,{'fine_steps': 512},65536,256,4,1077134032,zaki-rehnoom_x86_64,-0.00017974554625417225,1.126597778031139e-05,-0.00020182686270358256,-0.00015766422980476193,-0.0001811202798052136,1.3747335510413657e-06,0.35477113100023416,"{""dt"": 0.00390625}"
7883a384bf10,2026-09-24T19:52:41,zaki,scheme_order,paper_barrier,call,milstein,weak_call,{'fine_steps': 512},65536,256,4,1077134032,zaki-rehnoom_x86_64,-0.001023770268436783,8.105534816877512e-06,-0.001039657116677863,-0.001007883420195703,,,0.35477113100023416,"{""dt"": 0.00390625}"
8369ccee91b8,2026-09-24T19:52:41,zaki,scheme_order,paper_barrier,call,milstein,weak_barrier,{'fine_steps': 512},65536,256,4,1077134032,zaki-rehnoom_x86_64,-0.0010175533403458134,8.089063992799998e-06,-0.0010334079057717014,-0.0010016987749199254,,,0.35477113100023416,"{""dt"": 0.00390625}"
494febe21908,2026-09-24T19:52:41,zaki,scheme_order,paper_barrier,call,exact,price_call,{'fine_steps': 512},65536,512,4,1077134032,zaki-rehnoom_x86_64,7.121766197245974,0.04899227505806363,7.025741338132169,7.217791056359779,,,0.6454160570001477,"{""dt"": 0.001953125}"
a1616e5aa5e6,2026-09-24T19:52:41,zaki,scheme_order,paper_barrier,call,exact,price_barrier,{'fine_steps': 512},65536,512,4,1077134032,zaki-rehnoom_x86_64,7.092225142129699,0.04904442562011503,6.996098067914273,7.188352216345125,,,0.6454160570001477,"{""dt"": 0.001953125}"
749c6b65e753,2026-09-24T19:52:41,zaki,scheme_order,paper_barrier,call,euler_maruyama,strong_abs_terminal,{'fine_steps': 512},65536,512,4,1077134032,zaki-rehnoom_x86_64,0.10260101257458172,0.0003192845263798607,0.1019752149028772,0.10322681024628624,,,0.530529758999819,"{""dt"": 0.001953125}"
0a82fd561a95,2026-09-24T19:52:41,zaki,scheme_order,paper_barrier,call,euler_maruyama,weak_terminal_mean,{'fine_steps': 512},65536,512,4,1077134032,zaki-rehnoom_x86_64,-0.00038780453360370945,0.0005124173551183435,-0.0013921425496356628,0.0006165334824282439,-9.056371841609234e-05,0.0002972408151876171,0.530529758999819,"{""dt"": 0.001953125}"
e9365d2cb9de,2026-09-24T19:52:41,zaki,scheme_order,paper_barrier,call,euler_maruyama,weak_call,{'fine_steps': 512},65536,512,4,1077134032,zaki-rehnoom_x86_64,-0.0005566350778322812,0.00037824793600589477,-0.0012980010324038348,0.00018473087673927257,,,0.530529758999819,"{""dt"": 0.001953125}"
fb1ef6b24c8d,2026-09-24T19:52:41,zaki,scheme_order,paper_barrier,call,euler_maruyama,weak_barrier,{'fine_steps': 512},65536,512,4,1077134032,zaki-rehnoom_x86_64,-0.0007345850490133249,0.0004716405829203348,-0.001659000591537181,0.00018983049351053126,,,0.530529758999819,"{""dt"": 0.001953125}"
d27b6451695b,2026-09-24T19:52:41,zaki,scheme_order,paper_barrier,call,milstein,strong_abs_terminal,{'fine_steps': 512},65536,512,4,1077134032,zaki-rehnoom_x86_64,0.0010953823695129636,3.64889389713332e-06,0.0010882305374745823,0.001102534201551345,,,0.7673021939999671,"{""dt"": 0.001953125}"
be16dfdee843,2026-09-24T19:52:41,zaki,scheme_order,paper_barrier,call,milstein,weak_terminal_mean,{'fine_steps': 512},65536,512,4,1077134032,zaki-rehnoom_x86_64,-8.910825331510486e-05,5.612663757531754e-06,-0.00010010907427986709,-7.810743235034262e-05,-9.056371841609234e-05,1.455465100987487e-06,0.7673021939999671,"{""dt"": 0.001953125}"
57de7ba9a609,2026-09-24T19:52:41,zaki,scheme_order,paper_barrier,call,milstein,weak_call,{'fine_steps': 512},65536,512,4,1077134032,zaki-rehnoom_x86_64,-0.0005090849672292948,4.033552623075931e-06,-0.0005169907303705237,-0.000501179204088066,,,0.7673021939999671,"{""dt"": 0.001953125}"
4b7248d186a0,2026-09-24T19:52:41,zaki,scheme_order,paper_barrier,call,milstein,weak_barrier,{'fine_steps': 512},65536,512,4,1077134032,zaki-rehnoom_x86_64,-0.0005065657688407238,4.024591609128862e-06,-0.0005144539683946163,-0.0004986775692868312,,,0.7673021939999671,"{""dt"": 0.001953125}"
28a82d08fe07,2026-09-24T19:52:48,zaki,scheme_order,paper_barrier,call,exact,price_call,{'fine_steps': 512},65536,4,5,1059466500,zaki-rehnoom_x86_64,7.137329448979681,0.04915982789287546,7.040976186309646,7.233682711649717,,,0.01914335199899142,"{""dt"": 0.25}"
3d362c1809ca,2026-09-24T19:52:48,zaki,scheme_order,paper_barrier,call,exact,price_barrier,{'fine_steps': 512},65536,4,5,1059466500,zaki-rehnoom_x86_64,6.996829386393959,0.04938970968928223,6.900025555402966,7.0936332173849515,,,0.01914335199899142,"{""dt"": 0.25}"
e57bf90546e9,2026-09-24T19:52:48,zaki,scheme_order,paper_barrier,call,euler_maruyama,strong_abs_terminal,{'fine_steps': 512},65536,4,5,1059466500,zaki-rehnoom_x86_64,1.1091565691685072,0.0039179723619109565,1.1014773433391618,1.1168357949978527,,,0.011903438999524951,"{""dt"": 0.25}"
303c902bb445,2026-09-24T19:52:48,zaki,scheme_order,paper_barrier,call,euler_maruyama,weak_terminal_mean,{'fine_steps': 512},65536,4,5,1059466500,zaki-rehnoom_x86_64,-0.004472331258347806,0.005841428139750717,-0.01592153041225921,0.006976867895563598,-0.011534328945430161,0.007061997687082355,0.011903438999524951,"{""dt"": 0.25}"
f32740f8bf61,2026-09-24T19:52:48,zaki,scheme_order,paper_barrier,call,euler_maruyama,weak_call,{'fine_steps': 512},65536,4,5,1059466500,zaki-rehnoom_x86_64,-0.050783344214395565,0.004273944834986454,-0.059160276090969015,-0.042406412337822115,,,0.011903438999524951,"{""dt"": 0.25}"
697305c9ca34,2026-09-24T19:52:48,zaki,scheme_order,paper_barrier,call,euler_maruyama,weak_barrier,{'fine_steps': 512},65536,4,5,1059466500,zaki-rehnoom_x86_64,-0.05536796877641985,0.004785068572430985,-0.06474670317838457,-0.04598923437445512,,,0.011903438999524951,"{""dt"": 0.25}"
8e6eddd04a8d,2026-09-24T19:52:48,zaki,scheme_order,paper_barrier,call,milstein,strong_abs_terminal,{'fine_steps': 512},65536,4,5,1059466500,zaki-rehnoom_x86_64,0.12047423937185307,0.0005345040553682485,0.1194266114233313,0.12152186732037484,,,0.009796851000373863,"{""dt"": 0.25}"
c03655650bdf,2026-09-24T19:52:48,zaki,scheme_order,paper_barrier,call,milstein,weak_terminal_mean,{'fine_steps': 512},65536,4,5,1059466500,zaki-rehnoom_x86_64,-0.011653325168606428,0.0007106986001707749,-0.013046294424941146,-0.01026035591227171,-0.011534328945430161,0.00011899622317626708,0.009796851000373863,"{""dt"": 0.25}"
0c6f37758aac,2026-09-24T19:52:48,zaki,scheme_order,paper_barrier,call,milstein,weak_call,{'fine_steps': 512},65536,4,5,1059466500,zaki-rehnoom_x86_64,-0.06169546868771224,0.0005081847475430792,-0.06269151079289667,-0.060699426582527805,,,0.009796851000373863,"{""dt"": 0.25}"
39feed33c5c4,2026-09-24T19:52:48,zaki,scheme_order,paper_barrier,call,milstein,weak_barrier,{'fine_steps': 512},65536,4,5,1059466500,zaki-rehnoom_x86_64,-0.062201157236284,0.0006530248904567448,-0.06348108602157922,-0.06092122845098878,,,0.009796851000373863,"{""dt"": 0.25}"
a182f8cbc5d7,2026-09-24T19:52:48,zaki,scheme_order,paper_barrier,call,exact,price_call,{'fine_steps': 512},65536,8,5,1059466500,zaki-rehnoom_x86_64,7.137329448979684,0.04915982789287547,7.040976186309648,7.2336827116497195,,,0.01645621099987693,"{""dt"": 0.125}"
d56cd5e83ff2,2026-09-24T19:52:48,zaki,scheme_order,paper_barrier,call,exact,price_barrier,{'fine_steps': 512},65536,8,5,1059466500,zaki-rehnoom_x86_64,7.036466613847153,0.049326638311980205,6.939786402755672,7.133146824938635,,,0.01645621099987693,"{""dt"": 0.125}"
9b7dd95c32ba,2026-09-24T19:52:48,zaki,scheme_order,paper_barrier,call,euler_maruyama,strong_abs_terminal,{'fine_steps': 512},65536,8,5,1059466500,zaki-rehnoom_x86_64,0.8014594750653214,0.0026509988663390304,0.7962635172872969,0.806655432843346,,,0.010713806000694603,"{""dt"": 0.125}"
b0ce90276c0e,2026-09-24T19:52:48,zaki,scheme_order,paper_barrier,call,euler_maruyama,weak_terminal_mean,{'fine_steps': 512},65536,8,5,1059466500,zaki-rehnoom_x86_64,0.0027952980256585117,0.00410233037868074,-0.005245269516555738,0.010835865567872761,-0.005781694413798277,0.008576992439456789,0.010713806000694603,"{""dt"": 0.125}"
ae5f5b94ed11,2026-09-24T19:52:48,zaki,scheme_order,paper_barrier,call,euler_maruyama,weak_call,{'fine_steps': 512},65536,8,5,1059466500,zaki-rehnoom_x86_64,-0.019203867316699697,0.0030113751482853594,-0.025106162607339,-0.013301572026060393,,,0.010713806000694603,"{""dt"": 0.125}"
de71f1984f5a,2026-09-24T19:52:48,zaki,scheme_order,paper_barrier,call,euler_maruyama,weak_barrier,{'fine_steps': 512},65536,8,5,1059466500,zaki-rehnoom_x86_64,-0.021830881897492445,0.0033757945921184308,-0.02844743929804457,-0.01521432449694032,,,0.010713806000694603,"{""dt"": 0.125}"
e682df5a6237,2026-09-24T19:52:48,zaki,scheme_order,paper_barrier,call,milstein,strong_abs_terminal,{'fine_steps': 512},65536,8,5,1059466500,zaki-rehnoom_x86_64,0.06423427902491857,0.00025696435808509704,0.06373062888307178,0.06473792916676537,,,0.013961286999801814,"{""dt"": 0.125}"
a0b7b683ce96,2026-09-24T19:52:48,zaki,scheme_order,paper_barrier,call,milstein,weak_terminal_mean,{'fine_steps': 512},65536,8,5,1059466500,zaki-rehnoom_x86_64,-0.005916834959168549,0.00035840738498869765,-0.006619313433746396,-0.0052143564845907025,-0.005781694413798277,0.00013514054537027212,0.013961286999801814,"{""dt"": 0.125}"
380707775d89,2026-09-24T19:52:48,zaki,scheme_order,paper_barrier,call,milstein,weak_call,{'fine_steps': 512},65536,8,5,1059466500,zaki-rehnoom_x86_64,-0.03183380943251129,0.00025690628898258824,-0.03233734575891716,-0.031330273106105415,,,0.013961286999801814,"{""dt"": 0.125}"
64ea8ea5302c,2026-09-24T19:52:48,zaki,scheme_order,paper_barrier,call,milstein,weak_barrier,{'fine_steps': 512},65536,8,5,1059466500,zaki-rehnoom_x86_64,-0.03219913034068227,0.00038280220282171235,-0.032949422658212824,-0.03144883802315171,,,0.013961286999801814,"{""dt"": 0.125}"
5cee913167da,2026-09-24T19:52:48,zaki,scheme_order,paper_barrier,call,exact,price_call,{'fine_steps': 512},65536,16,5,1059466500,zaki-rehnoom_x86_64,7.137329448979681,0.04915982789287546,7.040976186309646,7.233682711649717,,,0.02918722600043111,"{""dt"": 0.0625}"
c2268f7c183e,2026-09-24T19:52:48,zaki,scheme_order,paper_barrier,call,exact,price_barrier,{'fine_steps': 512},65536,16,5,1059466500,zaki-rehnoom_x86_64,7.061970173818758,0.049285483457772575,6.965370626241524,7.158569721395993,,,0.02918722600043111,"{""dt"": 0.0625}"
6e673c3b78e3,2026-09-24T19:52:48,zaki,scheme_order,paper_barrier,call,euler_maruyama,strong_abs_terminal,{'fine_steps': 512},65536,16,5,1059466500,zaki-rehnoom_x86_64,0.5738988575807638,0.001834791238588349,0.5703026667531306,0.5774950484083969,,,0.018627818000823027,"{""dt"": 0.0625}"
0d839d89f201,2026-09-24T19:52:48,zaki,scheme_order,paper_barrier,call,euler_maruyama,weak_terminal_mean,{'fine_steps': 512},65536,16,5,1059466500,zaki-rehnoom_x86_64,0.0015854731946072739,0.002896917402837876,-0.004092484914954963,0.0072634313041695115,-0.0028944951184826095,0.004479968313089883,0.018627818000823027,"{""dt"": 0.0625}"
3051f6e387d4,2026-09-24T19:52:48,zaki,scheme_order,paper_barrier,call,euler_maruyama,weak_call,{'fine_steps': 512},65536,16,5,1059466500,zaki-rehnoom_x86_64,-0.008985800396939627,0.002130964346044519,-0.013162490515186885,-0.0048091102786923705,,,0.018627818000823027,"{""dt"": 0.0625}"
7cd3482eca88,2026-09-24T19:52:48,zaki,scheme_order,paper_barrier,call,euler_maruyama,weak_barrier,{'fine_steps': 512},65536,16,5,1059466500,zaki-rehnoom_x86_64,-0.010641955174679812,0.002401690544252275,-0.015349268641414272,-0.005934641707945353,,,0.018627818000823027,"{""dt"": 0.0625}"
31c4310c5832,2026-09-24T19:52:48,zaki,scheme_order,paper_barrier,call,milstein,strong_abs_terminal,{'fine_steps': 512},65536,16,5,1059466500,zaki-rehnoom_x86_64,0.03345717364021974,0.00012443401263597891,0.03321328297545322,0.033701064304986254,,,0.024334490000001097,"{""dt"": 0.0625}"
dcfa8349672c,2026-09-24T19:52:48,zaki,scheme_order,paper_barrier,call,milstein,weak_terminal_mean,{'fine_steps': 512},65536,16,5,1059466500,zaki-rehnoom_x86_64,-0.0029976588777694624,0.00018007606212172033,-0.003350607959528034,-0.0026447097960108907,-0.0028944951184826095,0.00010316375928685288,0.024334490000001097,"{""dt"": 0.0625}"
16e2672714c1,2026-09-24T19:52:48,zaki,scheme_order,paper_barrier,call,milstein,weak_call,{'fine_steps': 512},65536,16,5,1059466500,zaki-rehnoom_x86_64,-0.016158057971201525,0.00012957506942675638,-0.016412025107277968,-0.015904090835125083,,,0.024334490000001097,"{""dt"": 0.0625}"
b438a2f48386,2026-09-24T19:52:48,zaki,scheme_order,paper_barrier,call,milstein,weak_barrier,{'fine_steps': 512},65536,16,5,1059466500,zaki-rehnoom_x86_64,-0.016214511723201586,0.00019392319219516745,-0.016594601179904113,-0.01583442226649906,,,0.024334490000001097,"{""dt"": 0.0625}"
73a32715bc1a,2026-09-24T19:52:48,zaki,scheme_order,paper_barrier,call,exact,price_call,{'fine_steps': 512},65536,32,5,1059466500,zaki-rehnoom_x86_64,7.137329448979681,0.04915982789287547,7.040976186309646,7.233682711649717,,,0.04409626799952093,"{""dt"": 0.03125}"
455c4cc8a41c,2026-09-24T19:52:48,zaki,scheme_order,paper_barrier,call,exact,price_barrier,{'fine_steps': 512},65536,32,5,1059466500,zaki-rehnoom_x86_64,7.078921289395858,0.049258164362692355,6.982375287244981,7.175467291546735,,,0.04409626799952093,"{""dt"": 0.03125}"
db8a75bb091d,2026-09-24T19:52:48,zaki,scheme_order,paper_barrier,call,euler_maruyama,strong_abs_terminal,{'fine_steps': 512},65536,32,5,1059466500,zaki-rehnoom_x86_64,0.40774356477738344,0.0012884286252509956,0.4052182446718915,0.4102688848828754,,,0.03587047600012738,"{""dt"": 0.03125}"
ac2fa3406ba6,2026-09-24T19:52:48,zaki,scheme_order,paper_barrier,call,euler_maruyama,weak_terminal_mean,{'fine_steps': 512},65536,32,5,1059466500,zaki-rehnoom_x86_64,0.0020110151828909577,0.002048626971603445,-0.0020042936814517937,0.00602632404723371,-0.0014481614756078898,0.0034591766584988475,0.03587047600012738,"{""dt"": 0.03125}"
7898d77a895e,2026-09-24T19:52:48,zaki,scheme_order,paper_barrier,call,euler_maruyama,weak_call,{'fine_steps': 512},65536,32,5,1059466500,zaki-rehnoom_x86_64,-0.004505364470409498,0.001512668091918823,-0.0074701939305703915,-0.0015405350102486053,,,0.03587047600012738,"{""dt"": 0.03125}"
75492a6d00c7,2026-09-24T19:52:48,zaki,scheme_order,paper_barrier,call,euler_maruyama,weak_barrier,{'fine_steps': 512},65536,32,5,1059466500,zaki-rehnoom_x86_64,-0.005286955935903061,0.0017423519597087188,-0.00870196577693215,-0.0018719460948739722,,,0.03587047600012738,"{""dt"": 0.03125}"
ff879d4aa54e,2026-09-24T19:52:48,zaki,scheme_order,paper_barrier,call,milstein,strong_abs_terminal,{'fine_steps': 512},65536,32,5,1059466500,zaki-rehnoom_x86_64,0.01714732189225954,6.042108954353427e-05,0.017028896556754214,0.017265747227764867,,,0.04967342200006897,"{""dt"": 0.03125}"
6b6074a86753,2026-09-24T19:52:48,zaki,scheme_order,paper_barrier,call,milstein,weak_terminal_mean,{'fine_steps': 512},65536,32,5,1059466500,zaki-rehnoom_x86_64,-0.001438823582002203,9.003187618201405e-05,-0.0016152860593189506,-0.0012623611046854554,-0.0014481614756078898,9.33789360568673e-06,0.04967342200006897,"{""dt"": 0.03125}"
c83d89ee3cb1,2026-09-24T19:52:48,zaki,scheme_order,paper_barrier,call,milstein,weak_call,{'fine_steps': 512},65536,32,5,1059466500,zaki-rehnoom_x86_64,-0.008111264677759616,6.466672529996171e-05,-0.00823801145934754,-0.00798451789617169,,,0.04967342200006897,"{""dt"": 0.03125}"
ec1fe486c973,2026-09-24T19:52:48,zaki,scheme_order,paper_barrier,call,milstein,weak_barrier,{'fine_steps': 512},65536,32,5,1059466500,zaki-rehnoom_x86_64,-0.008372518947126349,0.00016337078112901794,-0.008692725678139224,-0.008052312216113473,,,0.04967342200006897,"{""dt"": 0.03125}"
c5da1b6af94a,2026-09-24T19:52:48,zaki,scheme_order,paper_barrier,call,exact,price_call,{'fine_steps': 512},65536,64,5,1059466500,zaki-rehnoom_x86_64,7.137329448979679,0.04915982789287545,7.040976186309643,7.233682711649714,,,0.0823735720005061,"{""dt"": 0.015625}"
fcaed7a02ad5,2026-09-24T19:52:48,zaki,scheme_order,paper_barrier,call,exact,price_barrier,{'fine_steps': 512},65536,64,5,1059466500,zaki-rehnoom_x86_64,7.090479308707262,0.04923944162454176,6.9939700031231595,7.186988614291364,,,0.0823735720005061,"{""dt"": 0.015625}"
988c0d383cf4,2026-09-24T19:52:48,zaki,scheme_order,paper_barrier,call,euler_maruyama,strong_abs_terminal,{'fine_steps': 512},65536,64,5,1059466500,zaki-rehnoom_x86_64,0.28950544776651344,0.0009081579482823393,0.28772545818788003,0.29128543734514684,,,0.06821921400069186,"{""dt"": 0.015625}"
765c1b51daf8,2026-09-24T19:52:48,zaki,scheme_order,paper_barrier,call,euler_maruyama,weak_terminal_mean,{'fine_steps': 512},65536,64,5,1059466500,zaki-rehnoom_x86_64,0.0018850081516963938,0.0014503817466672633,-0.0009577400717714424,0.00472775637516423,-0.0007243094598123889,0.0026093176115087827,0.06821921400069186,"{""dt"": 0.015625}"
d002a85f1f1a,2026-09-24T19:52:48,zaki,scheme_order,paper_barrier,call,euler_maruyama,weak_call,{'fine_steps': 512},65536,64,5,1059466500,zaki-rehnoom_x86_64,-0.0017546498527433545,0.0010701180999273291,-0.0038520813286009193,0.0003427816231142105,,,0.06821921400069186,"{""dt"": 0.015625}"
e108085ab731,2026-09-24T19:52:48,zaki,scheme_order,paper_barrier,call,euler_maruyama,weak_barrier,{'fine_steps': 512},65536,64,5,1059466500,zaki-rehnoom_x86_64,-0.002280862875978819,0.0012542271739186869,-0.004739148136859445,0.00017742238490180747,,,0.06821921400069186,"{""dt"": 0.015625}"
adfb787f2339,2026-09-24T19:52:48,zaki,scheme_order,paper_barrier,call,milstein,strong_abs_terminal,{'fine_steps': 512},65536,64,5,1059466500,zaki-rehnoom_x86_64,0.008676688630895768,2.9796397676020637e-05,0.008618287691450767,0.008735089570340769,,,0.09675110800026232,"{""dt"": 0.015625}"
05ba4fa86688,2026-09-24T19:52:48,zaki,scheme_order,paper_barrier,call,milstein,weak_terminal_mean,{'fine_steps': 512},65536,64,5,1059466500,zaki-rehnoom_x86_64,-0.0007194503055669695,4.504110832917383e-05,-0.0008077308778921501,-0.0006311697332417888,-0.0007243094598123889,4.859154245419458e-06,0.09675110800026232,"{""dt"": 0.015625}"
3c8923dd496d,2026-09-24T19:52:48,zaki,scheme_order,paper_barrier,call,milstein,weak_call,{'fine_steps': 512},65536,64,5,1059466500,zaki-rehnoom_x86_64,-0.004072326038501136,3.2372847322243776e-05,-0.004135776819252733,-0.004008875257749538,,,0.09675110800026232,"{""dt"": 0.015625}"
3e39e5d7c3c3,2026-09-24T19:52:48,zaki,scheme_order,paper_barrier,call,milstein,weak_barrier,{'fine_steps': 512},65536,64,5,1059466500,zaki-rehnoom_x86_64,-0.004124978404785473,9.000948749207894e-05,-0.0043013970002699475,-0.0039485598093009985,,,0.09675110800026232,"{""dt"": 0.015625}"
c8421b6572ac,2026-09-24T19:52:48,zaki,scheme_order,paper_barrier,call,exact,price_call,{'fine_steps': 512},65536,128,5,1059466500,zaki-rehnoom_x86_64,7.137329448979679,0.04915982789287545,7.040976186309643,7.233682711649714,,,0.15879525400032435,"{""dt"": 0.0078125}"
e650423c0a88,2026-09-24T19:52:48,zaki,scheme_order,paper_barrier,call,exact,price_barrier,{'fine_steps': 512},65536,128,5,1059466500,zaki-rehnoom_x86_64,7.098575623150297,0.04922614912532985,7.00209237086465,7.195058875435944,,,0.15879525400032435,"{""dt"": 0.0078125}"
1e5bd86ae5a3,2026-09-24T19:52:48,zaki,scheme_order,paper_barrier,call,euler_maruyama,strong_abs_terminal,{'fine_steps': 512},65536,128,5,1059466500,zaki-rehnoom_x86_64,0.20430596275968743,0.0006383257766010751,0.20305484423754933,0.20555708128182554,,,0.1283987070000876,"{""dt"": 0.0078125}"
7b7367d06301,2026-09-24T19:52:48,zaki,scheme_order,paper_barrier,call,euler_maruyama,weak_terminal_mean,{'fine_steps': 512},65536,128,5,1059466500,zaki-rehnoom_x86_64,0.001127341341824625,0.0010219423245094166,-0.0008756656142138316,0.0031303482978630817,-0.00036221194078223107,0.0014895532826068561,0.1283987070000876,"{""dt"": 0.0078125}"
57fdffdf12ce,2026-09-24T19:52:48,zaki,scheme_order,paper_barrier,call,euler_maruyama,weak_call,{'fine_steps': 512},65536,128,5,1059466500,zaki-rehnoom_x86_64,-0.0008048046041042816,0.0007534752362603514,-0.0022816160671745704,0.0006720068589660071,,,0.1283987070000876,"{""dt"": 0.0078125}"
584661dba2a9,2026-09-24T19:52:48,zaki,scheme_order,paper_barrier,call,euler_maruyama,weak_barrier,{'fine_steps': 512},65536,128,5,1059466500,zaki-rehnoom_x86_64,-0.0018102984135614682,0.000949826260082702,-0.003671957883323564,5.136105620062769e-05,,,0.1283987070000876,"{""dt"": 0.0078125}"
3184f228a2b6,2026-09-24T19:52:48,zaki,scheme_order,paper_barrier,call,milstein,strong_abs_terminal,{'fine_steps': 512},65536,128,5,1059466500,zaki-rehnoom_x86_64,0.0043639440843399,1.4748416443669703e-05,0.004335037188110308,0.004392850980569493,,,0.19209843800035742,"{""dt"": 0.0078125}"
ec9d19df9fc1,2026-09-24T19:52:48,zaki,scheme_order,paper_barrier,call,milstein,weak_terminal_mean,{'fine_steps': 512},65536,128,5,1059466500,zaki-rehnoom_x86_64,-0.00034628470375215375,2.250064367238479e-05,-0.0003903859653500279,-0.0003021834421542796,-0.00036221194078223107,1.5927237030077313e-05,0.19209843800035742,"{""dt"": 0.0078125}"
9f56d9f8873d,2026-09-24T19:52:48,zaki,scheme_order,paper_barrier,call,milstein,weak_call,{'fine_steps': 512},65536,128,5,1059466500,zaki-rehnoom_x86_64,-0.002035838494805521,1.616352440383294e-05,-0.0020675190026370337,-0.0020041579869740085,,,0.19209843800035742,"{""dt"": 0.0078125}"
79979d4e744c,2026-09-24T19:52:48,zaki,scheme_order,paper_barrier,call,milstein,weak_barrier,{'fine_steps': 512},65536,128,5,1059466500,zaki-rehnoom_x86_64,-0.0021049860144820337,8.558117041349498e-05,-0.002272725108492484,-0.0019372469204715836,,,0.19209843800035742,"{""dt"": 0.0078125}"
5c668ae5836a,2026-09-24T19:52:48,zaki,scheme_order,paper_barrier,call,exact,price_call,{'fine_steps': 512},65536,256,5,1059466500,zaki-rehnoom_x86_64,7.137329448979676,0.04915982789287544,7.04097618630964,7.2336827116497115,,,0.3042707569998129,"{""dt"": 0.00390625}"
7d3785660d62,2026-09-24T19:52:48,zaki,scheme_order,paper_barrier,call,exact,price_barrier,{'fine_steps': 512},65536,256,5,1059466500,zaki-rehnoom_x86_64,7.103482304410031,0.049218077287702534,7.007014872926134,7.199949735893928,,,0.3042707569998129,"{""dt"": 0.00390625}"
30eef9b51d8b,2026-09-24T19:52:48,zaki,scheme_order,paper_barrier,call,euler_maruyama,strong_abs_terminal,{'fine_steps': 512},65536,256,5,1059466500,zaki-rehnoom_x86_64,0.14484872837083523,0.00045346430461920735,0.1439599383337816,0.14573751840788887,,,0.25054361299999073,"{""dt"": 0.00390625}"
4ee4a10ec1d7,2026-09-24T19:52:48,zaki,scheme_order,paper_barrier,call,euler_maruyama,weak_terminal_mean,{'fine_steps': 512},65536,256,5,1059466500,zaki-rehnoom_x86_64,0.0013538456158087766,0.0007250888203014482,-6.73284719820619e-05,0.0027750197035996153,-0.0001811202798052136,0.0015349658956139902,0.25054361299999073,"{""dt"": 0.00390625}"
f18af74fcf2c,2026-09-24T19:52:48,zaki,scheme_order,paper_barrier,call,euler_maruyama,weak_call,{'fine_steps': 512},65536,256,5,1059466500,zaki-rehnoom_x86_64,0.00017438019463907202,0.0005335598668740107,-0.000871397144433989,0.001220157533712133,,,0.25054361299999073,"{""dt"": 0.00390625}"
df5d47797eaf,2026-09-24T19:52:48,zaki,scheme_order,paper_barrier,call,euler_maruyama,weak_barrier,{'fine_steps': 512},65536,256,5,1059466500,zaki-rehnoom_x86_64,-0.00011207057802481635,0.0006674470459636073,-0.0014202667881134867,0.001196125632063854,,,0.25054361299999073,"{""dt"": 0.00390625}"
c5b34dab296b,2026-09-24T19:52:48,zaki,scheme_order,paper_barrier,call,milstein,strong_abs_terminal,{'fine_steps': 512},65536,256,5,1059466500,zaki-rehnoom_x86_64,0.0021918488554535332,7.325719791050903e-06,0.0021774904446630735,0.002206207266243993,,,0.3627188870000282,"{""dt"": 0.00390625}"
6321b4e42f12,2026-09-24T19:52:48,zaki,scheme_order,paper_barrier,call,milstein,weak_terminal_mean,{'fine_steps': 512},65536,256,5,1059466500,zaki-rehnoom_x86_64,-0.00016734369586156273,1.1249278758198338e-05,-0.0001893922822276315,-0.00014529510949549398,-0.0001811202798052136,1.3776583943650878e-05,0.3627188870000282,"{""dt"": 0.00390625}"
8c415e70824f,2026-09-24T19:52:48,zaki,scheme_order,paper_barrier,call,milstein,weak_call,{'fine_steps': 512},65536,256,5,1059466500,zaki-rehnoom_x86_64,-0.0010155798328160307,8.079295584906188e-06,-0.001031415252162447,-0.0009997444134696146,,,0.3627188870000282,"{""dt"": 0.00390625}"
34d64000b07a,2026-09-24T19:52:48,zaki,scheme_order,paper_barrier,call,milstein,weak_barrier,{'fine_steps': 512},65536,256,5,1059466500,zaki-rehnoom_x86_64,-0.0010932857909848528,8.44486101986641e-05,-0.0012588050669742343,-0.0009277665149954711,,,0.3627188870000282,"{""dt"": 0.00390625}"
f244528bd3a0,2026-09-24T19:52:48,zaki,scheme_order,paper_barrier,call,exact,price_call,{'fine_steps': 512},65536,512,5,1059466500,zaki-rehnoom_x86_64,7.137329448979676,0.04915982789287545,7.04097618630964,7.2336827116497115,,,0.648458574000415,"{""dt"": 0.001953125}"
ef88cd3d417e,2026-09-24T19:52:48,zaki,scheme_order,paper_barrier,call,exact,price_barrier,{'fine_steps': 512},65536,512,5,1059466500,zaki-rehnoom_x86_64,7.1069066198523485,0.04921236097145741,7.010450392348292,7.203362847356405,,,0.648458574000415,"{""dt"": 0.001953125}"
28aeafa885a8,2026-09-24T19:52:48,zaki,scheme_order,paper_barrier,call,euler_maruyama,strong_abs_terminal,{'fine_steps': 512},65536,512,5,1059466500,zaki-rehnoom_x86_64,0.10266112023278896,0.00032062258005114314,0.10203269997588872,0.1032895404896892,,,0.5410999009991428,"{""dt"": 0.001953125}"
e14d10f7086d,2026-09-24T19:52:48,zaki,scheme_order,paper_barrier,call,euler_maruyama,weak_terminal_mean,{'fine_steps': 512},65536,512,5,1059466500,zaki-rehnoom_x86_64,0.0006316416306833743,0.0005134318318620459,-0.00037468475976623573,0.0016379680211329843,-9.056371841609234e-05,0.0007222053490994666,0.5410999009991428,"{""dt"": 0.001953125}"
45a8681b237c,2026-09-24T19:52:48,zaki,scheme_order,paper_barrier,call,euler_maruyama,weak_call,{'fine_steps': 512},65536,512,5,1059466500,zaki-rehnoom_x86_64,-0.00013206492146731927,0.0003786906345459513,-0.0008742985651773838,0.0006101687222427453,,,0.5410999009991428,"{""dt"": 0.001953125}"
f7d392a39c65,2026-09-24T19:52:48,zaki,scheme_order,paper_barrier,call,euler_maruyama,weak_barrier,{'fine_steps': 512},65536,512,5,1059466500,zaki-rehnoom_x86_64,-0.00040719457526301403,0.000509237644776744,-0.0014053003590254322,0.0005909112084994042,,,0.5410999009991428,"{""dt"": 0.001953125}"
1b9e0f21d284,2026-09-24T19:52:48,zaki,scheme_order,paper_barrier,call,milstein,strong_abs_terminal,{'fine_steps': 512},65536,512,5,1059466500,zaki-rehnoom_x86_64,0.0010991977960699993,3.673817739723646e-06,0.001091997113300141,0.0011063984788398577,,,0.7807253659998423,"{""dt"": 0.001953125}"
5d3447ded73f,2026-09-24T19:52:48,zaki,scheme_order,paper_barrier,call,milstein,weak_terminal_mean,{'fine_steps': 512},65536,512,5,1059466500,zaki-rehnoom_x86_64,-8.779498723945618e-05,5.6405511528665635e-06,-9.885046749907464e-05,-7.673950697983772e-05,-9.056371841609234e-05,2.7687311766361623e-06,0.7807253659998423,"{""dt"": 0.001953125}"
1c3905088432,2026-09-24T19:52:48,zaki,scheme_order,paper_barrier,call,milstein,weak_call,{'fine_steps': 512},65536,512,5,1059466500,zaki-rehnoom_x86_64,-0.0005114675480828515,4.056288574227042e-06,-0.0005194178736883365,-0.0005035172224773665,,,0.7807253659998423,"{""dt"": 0.001953125}"
72c0b372b7db,2026-09-24T19:52:48,zaki,scheme_order,paper_barrier,call,milstein,weak_barrier,{'fine_steps': 512},65536,512,5,1059466500,zaki-rehnoom_x86_64,-0.0005927811972784199,8.416787391819715e-05,-0.0007577502301580862,-0.00042781216439875347,,,0.7807253659998423,"{""dt"": 0.001953125}"
dc6c25d585e8,2026-09-24T19:52:55,zaki,scheme_order,paper_barrier,call,exact,price_call,{'fine_steps': 512},65536,4,6,3180479833,zaki-rehnoom_x86_64,7.127672274635241,0.04892084011561143,7.031787428008643,7.223557121261839,,,0.02320037999879787,"{""dt"": 0.25}"
29dc30c31a12,2026-09-24T19:52:55,zaki,scheme_order,paper_barrier,call,exact,price_barrier,{'fine_steps': 512},65536,4,6,3180479833,zaki-rehnoom_x86_64,6.986834124302165,0.04915288121324713,6.890494477124201,7.083173771480129,,,0.02320037999879787,"{""dt"": 0.25}"
6bbca32bcaba,2026-09-24T19:52:55,zaki,scheme_order,paper_barrier,call,euler_maruyama,strong_abs_terminal,{'fine_steps': 512},65536,4,6,3180479833,zaki-rehnoom_x86_64,1.1116069854725514,0.0038846057165306228,1.1039931582681515,1.1192208126769514,,,0.010612710999794217,"{""dt"": 0.25}"
dcf64d82bd07,2026-09-24T19:52:55,zaki,scheme_order,paper_barrier,call,euler_maruyama,weak_terminal_mean,{'fine_steps': 512},65536,4,6,3180479833,zaki-rehnoom_x86_64,-0.00813324829109838,0.005826171054429368,-0.019552543557779942,0.003286046975583181,-0.011534328945430161,0.0034010806543317805,0.010612710999794217,"{""dt"": 0.25}"
d4d67c6e19d6,2026-09-24T19:52:55,zaki,scheme_order,paper_barrier,call,euler_maruyama,weak_call,{'fine_steps': 512},65536,4,6,3180479833,zaki-rehnoom_x86_64,-0.053549222010154496,0.004262201067531895,-0.061903136102517006,-0.045195307917791985,,,0.010612710999794217,"{""dt"": 0.25}"
f7efb45ea6c1,2026-09-24T19:52:55,zaki,scheme_order,paper_barrier,call,euler_maruyama,weak_barrier,{'fine_steps': 512},65536,4,6,3180479833,zaki-rehnoom_x86_64,-0.061798164334362825,0.004791226060795013,-0.07118896741352104,-0.0524073612552046,,,0.010612710999794217,"{""dt"": 0.25}"
15c387535162,2026-09-24T19:52:55,zaki,scheme_order,paper_barrier,call,milstein,strong_abs_terminal,{'fine_steps': 512},65536,4,6,3180479833,zaki-rehnoom_x86_64,0.12022663767626199,0.0005325238416459044,0.11918289094663602,0.12127038440588796,,,0.008769216000473534,"{""dt"": 0.25}"
1f93d03a5b54,2026-09-24T19:52:55,zaki,scheme_order,paper_barrier,call,milstein,weak_terminal_mean,{'fine_steps': 512},65536,4,6,3180479833,zaki-rehnoom_x86_64,-0.011669719140639512,0.0007085649696744858,-0.013058506481201505,-0.01028093180007752,-0.011534328945430161,0.00013539019520935128,0.008769216000473534,"{""dt"": 0.25}"
c92949b82e17,2026-09-24T19:52:55,zaki,scheme_order,paper_barrier,call,milstein,weak_call,{'fine_steps': 512},65536,4,6,3180479833,zaki-rehnoom_x86_64,-0.0615567292961382,0.0005029843325541102,-0.06254257858794426,-0.060570880004332146,,,0.008769216000473534,"{""dt"": 0.25}"
18ad4b9b7fda,2026-09-24T19:52:55,zaki,scheme_order,paper_barrier,call,milstein,weak_barrier,{'fine_steps': 512},65536,4,6,3180479833,zaki-rehnoom_x86_64,-0.062286996566411026,0.000658337887086671,-0.0635773388251009,-0.06099665430772115,,,0.008769216000473534,"{""dt"": 0.25}"
3e654ec80065,2026-09-24T19:52:55,zaki,scheme_order,paper_barrier,call,exact,price_call,{'fine_steps': 512},65536,8,6,3180479833,zaki-rehnoom_x86_64,7.127672274635242,0.04892084011561145,7.031787428008644,7.22355712126184,,,0.01614473299969177,"{""dt"": 0.125}"
a8582d09333f,2026-09-24T19:52:55,zaki,scheme_order,paper_barrier,call,exact,price_barrier,{'fine_steps': 512},65536,8,6,3180479833,zaki-rehnoom_x86_64,7.026116846233061,0.0490898084341067,6.929900821702212,7.122332870763911,,,0.01614473299969177,"{""dt"": 0.125}"
cc0b7ea1f5f3,2026-09-24T19:52:55,zaki,scheme_order,paper_barrier,call,euler_maruyama,strong_abs_terminal,{'fine_steps': 512},65536,8,6,3180479833,zaki-rehnoom_x86_64,0.800081695441542,0.0026090490457873396,0.7949679593117988,0.8051954315712851,,,0.010150538000743836,"{""dt"": 0.125}"
8a94001a382b,2026-09-24T19:52:55,zaki,scheme_order,paper_barrier,call,euler_maruyama,weak_terminal_mean,{'fine_steps': 512},65536,8,6,3180479833,zaki-rehnoom_x86_64,0.0005028512012007409,0.004071228528185879,-0.007476756714043582,0.008482459116445063,-0.005781694413798277,0.006284545614999018,0.010150538000743836,"{""dt"": 0.125}"
cb7d048761cc,2026-09-24T19:52:55,zaki,scheme_order,paper_barrier,call,euler_maruyama,weak_call,{'fine_steps': 512},65536,8,6,3180479833,zaki-rehnoom_x86_64,-0.0207903301822722,0.0029755572916682137,-0.0266224224739419,-0.0149582378906025,,,0.010150538000743836,"{""dt"": 0.125}"
f3e9988228f3,2026-09-24T19:52:55,zaki,scheme_order,paper_barrier,call,euler_maruyama,weak_barrier,{'fine_steps': 512},65536,8,6,3180479833,zaki-rehnoom_x86_64,-0.025859967616926383,0.0033453622850117735,-0.03241687769554946,-0.019303057538303307,,,0.010150538000743836,"{""dt"": 0.125}"
70901b030e82,2026-09-24T19:52:55,zaki,scheme_order,paper_barrier,call,milstein,strong_abs_terminal,{'fine_steps': 512},65536,8,6,3180479833,zaki-rehnoom_x86_64,0.0641193683367491,0.00025150607276690917,0.06362641643412595,0.06461232023937225,,,0.01324450599940974,"{""dt"": 0.125}"
3b432892273b,2026-09-24T19:52:55,zaki,scheme_order,paper_barrier,call,milstein,weak_terminal_mean,{'fine_steps': 512},65536,8,6,3180479833,zaki-rehnoom_x86_64,-0.005888869447773693,0.00035420397552206215,-0.006583109239796934,-0.005194629655750451,-0.005781694413798277,0.00010717503397541552,0.01324450599940974,"{""dt"": 0.125}"
a110a95c3916,2026-09-24T19:52:55,zaki,scheme_order,paper_barrier,call,milstein,weak_call,{'fine_steps': 512},65536,8,6,3180479833,zaki-rehnoom_x86_64,-0.03171894903443618,0.0002512177081632878,-0.032211335742436224,-0.031226562326436134,,,0.01324450599940974,"{""dt"": 0.125}"
755cd35c8a5c,2026-09-24T19:52:55,zaki,scheme_order,paper_barrier,call,milstein,weak_barrier,{'fine_steps': 512},65536,8,6,3180479833,zaki-rehnoom_x86_64,-0.031917963353340614,0.0003727963977175222,-0.03264864429286696,-0.03118728241381427,,,0.01324450599940974,"{""dt"": 0.125}"
0721b62e0cbd,2026-09-24T19:52:55,zaki,scheme_order,paper_barrier,call,exact,price_call,{'fine_steps': 512},65536,16,6,3180479833,zaki-rehnoom_x86_64,7.127672274635241,0.04892084011561142,7.031787428008643,7.223557121261839,,,0.028092402999845945,"{""dt"": 0.0625}"
1a554983c827,2026-09-24T19:52:55,zaki,scheme_order,paper_barrier,call,exact,price_barrier,{'fine_steps': 512},65536,16,6,3180479833,zaki-rehnoom_x86_64,7.0510748206503635,0.04904944902353517,6.954937900564235,7.147211740736492,,,0.028092402999845945,"{""dt"": 0.0625}"
44205232c8a7,2026-09-24T19:52:55,zaki,scheme_order,paper_barrier,call,euler_maruyama,strong_abs_terminal,{'fine_steps': 512},65536,16,6,3180479833,zaki-rehnoom_x86_64,0.5722559667702667,0.001817334416484394,0.5686939913139573,0.5758179422265761,,,0.017461108000134118,"{""dt"": 0.0625}"
5d42a1ff6c1d,2026-09-24T19:52:55,zaki,scheme_order,paper_barrier,call,euler_maruyama,weak_terminal_mean,{'fine_steps': 512},65536,16,6,3180479833,zaki-rehnoom_x86_64,0.0005055639832771987,0.002880916093768459,-0.00514103156050898,0.006152159527063378,-0.0028944951184826095,0.0034000591017598085,0.017461108000134118,"{""dt"": 0.0625}"
3f59f20d56d3,2026-09-24T19:52:55,zaki,scheme_order,paper_barrier,call,euler_maruyama,weak_call,{'fine_steps': 512},65536,16,6,3180479833,zaki-rehnoom_x86_64,-0.008399890990633192,0.002111640758392375,-0.012538706877082247,-0.004261075104184137,,,0.017461108000134118,"{""dt"": 0.0625}"
cbe1b3390d89,2026-09-24T19:52:55,zaki,scheme_order,paper_barrier,call,euler_maruyama,weak_barrier,{'fine_steps': 512},65536,16,6,3180479833,zaki-rehnoom_x86_64,-0.010520638775157229,0.0023805571757024133,-0.01518653083953396,-0.005854746710780499,,,0.017461108000134118,"{""dt"": 0.0625}"
2a7e4f0d6ead,2026-09-24T19:52:55,zaki,scheme_order,paper_barrier,call,milstein,strong_abs_terminal,{'fine_steps': 512},65536,16,6,3180479833,zaki-rehnoom_x86_64,0.033347921608671505,0.00012224680053346703,0.03310831787962591,0.0335875253377171,,,0.02575472800026546,"{""dt"": 0.0625}"
f974bd9dddac,2026-09-24T19:52:55,zaki,scheme_order,paper_barrier,call,milstein,weak_terminal_mean,{'fine_steps': 512},65536,16,6,3180479833,zaki-rehnoom_x86_64,-0.0029950184867085544,0.00017826025062273726,-0.0033444085779291196,-0.0026456283954879893,-0.0028944951184826095,0.00010052336822594489,0.02575472800026546,"{""dt"": 0.0625}"
636f6c3c635e,2026-09-24T19:52:55,zaki,scheme_order,paper_barrier,call,milstein,weak_call,{'fine_steps': 512},65536,16,6,3180479833,zaki-rehnoom_x86_64,-0.016104031031043686,0.00012736787443458494,-0.016353672064935473,-0.0158543899971519,,,0.02575472800026546,"{""dt"": 0.0625}"
44f3f626cc6d,2026-09-24T19:52:55,zaki,scheme_order,paper_barrier,call,milstein,weak_barrier,{'fine_steps': 512},65536,16,6,3180479833,zaki-rehnoom_x86_64,-0.016439768046068125,0.0002257979863502967,-0.016882332099314706,-0.015997203992821545,,,0.02575472800026546,"{""dt"": 0.0625}"
6c2dc6a1cce5,2026-09-24T19:52:55,zaki,scheme_order,paper_barrier,call,exact,price_call,{'fine_steps': 512},65536,32,6,3180479833,zaki-rehnoom_x86_64,7.127672274635241,0.04892084011561144,7.031787428008643,7.223557121261839,,,0.04609588800030906,"{""dt"": 0.03125}"
a5cb0b4bcc1a,2026-09-24T19:52:55,zaki,scheme_order,paper_barrier,call,exact,price_barrier,{'fine_steps': 512},65536,32,6,3180479833,zaki-rehnoom_x86_64,7.068400308456667,0.04902141751944224,6.9723183301185605,7.164482286794773,,,0.04609588800030906,"{""dt"": 0.03125}"
4319d89a6182,2026-09-24T19:52:55,zaki,scheme_order,paper_barrier,call,euler_maruyama,strong_abs_terminal,{'fine_steps': 512},65536,32,6,3180479833,zaki-rehnoom_x86_64,0.40933641572419277,0.001294588409485833,0.40679902244160054,0.411873809006785,,,0.034604596000008314,"{""dt"": 0.03125}"
75cc06c3b567,2026-09-24T19:52:55,zaki,scheme_order,paper_barrier,call,euler_maruyama,weak_terminal_mean,{'fine_steps': 512},65536,32,6,3180479833,zaki-rehnoom_x86_64,-0.0005102701783282442,0.0020573527763648757,-0.0045426816200034,0.003522141263346912,-0.0014481614756078898,0.0009378912972796456,0.034604596000008314,"{""dt"": 0.03125}"
b42c38261d16,2026-09-24T19:52:55,zaki,scheme_order,paper_barrier,call,euler_maruyama,weak_call,{'fine_steps': 512},65536,32,6,3180479833,zaki-rehnoom_x86_64,-0.005189185670026668,0.0015173276152906485,-0.008163147795996339,-0.0022152235440569966,,,0.034604596000008314,"{""dt"": 0.03125}"
489215ba7580,2026-09-24T19:52:55,zaki,scheme_order,paper_barrier,call,euler_maruyama,weak_barrier,{'fine_steps': 512},65536,32,6,3180479833,zaki-rehnoom_x86_64,-0.006281465981396613,0.0017341545643193915,-0.00968040892746262,-0.002882523035330606,,,0.034604596000008314,"{""dt"": 0.03125}"
b49d46fe10ad,2026-09-24T19:52:55,zaki,scheme_order,paper_barrier,call,milstein,strong_abs_terminal,{'fine_steps': 512},65536,32,6,3180479833,zaki-rehnoom_x86_64,0.01709781378217333,6.003442177236095e-05,0.016980146315499503,0.017215481248847156,,,0.04859802899954957,"{""dt"": 0.03125}"
f5825bc63f00,2026-09-24T19:52:55,zaki,scheme_order,paper_barrier,call,milstein,weak_terminal_mean,{'fine_steps': 512},65536,32,6,3180479833,zaki-rehnoom_x86_64,-0.0014335046422135982,8.962993506707769e-05,-0.0016091793149450705,-0.001257829969482126,-0.0014481614756078898,1.4656833394291555e-05,0.04859802899954957,"{""dt"": 0.03125}"
b9e9a05e68c3,2026-09-24T19:52:55,zaki,scheme_order,paper_barrier,call,milstein,weak_call,{'fine_steps': 512},65536,32,6,3180479833,zaki-rehnoom_x86_64,-0.008092545522636788,6.411446391590754e-05,-0.008218209871911967,-0.007966881173361608,,,0.04859802899954957,"{""dt"": 0.03125}"
097dc4b67100,2026-09-24T19:52:55,zaki,scheme_order,paper_barrier,call,milstein,weak_barrier,{'fine_steps': 512},65536,32,6,3180479833,zaki-rehnoom_x86_64,-0.00810874562803324,0.00011226411715811361,-0.008328783297663143,-0.007888707958403338,,,0.04859802899954957,"{""dt"": 0.03125}"
0a49183bba36,2026-09-24T19:52:55,zaki,scheme_order,paper_barrier,call,exact,price_call,{'fine_steps': 512},65536,64,6,3180479833,zaki-rehnoom_x86_64,7.127672274635238,0.04892084011561142,7.03178742800864,7.223557121261836,,,0.08179114299991852,"{""dt"": 0.015625}"
24f0b2204b1e,2026-09-24T19:52:55,zaki,scheme_order,paper_barrier,call,exact,price_barrier,{'fine_steps': 512},65536,64,6,3180479833,zaki-rehnoom_x86_64,7.0794648225156465,0.049003263225442684,6.983418426593778,7.1755112184375145,,,0.08179114299991852,"{""dt"": 0.015625}"
14fe38a279a4,2026-09-24T19:52:55,zaki,scheme_order,paper_barrier,call,euler_maruyama,strong_abs_terminal,{'fine_steps': 512},65536,64,6,3180479833,zaki-rehnoom_x86_64,0.2892912530675553,0.0009027587563570804,0.28752184590509544,0.2910606602300152,,,0.06384887599961075,"{""dt"": 0.015625}"
c036ae4390d3,2026-09-24T19:52:55,zaki,scheme_order,paper_barrier,call,euler_maruyama,weak_terminal_mean,{'fine_steps': 512},65536,64,6,3180479833,zaki-rehnoom_x86_64,-0.00028574841208153844,0.0014463716525940319,-0.003120636851165841,0.0025491400270027643,-0.0007243094598123889,0.0004385610477308505,0.06384887599961075,"{""dt"": 0.015625}"
fe2841f6e68c,2026-09-24T19:52:55,zaki,scheme_order,paper_barrier,call,euler_maruyama,weak_call,{'fine_steps': 512},65536,64,6,3180479833,zaki-rehnoom_x86_64,-0.002603373227618318,0.0010650191530700492,-0.004690810767635614,-0.0005159356876010216,,,0.06384887599961075,"{""dt"": 0.015625}"
e0e0cabf19f1,2026-09-24T19:52:55,zaki,scheme_order,paper_barrier,call,euler_maruyama,weak_barrier,{'fine_steps': 512},65536,64,6,3180479833,zaki-rehnoom_x86_64,-0.004002534848165939,0.0012470129792940606,-0.006446680287582298,-0.00155838940874958,,,0.06384887599961075,"{""dt"": 0.015625}"
a3a50414247b,2026-09-24T19:52:55,zaki,scheme_order,paper_barrier,call,milstein,strong_abs_terminal,{'fine_steps': 512},65536,64,6,3180479833,zaki-rehnoom_x86_64,0.008675464892432642,2.963354754112395e-05,0.00861738313925204,0.008733546645613245,,,0.09567289899950993,"{""dt"": 0.015625}"
ea9e8d531a65,2026-09-24T19:52:55,zaki,scheme_order,paper_barrier,call,milstein,weak_terminal_mean,{'fine_steps': 512},65536,64,6,3180479833,zaki-rehnoom_x86_64,-0.0007392271159414624,4.4925038176923504e-05,-0.0008272801907682325,-0.0006511740411146924,-0.0007243094598123889,1.4917656129073524e-05,0.09567289899950993,"{""dt"": 0.015625}"
7d1a1baa1492,2026-09-24T19:52:55,zaki,scheme_order,paper_barrier,call,milstein,weak_call,{'fine_steps': 512},65536,64,6,3180479833,zaki-rehnoom_x86_64,-0.004081218937737812,3.224344809289619e-05,-0.004144416095999888,-0.004018021779475736,,,0.09567289899950993,"{""dt"": 0.015625}"
afd8d4394985,2026-09-24T19:52:55,zaki,scheme_order,paper_barrier,call,milstein,weak_barrier,{'fine_steps': 512},65536,64,6,3180479833,zaki-rehnoom_x86_64,-0.0042345303912435205,0.00012123148679568921,-0.0044721441053630715,-0.003996916677123969,,,0.09567289899950993,"{""dt"": 0.015625}"
03f41d44c75e,2026-09-24T19:52:55,zaki,scheme_order,paper_barrier,call,exact,price_call,{'fine_steps': 512},65536,128,6,3180479833,zaki-rehnoom_x86_64,7.127672274635238,0.04892084011561143,7.03178742800864,7.223557121261836,,,0.15375824300053864,"{""dt"": 0.0078125}"
1160b5652407,2026-09-24T19:52:55,zaki,scheme_order,paper_barrier,call,exact,price_barrier,{'fine_steps': 512},65536,128,6,3180479833,zaki-rehnoom_x86_64,7.08748498676637,0.048990141401546373,6.991464309619339,7.183505663913401,,,0.15375824300053864,"{""dt"": 0.0078125}"
750a1501eb72,2026-09-24T19:52:55,zaki,scheme_order,paper_barrier,call,euler_maruyama,strong_abs_terminal,{'fine_steps': 512},65536,128,6,3180479833,zaki-rehnoom_x86_64,0.20384564414880418,0.0006324701696105576,0.2026060026163675,0.20508528568124088,,,0.12777667400041537,"{""dt"": 0.0078125}"
147e6e3845af,2026-09-24T19:52:55,zaki,scheme_order,paper_barrier,call,euler_maruyama,weak_terminal_mean,{'fine_steps': 512},65536,128,6,3180479833,zaki-rehnoom_x86_64,0.0015361344661297602,0.0010168782410519108,-0.00045694688633198476,0.003529215818591505,-0.00036221194078223107,0.0018983464069119913,0.12777667400041537,"{""dt"": 0.0078125}"
cbab2613f3b3,2026-09-24T19:52:55,zaki,scheme_order,paper_barrier,call,euler_maruyama,weak_call,{'fine_steps': 512},65536,128,6,3180479833,zaki-rehnoom_x86_64,-0.0005998323928945199,0.0007496254706704419,-0.002069098315408586,0.0008694335296195463,,,0.12777667400041537,"{""dt"": 0.0078125}"
4ece9885da65,2026-09-24T19:52:55,zaki,scheme_order,paper_barrier,call,euler_maruyama,weak_barrier,{'fine_steps': 512},65536,128,6,3180479833,zaki-rehnoom_x86_64,-0.0010267002114563546,0.0008932043598765988,-0.002777380756814488,0.000723980333901779,,,0.12777667400041537,"{""dt"": 0.0078125}"
e6153898683d,2026-09-24T19:52:55,zaki,scheme_order,paper_barrier,call,milstein,strong_abs_terminal,{'fine_steps': 512},65536,128,6,3180479833,zaki-rehnoom_x86_64,0.0043670844155521355,1.4684725650352966e-05,0.004338302353277443,0.004395866477826828,,,0.18632305999972232,"{""dt"": 0.0078125}"
8f1b7691f273,2026-09-24T19:52:55,zaki,scheme_order,paper_barrier,call,milstein,weak_terminal_mean,{'fine_steps': 512},65536,128,6,3180479833,zaki-rehnoom_x86_64,-0.00035862873910529633,2.246530538958496e-05,-0.00040266073766888284,-0.0003145967405417098,-0.00036221194078223107,3.5832016769347377e-06,0.18632305999972232,"{""dt"": 0.0078125}"
5bdd016948af,2026-09-24T19:52:55,zaki,scheme_order,paper_barrier,call,milstein,weak_call,{'fine_steps': 512},65536,128,6,3180479833,zaki-rehnoom_x86_64,-0.0020439066410373494,1.610622384328985e-05,-0.0020754748397701973,-0.0020123384423045014,,,0.18632305999972232,"{""dt"": 0.0078125}"
b179a37dcdc5,2026-09-24T19:52:55,zaki,scheme_order,paper_barrier,call,milstein,weak_barrier,{'fine_steps': 512},65536,128,6,3180479833,zaki-rehnoom_x86_64,-0.0020990457551591864,0.0001166842037487118,-0.0023277467945066613,-0.0018703447158117112,,,0.18632305999972232,"{""dt"": 0.0078125}"
e49a44f8cec6,2026-09-24T19:52:55,zaki,scheme_order,paper_barrier,call,exact,price_call,{'fine_steps': 512},65536,256,6,3180479833,zaki-rehnoom_x86_64,7.127672274635235,0.048920840115611416,7.031787428008637,7.223557121261833,,,0.30185637400018095,"{""dt"": 0.00390625}"
93689972841a,2026-09-24T19:52:55,zaki,scheme_order,paper_barrier,call,exact,price_barrier,{'fine_steps': 512},65536,256,6,3180479833,zaki-rehnoom_x86_64,7.092581136142596,0.048981710156390475,6.9965769842360706,7.188585288049121,,,0.30185637400018095,"{""dt"": 0.00390625}"
dbdaddb31b6f,2026-09-24T19:52:55,zaki,scheme_order,paper_barrier,call,euler_maruyama,strong_abs_terminal,{'fine_steps': 512},65536,256,6,3180479833,zaki-rehnoom_x86_64,0.1440984769944395,0.0004484846195763453,0.14321944714006987,0.14497750684880914,,,0.25214538399995945,"{""dt"": 0.00390625}"
cb47a3f83e55,2026-09-24T19:52:55,zaki,scheme_order,paper_barrier,call,euler_maruyama,weak_terminal_mean,{'fine_steps': 512},65536,256,6,3180479833,zaki-rehnoom_x86_64,0.00022026839979848482,0.0007197094597942389,-0.0011903621413982234,0.0016308989409951932,-0.0001811202798052136,0.00040138867960369843,0.25214538399995945,"{""dt"": 0.00390625}"
930f84842b67,2026-09-24T19:52:55,zaki,scheme_order,paper_barrier,call,euler_maruyama,weak_call,{'fine_steps': 512},65536,256,6,3180479833,zaki-rehnoom_x86_64,-0.0003893141791599347,0.0005315336795595173,-0.0014311201910965886,0.0006524918327767192,,,0.25214538399995945,"{""dt"": 0.00390625}"
413df39d9b5f,2026-09-24T19:52:55,zaki,scheme_order,paper_barrier,call,euler_maruyama,weak_barrier,{'fine_steps': 512},65536,256,6,3180479833,zaki-rehnoom_x86_64,-0.0009086669340494175,0.0006701498580556673,-0.0022221606558385253,0.0004048267877396904,,,0.25214538399995945,"{""dt"": 0.00390625}"
d8412dda7778,2026-09-24T19:52:55,zaki,scheme_order,paper_barrier,call,milstein,strong_abs_terminal,{'fine_steps': 512},65536,256,6,3180479833,zaki-rehnoom_x86_64,0.0021906448905345045,7.333087999928249e-06,0.0021762720380546453,0.0022050177430143637,,,0.3653556449999087,"{""dt"": 0.00390625}"
89f092d614b8,2026-09-24T19:52:55,zaki,scheme_order,paper_barrier,call,milstein,weak_terminal_mean,{'fine_steps': 512},65536,256,6,3180479833,zaki-rehnoom_x86_64,-0.00018407971922202804,1.1246511665172002e-05,-0.00020612288208576515,-0.00016203655635829093,-0.0001811202798052136,2.959439416814428e-06,0.3653556449999087,"{""dt"": 0.00390625}"
dd2f943eb302,2026-09-24T19:52:55,zaki,scheme_order,paper_barrier,call,milstein,weak_call,{'fine_steps': 512},65536,256,6,3180479833,zaki-rehnoom_x86_64,-0.0010232095256892725,8.075850150781197e-06,-0.0010390381919848036,-0.0010073808593937413,,,0.3653556449999087,"{""dt"": 0.00390625}"
87ddc8302508,2026-09-24T19:52:55,zaki,scheme_order,paper_barrier,call,milstein,weak_barrier,{'fine_steps': 512},65536,256,6,3180479833,zaki-rehnoom_x86_64,-0.0011006644075386707,8.446379467659534e-05,-0.0012662134451047976,-0.0009351153699725438,,,0.3653556449999087,"{""dt"": 0.00390625}"
8add49d815fe,2026-09-24T19:52:55,zaki,scheme_order,paper_barrier,call,exact,price_call,{'fine_steps': 512},65536,512,6,3180479833,zaki-rehnoom_x86_64,7.127672274635235,0.048920840115611416,7.031787428008637,7.223557121261833,,,0.6320147189994714,"{""dt"": 0.001953125}"
bb1a849f91a1,2026-09-24T19:52:55,zaki,scheme_order,paper_barrier,call,exact,price_barrier,{'fine_steps': 512},65536,512,6,3180479833,zaki-rehnoom_x86_64,7.09678284772181,0.048974918942510506,7.00079200659449,7.1927736888491305,,,0.6320147189994714,"{""dt"": 0.001953125}"
8d1e9382a269,2026-09-24T19:52:55,zaki,scheme_order,paper_barrier,call,euler_maruyama,strong_abs_terminal,{'fine_steps': 512},65536,512,6,3180479833,zaki-rehnoom_x86_64,0.10232912943852057,0.0003194918404720414,0.10170292543119537,0.10295533344584577,,,0.5410863589995643,"{""dt"": 0.001953125}"
dba0f11f8c12,2026-09-24T19:52:55,zaki,scheme_order,paper_barrier,call,euler_maruyama,weak_terminal_mean,{'fine_steps': 512},65536,512,6,3180479833,zaki-rehnoom_x86_64,0.0009473146220507581,0.0005117053710933164,-5.5627905292142074e-05,0.0019502571493936584,-9.056371841609234e-05,0.0010378783404668503,0.5410863589995643,"{""dt"": 0.001953125}"
bf9219905b62,2026-09-24T19:52:55,zaki,scheme_order,paper_barrier,call,euler_maruyama,weak_call,{'fine_steps': 512},65536,512,6,3180479833,zaki-rehnoom_x86_64,0.0002864067988922151,0.0003784315331300834,-0.00045531900604274837,0.0010281326038271785,,,0.5410863589995643,"{""dt"": 0.001953125}"
5c23494ea927,2026-09-24T19:52:55,zaki,scheme_order,paper_barrier,call,euler_maruyama,weak_barrier,{'fine_steps': 512},65536,512,6,3180479833,zaki-rehnoom_x86_64,0.00025546866738804426,0.000526048227310379,-0.0007755858581402984,0.0012865231929163868,,,0.5410863589995643,"{""dt"": 0.001953125}"
2090319fc884,2026-09-24T19:52:55,zaki,scheme_order,paper_barrier,call,milstein,strong_abs_terminal,{'fine_steps': 512},65536,512,6,3180479833,zaki-rehnoom_x86_64,0.0010987280453957694,3.659613532165604e-06,0.0010915552028727248,0.001105900887918814,,,0.7806756310001219,"{""dt"": 0.001953125}"
a6e8b652c6c3,2026-09-24T19:52:55,zaki,scheme_order,paper_barrier,call,milstein,weak_terminal_mean,{'fine_steps': 512},65536,512,6,3180479833,zaki-rehnoom_x86_64,-9.44867165410232e-05,5.628257677991573e-06,-0.00010551810158988668,-8.345533149215972e-05,-9.056371841609234e-05,3.922998124930859e-06,0.7806756310001219,"{""dt"": 0.001953125}"
145f018f8cf3,2026-09-24T19:52:55,zaki,scheme_order,paper_barrier,call,milstein,weak_call,{'fine_steps': 512},65536,512,6,3180479833,zaki-rehnoom_x86_64,-0.0005139743739373795,4.043390334145567e-06,-0.0005218994189923048,-0.0005060493288824542,,,0.7806756310001219,"{""dt"": 0.001953125}"
3ddf4a6dc14a,2026-09-24T19:52:55,zaki,scheme_order,paper_barrier,call,milstein,weak_barrier,{'fine_steps': 512},65536,512,6,3180479833,zaki-rehnoom_x86_64,-0.0005109581825000445,4.035322320131532e-06,-0.0005188674142475023,-0.0005030489507525868,,,0.7806756310001219,"{""dt"": 0.001953125}"
2f2452b8ecc0,2026-09-24T19:53:02,zaki,scheme_order,paper_barrier,call,exact,price_call,{'fine_steps': 512},65536,4,7,2228767070,zaki-rehnoom_x86_64,7.208380040351924,0.0494962946536493,7.111367302830771,7.3053927778730765,,,0.01433793400065042,"{""dt"": 0.25}"
e1ad015844cc,2026-09-24T19:53:02,zaki,scheme_order,paper_barrier,call,exact,price_barrier,{'fine_steps': 512},65536,4,7,2228767070,zaki-rehnoom_x86_64,7.069238768207891,0.0497260753313788,6.971775660558389,7.1667018758573935,,,0.01433793400065042,"{""dt"": 0.25}"
b8f13fd4ed46,2026-09-24T19:53:02,zaki,scheme_order,paper_barrier,call,euler_maruyama,strong_abs_terminal,{'fine_steps': 512},65536,4,7,2228767070,zaki-rehnoom_x86_64,1.1153811707032386,0.003955437816102868,1.107628512583677,1.1231338288228003,,,0.010873004999666591,"{""dt"": 0.25}"
4d8161b6b244,2026-09-24T19:53:02,zaki,scheme_order,paper_barrier,call,euler_maruyama,weak_terminal_mean,{'fine_steps': 512},65536,4,7,2228767070,zaki-rehnoom_x86_64,-0.009593582231888553,0.005884509662760672,-0.02112722117089947,0.001940056707122365,-0.011534328945430161,0.0019407467135416079,0.010873004999666591,"{""dt"": 0.25}"
47dd48f26113,2026-09-24T19:53:02,zaki,scheme_order,paper_barrier,call,euler_maruyama,weak_call,{'fine_steps': 512},65536,4,7,2228767070,zaki-rehnoom_x86_64,-0.05269985118393506,0.004328575114495541,-0.06118385840834632,-0.0442158439595238,,,0.010873004999666591,"{""dt"": 0.25}"
1aa74f2a99f7,2026-09-24T19:53:02,zaki,scheme_order,paper_barrier,call,euler_maruyama,weak_barrier,{'fine_steps': 512},65536,4,7,2228767070,zaki-rehnoom_x86_64,-0.05976387150593422,0.004847673077062111,-0.06926531073697596,-0.05026243227489248,,,0.010873004999666591,"{""dt"": 0.25}"
71cc8a52c126,2026-09-24T19:53:02,zaki,scheme_order,paper_barrier,call,milstein,strong_abs_terminal,{'fine_steps': 512},65536,4,7,2228767070,zaki-rehnoom_x86_64,0.12118129470777342,0.0005461314761914257,0.12011087701443822,0.12225171240110862,,,0.009166603999801737,"{""dt"": 0.25}"
786b2c1e0196,2026-09-24T19:53:02,zaki,scheme_order,paper_barrier,call,milstein,weak_terminal_mean,{'fine_steps': 512},65536,4,7,2228767070,zaki-rehnoom_x86_64,-0.013288808685733558,0.0007208621688603926,-0.014701698536699927,-0.011875918834767189,-0.011534328945430161,0.0017544797403033965,0.009166603999801737,"{""dt"": 0.25}"
bcfe150d9f9a,2026-09-24T19:53:02,zaki,scheme_order,paper_barrier,call,milstein,weak_call,{'fine_steps': 512},65536,4,7,2228767070,zaki-rehnoom_x86_64,-0.06275949192440133,0.0005150280507166405,-0.06376894690380595,-0.06175003694499672,,,0.009166603999801737,"{""dt"": 0.25}"
cd83851ec1eb,2026-09-24T19:53:02,zaki,scheme_order,paper_barrier,call,milstein,weak_barrier,{'fine_steps': 512},65536,4,7,2228767070,zaki-rehnoom_x86_64,-0.06330291748830522,0.0006957089245251436,-0.0646665069803745,-0.061939327996235936,,,0.009166603999801737,"{""dt"": 0.25}"
777dac3963c9,2026-09-24T19:53:02,zaki,scheme_order,paper_barrier,call,exact,price_call,{'fine_steps': 512},65536,8,7,2228767070,zaki-rehnoom_x86_64,7.208380040351925,0.04949629465364931,7.1113673028307725,7.305392777873078,,,0.021333819999654224,"{""dt"": 0.125}"
d00f4aaf362f,2026-09-24T19:53:02,zaki,scheme_order,paper_barrier,call,exact,price_barrier,{'fine_steps': 512},65536,8,7,2228767070,zaki-rehnoom_x86_64,7.105854456305766,0.049667125260006405,7.008506890796154,7.203202021815379,,,0.021333819999654224,"{""dt"": 0.125}"
e39cc9982c20,2026-09-24T19:53:02,zaki,scheme_order,paper_barrier,call,euler_maruyama,strong_abs_terminal,{'fine_steps': 512},65536,8,7,2228767070,zaki-rehnoom_x86_64,0.8061183712877564,0.0026850825448191708,0.8008556094999109,0.811381133075602,,,0.011515206000240141,"{""dt"": 0.125}"
8d76e9839134,2026-09-24T19:53:02,zaki,scheme_order,paper_barrier,call,euler_maruyama,weak_terminal_mean,{'fine_steps': 512},65536,8,7,2228767070,zaki-rehnoom_x86_64,-0.00854420107193275,0.004138148875766214,-0.01665497286843453,-0.00043342927543096876,-0.005781694413798277,0.002762506658134472,0.011515206000240141,"{""dt"": 0.125}"
acee6fe9e975,2026-09-24T19:53:02,zaki,scheme_order,paper_barrier,call,euler_maruyama,weak_call,{'fine_steps': 512},65536,8,7,2228767070,zaki-rehnoom_x86_64,-0.026088598084265103,0.0030551523401540948,-0.03207669667096713,-0.02010049949756308,,,0.011515206000240141,"{""dt"": 0.125}"
8d84bdf8de1c,2026-09-24T19:53:02,zaki,scheme_order,paper_barrier,call,euler_maruyama,weak_barrier,{'fine_steps': 512},65536,8,7,2228767070,zaki-rehnoom_x86_64,-0.028538474132526866,0.0034722269925384526,-0.03534403903790223,-0.0217329092271515,,,0.011515206000240141,"{""dt"": 0.125}"
81e09f40c0a8,2026-09-24T19:53:02,zaki,scheme_order,paper_barrier,call,milstein,strong_abs_terminal,{'fine_steps': 512},65536,8,7,2228767070,zaki-rehnoom_x86_64,0.06470583915077698,0.0002606474277156189,0.06419497019245436,0.06521670810909959,,,0.013774163000107364,"{""dt"": 0.125}"
3b0ee75b3123,2026-09-24T19:53:02,zaki,scheme_order,paper_barrier,call,milstein,weak_terminal_mean,{'fine_steps': 512},65536,8,7,2228767070,zaki-rehnoom_x86_64,-0.006707508939982746,0.00036212944765457285,-0.007417282657385709,-0.005997735222579783,-0.005781694413798277,0.0009258145261844689,0.013774163000107364,"{""dt"": 0.125}"
a102fd37e261,2026-09-24T19:53:02,zaki,scheme_order,paper_barrier,call,milstein,weak_call,{'fine_steps': 512},65536,8,7,2228767070,zaki-rehnoom_x86_64,-0.03237734917233093,0.0002598571779708595,-0.03288666924115381,-0.03186802910350804,,,0.013774163000107364,"{""dt"": 0.125}"
7a61ec63034b,2026-09-24T19:53:02,zaki,scheme_order,paper_barrier,call,milstein,weak_barrier,{'fine_steps': 512},65536,8,7,2228767070,zaki-rehnoom_x86_64,-0.03328507522439006,0.0004283439232973042,-0.03412462931405277,-0.032445521134727345,,,0.013774163000107364,"{""dt"": 0.125}"
58944ab89618,2026-09-24T19:53:02,zaki,scheme_order,paper_barrier,call,exact,price_call,{'fine_steps': 512},65536,16,7,2228767070,zaki-rehnoom_x86_64,7.208380040351924,0.0494962946536493,7.111367302830771,7.3053927778730765,,,0.030185467000137578,"{""dt"": 0.0625}"
97b18137969a,2026-09-24T19:53:02,zaki,scheme_order,paper_barrier,call,exact,price_barrier,{'fine_steps': 512},65536,16,7,2228767070,zaki-rehnoom_x86_64,7.131777740563309,0.04962519565663322,7.0345123570763075,7.22904312405031,,,0.030185467000137578,"{""dt"": 0.0625}"
32dfc2f78c8b,2026-09-24T19:53:02,zaki,scheme_order,paper_barrier,call,euler_maruyama,strong_abs_terminal,{'fine_steps': 512},65536,16,7,2228767070,zaki-rehnoom_x86_64,0.576146533267423,0.00185181516367571,0.5725169755466186,0.5797760909882275,,,0.018219869000859035,"{""dt"": 0.0625}"
d73d10cc0e0a,2026-09-24T19:53:02,zaki,scheme_order,paper_barrier,call,euler_maruyama,weak_terminal_mean,{'fine_steps': 512},65536,16,7,2228767070,zaki-rehnoom_x86_64,-0.006353735185578567,0.0029144050491123046,-0.012065969081838684,-0.0006415012893184503,-0.0028944951184826095,0.003459240067095958,0.018219869000859035,"{""dt"": 0.0625}"
044e5e4c0604,2026-09-24T19:53:02,zaki,scheme_order,paper_barrier,call,euler_maruyama,weak_call,{'fine_steps': 512},65536,16,7,2228767070,zaki-rehnoom_x86_64,-0.014159158836416406,0.0021466176029417876,-0.018366529338182308,-0.009951788334650503,,,0.018219869000859035,"{""dt"": 0.0625}"
a40e0f41a8d6,2026-09-24T19:53:02,zaki,scheme_order,paper_barrier,call,euler_maruyama,weak_barrier,{'fine_steps': 512},65536,16,7,2228767070,zaki-rehnoom_x86_64,-0.015803225143583056,0.002456632588322882,-0.020618225016695906,-0.010988225270470206,,,0.018219869000859035,"{""dt"": 0.0625}"
b69420fedfbb,2026-09-24T19:53:02,zaki,scheme_order,paper_barrier,call,milstein,strong_abs_terminal,{'fine_steps': 512},65536,16,7,2228767070,zaki-rehnoom_x86_64,0.03360317786665263,0.000125135068633881,0.03335791313213022,0.03384844260117504,,,0.025599351000892057,"{""dt"": 0.0625}"
27868ec907c1,2026-09-24T19:53:02,zaki,scheme_order,paper_barrier,call,milstein,weak_terminal_mean,{'fine_steps': 512},65536,16,7,2228767070,zaki-rehnoom_x86_64,-0.00322131356825865,0.00018091580575000472,-0.0035759085475286596,-0.0028667185889886407,-0.0028944951184826095,0.0003268184497760406,0.025599351000892057,"{""dt"": 0.0625}"
1d0311996d89,2026-09-24T19:53:02,zaki,scheme_order,paper_barrier,call,milstein,weak_call,{'fine_steps': 512},65536,16,7,2228767070,zaki-rehnoom_x86_64,-0.016345803183251875,0.00012993891562290436,-0.016600483457872767,-0.016091122908630982,,,0.025599351000892057,"{""dt"": 0.0625}"
125d3d8d73c8,2026-09-24T19:53:02,zaki,scheme_order,paper_barrier,call,milstein,weak_barrier,{'fine_steps': 512},65536,16,7,2228767070,zaki-rehnoom_x86_64,-0.0166151613535848,0.00021220892776961404,-0.017031090852013243,-0.016199231855156357,,,0.025599351000892057,"{""dt"": 0.0625}"
e2cde2456ac8,2026-09-24T19:53:02,zaki,scheme_order,paper_barrier,call,exact,price_call,{'fine_steps': 512},65536,32,7,2228767070,zaki-rehnoom_x86_64,7.2083800403519245,0.04949629465364931,7.111367302830772,7.305392777873077,,,0.04461137899943424,"{""dt"": 0.03125}"
43fcef0e0b4d,2026-09-24T19:53:02,zaki,scheme_order,paper_barrier,call,exact,price_barrier,{'fine_steps': 512},65536,32,7,2228767070,zaki-rehnoom_x86_64,7.1481645532668665,0.049598537490126215,7.0509514197862195,7.2453776867475135,,,0.04461137899943424,"{""dt"": 0.03125}"
16ddc1931d6b,2026-09-24T19:53:02,zaki,scheme_order,paper_barrier,call,euler_maruyama,strong_abs_terminal,{'fine_steps': 512},65536,32,7,2228767070,zaki-rehnoom_x86_64,0.40813723921546424,0.0012887696846823685,0.4056112506334868,0.4106632277974417,,,0.034292407999146235,"{""dt"": 0.03125}"
a32fb358bae2,2026-09-24T19:53:02,zaki,scheme_order,paper_barrier,call,euler_maruyama,weak_terminal_mean,{'fine_steps': 512},65536,32,7,2228767070,zaki-rehnoom_x86_64,3.0500687177779776e-05,0.002050052245554833,-0.003987601714109693,0.004048603088465253,-0.0014481614756078898,0.0014786621627856694,0.034292407999146235,"{""dt"": 0.03125}"
edc73b51c2b9,2026-09-24T19:53:02,zaki,scheme_order,paper_barrier,call,euler_maruyama,weak_call,{'fine_steps': 512},65536,32,7,2228767070,zaki-rehnoom_x86_64,-0.00541684698657666,0.001514418730806658,-0.00838510769895771,-0.0024485862741956102,,,0.034292407999146235,"{""dt"": 0.03125}"
5b641dbf7f39,2026-09-24T19:53:02,zaki,scheme_order,paper_barrier,call,euler_maruyama,weak_barrier,{'fine_steps': 512},65536,32,7,2228767070,zaki-rehnoom_x86_64,-0.0065724746367943725,0.001746860511459519,-0.00999632123925503,-0.0031486280343337152,,,0.034292407999146235,"{""dt"": 0.03125}"
980728988107,2026-09-24T19:53:02,zaki,scheme_order,paper_barrier,call,milstein,strong_abs_terminal,{'fine_steps': 512},65536,32,7,2228767070,zaki-rehnoom_x86_64,0.017146370499891813,6.086251894008563e-05,0.017027079962769247,0.01726566103701438,,,0.04747336799982804,"{""dt"": 0.03125}"
973a8c400803,2026-09-24T19:53:02,zaki,scheme_order,paper_barrier,call,milstein,weak_terminal_mean,{'fine_steps': 512},65536,32,7,2228767070,zaki-rehnoom_x86_64,-0.0016290499706356379,9.027665260871688e-05,-0.001805992209748723,-0.0014521077315225528,-0.0014481614756078898,0.0001808884950277481,0.04747336799982804,"{""dt"": 0.03125}"
9457b76ea3fc,2026-09-24T19:53:02,zaki,scheme_order,paper_barrier,call,milstein,weak_call,{'fine_steps': 512},65536,32,7,2228767070,zaki-rehnoom_x86_64,-0.00821242497116599,6.505305392530765e-05,-0.008339928956859593,-0.008084920985472388,,,0.04747336799982804,"{""dt"": 0.03125}"
61134e5e7afd,2026-09-24T19:53:02,zaki,scheme_order,paper_barrier,call,milstein,weak_barrier,{'fine_steps': 512},65536,32,7,2228767070,zaki-rehnoom_x86_64,-0.008134816194782317,0.0001707107645075022,-0.00846940929321702,-0.007800223096347612,,,0.04747336799982804,"{""dt"": 0.03125}"
9397aaf31f73,2026-09-24T19:53:02,zaki,scheme_order,paper_barrier,call,exact,price_call,{'fine_steps': 512},65536,64,7,2228767070,zaki-rehnoom_x86_64,7.208380040351919,0.0494962946536493,7.111367302830766,7.305392777873072,,,0.07750811300047644,"{""dt"": 0.015625}"
5c1f5c9a388d,2026-09-24T19:53:02,zaki,scheme_order,paper_barrier,call,exact,price_barrier,{'fine_steps': 512},65536,64,7,2228767070,zaki-rehnoom_x86_64,7.160055903272544,0.049579056176894114,7.062880953165831,7.257230853379256,,,0.07750811300047644,"{""dt"": 0.015625}"
91e0b686ed04,2026-09-24T19:53:02,zaki,scheme_order,paper_barrier,call,euler_maruyama,strong_abs_terminal,{'fine_steps': 512},65536,64,7,2228767070,zaki-rehnoom_x86_64,0.2899944314235901,0.0009113259311169572,0.28820823259860084,0.29178063024857936,,,0.06131414099945687,"{""dt"": 0.015625}"
b62f7bd5ef90,2026-09-24T19:53:02,zaki,scheme_order,paper_barrier,call,euler_maruyama,weak_terminal_mean,{'fine_steps': 512},65536,64,7,2228767070,zaki-rehnoom_x86_64,-0.0005235117689510884,0.0014538724942570382,-0.0033731018576948833,0.0023260783197927063,-0.0007243094598123889,0.00020079769086130052,0.06131414099945687,"{""dt"": 0.015625}"
62f1a283f8a6,2026-09-24T19:53:02,zaki,scheme_order,paper_barrier,call,euler_maruyama,weak_call,{'fine_steps': 512},65536,64,7,2228767070,zaki-rehnoom_x86_64,-0.0031894346550622264,0.0010796243752797079,-0.005305498430610454,-0.001073370879513999,,,0.06131414099945687,"{""dt"": 0.015625}"
407225d19516,2026-09-24T19:53:02,zaki,scheme_order,paper_barrier,call,euler_maruyama,weak_barrier,{'fine_steps': 512},65536,64,7,2228767070,zaki-rehnoom_x86_64,-0.003802791222217088,0.0012613318264875514,-0.006275001602132688,-0.0013305808423014873,,,0.06131414099945687,"{""dt"": 0.015625}"
9aa67680af69,2026-09-24T19:53:02,zaki,scheme_order,paper_barrier,call,milstein,strong_abs_terminal,{'fine_steps': 512},65536,64,7,2228767070,zaki-rehnoom_x86_64,0.008690332383649834,2.9882881494773242e-05,0.00863176193592008,0.00874890283137959,,,0.08596813999974984,"{""dt"": 0.015625}"
f5d828071c0d,2026-09-24T19:53:02,zaki,scheme_order,paper_barrier,call,milstein,weak_terminal_mean,{'fine_steps': 512},65536,64,7,2228767070,zaki-rehnoom_x86_64,-0.0007781670395424681,4.5123570027761485e-05,-0.0008666092367968807,-0.0006897248422880556,-0.0007243094598123889,5.385757973007919e-05,0.08596813999974984,"{""dt"": 0.015625}"
1d93a670fbaf,2026-09-24T19:53:02,zaki,scheme_order,paper_barrier,call,milstein,weak_call,{'fine_steps': 512},65536,64,7,2228767070,zaki-rehnoom_x86_64,-0.004107409176456273,3.2482749478211153e-05,-0.004171075365433567,-0.004043742987478978,,,0.08596813999974984,"{""dt"": 0.015625}"
26d607425eb0,2026-09-24T19:53:02,zaki,scheme_order,paper_barrier,call,milstein,weak_barrier,{'fine_steps': 512},65536,64,7,2228767070,zaki-rehnoom_x86_64,-0.0041387762316260086,7.563756168756031e-05,-0.004287025852533627,-0.00399052661071839,,,0.08596813999974984,"{""dt"": 0.015625}"
059e0857213b,2026-09-24T19:53:02,zaki,scheme_order,paper_barrier,call,exact,price_call,{'fine_steps': 512},65536,128,7,2228767070,zaki-rehnoom_x86_64,7.208380040351919,0.049496294653649305,7.111367302830766,7.305392777873072,,,0.16265860800012888,"{""dt"": 0.0078125}"
bd855d3fdaf9,2026-09-24T19:53:02,zaki,scheme_order,paper_barrier,call,exact,price_barrier,{'fine_steps': 512},65536,128,7,2228767070,zaki-rehnoom_x86_64,7.168341859993342,0.04956540864838273,7.071193659042512,7.265490060944172,,,0.16265860800012888,"{""dt"": 0.0078125}"
e3dbfd5dd98e,2026-09-24T19:53:02,zaki,scheme_order,paper_barrier,call,euler_maruyama,strong_abs_terminal,{'fine_steps': 512},65536,128,7,2228767070,zaki-rehnoom_x86_64,0.2056220998156607,0.0006439892344214688,0.20435988091619464,0.20688431871512677,,,0.12319653100030337,"{""dt"": 0.0078125}"
789f5df4605d,2026-09-24T19:53:02,zaki,scheme_order,paper_barrier,call,euler_maruyama,weak_terminal_mean,{'fine_steps': 512},65536,128,7,2228767070,zaki-rehnoom_x86_64,-0.0006145536598943216,0.0010295021378739484,-0.0026323778501272602,0.0014032705303386173,-0.00036221194078223107,0.0002523417191120905,0.12319653100030337,"{""dt"": 0.0078125}"
cd263fba2737,2026-09-24T19:53:02,zaki,scheme_order,paper_barrier,call,euler_maruyama,weak_call,{'fine_steps': 512},65536,128,7,2228767070,zaki-rehnoom_x86_64,-0.0016244183428260714,0.0007626147387820254,-0.003119143230838841,-0.00012969345481330177,,,0.12319653100030337,"{""dt"": 0.0078125}"
738e67dc39b8,2026-09-24T19:53:02,zaki,scheme_order,paper_barrier,call,euler_maruyama,weak_barrier,{'fine_steps': 512},65536,128,7,2228767070,zaki-rehnoom_x86_64,-0.00197982505000107,0.0009217964697158405,-0.003786546130644117,-0.00017310396935802264,,,0.12319653100030337,"{""dt"": 0.0078125}"
0848c6c6c61e,2026-09-24T19:53:02,zaki,scheme_order,paper_barrier,call,milstein,strong_abs_terminal,{'fine_steps': 512},65536,128,7,2228767070,zaki-rehnoom_x86_64,0.004380851133251787,1.4864393318093918e-05,0.004351716922348323,0.004409985344155251,,,0.19175304700002016,"{""dt"": 0.0078125}"
3dfdf65b8241,2026-09-24T19:53:02,zaki,scheme_order,paper_barrier,call,milstein,weak_terminal_mean,{'fine_steps': 512},65536,128,7,2228767070,zaki-rehnoom_x86_64,-0.0003921021523516717,2.2615330310338807e-05,-0.0004364281997599358,-0.00034777610494340764,-0.00036221194078223107,2.989021156944065e-05,0.19175304700002016,"{""dt"": 0.0078125}"
2f48935564ac,2026-09-24T19:53:02,zaki,scheme_order,paper_barrier,call,milstein,weak_call,{'fine_steps': 512},65536,128,7,2228767070,zaki-rehnoom_x86_64,-0.0020629983320426598,1.631095401206895e-05,-0.002094967801906315,-0.0020310288621790047,,,0.19175304700002016,"{""dt"": 0.0078125}"
7d927749e718,2026-09-24T19:53:02,zaki,scheme_order,paper_barrier,call,milstein,weak_barrier,{'fine_steps': 512},65536,128,7,2228767070,zaki-rehnoom_x86_64,-0.0020481332715885,1.6273261850270123e-05,-0.0020800288648150297,-0.0020162376783619705,,,0.19175304700002016,"{""dt"": 0.0078125}"
7d2a7afe5f95,2026-09-24T19:53:02,zaki,scheme_order,paper_barrier,call,exact,price_call,{'fine_steps': 512},65536,256,7,2228767070,zaki-rehnoom_x86_64,7.208380040351917,0.04949629465364928,7.1113673028307645,7.30539277787307,,,0.3022252949990616,"{""dt"": 0.00390625}"
ea210cea9650,2026-09-24T19:53:02,zaki,scheme_order,paper_barrier,call,exact,price_barrier,{'fine_steps': 512},65536,256,7,2228767070,zaki-rehnoom_x86_64,7.173971388207697,0.04955625455790025,7.076841129274213,7.271101647141181,,,0.3022252949990616,"{""dt"": 0.00390625}"
69881c8af714,2026-09-24T19:53:02,zaki,scheme_order,paper_barrier,call,euler_maruyama,strong_abs_terminal,{'fine_steps': 512},65536,256,7,2228767070,zaki-rehnoom_x86_64,0.14499013268831912,0.00045372059452416315,0.14410084032305176,0.14587942505358648,,,0.24746773099923303,"{""dt"": 0.00390625}"
0ecf7219a51c,2026-09-24T19:53:02,zaki,scheme_order,paper_barrier,call,euler_maruyama,weak_terminal_mean,{'fine_steps': 512},65536,256,7,2228767070,zaki-rehnoom_x86_64,-0.0007938442333770155,0.0007256927963636971,-0.0022162021142498618,0.0006285136474958307,-0.0001811202798052136,0.0006127239535718018,0.24746773099923303,"{""dt"": 0.00390625}"
f37aa762be94,2026-09-24T19:53:02,zaki,scheme_order,paper_barrier,call,euler_maruyama,weak_call,{'fine_steps': 512},65536,256,7,2228767070,zaki-rehnoom_x86_64,-0.001150357130085075,0.0005396389105911934,-0.002208049394843814,-9.266486532633587e-05,,,0.24746773099923303,"{""dt"": 0.00390625}"
76147e2bc3dd,2026-09-24T19:53:02,zaki,scheme_order,paper_barrier,call,euler_maruyama,weak_barrier,{'fine_steps': 512},65536,256,7,2228767070,zaki-rehnoom_x86_64,-0.001935015439233177,0.0006738416888368244,-0.0032557451493533526,-0.0006142857291130011,,,0.24746773099923303,"{""dt"": 0.00390625}"
5b8139b4b719,2026-09-24T19:53:02,zaki,scheme_order,paper_barrier,call,milstein,strong_abs_terminal,{'fine_steps': 512},65536,256,7,2228767070,zaki-rehnoom_x86_64,0.0022078124053149894,7.451038411702604e-06,0.0021932083700280523,0.0022224164406019265,,,0.35229631199990763,"{""dt"": 0.00390625}"
4ddc3adf58ac,2026-09-24T19:53:02,zaki,scheme_order,paper_barrier,call,milstein,weak_terminal_mean,{'fine_steps': 512},65536,256,7,2228767070,zaki-rehnoom_x86_64,-0.00020469388407639742,1.1369157687555764e-05,-0.00022697743314400672,-0.0001824103350087881,-0.0001811202798052136,2.3573604271183803e-05,0.35229631199990763,"{""dt"": 0.00390625}"
b0935daf427d,2026-09-24T19:53:02,zaki,scheme_order,paper_barrier,call,milstein,weak_call,{'fine_steps': 512},65536,256,7,2228767070,zaki-rehnoom_x86_64,-0.0010404950877495871,8.210666775323486e-06,-0.001056587994629221,-0.0010244021808699531,,,0.35229631199990763,"{""dt"": 0.00390625}"
f23eed6fdc87,2026-09-24T19:53:02,zaki,scheme_order,paper_barrier,call,milstein,weak_barrier,{'fine_steps': 512},65536,256,7,2228767070,zaki-rehnoom_x86_64,-0.001052948338475047,2.0966760095840285e-05,-0.001094043188262894,-0.0010118534886872,,,0.35229631199990763,"{""dt"": 0.00390625}"
1cad2dc7380c,2026-09-24T19:53:02,zaki,scheme_order,paper_barrier,call,exact,price_call,{'fine_steps': 512},65536,512,7,2228767070,zaki-rehnoom_x86_64,7.208380040351918,0.049496294653649284,7.111367302830765,7.305392777873071,,,0.6418199520003327,"{""dt"": 0.001953125}"
8ca77eaa09af,2026-09-24T19:53:02,zaki,scheme_order,paper_barrier,call,exact,price_barrier,{'fine_steps': 512},65536,512,7,2228767070,zaki-rehnoom_x86_64,7.176865824273475,0.04955145870659089,7.0797449652085565,7.273986683338393,,,0.6418199520003327,"{""dt"": 0.001953125}"
87ce35c1167a,2026-09-24T19:53:02,zaki,scheme_order,paper_barrier,call,euler_maruyama,strong_abs_terminal,{'fine_steps': 512},65536,512,7,2228767070,zaki-rehnoom_x86_64,0.10291503525237045,0.00032097360636499706,0.10228592698389505,0.10354414352084584,,,0.5366508250008337,"{""dt"": 0.001953125}"
06356ea8024e,2026-09-24T19:53:02,zaki,scheme_order,paper_barrier,call,euler_maruyama,weak_terminal_mean,{'fine_steps': 512},65536,512,7,2228767070,zaki-rehnoom_x86_64,0.00024200172358696947,0.0005144309099727101,-0.0007662828599595423,0.0012502863071334812,-9.056371841609234e-05,0.0003325654420030618,0.5366508250008337,"{""dt"": 0.001953125}"
72a6cd8f274b,2026-09-24T19:53:02,zaki,scheme_order,paper_barrier,call,euler_maruyama,weak_call,{'fine_steps': 512},65536,512,7,2228767070,zaki-rehnoom_x86_64,-0.0002529983487754824,0.0003819085247686045,-0.0010015390573219472,0.0004955423597709825,,,0.5366508250008337,"{""dt"": 0.001953125}"
e5fc43f67c00,2026-09-24T19:53:02,zaki,scheme_order,paper_barrier,call,euler_maruyama,weak_barrier,{'fine_steps': 512},65536,512,7,2228767070,zaki-rehnoom_x86_64,-0.000528945133581636,0.0004574317524415633,-0.0014255113683671002,0.00036762110120382803,,,0.5366508250008337,"{""dt"": 0.001953125}"
338621cc96e1,2026-09-24T19:53:02,zaki,scheme_order,paper_barrier,call,milstein,strong_abs_terminal,{'fine_steps': 512},65536,512,7,2228767070,zaki-rehnoom_x86_64,0.001101758336106924,3.708121893462255e-06,0.0010944904171957379,0.00110902625501811,,,0.7481608730008702,"{""dt"": 0.001953125}"
dad950b29f41,2026-09-24T19:53:02,zaki,scheme_order,paper_barrier,call,milstein,weak_terminal_mean,{'fine_steps': 512},65536,512,7,2228767070,zaki-rehnoom_x86_64,-9.77071432014489e-05,5.668067187038307e-06,-0.00010881655488804398,-8.659773151485382e-05,-9.056371841609234e-05,7.143424785356557e-06,0.7481608730008702,"{""dt"": 0.001953125}"
374b28c693a9,2026-09-24T19:53:02,zaki,scheme_order,paper_barrier,call,milstein,weak_call,{'fine_steps': 512},65536,512,7,2228767070,zaki-rehnoom_x86_64,-0.0005162703553252538,4.0925893263890855e-06,-0.0005242918304049764,-0.0005082488802455312,,,0.7481608730008702,"{""dt"": 0.001953125}"
19b4eb644aca,2026-09-24T19:53:02,zaki,scheme_order,paper_barrier,call,milstein,weak_barrier,{'fine_steps': 512},65536,512,7,2228767070,zaki-rehnoom_x86_64,-0.0005134053669342769,4.0844902664551376e-06,-0.000521410967856529,-0.0005053997660120248,,,0.7481608730008702,"{""dt"": 0.001953125}"
0b5c8ba79641,2026-09-24T19:53:09,zaki,scheme_order,paper_barrier,call,exact,price_call,{'fine_steps': 512},65536,4,8,356618347,zaki-rehnoom_x86_64,7.093443603639182,0.04854852873709998,6.998288487314466,7.188598719963898,,,0.023222500999963813,"{""dt"": 0.25}"
7978e1105e42,2026-09-24T19:53:09,zaki,scheme_order,paper_barrier,call,exact,price_barrier,{'fine_steps': 512},65536,4,8,356618347,zaki-rehnoom_x86_64,6.957257826528359,0.048772121816910326,6.8616644677672145,7.052851185289503,,,0.023222500999963813,"{""dt"": 0.25}"
b1875da6be84,2026-09-24T19:53:09,zaki,scheme_order,paper_barrier,call,euler_maruyama,strong_abs_terminal,{'fine_steps': 512},65536,4,8,356618347,zaki-rehnoom_x86_64,1.1033071071711358,0.0038466270892805426,1.0957677180761458,1.1108464962661257,,,0.011825803999727214,"{""dt"": 0.25}"
9a78a74d7724,2026-09-24T19:53:09,zaki,scheme_order,paper_barrier,call,euler_maruyama,weak_terminal_mean,{'fine_steps': 512},65536,4,8,356618347,zaki-rehnoom_x86_64,-0.005959974758661836,0.0057767292139768505,-0.017282364018056464,0.005362414500732791,-0.011534328945430161,0.005574354186768325,0.011825803999727214,"{""dt"": 0.25}"
81ad6ba8a353,2026-09-24T19:53:09,zaki,scheme_order,paper_barrier,call,euler_maruyama,weak_call,{'fine_steps': 512},65536,4,8,356618347,zaki-rehnoom_x86_64,-0.04616418422888472,0.004168822744988379,-0.054335076809061945,-0.037993291648707496,,,0.011825803999727214,"{""dt"": 0.25}"
e14bfe03f0af,2026-09-24T19:53:09,zaki,scheme_order,paper_barrier,call,euler_maruyama,weak_barrier,{'fine_steps': 512},65536,4,8,356618347,zaki-rehnoom_x86_64,-0.05121173468861481,0.0046778423218361695,-0.060380305639413705,-0.04204316373781592,,,0.011825803999727214,"{""dt"": 0.25}"
e0b9dd8b16e0,2026-09-24T19:53:09,zaki,scheme_order,paper_barrier,call,milstein,strong_abs_terminal,{'fine_steps': 512},65536,4,8,356618347,zaki-rehnoom_x86_64,0.1199860660230971,0.000531753039562124,0.11894383006555534,0.12102830198063885,,,0.009240566999778821,"{""dt"": 0.25}"
d013b23e015f,2026-09-24T19:53:09,zaki,scheme_order,paper_barrier,call,milstein,weak_terminal_mean,{'fine_steps': 512},65536,4,8,356618347,zaki-rehnoom_x86_64,-0.010760688352968052,0.000707582720149689,-0.012147550484461441,-0.009373826221474662,-0.011534328945430161,0.0007736405924621097,0.009240566999778821,"{""dt"": 0.25}"
d04afddc2487,2026-09-24T19:53:09,zaki,scheme_order,paper_barrier,call,milstein,weak_call,{'fine_steps': 512},65536,4,8,356618347,zaki-rehnoom_x86_64,-0.06091364178569081,0.0004996400180040366,-0.06189293622097872,-0.0599343473504029,,,0.009240566999778821,"{""dt"": 0.25}"
e1a8f936d472,2026-09-24T19:53:09,zaki,scheme_order,paper_barrier,call,milstein,weak_barrier,{'fine_steps': 512},65536,4,8,356618347,zaki-rehnoom_x86_64,-0.06229955494966416,0.0006845851616429382,-0.06364134186648432,-0.060957768032844,,,0.009240566999778821,"{""dt"": 0.25}"
1c664654dda2,2026-09-24T19:53:09,zaki,scheme_order,paper_barrier,call,exact,price_call,{'fine_steps': 512},65536,8,8,356618347,zaki-rehnoom_x86_64,7.093443603639185,0.04854852873710001,6.998288487314468,7.188598719963901,,,0.016707295999822236,"{""dt"": 0.125}"
6fdc66acc7ea,2026-09-24T19:53:09,zaki,scheme_order,paper_barrier,call,exact,price_barrier,{'fine_steps': 512},65536,8,8,356618347,zaki-rehnoom_x86_64,6.995710898727916,0.04871070819086971,6.900237910673812,7.09118388678202,,,0.016707295999822236,"{""dt"": 0.125}"
f0b689ea2443,2026-09-24T19:53:09,zaki,scheme_order,paper_barrier,call,euler_maruyama,strong_abs_terminal,{'fine_steps': 512},65536,8,8,356618347,zaki-rehnoom_x86_64,0.8032070331582383,0.002646036698801278,0.7980208012285878,0.8083932650878888,,,0.010664992999863898,"{""dt"": 0.125}"
6c3004332a15,2026-09-24T19:53:09,zaki,scheme_order,paper_barrier,call,euler_maruyama,weak_terminal_mean,{'fine_steps': 512},65536,8,8,356618347,zaki-rehnoom_x86_64,-0.003796577866377497,0.0041043293148054355,-0.011841063323396149,0.004247907590641156,-0.005781694413798277,0.0019851165474207805,0.010664992999863898,"{""dt"": 0.125}"
6a5612c0ab08,2026-09-24T19:53:09,zaki,scheme_order,paper_barrier,call,euler_maruyama,weak_call,{'fine_steps': 512},65536,8,8,356618347,zaki-rehnoom_x86_64,-0.02242215283308847,0.0029889628741606397,-0.028280520066443323,-0.016563785599733618,,,0.010664992999863898,"{""dt"": 0.125}"
549cfe4bd415,2026-09-24T19:53:09,zaki,scheme_order,paper_barrier,call,euler_maruyama,weak_barrier,{'fine_steps': 512},65536,8,8,356618347,zaki-rehnoom_x86_64,-0.025712024923909376,0.003352783821457757,-0.03228348121396658,-0.019140568633852172,,,0.010664992999863898,"{""dt"": 0.125}"
14c05c606b27,2026-09-24T19:53:09,zaki,scheme_order,paper_barrier,call,milstein,strong_abs_terminal,{'fine_steps': 512},65536,8,8,356618347,zaki-rehnoom_x86_64,0.06412794400087637,0.0002542845311874599,0.06362954631974896,0.06462634168200379,,,0.014222048999727122,"{""dt"": 0.125}"
6ebc083d5208,2026-09-24T19:53:09,zaki,scheme_order,paper_barrier,call,milstein,weak_terminal_mean,{'fine_steps': 512},65536,8,8,356618347,zaki-rehnoom_x86_64,-0.005832173329871028,0.00035622001150175726,-0.006530364552414472,-0.005133982107327583,-0.005781694413798277,5.047891607275028e-05,0.014222048999727122,"{""dt"": 0.125}"
49c99100a82e,2026-09-24T19:53:09,zaki,scheme_order,paper_barrier,call,milstein,weak_call,{'fine_steps': 512},65536,8,8,356618347,zaki-rehnoom_x86_64,-0.031625954809727415,0.00025376426553533435,-0.03212333277017667,-0.03112857684927816,,,0.014222048999727122,"{""dt"": 0.125}"
cd6f4816600b,2026-09-24T19:53:09,zaki,scheme_order,paper_barrier,call,milstein,weak_barrier,{'fine_steps': 512},65536,8,8,356618347,zaki-rehnoom_x86_64,-0.032102132038311464,0.0003741468118907798,-0.03283545978961739,-0.03136880428700554,,,0.014222048999727122,"{""dt"": 0.125}"
1a3a99b27ad1,2026-09-24T19:53:09,zaki,scheme_order,paper_barrier,call,exact,price_call,{'fine_steps': 512},65536,16,8,356618347,zaki-rehnoom_x86_64,7.093443603639182,0.04854852873709998,6.998288487314466,7.188598719963898,,,0.028150861000540317,"{""dt"": 0.0625}"
abf4f54ecd5e,2026-09-24T19:53:09,zaki,scheme_order,paper_barrier,call,exact,price_barrier,{'fine_steps': 512},65536,16,8,356618347,zaki-rehnoom_x86_64,7.020789921130651,0.04867054657298583,6.925395649847598,7.116184192413703,,,0.028150861000540317,"{""dt"": 0.0625}"
025d06f23f77,2026-09-24T19:53:09,zaki,scheme_order,paper_barrier,call,euler_maruyama,strong_abs_terminal,{'fine_steps': 512},65536,16,8,356618347,zaki-rehnoom_x86_64,0.5761209430088817,0.0018506638775661612,0.5724936418088521,0.5797482442089114,,,0.018998063999788428,"{""dt"": 0.0625}"
6b8b005afc85,2026-09-24T19:53:09,zaki,scheme_order,paper_barrier,call,euler_maruyama,weak_terminal_mean,{'fine_steps': 512},65536,16,8,356618347,zaki-rehnoom_x86_64,-0.005368508312403264,0.002913626685941346,-0.011079216616848303,0.00034219999204177474,-0.0028944951184826095,0.0024740131939206544,0.018998063999788428,"{""dt"": 0.0625}"
6112b1c3f992,2026-09-24T19:53:09,zaki,scheme_order,paper_barrier,call,euler_maruyama,weak_call,{'fine_steps': 512},65536,16,8,356618347,zaki-rehnoom_x86_64,-0.013125777751110948,0.0021399429091581656,-0.01732006585306095,-0.008931489649160945,,,0.018998063999788428,"{""dt"": 0.0625}"
e74634a65c50,2026-09-24T19:53:09,zaki,scheme_order,paper_barrier,call,euler_maruyama,weak_barrier,{'fine_steps': 512},65536,16,8,356618347,zaki-rehnoom_x86_64,-0.01497804717760329,0.002427022057111195,-0.01973501040954123,-0.010221083945665347,,,0.018998063999788428,"{""dt"": 0.0625}"
0dae1cc389a4,2026-09-24T19:53:09,zaki,scheme_order,paper_barrier,call,milstein,strong_abs_terminal,{'fine_steps': 512},65536,16,8,356618347,zaki-rehnoom_x86_64,0.03342486728296876,0.00012335159825610663,0.03318309815038679,0.033666636415550726,,,0.024953493999419152,"{""dt"": 0.0625}"
5de7f8d0ea4d,2026-09-24T19:53:09,zaki,scheme_order,paper_barrier,call,milstein,weak_terminal_mean,{'fine_steps': 512},65536,16,8,356618347,zaki-rehnoom_x86_64,-0.002933063159843008,0.00017925416804521048,-0.0032844013292116204,-0.0025817249904743953,-0.0028944951184826095,3.856804136039829e-05,0.024953493999419152,"{""dt"": 0.0625}"
514e9a9cef2b,2026-09-24T19:53:09,zaki,scheme_order,paper_barrier,call,milstein,weak_call,{'fine_steps': 512},65536,16,8,356618347,zaki-rehnoom_x86_64,-0.016081077574827254,0.00012795968627196794,-0.016331878559920313,-0.015830276589734196,,,0.024953493999419152,"{""dt"": 0.0625}"
49800e177723,2026-09-24T19:53:09,zaki,scheme_order,paper_barrier,call,milstein,weak_barrier,{'fine_steps': 512},65536,16,8,356618347,zaki-rehnoom_x86_64,-0.016312619594736927,0.0002459049988331811,-0.01679459339244996,-0.015830645797023892,,,0.024953493999419152,"{""dt"": 0.0625}"
8276053459d6,2026-09-24T19:53:09,zaki,scheme_order,paper_barrier,call,exact,price_call,{'fine_steps': 512},65536,32,8,356618347,zaki-rehnoom_x86_64,7.093443603639183,0.0485485287371,6.998288487314467,7.188598719963899,,,0.04583622800055309,"{""dt"": 0.03125}"
2ee467505059,2026-09-24T19:53:09,zaki,scheme_order,paper_barrier,call,exact,price_barrier,{'fine_steps': 512},65536,32,8,356618347,zaki-rehnoom_x86_64,7.0353981103267875,0.048646707724243496,6.94005056318727,7.130745657466305,,,0.04583622800055309,"{""dt"": 0.03125}"
71b3299674a1,2026-09-24T19:53:09,zaki,scheme_order,paper_barrier,call,euler_maruyama,strong_abs_terminal,{'fine_steps': 512},65536,32,8,356618347,zaki-rehnoom_x86_64,0.4079629135978422,0.0012807239607806338,0.4054526946347122,0.41047313256097223,,,0.03765842300026634,"{""dt"": 0.03125}"
399216731232,2026-09-24T19:53:09,zaki,scheme_order,paper_barrier,call,euler_maruyama,weak_terminal_mean,{'fine_steps': 512},65536,32,8,356618347,zaki-rehnoom_x86_64,-0.003149885055415953,0.0020444359938398193,-0.007156979603341999,0.0008572094925100929,-0.0014481614756078898,0.0017017235798080631,0.03765842300026634,"{""dt"": 0.03125}"
d3450d41a6d9,2026-09-24T19:53:09,zaki,scheme_order,paper_barrier,call,euler_maruyama,weak_call,{'fine_steps': 512},65536,32,8,356618347,zaki-rehnoom_x86_64,-0.006264606356008855,0.0014958425461077667,-0.009196457746380077,-0.003332754965637632,,,0.03765842300026634,"{""dt"": 0.03125}"
f56cec9beacb,2026-09-24T19:53:09,zaki,scheme_order,paper_barrier,call,euler_maruyama,weak_barrier,{'fine_steps': 512},65536,32,8,356618347,zaki-rehnoom_x86_64,-0.007374723288645844,0.0017306858510648235,-0.010766867556732899,-0.00398257902055879,,,0.03765842300026634,"{""dt"": 0.03125}"
165ae7f44bdd,2026-09-24T19:53:09,zaki,scheme_order,paper_barrier,call,milstein,strong_abs_terminal,{'fine_steps': 512},65536,32,8,356618347,zaki-rehnoom_x86_64,0.017158729415206436,6.022293290886535e-05,0.01704069246670506,0.017276766363707813,,,0.050470918000428355,"{""dt"": 0.03125}"
7c380e34d8bc,2026-09-24T19:53:09,zaki,scheme_order,paper_barrier,call,milstein,weak_terminal_mean,{'fine_steps': 512},65536,32,8,356618347,zaki-rehnoom_x86_64,-0.0014739488614556608,8.992353812333279e-05,-0.001650198996177393,-0.0012976987267339286,-0.0014481614756078898,2.578738584777104e-05,0.050470918000428355,"{""dt"": 0.03125}"
ceef8eb551cb,2026-09-24T19:53:09,zaki,scheme_order,paper_barrier,call,milstein,weak_call,{'fine_steps': 512},65536,32,8,356618347,zaki-rehnoom_x86_64,-0.008125398915717605,6.443695938307697e-05,-0.008251695356108436,-0.007999102475326774,,,0.050470918000428355,"{""dt"": 0.03125}"
a4752e20488f,2026-09-24T19:53:09,zaki,scheme_order,paper_barrier,call,milstein,weak_barrier,{'fine_steps': 512},65536,32,8,356618347,zaki-rehnoom_x86_64,-0.008282295276822695,0.00013446165390507513,-0.008545840118476642,-0.008018750435168748,,,0.050470918000428355,"{""dt"": 0.03125}"
2f1db6148acb,2026-09-24T19:53:09,zaki,scheme_order,paper_barrier,call,exact,price_call,{'fine_steps': 512},65536,64,8,356618347,zaki-rehnoom_x86_64,7.093443603639178,0.04854852873709998,6.998288487314462,7.1885987199638945,,,0.08196689499936838,"{""dt"": 0.015625}"
ed4b3faa7869,2026-09-24T19:53:09,zaki,scheme_order,paper_barrier,call,exact,price_barrier,{'fine_steps': 512},65536,64,8,356618347,zaki-rehnoom_x86_64,7.046292666263368,0.048628967469092066,6.950979890023948,7.141605442502788,,,0.08196689499936838,"{""dt"": 0.015625}"
4b4c46b81504,2026-09-24T19:53:09,zaki,scheme_order,paper_barrier,call,euler_maruyama,strong_abs_terminal,{'fine_steps': 512},65536,64,8,356618347,zaki-rehnoom_x86_64,0.28863832600812556,0.0009078301218005377,0.2868589789693965,0.2904176730468546,,,0.06959371300035855,"{""dt"": 0.015625}"
91260edc2b5a,2026-09-24T19:53:09,zaki,scheme_order,paper_barrier,call,euler_maruyama,weak_terminal_mean,{'fine_steps': 512},65536,64,8,356618347,zaki-rehnoom_x86_64,-0.0014876922147050583,0.0014475436645511929,-0.004324877797225396,0.0013494933678152795,-0.0007243094598123889,0.0007633827548926694,0.06959371300035855,"{""dt"": 0.015625}"
280089299ef3,2026-09-24T19:53:09,zaki,scheme_order,paper_barrier,call,euler_maruyama,weak_call,{'fine_steps': 512},65536,64,8,356618347,zaki-rehnoom_x86_64,-0.003925427351555891,0.001061372649129186,-0.006005717743849096,-0.001845136959262686,,,0.06959371300035855,"{""dt"": 0.015625}"
5d463301998c,2026-09-24T19:53:09,zaki,scheme_order,paper_barrier,call,euler_maruyama,weak_barrier,{'fine_steps': 512},65536,64,8,356618347,zaki-rehnoom_x86_64,-0.0047022935268611794,0.0012321939314424686,-0.007117393632488418,-0.002287193421233941,,,0.06959371300035855,"{""dt"": 0.015625}"
2f69a1a3975f,2026-09-24T19:53:09,zaki,scheme_order,paper_barrier,call,milstein,strong_abs_terminal,{'fine_steps': 512},65536,64,8,356618347,zaki-rehnoom_x86_64,0.008638615595955367,2.9520830874236172e-05,0.008580754767441865,0.00869647642446887,,,0.097326296999654,"{""dt"": 0.015625}"
0de926c96150,2026-09-24T19:53:09,zaki,scheme_order,paper_barrier,call,milstein,weak_terminal_mean,{'fine_steps': 512},65536,64,8,356618347,zaki-rehnoom_x86_64,-0.000717858962819722,4.4747413666516735e-05,-0.0008055638936060947,-0.0006301540320333492,-0.0007243094598123889,6.450496992666931e-06,0.097326296999654,"{""dt"": 0.015625}"
cfabdb9927f7,2026-09-24T19:53:09,zaki,scheme_order,paper_barrier,call,milstein,weak_call,{'fine_steps': 512},65536,64,8,356618347,zaki-rehnoom_x86_64,-0.004044427232290407,3.205737065791935e-05,-0.004107259678779929,-0.003981594785800885,,,0.097326296999654,"{""dt"": 0.015625}"
aa8ef2ebb9b9,2026-09-24T19:53:09,zaki,scheme_order,paper_barrier,call,milstein,weak_barrier,{'fine_steps': 512},65536,64,8,356618347,zaki-rehnoom_x86_64,-0.004110810799201437,8.29330644497796e-05,-0.004273359605523005,-0.003948261992879869,,,0.097326296999654,"{""dt"": 0.015625}"
fd1302be494a,2026-09-24T19:53:09,zaki,scheme_order,paper_barrier,call,exact,price_call,{'fine_steps': 512},65536,128,8,356618347,zaki-rehnoom_x86_64,7.09344360363918,0.048548528737099986,6.998288487314464,7.188598719963896,,,0.17196107300060248,"{""dt"": 0.0078125}"
9adab4cc8a00,2026-09-24T19:53:09,zaki,scheme_order,paper_barrier,call,exact,price_barrier,{'fine_steps': 512},65536,128,8,356618347,zaki-rehnoom_x86_64,7.053265779672477,0.04861774546558054,6.95797499855994,7.148556560785015,,,0.17196107300060248,"{""dt"": 0.0078125}"
f06ef1a17e35,2026-09-24T19:53:09,zaki,scheme_order,paper_barrier,call,euler_maruyama,strong_abs_terminal,{'fine_steps': 512},65536,128,8,356618347,zaki-rehnoom_x86_64,0.2048537793575752,0.000638344025692643,0.20360262506721763,0.20610493364793278,,,0.13572949499939568,"{""dt"": 0.0078125}"
ef53dc49e9c8,2026-09-24T19:53:09,zaki,scheme_order,paper_barrier,call,euler_maruyama,weak_terminal_mean,{'fine_steps': 512},65536,128,8,356618347,zaki-rehnoom_x86_64,-0.0011025437183219218,0.0010236261437899079,-0.0031088509601501415,0.0009037635235062977,-0.00036221194078223107,0.0007403317775396907,0.13572949499939568,"{""dt"": 0.0078125}"
b42b2095db2e,2026-09-24T19:53:09,zaki,scheme_order,paper_barrier,call,euler_maruyama,weak_call,{'fine_steps': 512},65536,128,8,356618347,zaki-rehnoom_x86_64,-0.002331229985482801,0.0007534397459510821,-0.0038079718875469216,-0.0008544880834186802,,,0.13572949499939568,"{""dt"": 0.0078125}"
9cf87823cfee,2026-09-24T19:53:09,zaki,scheme_order,paper_barrier,call,euler_maruyama,weak_barrier,{'fine_steps': 512},65536,128,8,356618347,zaki-rehnoom_x86_64,-0.0022477788433733683,0.0009022308588783406,-0.004016151326774916,-0.0004794063599718207,,,0.13572949499939568,"{""dt"": 0.0078125}"
d80f7495d999,2026-09-24T19:53:09,zaki,scheme_order,paper_barrier,call,milstein,strong_abs_terminal,{'fine_steps': 512},65536,128,8,356618347,zaki-rehnoom_x86_64,0.00434867028616614,1.460981462454578e-05,0.00432003504950203,0.00437730552283025,,,0.19907456400005685,"{""dt"": 0.0078125}"
ec582cb04f64,2026-09-24T19:53:09,zaki,scheme_order,paper_barrier,call,milstein,weak_terminal_mean,{'fine_steps': 512},65536,128,8,356618347,zaki-rehnoom_x86_64,-0.00036763944151704787,2.235948652291912e-05,-0.00041146403510196935,-0.0003238148479321264,-0.00036221194078223107,5.427500734816798e-06,0.19907456400005685,"{""dt"": 0.0078125}"
94f35f86c0db,2026-09-24T19:53:09,zaki,scheme_order,paper_barrier,call,milstein,weak_call,{'fine_steps': 512},65536,128,8,356618347,zaki-rehnoom_x86_64,-0.002031060961770067,1.6035358858716236e-05,-0.002062490265133151,-0.0019996316584069834,,,0.19907456400005685,"{""dt"": 0.0078125}"
44ca4f927916,2026-09-24T19:53:09,zaki,scheme_order,paper_barrier,call,milstein,weak_barrier,{'fine_steps': 512},65536,128,8,356618347,zaki-rehnoom_x86_64,-0.0020142561997038492,1.5999380334659783e-05,-0.0020456149851597826,-0.001982897414247916,,,0.19907456400005685,"{""dt"": 0.0078125}"
58fd4e2823ef,2026-09-24T19:53:09,zaki,scheme_order,paper_barrier,call,exact,price_call,{'fine_steps': 512},65536,256,8,356618347,zaki-rehnoom_x86_64,7.093443603639177,0.04854852873709997,6.99828848731446,7.188598719963893,,,0.32088275200067073,"{""dt"": 0.00390625}"
753ca16d9222,2026-09-24T19:53:09,zaki,scheme_order,paper_barrier,call,exact,price_barrier,{'fine_steps': 512},65536,256,8,356618347,zaki-rehnoom_x86_64,7.058768245202477,0.04860859720131215,6.963495394687905,7.154041095717049,,,0.32088275200067073,"{""dt"": 0.00390625}"
f8592728f8ce,2026-09-24T19:53:09,zaki,scheme_order,paper_barrier,call,euler_maruyama,strong_abs_terminal,{'fine_steps': 512},65536,256,8,356618347,zaki-rehnoom_x86_64,0.1446453941379092,0.0004515646764687674,0.1437603273720304,0.145530460903788,,,0.2538511749994541,"{""dt"": 0.00390625}"
1194382cb838,2026-09-24T19:53:09,zaki,scheme_order,paper_barrier,call,euler_maruyama,weak_terminal_mean,{'fine_steps': 512},65536,256,8,356618347,zaki-rehnoom_x86_64,-0.0006099553123303759,0.0007232970772197312,-0.002027617583681049,0.0008077069590202973,-0.0001811202798052136,0.0004288350325251623,0.2538511749994541,"{""dt"": 0.00390625}"
f3be313ce836,2026-09-24T19:53:09,zaki,scheme_order,paper_barrier,call,euler_maruyama,weak_call,{'fine_steps': 512},65536,256,8,356618347,zaki-rehnoom_x86_64,-0.0007349629819528296,0.0005340753129232966,-0.001781750595282491,0.0003118246313768317,,,0.2538511749994541,"{""dt"": 0.00390625}"
d616d2ec18db,2026-09-24T19:53:09,zaki,scheme_order,paper_barrier,call,euler_maruyama,weak_barrier,{'fine_steps': 512},65536,256,8,356618347,zaki-rehnoom_x86_64,-0.000832022143426415,0.0007019962184735242,-0.0022079347316345224,0.0005438904447816924,,,0.2538511749994541,"{""dt"": 0.00390625}"
6fedfbb24bba,2026-09-24T19:53:09,zaki,scheme_order,paper_barrier,call,milstein,strong_abs_terminal,{'fine_steps': 512},65536,256,8,356618347,zaki-rehnoom_x86_64,0.0021847774944084974,7.294633256490772e-06,0.0021704800132257753,0.0021990749755912194,,,0.3657496049995643,"{""dt"": 0.00390625}"
ad2590365ac2,2026-09-24T19:53:09,zaki,scheme_order,paper_barrier,call,milstein,weak_terminal_mean,{'fine_steps': 512},65536,256,8,356618347,zaki-rehnoom_x86_64,-0.0001887286958709146,1.1202827233745133e-05,-0.00021068623724905506,-0.00016677115449277412,-0.0001811202798052136,7.608416065700975e-06,0.3657496049995643,"{""dt"": 0.00390625}"
e17a87c0e1c8,2026-09-24T19:53:09,zaki,scheme_order,paper_barrier,call,milstein,weak_call,{'fine_steps': 512},65536,256,8,356618347,zaki-rehnoom_x86_64,-0.0010216319635270427,8.031218275154404e-06,-0.0010373731513463452,-0.0010058907757077402,,,0.3657496049995643,"{""dt"": 0.00390625}"
815a3057406a,2026-09-24T19:53:09,zaki,scheme_order,paper_barrier,call,milstein,weak_barrier,{'fine_steps': 512},65536,256,8,356618347,zaki-rehnoom_x86_64,-0.001091949860490501,7.844121565923625e-05,-0.001245694643182604,-0.0009382050777983978,,,0.3657496049995643,"{""dt"": 0.00390625}"
1c5532670a99,2026-09-24T19:53:09,zaki,scheme_order,paper_barrier,call,exact,price_call,{'fine_steps': 512},65536,512,8,356618347,zaki-rehnoom_x86_64,7.093443603639177,0.04854852873709998,6.99828848731446,7.188598719963893,,,0.6412722389991359,"{""dt"": 0.001953125}"
405956734e26,2026-09-24T19:53:09,zaki,scheme_order,paper_barrier,call,exact,price_barrier,{'fine_steps': 512},65536,512,8,356618347,zaki-rehnoom_x86_64,7.062643689165925,0.04860233022142029,6.967383121931941,7.157904256399909,,,0.6412722389991359,"{""dt"": 0.001953125}"
ebd985ff0dbd,2026-09-24T19:53:09,zaki,scheme_order,paper_barrier,call,euler_maruyama,strong_abs_terminal,{'fine_steps': 512},65536,512,8,356618347,zaki-rehnoom_x86_64,0.10290230340941652,0.00032114621228075256,0.10227285683334623,0.1035317499854868,,,0.5426768160000393,"{""dt"": 0.001953125}"
a55a77131b85,2026-09-24T19:53:09,zaki,scheme_order,paper_barrier,call,euler_maruyama,weak_terminal_mean,{'fine_steps': 512},65536,512,8,356618347,zaki-rehnoom_x86_64,-0.0003005120299307089,0.0005144992956192016,-0.001308930649344344,0.0007079065894829261,-9.056371841609234e-05,0.00020994831151461657,0.5426768160000393,"{""dt"": 0.001953125}"
f214d47dad6e,2026-09-24T19:53:09,zaki,scheme_order,paper_barrier,call,euler_maruyama,weak_call,{'fine_steps': 512},65536,512,8,356618347,zaki-rehnoom_x86_64,-0.0004493739871294797,0.0003805261269251777,-0.0011952051959028278,0.0002964572216438685,,,0.5426768160000393,"{""dt"": 0.001953125}"
c40c25d644f6,2026-09-24T19:53:09,zaki,scheme_order,paper_barrier,call,euler_maruyama,weak_barrier,{'fine_steps': 512},65536,512,8,356618347,zaki-rehnoom_x86_64,-0.001189666214458134,0.0005374771330679294,-0.0022431213952712756,-0.0001362110336449924,,,0.5426768160000393,"{""dt"": 0.001953125}"
4a21f8bb86ee,2026-09-24T19:53:09,zaki,scheme_order,paper_barrier,call,milstein,strong_abs_terminal,{'fine_steps': 512},65536,512,8,356618347,zaki-rehnoom_x86_64,0.0010933247444269711,3.623831896739511e-06,0.0010862220339093616,0.0011004274549445807,,,0.7758116410000184,"{""dt"": 0.001953125}"
acf45873d0ae,2026-09-24T19:53:09,zaki,scheme_order,paper_barrier,call,milstein,weak_terminal_mean,{'fine_steps': 512},65536,512,8,356618347,zaki-rehnoom_x86_64,-9.439775635008095e-05,5.588935010209165e-06,-0.00010535206897009091,-8.344344373007099e-05,-9.056371841609234e-05,3.83403793398861e-06,0.7758116410000184,"{""dt"": 0.001953125}"
ec064a78cf17,2026-09-24T19:53:09,zaki,scheme_order,paper_barrier,call,milstein,weak_call,{'fine_steps': 512},65536,512,8,356618347,zaki-rehnoom_x86_64,-0.0005116064741781943,4.004945062030489e-06,-0.000519456166499774,-0.0005037567818566146,,,0.7758116410000184,"{""dt"": 0.001953125}"
31d154300456,2026-09-24T19:53:09,zaki,scheme_order,paper_barrier,call,milstein,weak_barrier,{'fine_steps': 512},65536,512,8,356618347,zaki-rehnoom_x86_64,-0.0005368689114659702,2.9190307068704953e-05,-0.0005940819133206319,-0.00047965590961130853,,,0.7758116410000184,"{""dt"": 0.001953125}"
95f41a9e2259,2026-09-24T19:53:15,zaki,scheme_order,paper_barrier,call,exact,price_call,{'fine_steps': 512},65536,4,9,1176990138,zaki-rehnoom_x86_64,7.0994038956480425,0.04882238503738187,7.003712020974774,7.195095770321311,,,0.024421688000529684,"{""dt"": 0.25}"
d1176ac5c0c8,2026-09-24T19:53:15,zaki,scheme_order,paper_barrier,call,exact,price_barrier,{'fine_steps': 512},65536,4,9,1176990138,zaki-rehnoom_x86_64,6.961457297392828,0.049049310011865535,6.865320649769571,7.057593945016085,,,0.024421688000529684,"{""dt"": 0.25}"
f58e16706ec8,2026-09-24T19:53:15,zaki,scheme_order,paper_barrier,call,euler_maruyama,strong_abs_terminal,{'fine_steps': 512},65536,4,9,1176990138,zaki-rehnoom_x86_64,1.1085190752433074,0.0038481783768710416,1.1009766456246401,1.1160615048619746,,,0.012081184999260586,"{""dt"": 0.25}"
e59fbd1dc208,2026-09-24T19:53:15,zaki,scheme_order,paper_barrier,call,euler_maruyama,weak_terminal_mean,{'fine_steps': 512},65536,4,9,1176990138,zaki-rehnoom_x86_64,-0.004911235984994428,0.005792979953747776,-0.01626547669434007,0.006443004724351213,-0.011534328945430161,0.006623092960435733,0.012081184999260586,"{""dt"": 0.25}"
71030af1b207,2026-09-24T19:53:15,zaki,scheme_order,paper_barrier,call,euler_maruyama,weak_call,{'fine_steps': 512},65536,4,9,1176990138,zaki-rehnoom_x86_64,-0.05038138705929562,0.0042090708469107755,-0.05863116591924074,-0.042131608199350495,,,0.012081184999260586,"{""dt"": 0.25}"
053aadaf960e,2026-09-24T19:53:15,zaki,scheme_order,paper_barrier,call,euler_maruyama,weak_barrier,{'fine_steps': 512},65536,4,9,1176990138,zaki-rehnoom_x86_64,-0.058520551961982845,0.0047235535508790205,-0.06777871692170573,-0.04926238700225996,,,0.012081184999260586,"{""dt"": 0.25}"
2c261041a2ba,2026-09-24T19:53:15,zaki,scheme_order,paper_barrier,call,milstein,strong_abs_terminal,{'fine_steps': 512},65536,4,9,1176990138,zaki-rehnoom_x86_64,0.11960908695773177,0.0005290788341313388,0.11857209244283434,0.1206460814726292,,,0.009700894999696175,"{""dt"": 0.25}"
85598fe32800,2026-09-24T19:53:15,zaki,scheme_order,paper_barrier,call,milstein,weak_terminal_mean,{'fine_steps': 512},65536,4,9,1176990138,zaki-rehnoom_x86_64,-0.012130231278509061,0.0007042583480930241,-0.013510577640771388,-0.010749884916246734,-0.011534328945430161,0.0005959023330789001,0.009700894999696175,"{""dt"": 0.25}"
881969088f14,2026-09-24T19:53:15,zaki,scheme_order,paper_barrier,call,milstein,weak_call,{'fine_steps': 512},65536,4,9,1176990138,zaki-rehnoom_x86_64,-0.06143780039845987,0.0005005578368123019,-0.06241889375861198,-0.06045670703830776,,,0.009700894999696175,"{""dt"": 0.25}"
c0fcbd4165cc,2026-09-24T19:53:15,zaki,scheme_order,paper_barrier,call,milstein,weak_barrier,{'fine_steps': 512},65536,4,9,1176990138,zaki-rehnoom_x86_64,-0.062174879717059976,0.0006525828604164171,-0.06345394212347616,-0.0608958173106438,,,0.009700894999696175,"{""dt"": 0.25}"
ef5d624e33b2,2026-09-24T19:53:15,zaki,scheme_order,paper_barrier,call,exact,price_call,{'fine_steps': 512},65536,8,9,1176990138,zaki-rehnoom_x86_64,7.099403895648045,0.04882238503738189,7.003712020974777,7.195095770321314,,,0.016753066000092076,"{""dt"": 0.125}"
7de45f673197,2026-09-24T19:53:15,zaki,scheme_order,paper_barrier,call,exact,price_barrier,{'fine_steps': 512},65536,8,9,1176990138,zaki-rehnoom_x86_64,6.997670158227907,0.048991243840814075,6.901647320299911,7.0936929961559025,,,0.016753066000092076,"{""dt"": 0.125}"
2d7806382655,2026-09-24T19:53:15,zaki,scheme_order,paper_barrier,call,euler_maruyama,strong_abs_terminal,{'fine_steps': 512},65536,8,9,1176990138,zaki-rehnoom_x86_64,0.8052968470563704,0.0026314566715112367,0.8001391919802083,0.8104545021325325,,,0.011200540999197983,"{""dt"": 0.125}"
42667c67266f,2026-09-24T19:53:15,zaki,scheme_order,paper_barrier,call,euler_maruyama,weak_terminal_mean,{'fine_steps': 512},65536,8,9,1176990138,zaki-rehnoom_x86_64,-0.0009901409723347954,0.004101227976197903,-0.009028547805682683,0.007048265861013093,-0.005781694413798277,0.004791553441463482,0.011200540999197983,"{""dt"": 0.125}"
bb1aca5329d2,2026-09-24T19:53:15,zaki,scheme_order,paper_barrier,call,euler_maruyama,weak_call,{'fine_steps': 512},65536,8,9,1176990138,zaki-rehnoom_x86_64,-0.023275681385083746,0.003000191766053691,-0.02915605724654898,-0.01739530552361851,,,0.011200540999197983,"{""dt"": 0.125}"
139d3559a1f4,2026-09-24T19:53:15,zaki,scheme_order,paper_barrier,call,euler_maruyama,weak_barrier,{'fine_steps': 512},65536,8,9,1176990138,zaki-rehnoom_x86_64,-0.027571553748850196,0.0034107975738707336,-0.03425671699363683,-0.02088639050406356,,,0.011200540999197983,"{""dt"": 0.125}"
cd9bdd800028,2026-09-24T19:53:15,zaki,scheme_order,paper_barrier,call,milstein,strong_abs_terminal,{'fine_steps': 512},65536,8,9,1176990138,zaki-rehnoom_x86_64,0.06391870803707594,0.0002524657093208937,0.063423875246807,0.06441354082734489,,,0.014425421999476384,"{""dt"": 0.125}"
0fbbe53031b0,2026-09-24T19:53:15,zaki,scheme_order,paper_barrier,call,milstein,weak_terminal_mean,{'fine_steps': 512},65536,8,9,1176990138,zaki-rehnoom_x86_64,-0.005875151606968934,0.00035433672017062194,-0.006569651578503353,-0.0051806516354345146,-0.005781694413798277,9.345719317065647e-05,0.014425421999476384,"{""dt"": 0.125}"
72fe7d1fa965,2026-09-24T19:53:15,zaki,scheme_order,paper_barrier,call,milstein,weak_call,{'fine_steps': 512},65536,8,9,1176990138,zaki-rehnoom_x86_64,-0.03158601977477845,0.0002529279139377991,-0.03208175848609653,-0.031090281063460363,,,0.014425421999476384,"{""dt"": 0.125}"
8b3ecf7c65a3,2026-09-24T19:53:15,zaki,scheme_order,paper_barrier,call,milstein,weak_barrier,{'fine_steps': 512},65536,8,9,1176990138,zaki-rehnoom_x86_64,-0.032170780596702676,0.00038919909260556955,-0.03293361081820959,-0.03140795037519576,,,0.014425421999476384,"{""dt"": 0.125}"
2b73f8accd38,2026-09-24T19:53:15,zaki,scheme_order,paper_barrier,call,exact,price_call,{'fine_steps': 512},65536,16,9,1176990138,zaki-rehnoom_x86_64,7.0994038956480425,0.04882238503738187,7.003712020974774,7.195095770321311,,,0.028260713000236137,"{""dt"": 0.0625}"
8c9bfc10187d,2026-09-24T19:53:15,zaki,scheme_order,paper_barrier,call,exact,price_barrier,{'fine_steps': 512},65536,16,9,1176990138,zaki-rehnoom_x86_64,7.024079859530424,0.048948863949818754,6.92814008618878,7.120019632872069,,,0.028260713000236137,"{""dt"": 0.0625}"
db6512aee072,2026-09-24T19:53:15,zaki,scheme_order,paper_barrier,call,euler_maruyama,strong_abs_terminal,{'fine_steps': 512},65536,16,9,1176990138,zaki-rehnoom_x86_64,0.5750284842598494,0.0018331618952744594,0.5714354869451115,0.5786214815745874,,,0.017473141999744257,"{""dt"": 0.0625}"
14d4ac57c094,2026-09-24T19:53:15,zaki,scheme_order,paper_barrier,call,euler_maruyama,weak_terminal_mean,{'fine_steps': 512},65536,16,9,1176990138,zaki-rehnoom_x86_64,-0.0007801759155506012,0.002899308057402925,-0.006462819708060334,0.004902467876959131,-0.0028944951184826095,0.0021143192029320084,0.017473141999744257,"{""dt"": 0.0625}"
453cffe15b02,2026-09-24T19:53:15,zaki,scheme_order,paper_barrier,call,euler_maruyama,weak_call,{'fine_steps': 512},65536,16,9,1176990138,zaki-rehnoom_x86_64,-0.011658889912014643,0.0021303838112275986,-0.015834442182020736,-0.00748333764200855,,,0.017473141999744257,"{""dt"": 0.0625}"
33b36f57f108,2026-09-24T19:53:15,zaki,scheme_order,paper_barrier,call,euler_maruyama,weak_barrier,{'fine_steps': 512},65536,16,9,1176990138,zaki-rehnoom_x86_64,-0.013280171239001748,0.0024277732934255007,-0.018038606894115728,-0.008521735583887767,,,0.017473141999744257,"{""dt"": 0.0625}"
1e28bd2bb8ff,2026-09-24T19:53:15,zaki,scheme_order,paper_barrier,call,milstein,strong_abs_terminal,{'fine_steps': 512},65536,16,9,1176990138,zaki-rehnoom_x86_64,0.033315075812194145,0.00012286231977398285,0.03307426566543714,0.03355588595895115,,,0.023966392000147607,"{""dt"": 0.0625}"
f7480860163b,2026-09-24T19:53:15,zaki,scheme_order,paper_barrier,call,milstein,weak_terminal_mean,{'fine_steps': 512},65536,16,9,1176990138,zaki-rehnoom_x86_64,-0.002987008399191982,0.00017859145093939948,-0.0033370476430332053,-0.002636969155350759,-0.0028944951184826095,9.251328070937264e-05,0.023966392000147607,"{""dt"": 0.0625}"
590d303d880c,2026-09-24T19:53:15,zaki,scheme_order,paper_barrier,call,milstein,weak_call,{'fine_steps': 512},65536,16,9,1176990138,zaki-rehnoom_x86_64,-0.016113719322146433,0.0001277928993546681,-0.016364193404881582,-0.015863245239411284,,,0.023966392000147607,"{""dt"": 0.0625}"
0eccd20fd658,2026-09-24T19:53:15,zaki,scheme_order,paper_barrier,call,milstein,weak_barrier,{'fine_steps': 512},65536,16,9,1176990138,zaki-rehnoom_x86_64,-0.01621634148073959,0.000249656697882088,-0.01670566860858848,-0.015727014352890697,,,0.023966392000147607,"{""dt"": 0.0625}"
6424559bb9eb,2026-09-24T19:53:15,zaki,scheme_order,paper_barrier,call,exact,price_call,{'fine_steps': 512},65536,32,9,1176990138,zaki-rehnoom_x86_64,7.099403895648044,0.048822385037381885,7.003712020974776,7.195095770321313,,,0.042871199999808596,"{""dt"": 0.03125}"
204066fa0dd2,2026-09-24T19:53:15,zaki,scheme_order,paper_barrier,call,exact,price_barrier,{'fine_steps': 512},65536,32,9,1176990138,zaki-rehnoom_x86_64,7.042111137279599,0.04891967427527161,6.946228575700066,7.137993698859131,,,0.042871199999808596,"{""dt"": 0.03125}"
ae6e8dccc66a,2026-09-24T19:53:15,zaki,scheme_order,paper_barrier,call,euler_maruyama,strong_abs_terminal,{'fine_steps': 512},65536,32,9,1176990138,zaki-rehnoom_x86_64,0.4075453076496347,0.001290056298982305,0.4050167973036294,0.41007381799564,,,0.033091611999680026,"{""dt"": 0.03125}"
3b580cb43ec3,2026-09-24T19:53:15,zaki,scheme_order,paper_barrier,call,euler_maruyama,weak_terminal_mean,{'fine_steps': 512},65536,32,9,1176990138,zaki-rehnoom_x86_64,-0.0024773079933415815,0.0020490414944154332,-0.006493429322395831,0.0015388133357126677,-0.0014481614756078898,0.0010291465177336917,0.033091611999680026,"{""dt"": 0.03125}"
f6f8489bd795,2026-09-24T19:53:15,zaki,scheme_order,paper_barrier,call,euler_maruyama,weak_call,{'fine_steps': 512},65536,32,9,1176990138,zaki-rehnoom_x86_64,-0.005662032368558434,0.0015042718706486848,-0.008610405235029856,-0.0027136595020870115,,,0.033091611999680026,"{""dt"": 0.03125}"
46378dd4ac88,2026-09-24T19:53:15,zaki,scheme_order,paper_barrier,call,euler_maruyama,weak_barrier,{'fine_steps': 512},65536,32,9,1176990138,zaki-rehnoom_x86_64,-0.007262521174969288,0.0017385248794381091,-0.010670029938667981,-0.0038550124112705945,,,0.033091611999680026,"{""dt"": 0.03125}"
57dae3210f39,2026-09-24T19:53:15,zaki,scheme_order,paper_barrier,call,milstein,strong_abs_terminal,{'fine_steps': 512},65536,32,9,1176990138,zaki-rehnoom_x86_64,0.017042509867126694,6.0066347717470455e-05,0.016924779825600453,0.017160239908652935,,,0.04892097499941883,"{""dt"": 0.03125}"
6c522a9a58a6,2026-09-24T19:53:15,zaki,scheme_order,paper_barrier,call,milstein,weak_terminal_mean,{'fine_steps': 512},65536,32,9,1176990138,zaki-rehnoom_x86_64,-0.001456768115677407,8.94847648872944e-05,-0.001632158254856504,-0.0012813779764983102,-0.0014481614756078898,8.606640069517332e-06,0.04892097499941883,"{""dt"": 0.03125}"
96db941df8f4,2026-09-24T19:53:15,zaki,scheme_order,paper_barrier,call,milstein,weak_call,{'fine_steps': 512},65536,32,9,1176990138,zaki-rehnoom_x86_64,-0.008105207827293489,6.413888386712244e-05,-0.008230920039673049,-0.007979495614913928,,,0.04892097499941883,"{""dt"": 0.03125}"
26b7063395cd,2026-09-24T19:53:15,zaki,scheme_order,paper_barrier,call,milstein,weak_barrier,{'fine_steps': 512},65536,32,9,1176990138,zaki-rehnoom_x86_64,-0.008518930824630646,0.00020012636268806858,-0.00891117849549926,-0.008126683153762032,,,0.04892097499941883,"{""dt"": 0.03125}"
11a4d6f65a9d,2026-09-24T19:53:15,zaki,scheme_order,paper_barrier,call,exact,price_call,{'fine_steps': 512},65536,64,9,1176990138,zaki-rehnoom_x86_64,7.099403895648041,0.048822385037381864,7.003712020974772,7.195095770321309,,,0.08625081100080934,"{""dt"": 0.015625}"
d8e6ba8dfca4,2026-09-24T19:53:15,zaki,scheme_order,paper_barrier,call,exact,price_barrier,{'fine_steps': 512},65536,64,9,1176990138,zaki-rehnoom_x86_64,7.0520078138554645,0.04890325429224243,6.95615743544267,7.147858192268259,,,0.08625081100080934,"{""dt"": 0.015625}"
570e9e314904,2026-09-24T19:53:15,zaki,scheme_order,paper_barrier,call,euler_maruyama,strong_abs_terminal,{'fine_steps': 512},65536,64,9,1176990138,zaki-rehnoom_x86_64,0.28960920549226626,0.0009081793080980487,0.2878291740483941,0.29138923693613844,,,0.06914014199946905,"{""dt"": 0.015625}"
27c43063de13,2026-09-24T19:53:15,zaki,scheme_order,paper_barrier,call,euler_maruyama,weak_terminal_mean,{'fine_steps': 512},65536,64,9,1176990138,zaki-rehnoom_x86_64,-0.0011652854512080296,0.0014507227113150715,-0.00400870196538557,0.0016781310629695105,-0.0007243094598123889,0.00044097599139564063,0.06914014199946905,"{""dt"": 0.015625}"
b5784839d713,2026-09-24T19:53:15,zaki,scheme_order,paper_barrier,call,euler_maruyama,weak_call,{'fine_steps': 512},65536,64,9,1176990138,zaki-rehnoom_x86_64,-0.002728349311136956,0.0010698328272892898,-0.004825221652623965,-0.0006314769696499482,,,0.06914014199946905,"{""dt"": 0.015625}"
03c45bccf19c,2026-09-24T19:53:15,zaki,scheme_order,paper_barrier,call,euler_maruyama,weak_barrier,{'fine_steps': 512},65536,64,9,1176990138,zaki-rehnoom_x86_64,-0.003388794777164755,0.0012605671116303033,-0.005859506315960149,-0.0009180832383693604,,,0.06914014199946905,"{""dt"": 0.015625}"
3243376cade9,2026-09-24T19:53:15,zaki,scheme_order,paper_barrier,call,milstein,strong_abs_terminal,{'fine_steps': 512},65536,64,9,1176990138,zaki-rehnoom_x86_64,0.008626579197069339,2.9585411582736153e-05,0.008568591790367177,0.008684566603771501,,,0.09647659000029307,"{""dt"": 0.015625}"
1527a3ac7c81,2026-09-24T19:53:15,zaki,scheme_order,paper_barrier,call,milstein,weak_terminal_mean,{'fine_steps': 512},65536,64,9,1176990138,zaki-rehnoom_x86_64,-0.0007321458356613666,4.475110118563732e-05,-0.0008198579939852158,-0.0006444336773375175,-0.0007243094598123889,7.836375848977698e-06,0.09647659000029307,"{""dt"": 0.015625}"
0d73c258b4ae,2026-09-24T19:53:15,zaki,scheme_order,paper_barrier,call,milstein,weak_call,{'fine_steps': 512},65536,64,9,1176990138,zaki-rehnoom_x86_64,-0.004065472975642362,3.2064118152808606e-05,-0.004128318647221867,-0.004002627304062856,,,0.09647659000029307,"{""dt"": 0.015625}"
6b9c924533e5,2026-09-24T19:53:15,zaki,scheme_order,paper_barrier,call,milstein,weak_barrier,{'fine_steps': 512},65536,64,9,1176990138,zaki-rehnoom_x86_64,-0.004445318772292473,0.0001812678052139167,-0.00480060367051175,-0.0040900338740731965,,,0.09647659000029307,"{""dt"": 0.015625}"
5b3df5914b31,2026-09-24T19:53:15,zaki,scheme_order,paper_barrier,call,exact,price_call,{'fine_steps': 512},65536,128,9,1176990138,zaki-rehnoom_x86_64,7.099403895648042,0.04882238503738188,7.003712020974773,7.19509577032131,,,0.15880635299981805,"{""dt"": 0.0078125}"
3a982687d29e,2026-09-24T19:53:15,zaki,scheme_order,paper_barrier,call,exact,price_barrier,{'fine_steps': 512},65536,128,9,1176990138,zaki-rehnoom_x86_64,7.060035171650698,0.04889015957511661,6.9642104588834695,7.155859884417927,,,0.15880635299981805,"{""dt"": 0.0078125}"
7bc817e4d84d,2026-09-24T19:53:15,zaki,scheme_order,paper_barrier,call,euler_maruyama,strong_abs_terminal,{'fine_steps': 512},65536,128,9,1176990138,zaki-rehnoom_x86_64,0.20513873656748305,0.0006389084444973611,0.20388647601626822,0.20639099711869788,,,0.127551646000029,"{""dt"": 0.0078125}"
6808df5faf18,2026-09-24T19:53:15,zaki,scheme_order,paper_barrier,call,euler_maruyama,weak_terminal_mean,{'fine_steps': 512},65536,128,9,1176990138,zaki-rehnoom_x86_64,-0.0008602243159956456,0.0010248518729420561,-0.0028689339869620756,0.0011484853549707844,-0.00036221194078223107,0.0004980123752134145,0.127551646000029,"{""dt"": 0.0078125}"
cff02ee3cd54,2026-09-24T19:53:15,zaki,scheme_order,paper_barrier,call,euler_maruyama,weak_call,{'fine_steps': 512},65536,128,9,1176990138,zaki-rehnoom_x86_64,-0.001257979673208476,0.0007578896574204956,-0.0027434434017526476,0.00022748405533569546,,,0.127551646000029,"{""dt"": 0.0078125}"
631df8acffdd,2026-09-24T19:53:15,zaki,scheme_order,paper_barrier,call,euler_maruyama,weak_barrier,{'fine_steps': 512},65536,128,9,1176990138,zaki-rehnoom_x86_64,-0.0013100154871324402,0.0009342410442329298,-0.0031411279338289825,0.0005210969595641022,,,0.127551646000029,"{""dt"": 0.0078125}"
9ac252aaece8,2026-09-24T19:53:15,zaki,scheme_order,paper_barrier,call,milstein,strong_abs_terminal,{'fine_steps': 512},65536,128,9,1176990138,zaki-rehnoom_x86_64,0.004340098888701174,1.4673189839252975e-05,0.004311339436616238,0.00436885834078611,,,0.18850517800046873,"{""dt"": 0.0078125}"
b3f0bbc50de5,2026-09-24T19:53:15,zaki,scheme_order,paper_barrier,call,milstein,weak_terminal_mean,{'fine_steps': 512},65536,128,9,1176990138,zaki-rehnoom_x86_64,-0.00037482329861332573,2.2373749182330384e-05,-0.00041867584701069327,-0.0003309707502159582,-0.00036221194078223107,1.2611357831094662e-05,0.18850517800046873,"{""dt"": 0.0078125}"
5d70fada600f,2026-09-24T19:53:15,zaki,scheme_order,paper_barrier,call,milstein,weak_call,{'fine_steps': 512},65536,128,9,1176990138,zaki-rehnoom_x86_64,-0.0020402480394817696,1.605926190726435e-05,-0.002071724192820008,-0.0020087718861435313,,,0.18850517800046873,"{""dt"": 0.0078125}"
a7a4e8cfd68e,2026-09-24T19:53:15,zaki,scheme_order,paper_barrier,call,milstein,weak_barrier,{'fine_steps': 512},65536,128,9,1176990138,zaki-rehnoom_x86_64,-0.0022492061859004896,0.00013173309964247389,-0.0025074030611997385,-0.0019910093106012407,,,0.18850517800046873,"{""dt"": 0.0078125}"
e0a90a3e21e4,2026-09-24T19:53:15,zaki,scheme_order,paper_barrier,call,exact,price_call,{'fine_steps': 512},65536,256,9,1176990138,zaki-rehnoom_x86_64,7.099403895648037,0.04882238503738186,7.003712020974769,7.195095770321306,,,0.310384177999822,"{""dt"": 0.00390625}"
db28dbdf1868,2026-09-24T19:53:15,zaki,scheme_order,paper_barrier,call,exact,price_barrier,{'fine_steps': 512},65536,256,9,1176990138,zaki-rehnoom_x86_64,7.063766763707331,0.048883885061865084,6.967954348986076,7.1595791784285865,,,0.310384177999822,"{""dt"": 0.00390625}"
54b07926787e,2026-09-24T19:53:15,zaki,scheme_order,paper_barrier,call,euler_maruyama,strong_abs_terminal,{'fine_steps': 512},65536,256,9,1176990138,zaki-rehnoom_x86_64,0.14559946234205004,0.000450944875046075,0.14471561038695974,0.14648331429714034,,,0.2579424430000472,"{""dt"": 0.00390625}"
9e6464366387,2026-09-24T19:53:15,zaki,scheme_order,paper_barrier,call,euler_maruyama,weak_terminal_mean,{'fine_steps': 512},65536,256,9,1176990138,zaki-rehnoom_x86_64,-0.0006610754700583521,0.0007258262334864507,-0.0020836948876917956,0.0007615439475750914,-0.0001811202798052136,0.00047995519025313845,0.2579424430000472,"{""dt"": 0.00390625}"
0b83568335a5,2026-09-24T19:53:15,zaki,scheme_order,paper_barrier,call,euler_maruyama,weak_call,{'fine_steps': 512},65536,256,9,1176990138,zaki-rehnoom_x86_64,-0.0009074510535915915,0.0005374361541645231,-0.001960825915754057,0.00014592380857087373,,,0.2579424430000472,"{""dt"": 0.00390625}"
23141d0311fd,2026-09-24T19:53:15,zaki,scheme_order,paper_barrier,call,euler_maruyama,weak_barrier,{'fine_steps': 512},65536,256,9,1176990138,zaki-rehnoom_x86_64,-0.0009168694032279291,0.0006740018923497427,-0.0022379131122334246,0.00040417430577756655,,,0.2579424430000472,"{""dt"": 0.00390625}"
1f1ecd8fb1bc,2026-09-24T19:53:15,zaki,scheme_order,paper_barrier,call,milstein,strong_abs_terminal,{'fine_steps': 512},65536,256,9,1176990138,zaki-rehnoom_x86_64,0.002182972868328549,7.326082209834273e-06,0.002168613747197274,0.002197331989459824,,,0.3588279850005165,"{""dt"": 0.00390625}"
7d49fe2227ef,2026-09-24T19:53:15,zaki,scheme_order,paper_barrier,call,milstein,weak_terminal_mean,{'fine_steps': 512},65536,256,9,1176990138,zaki-rehnoom_x86_64,-0.00018230538883422926,1.1219591638698591e-05,-0.0002042957884460785,-0.00016031498922238,-0.0001811202798052136,1.1851090290156433e-06,0.3588279850005165,"{""dt"": 0.00390625}"
8cbf49d56e9c,2026-09-24T19:53:15,zaki,scheme_order,paper_barrier,call,milstein,weak_call,{'fine_steps': 512},65536,256,9,1176990138,zaki-rehnoom_x86_64,-0.0010186335007896798,8.067733608074093e-06,-0.001034446258661505,-0.0010028207429178546,,,0.3588279850005165,"{""dt"": 0.00390625}"
bed58b7b0450,2026-09-24T19:53:15,zaki,scheme_order,paper_barrier,call,milstein,weak_barrier,{'fine_steps': 512},65536,256,9,1176990138,zaki-rehnoom_x86_64,-0.001072461579300206,6.125569363568622e-05,-0.001192522738826151,-0.0009524004197742609,,,0.3588279850005165,"{""dt"": 0.00390625}"
462fec77e7bf,2026-09-24T19:53:15,zaki,scheme_order,paper_barrier,call,exact,price_call,{'fine_steps': 512},65536,512,9,1176990138,zaki-rehnoom_x86_64,7.099403895648038,0.048822385037381864,7.00371202097477,7.1950957703213065,,,0.6270946079998794,"{""dt"": 0.001953125}"
e7311872a518,2026-09-24T19:53:15,zaki,scheme_order,paper_barrier,call,exact,price_barrier,{'fine_steps': 512},65536,512,9,1176990138,zaki-rehnoom_x86_64,7.068030487416462,0.048877098936825035,6.972231373500285,7.1638296013326395,,,0.6270946079998794,"{""dt"": 0.001953125}"
260b357256c3,2026-09-24T19:53:15,zaki,scheme_order,paper_barrier,call,euler_maruyama,strong_abs_terminal,{'fine_steps': 512},65536,512,9,1176990138,zaki-rehnoom_x86_64,0.10260436974123364,0.0003191196010927154,0.10197889532309193,0.10322984415937536,,,0.5316940449997674,"{""dt"": 0.001953125}"
cbd85decb67b,2026-09-24T19:53:15,zaki,scheme_order,paper_barrier,call,euler_maruyama,weak_terminal_mean,{'fine_steps': 512},65536,512,9,1176990138,zaki-rehnoom_x86_64,-0.0005650628241034969,0.0005123223512697255,-0.0015692146325921588,0.000439088984385165,-9.056371841609234e-05,0.00047449910568740455,0.5316940449997674,"{""dt"": 0.001953125}"
ef41b5a4a7c4,2026-09-24T19:53:15,zaki,scheme_order,paper_barrier,call,euler_maruyama,weak_call,{'fine_steps': 512},65536,512,9,1176990138,zaki-rehnoom_x86_64,-0.0006996624829036697,0.00037907764516187186,-0.0014426546674209386,4.332970161359908e-05,,,0.5316940449997674,"{""dt"": 0.001953125}"
8c9acf4439bb,2026-09-24T19:53:15,zaki,scheme_order,paper_barrier,call,euler_maruyama,weak_barrier,{'fine_steps': 512},65536,512,9,1176990138,zaki-rehnoom_x86_64,-0.0010926688880909393,0.000516328506556096,-0.0021046727609408877,-8.066501524099114e-05,,,0.5316940449997674,"{""dt"": 0.001953125}"
c1c1edcd926a,2026-09-24T19:53:15,zaki,scheme_order,paper_barrier,call,milstein,strong_abs_terminal,{'fine_steps': 512},65536,512,9,1176990138,zaki-rehnoom_x86_64,0.0010965722826109933,3.6629735579826616e-06,0.0010893928544373473,0.0011037517107846393,,,0.7676180580001528,"{""dt"": 0.001953125}"
e7c2fd57eb3b,2026-09-24T19:53:15,zaki,scheme_order,paper_barrier,call,milstein,weak_terminal_mean,{'fine_steps': 512},65536,512,9,1176990138,zaki-rehnoom_x86_64,-9.323083969884401e-05,5.624346348999262e-06,-0.00010425455854288257,-8.220712085480546e-05,-9.056371841609234e-05,2.6671212827516708e-06,0.7676180580001528,"{""dt"": 0.001953125}"
6e81bc9f0157,2026-09-24T19:53:15,zaki,scheme_order,paper_barrier,call,milstein,weak_call,{'fine_steps': 512},65536,512,9,1176990138,zaki-rehnoom_x86_64,-0.0005106575243875987,4.048743323100218e-06,-0.0005185930613008752,-0.0005027219874743223,,,0.7676180580001528,"{""dt"": 0.001953125}"
6e95ea587a69,2026-09-24T19:53:15,zaki,scheme_order,paper_barrier,call,milstein,weak_barrier,{'fine_steps': 512},65536,512,9,1176990138,zaki-rehnoom_x86_64,-0.0005436334179429354,3.597251704927293e-05,-0.0006141395513595103,-0.0004731272845263605,,,0.7676180580001528,"{""dt"": 0.001953125}"
1cd1c611cb81,2026-09-24T19:53:22,zaki,scheme_order,paper_barrier,call,exact,price_call,{'fine_steps': 512},65536,4,10,3957880742,zaki-rehnoom_x86_64,7.07060851844863,0.04879562367008841,6.974969096055257,7.166247940842003,,,0.014484537998669111,"{""dt"": 0.25}"
0a86a8a0b9b1,2026-09-24T19:53:22,zaki,scheme_order,paper_barrier,call,exact,price_barrier,{'fine_steps': 512},65536,4,10,3957880742,zaki-rehnoom_x86_64,6.935460294156692,0.0490169135564848,6.839387143585982,7.031533444727402,,,0.014484537998669111,"{""dt"": 0.25}"
e4626d19ab88,2026-09-24T19:53:22,zaki,scheme_order,paper_barrier,call,euler_maruyama,strong_abs_terminal,{'fine_steps': 512},65536,4,10,3957880742,zaki-rehnoom_x86_64,1.1072186139349374,0.003858131049877947,1.0996566770771765,1.1147805507926982,,,0.011734491000424896,"{""dt"": 0.25}"
7670898f9b4e,2026-09-24T19:53:22,zaki,scheme_order,paper_barrier,call,euler_maruyama,weak_terminal_mean,{'fine_steps': 512},65536,4,10,3957880742,zaki-rehnoom_x86_64,-0.005384002125476303,0.005795797811284804,-0.016743765835594518,0.0059757615846419134,-0.011534328945430161,0.0061503268199538585,0.011734491000424896,"{""dt"": 0.25}"
97e62b214553,2026-09-24T19:53:22,zaki,scheme_order,paper_barrier,call,euler_maruyama,weak_call,{'fine_steps': 512},65536,4,10,3957880742,zaki-rehnoom_x86_64,-0.04969169034891094,0.0042102396425246795,-0.05794376004825931,-0.04143962064956257,,,0.011734491000424896,"{""dt"": 0.25}"
5732f3dbe54f,2026-09-24T19:53:22,zaki,scheme_order,paper_barrier,call,euler_maruyama,weak_barrier,{'fine_steps': 512},65536,4,10,3957880742,zaki-rehnoom_x86_64,-0.05692748654087503,0.004727618181700941,-0.06619361817700888,-0.04766135490474119,,,0.011734491000424896,"{""dt"": 0.25}"
31441871d828,2026-09-24T19:53:22,zaki,scheme_order,paper_barrier,call,milstein,strong_abs_terminal,{'fine_steps': 512},65536,4,10,3957880742,zaki-rehnoom_x86_64,0.11996623804624297,0.0005308260547532492,0.1189258189789266,0.12100665711355935,,,0.009160157998394425,"{""dt"": 0.25}"
7ee1f404bca0,2026-09-24T19:53:22,zaki,scheme_order,paper_barrier,call,milstein,weak_terminal_mean,{'fine_steps': 512},65536,4,10,3957880742,zaki-rehnoom_x86_64,-0.01097709794580802,0.0007067842172746405,-0.012362395011666315,-0.009591800879949725,-0.011534328945430161,0.0005572309996221408,0.009160157998394425,"{""dt"": 0.25}"
08f30d5ab003,2026-09-24T19:53:22,zaki,scheme_order,paper_barrier,call,milstein,weak_call,{'fine_steps': 512},65536,4,10,3957880742,zaki-rehnoom_x86_64,-0.06104892767045566,0.0005003218358095967,-0.06202955846864247,-0.06006829687226885,,,0.009160157998394425,"{""dt"": 0.25}"
f1c07539acdb,2026-09-24T19:53:22,zaki,scheme_order,paper_barrier,call,milstein,weak_barrier,{'fine_steps': 512},65536,4,10,3957880742,zaki-rehnoom_x86_64,-0.06197802154291057,0.0006691854063986407,-0.06328962493945191,-0.060666418146369236,,,0.009160157998394425,"{""dt"": 0.25}"
bbe1269b0265,2026-09-24T19:53:22,zaki,scheme_order,paper_barrier,call,exact,price_call,{'fine_steps': 512},65536,8,10,3957880742,zaki-rehnoom_x86_64,7.0706085184486325,0.04879562367008842,6.9749690960552595,7.1662479408420054,,,0.020946736999576387,"{""dt"": 0.125}"
9be216b55f57,2026-09-24T19:53:22,zaki,scheme_order,paper_barrier,call,exact,price_barrier,{'fine_steps': 512},65536,8,10,3957880742,zaki-rehnoom_x86_64,6.972104819016797,0.04895841683234086,6.876146322025409,7.068063316008185,,,0.020946736999576387,"{""dt"": 0.125}"
b4e222aecfc4,2026-09-24T19:53:22,zaki,scheme_order,paper_barrier,call,euler_maruyama,strong_abs_terminal,{'fine_steps': 512},65536,8,10,3957880742,zaki-rehnoom_x86_64,0.8012162991553611,0.0026356723399632,0.7960503813690332,0.806382216941689,,,0.01092699599939806,"{""dt"": 0.125}"
7cb1893657c4,2026-09-24T19:53:22,zaki,scheme_order,paper_barrier,call,euler_maruyama,weak_terminal_mean,{'fine_steps': 512},65536,8,10,3957880742,zaki-rehnoom_x86_64,0.0018512762647748997,0.004091724359253478,-0.006168503479361918,0.009871056008911718,-0.005781694413798277,0.007632970678573177,0.01092699599939806,"{""dt"": 0.125}"
5c92f0b87b0b,2026-09-24T19:53:22,zaki,scheme_order,paper_barrier,call,euler_maruyama,weak_call,{'fine_steps': 512},65536,8,10,3957880742,zaki-rehnoom_x86_64,-0.02116008750156366,0.0029959916428704382,-0.027032231121589718,-0.015287943881537602,,,0.01092699599939806,"{""dt"": 0.125}"
55d6781bc221,2026-09-24T19:53:22,zaki,scheme_order,paper_barrier,call,euler_maruyama,weak_barrier,{'fine_steps': 512},65536,8,10,3957880742,zaki-rehnoom_x86_64,-0.02233956758963455,0.003363334446623643,-0.02893170310501689,-0.01574743207425221,,,0.01092699599939806,"{""dt"": 0.125}"
1fe7488711b0,2026-09-24T19:53:22,zaki,scheme_order,paper_barrier,call,milstein,strong_abs_terminal,{'fine_steps': 512},65536,8,10,3957880742,zaki-rehnoom_x86_64,0.06406199216037164,0.0002537180933993741,0.06356470469730888,0.06455927962343441,,,0.01336812399995324,"{""dt"": 0.125}"
de2af8348c0a,2026-09-24T19:53:22,zaki,scheme_order,paper_barrier,call,milstein,weak_terminal_mean,{'fine_steps': 512},65536,8,10,3957880742,zaki-rehnoom_x86_64,-0.005716721823458766,0.0003556631620462128,-0.006413821621069343,-0.005019622025848189,-0.005781694413798277,6.49725903395116e-05,0.01336812399995324,"{""dt"": 0.125}"
a72f0b4a3371,2026-09-24T19:53:22,zaki,scheme_order,paper_barrier,call,milstein,weak_call,{'fine_steps': 512},65536,8,10,3957880742,zaki-rehnoom_x86_64,-0.031569515589441044,0.00025356265673958327,-0.03206649839665063,-0.03107253278223146,,,0.01336812399995324,"{""dt"": 0.125}"
dd0258314a38,2026-09-24T19:53:22,zaki,scheme_order,paper_barrier,call,milstein,weak_barrier,{'fine_steps': 512},65536,8,10,3957880742,zaki-rehnoom_x86_64,-0.032165870348829576,0.00041207481215378645,-0.032973536980650996,-0.031358203717008155,,,0.01336812399995324,"{""dt"": 0.125}"
914b5874c565,2026-09-24T19:53:22,zaki,scheme_order,paper_barrier,call,exact,price_call,{'fine_steps': 512},65536,16,10,3957880742,zaki-rehnoom_x86_64,7.070608518448631,0.04879562367008841,6.974969096055258,7.166247940842004,,,0.02764413500108276,"{""dt"": 0.0625}"
40fd15289ada,2026-09-24T19:53:22,zaki,scheme_order,paper_barrier,call,exact,price_barrier,{'fine_steps': 512},65536,16,10,3957880742,zaki-rehnoom_x86_64,6.994794024202973,0.04892180456549215,6.898907287254608,7.090680761151337,,,0.02764413500108276,"{""dt"": 0.0625}"
f98fee7a0bc7,2026-09-24T19:53:22,zaki,scheme_order,paper_barrier,call,euler_maruyama,strong_abs_terminal,{'fine_steps': 512},65536,16,10,3957880742,zaki-rehnoom_x86_64,0.575033573431279,0.0018203656435970118,0.5714656567698289,0.5786014900927292,,,0.016844799000409694,"{""dt"": 0.0625}"
877ac3eb8bee,2026-09-24T19:53:22,zaki,scheme_order,paper_barrier,call,euler_maruyama,weak_terminal_mean,{'fine_steps': 512},65536,16,10,3957880742,zaki-rehnoom_x86_64,0.0028309705116178066,0.002891230198159702,-0.002835840676775209,0.008497781700010823,-0.0028944951184826095,0.005725465630100416,0.016844799000409694,"{""dt"": 0.0625}"
3644eb9bbbca,2026-09-24T19:53:22,zaki,scheme_order,paper_barrier,call,euler_maruyama,weak_call,{'fine_steps': 512},65536,16,10,3957880742,zaki-rehnoom_x86_64,-0.01091224602448946,0.002124906321000805,-0.015077062413651037,-0.0067474296353278816,,,0.016844799000409694,"{""dt"": 0.0625}"
e6b989aa3f07,2026-09-24T19:53:22,zaki,scheme_order,paper_barrier,call,euler_maruyama,weak_barrier,{'fine_steps': 512},65536,16,10,3957880742,zaki-rehnoom_x86_64,-0.010792219364901911,0.0024232477852425675,-0.015541785023977343,-0.006042653705826479,,,0.016844799000409694,"{""dt"": 0.0625}"
ca45d2f661a2,2026-09-24T19:53:22,zaki,scheme_order,paper_barrier,call,milstein,strong_abs_terminal,{'fine_steps': 512},65536,16,10,3957880742,zaki-rehnoom_x86_64,0.0333328505410519,0.0001225385748261775,0.033092674934392594,0.03357302614771121,,,0.02375525099932929,"{""dt"": 0.0625}"
c2ee1ee5755d,2026-09-24T19:53:22,zaki,scheme_order,paper_barrier,call,milstein,weak_terminal_mean,{'fine_steps': 512},65536,16,10,3957880742,zaki-rehnoom_x86_64,-0.0027616755385030728,0.00017847493289137713,-0.003111486406970172,-0.0024118646700359734,-0.0028944951184826095,0.00013281957997953679,0.02375525099932929,"{""dt"": 0.0625}"
04cdad31b6b4,2026-09-24T19:53:22,zaki,scheme_order,paper_barrier,call,milstein,weak_call,{'fine_steps': 512},65536,16,10,3957880742,zaki-rehnoom_x86_64,-0.01598521717180724,0.000127696047307033,-0.016235501424529026,-0.015734932919085457,,,0.02375525099932929,"{""dt"": 0.0625}"
0f768d756a50,2026-09-24T19:53:22,zaki,scheme_order,paper_barrier,call,milstein,weak_barrier,{'fine_steps': 512},65536,16,10,3957880742,zaki-rehnoom_x86_64,-0.016070174740582387,0.0002450171379000102,-0.016550408330866406,-0.015589941150298367,,,0.02375525099932929,"{""dt"": 0.0625}"
7ea209b44510,2026-09-24T19:53:22,zaki,scheme_order,paper_barrier,call,exact,price_call,{'fine_steps': 512},65536,32,10,3957880742,zaki-rehnoom_x86_64,7.0706085184486325,0.04879562367008842,6.9749690960552595,7.1662479408420054,,,0.04153777999999875,"{""dt"": 0.03125}"
d2c0d85e1373,2026-09-24T19:53:22,zaki,scheme_order,paper_barrier,call,exact,price_barrier,{'fine_steps': 512},65536,32,10,3957880742,zaki-rehnoom_x86_64,7.011697403931351,0.04889461259174142,6.915863963251538,7.107530844611165,,,0.04153777999999875,"{""dt"": 0.03125}"
cdcb53ca3721,2026-09-24T19:53:22,zaki,scheme_order,paper_barrier,call,euler_maruyama,strong_abs_terminal,{'fine_steps': 512},65536,32,10,3957880742,zaki-rehnoom_x86_64,0.4070088481580283,0.0012752810494661157,0.4045092973010747,0.40950839901498187,,,0.034957839000071544,"{""dt"": 0.03125}"
7562797b02ae,2026-09-24T19:53:22,zaki,scheme_order,paper_barrier,call,euler_maruyama,weak_terminal_mean,{'fine_steps': 512},65536,32,10,3957880742,zaki-rehnoom_x86_64,0.0016113537151608332,0.002038149591326593,-0.002383419483839289,0.005606126914160955,-0.0014481614756078898,0.003059515190768723,0.034957839000071544,"{""dt"": 0.03125}"
d11dbd8bb1bf,2026-09-24T19:53:22,zaki,scheme_order,paper_barrier,call,euler_maruyama,weak_call,{'fine_steps': 512},65536,32,10,3957880742,zaki-rehnoom_x86_64,-0.005281449549604798,0.0014991686261218854,-0.008219820056803693,-0.0023430790424059027,,,0.034957839000071544,"{""dt"": 0.03125}"
2125483f9db1,2026-09-24T19:53:22,zaki,scheme_order,paper_barrier,call,euler_maruyama,weak_barrier,{'fine_steps': 512},65536,32,10,3957880742,zaki-rehnoom_x86_64,-0.005967637540027095,0.0017498256542530814,-0.009397295822363134,-0.0025379792576910552,,,0.034957839000071544,"{""dt"": 0.03125}"
8485431add00,2026-09-24T19:53:22,zaki,scheme_order,paper_barrier,call,milstein,strong_abs_terminal,{'fine_steps': 512},65536,32,10,3957880742,zaki-rehnoom_x86_64,0.017034208919186507,6.000328578681206e-05,0.016916602479044356,0.017151815359328658,,,0.049724503999641456,"{""dt"": 0.03125}"
dbdfa6f0abfd,2026-09-24T19:53:22,zaki,scheme_order,paper_barrier,call,milstein,weak_terminal_mean,{'fine_steps': 512},65536,32,10,3957880742,zaki-rehnoom_x86_64,-0.0013125770832180365,8.945237934864787e-05,-0.0014879037467413862,-0.0011372504196946868,-0.0014481614756078898,0.00013558439238985326,0.049724503999641456,"{""dt"": 0.03125}"
11f9dd8de095,2026-09-24T19:53:22,zaki,scheme_order,paper_barrier,call,milstein,weak_call,{'fine_steps': 512},65536,32,10,3957880742,zaki-rehnoom_x86_64,-0.008015732094229764,6.416083043065578e-05,-0.00814148732187385,-0.007889976866585678,,,0.049724503999641456,"{""dt"": 0.03125}"
0ee3d0fda8ff,2026-09-24T19:53:22,zaki,scheme_order,paper_barrier,call,milstein,weak_barrier,{'fine_steps': 512},65536,32,10,3957880742,zaki-rehnoom_x86_64,-0.007818648622440704,0.0001438422424281933,-0.008100579417599963,-0.007536717827281445,,,0.049724503999641456,"{""dt"": 0.03125}"
4ec51848f408,2026-09-24T19:53:22,zaki,scheme_order,paper_barrier,call,exact,price_call,{'fine_steps': 512},65536,64,10,3957880742,zaki-rehnoom_x86_64,7.070608518448629,0.0487956236700884,6.974969096055256,7.166247940842002,,,0.08094361900020886,"{""dt"": 0.015625}"
6443f1b7cc45,2026-09-24T19:53:22,zaki,scheme_order,paper_barrier,call,exact,price_barrier,{'fine_steps': 512},65536,64,10,3957880742,zaki-rehnoom_x86_64,7.024070625105107,0.048874748550512596,6.928276117946103,7.1198651322641116,,,0.08094361900020886,"{""dt"": 0.015625}"
8fa31dba6e64,2026-09-24T19:53:22,zaki,scheme_order,paper_barrier,call,euler_maruyama,strong_abs_terminal,{'fine_steps': 512},65536,64,10,3957880742,zaki-rehnoom_x86_64,0.289376082100516,0.0009116219618112156,0.28758930305536606,0.291162861145666,,,0.06394613999964349,"{""dt"": 0.015625}"
81545b429aaa,2026-09-24T19:53:22,zaki,scheme_order,paper_barrier,call,euler_maruyama,weak_terminal_mean,{'fine_steps': 512},65536,64,10,3957880742,zaki-rehnoom_x86_64,0.0013300696935358456,0.0014521692289789683,-0.001516181995262932,0.004176321382334623,-0.0007243094598123889,0.0020543791533482346,0.06394613999964349,"{""dt"": 0.015625}"
6d61bd2f04ba,2026-09-24T19:53:22,zaki,scheme_order,paper_barrier,call,euler_maruyama,weak_call,{'fine_steps': 512},65536,64,10,3957880742,zaki-rehnoom_x86_64,-0.002413167517266768,0.0010715302076462249,-0.004513366724253369,-0.0003129683102801673,,,0.06394613999964349,"{""dt"": 0.015625}"
04219b75f30f,2026-09-24T19:53:22,zaki,scheme_order,paper_barrier,call,euler_maruyama,weak_barrier,{'fine_steps': 512},65536,64,10,3957880742,zaki-rehnoom_x86_64,-0.003253639466731042,0.0012619922660909075,-0.005727144308269221,-0.0007801346251928632,,,0.06394613999964349,"{""dt"": 0.015625}"
26da050ab1ba,2026-09-24T19:53:22,zaki,scheme_order,paper_barrier,call,milstein,strong_abs_terminal,{'fine_steps': 512},65536,64,10,3957880742,zaki-rehnoom_x86_64,0.0086355384883756,2.9576884616486104e-05,0.008577567794527287,0.008693509182223913,,,0.08978159199978109,"{""dt"": 0.015625}"
8e1e3348b1ab,2026-09-24T19:53:22,zaki,scheme_order,paper_barrier,call,milstein,weak_terminal_mean,{'fine_steps': 512},65536,64,10,3957880742,zaki-rehnoom_x86_64,-0.0006752019859560556,4.478548137424488e-05,-0.0007629815294495756,-0.0005874224424625356,-0.0007243094598123889,4.910747385633335e-05,0.08978159199978109,"{""dt"": 0.015625}"
20668c3f009c,2026-09-24T19:53:22,zaki,scheme_order,paper_barrier,call,milstein,weak_call,{'fine_steps': 512},65536,64,10,3957880742,zaki-rehnoom_x86_64,-0.004036564167895365,3.207114889575981e-05,-0.004099423619731053,-0.003973704716059676,,,0.08978159199978109,"{""dt"": 0.015625}"
2bb49d57c4cc,2026-09-24T19:53:22,zaki,scheme_order,paper_barrier,call,milstein,weak_barrier,{'fine_steps': 512},65536,64,10,3957880742,zaki-rehnoom_x86_64,-0.0038324601171159994,0.00012325135085280439,-0.004074032764787496,-0.003590887469444503,,,0.08978159199978109,"{""dt"": 0.015625}"
f542ae93e2f3,2026-09-24T19:53:22,zaki,scheme_order,paper_barrier,call,exact,price_call,{'fine_steps': 512},65536,128,10,3957880742,zaki-rehnoom_x86_64,7.070608518448629,0.048795623670088405,6.974969096055256,7.166247940842002,,,0.16127141600100003,"{""dt"": 0.0078125}"
8d18abab47df,2026-09-24T19:53:22,zaki,scheme_order,paper_barrier,call,exact,price_barrier,{'fine_steps': 512},65536,128,10,3957880742,zaki-rehnoom_x86_64,7.032962664468131,0.048860566413861474,6.937195954296962,7.128729374639299,,,0.16127141600100003,"{""dt"": 0.0078125}"
d94fad65449b,2026-09-24T19:53:22,zaki,scheme_order,paper_barrier,call,euler_maruyama,strong_abs_terminal,{'fine_steps': 512},65536,128,10,3957880742,zaki-rehnoom_x86_64,0.20521666574530054,0.0006416465266490034,0.2039590385530685,0.20647429293753258,,,0.12332131900075183,"{""dt"": 0.0078125}"
793dc134b144,2026-09-24T19:53:22,zaki,scheme_order,paper_barrier,call,euler_maruyama,weak_terminal_mean,{'fine_steps': 512},65536,128,10,3957880742,zaki-rehnoom_x86_64,3.8312354605337046e-05,0.0010268041966733975,-0.0019742238708745216,0.002050848580085196,-0.00036221194078223107,0.0004005242953875681,0.12332131900075183,"{""dt"": 0.0078125}"
d94b1e6acd12,2026-09-24T19:53:22,zaki,scheme_order,paper_barrier,call,euler_maruyama,weak_call,{'fine_steps': 512},65536,128,10,3957880742,zaki-rehnoom_x86_64,-0.0006135886541393602,0.0007562863056778927,-0.0020959098132680297,0.0008687325049893095,,,0.12332131900075183,"{""dt"": 0.0078125}"
79899c608711,2026-09-24T19:53:22,zaki,scheme_order,paper_barrier,call,euler_maruyama,weak_barrier,{'fine_steps': 512},65536,128,10,3957880742,zaki-rehnoom_x86_64,-0.0013304124670281876,0.0009147459100671813,-0.003123314450759863,0.0004624895167034879,,,0.12332131900075183,"{""dt"": 0.0078125}"
9e534a3e0730,2026-09-24T19:53:22,zaki,scheme_order,paper_barrier,call,milstein,strong_abs_terminal,{'fine_steps': 512},65536,128,10,3957880742,zaki-rehnoom_x86_64,0.004345838126522181,1.4733702519819342e-05,0.0043169600695833355,0.004374716183461027,,,0.19552835300009974,"{""dt"": 0.0078125}"
33e0e406ccb9,2026-09-24T19:53:22,zaki,scheme_order,paper_barrier,call,milstein,weak_terminal_mean,{'fine_steps': 512},65536,128,10,3957880742,zaki-rehnoom_x86_64,-0.00034796124174758954,2.243704695071876e-05,-0.0003919378537709983,-0.00030398462972418077,-0.00036221194078223107,1.4250699034641526e-05,0.19552835300009974,"{""dt"": 0.0078125}"
e172ac1478ba,2026-09-24T19:53:22,zaki,scheme_order,paper_barrier,call,milstein,weak_call,{'fine_steps': 512},65536,128,10,3957880742,zaki-rehnoom_x86_64,-0.00202736675801034,1.6101525318283336e-05,-0.002058925747634175,-0.0019958077683865046,,,0.19552835300009974,"{""dt"": 0.0078125}"
eceb3b1a15b6,2026-09-24T19:53:22,zaki,scheme_order,paper_barrier,call,milstein,weak_barrier,{'fine_steps': 512},65536,128,10,3957880742,zaki-rehnoom_x86_64,-0.00205964540549653,5.0767693098846854e-05,-0.00215915008397027,-0.0019601407270227905,,,0.19552835300009974,"{""dt"": 0.0078125}"
18f6c965711d,2026-09-24T19:53:22,zaki,scheme_order,paper_barrier,call,exact,price_call,{'fine_steps': 512},65536,256,10,3957880742,zaki-rehnoom_x86_64,7.070608518448625,0.048795623670088384,6.974969096055252,7.166247940841998,,,0.2946135790007247,"{""dt"": 0.00390625}"
e386bb82897f,2026-09-24T19:53:22,zaki,scheme_order,paper_barrier,call,exact,price_barrier,{'fine_steps': 512},65536,256,10,3957880742,zaki-rehnoom_x86_64,7.0376910999741344,0.04885277154920397,6.941939667737695,7.133442532210574,,,0.2946135790007247,"{""dt"": 0.00390625}"
a1ab734b99fc,2026-09-24T19:53:22,zaki,scheme_order,paper_barrier,call,euler_maruyama,strong_abs_terminal,{'fine_steps': 512},65536,256,10,3957880742,zaki-rehnoom_x86_64,0.14528352504105602,0.0004531793028672128,0.14439529360743628,0.14617175647467576,,,0.24323596699923655,"{""dt"": 0.00390625}"
dd7a8911342a,2026-09-24T19:53:22,zaki,scheme_order,paper_barrier,call,euler_maruyama,weak_terminal_mean,{'fine_steps': 512},65536,256,10,3957880742,zaki-rehnoom_x86_64,-0.0007017227903853769,0.0007262511687214758,-0.0021251750810794695,0.0007217295003087157,-0.0001811202798052136,0.0005206025105801633,0.24323596699923655,"{""dt"": 0.00390625}"
08f0db88c816,2026-09-24T19:53:22,zaki,scheme_order,paper_barrier,call,euler_maruyama,weak_call,{'fine_steps': 512},65536,256,10,3957880742,zaki-rehnoom_x86_64,-0.000838182295294513,0.0005356100379838505,-0.00188797796974286,0.0002116133791538338,,,0.24323596699923655,"{""dt"": 0.00390625}"
2d3188f8337f,2026-09-24T19:53:22,zaki,scheme_order,paper_barrier,call,euler_maruyama,weak_barrier,{'fine_steps': 512},65536,256,10,3957880742,zaki-rehnoom_x86_64,-0.0012494437763790542,0.000647245341138517,-0.0025180446450105472,1.9157092252439093e-05,,,0.24323596699923655,"{""dt"": 0.00390625}"
0fa196c0d0de,2026-09-24T19:53:22,zaki,scheme_order,paper_barrier,call,milstein,strong_abs_terminal,{'fine_steps': 512},65536,256,10,3957880742,zaki-rehnoom_x86_64,0.0021883137875919256,7.3458209080414725e-06,0.002173915978612164,0.002202711596571687,,,0.35392123099973105,"{""dt"": 0.00390625}"
d1ab3df81f70,2026-09-24T19:53:22,zaki,scheme_order,paper_barrier,call,milstein,weak_terminal_mean,{'fine_steps': 512},65536,256,10,3957880742,zaki-rehnoom_x86_64,-0.0001767336271308339,1.1249693943076115e-05,-0.00019878302725926308,-0.00015468422700240473,-0.0001811202798052136,4.386652674379706e-06,0.35392123099973105,"{""dt"": 0.00390625}"
93df92c1844a,2026-09-24T19:53:22,zaki,scheme_order,paper_barrier,call,milstein,weak_call,{'fine_steps': 512},65536,256,10,3957880742,zaki-rehnoom_x86_64,-0.0010200880813751878,8.073945501520389e-06,-0.0010359130145581677,-0.0010042631481922079,,,0.35392123099973105,"{""dt"": 0.00390625}"
fbebc874ea45,2026-09-24T19:53:22,zaki,scheme_order,paper_barrier,call,milstein,weak_barrier,{'fine_steps': 512},65536,256,10,3957880742,zaki-rehnoom_x86_64,-0.001036403497290006,2.473848940287266e-05,-0.0010848909365196364,-0.0009879160580603757,,,0.35392123099973105,"{""dt"": 0.00390625}"
47089762121e,2026-09-24T19:53:22,zaki,scheme_order,paper_barrier,call,exact,price_call,{'fine_steps': 512},65536,512,10,3957880742,zaki-rehnoom_x86_64,7.070608518448625,0.0487956236700884,6.974969096055252,7.166247940841998,,,0.6438197100001162,"{""dt"": 0.001953125}"
635d9792cf15,2026-09-24T19:53:22,zaki,scheme_order,paper_barrier,call,exact,price_barrier,{'fine_steps': 512},65536,512,10,3957880742,zaki-rehnoom_x86_64,7.041222196680956,0.04884701746297841,6.945482042453518,7.136962350908394,,,0.6438197100001162,"{""dt"": 0.001953125}"
aa463621b84c,2026-09-24T19:53:22,zaki,scheme_order,paper_barrier,call,euler_maruyama,strong_abs_terminal,{'fine_steps': 512},65536,512,10,3957880742,zaki-rehnoom_x86_64,0.1030020393488587,0.0003204593604776511,0.1023739390023225,0.10363013969539489,,,0.5369463969991557,"{""dt"": 0.001953125}"
4e85d18d3a4b,2026-09-24T19:53:22,zaki,scheme_order,paper_barrier,call,euler_maruyama,weak_terminal_mean,{'fine_steps': 512},65536,512,10,3957880742,zaki-rehnoom_x86_64,-0.0006968529268143829,0.0005143696779999347,-0.0017050174956942548,0.0003113116420654891,-9.056371841609234e-05,0.0006062892083982906,0.5369463969991557,"{""dt"": 0.001953125}"
84b35dc7ebe7,2026-09-24T19:53:22,zaki,scheme_order,paper_barrier,call,euler_maruyama,weak_call,{'fine_steps': 512},65536,512,10,3957880742,zaki-rehnoom_x86_64,-0.0008382823538960462,0.00038077376649764513,-0.0015845989362314307,-9.196577156066177e-05,,,0.5369463969991557,"{""dt"": 0.001953125}"
5df7125fd419,2026-09-24T19:53:22,zaki,scheme_order,paper_barrier,call,euler_maruyama,weak_barrier,{'fine_steps': 512},65536,512,10,3957880742,zaki-rehnoom_x86_64,-0.0009840253468856761,0.0005029102796448445,-0.001969729494989571,1.678801218218907e-06,,,0.5369463969991557,"{""dt"": 0.001953125}"
c904c911197f,2026-09-24T19:53:22,zaki,scheme_order,paper_barrier,call,milstein,strong_abs_terminal,{'fine_steps': 512},65536,512,10,3957880742,zaki-rehnoom_x86_64,0.001094187099606212,3.637887201268185e-06,0.0010870568406917264,0.0011013173585206978,,,0.7670986049997737,"{""dt"": 0.001953125}"
20db643c73a2,2026-09-24T19:53:22,zaki,scheme_order,paper_barrier,call,milstein,weak_terminal_mean,{'fine_steps': 512},65536,512,10,3957880742,zaki-rehnoom_x86_64,-8.671948256479386e-05,5.602523115156332e-06,-9.770042787050028e-05,-7.573853725908745e-05,-9.056371841609234e-05,3.8442358512984784e-06,0.7670986049997737,"{""dt"": 0.001953125}"
0c0dd78e2165,2026-09-24T19:53:22,zaki,scheme_order,paper_barrier,call,milstein,weak_call,{'fine_steps': 512},65536,512,10,3957880742,zaki-rehnoom_x86_64,-0.0005091729176485139,4.015854735759253e-06,-0.0005170439929306021,-0.0005013018423664257,,,0.7670986049997737,"{""dt"": 0.001953125}"
f04049cb784e,2026-09-24T19:53:22,zaki,scheme_order,paper_barrier,call,milstein,weak_barrier,{'fine_steps': 512},65536,512,10,3957880742,zaki-rehnoom_x86_64,-0.000529519036921331,2.3745032054007994e-05,-0.0005760592997471867,-0.00048297877409547534,,,0.7670986049997737,"{""dt"": 0.001953125}"
0ef05a5b1a33,2026-09-24T19:53:29,zaki,scheme_order,paper_barrier,call,exact,price_call,{'fine_steps': 512},65536,4,11,340235313,zaki-rehnoom_x86_64,7.118485596627044,0.048762375285006286,7.022911341068432,7.214059852185657,,,0.021077021999644785,"{""dt"": 0.25}"
340491050254,2026-09-24T19:53:29,zaki,scheme_order,paper_barrier,call,exact,price_barrier,{'fine_steps': 512},65536,4,11,340235313,zaki-rehnoom_x86_64,6.980911750174079,0.04898850903377166,6.8848942724678865,7.076929227880272,,,0.021077021999644785,"{""dt"": 0.25}"
6e36984ae88a,2026-09-24T19:53:29,zaki,scheme_order,paper_barrier,call,euler_maruyama,strong_abs_terminal,{'fine_steps': 512},65536,4,11,340235313,zaki-rehnoom_x86_64,1.107917753361687,0.003838069131399967,1.1003951378641432,1.115440368859231,,,0.013182927000343625,"{""dt"": 0.25}"
011cc03fcb82,2026-09-24T19:53:29,zaki,scheme_order,paper_barrier,call,euler_maruyama,weak_terminal_mean,{'fine_steps': 512},65536,4,11,340235313,zaki-rehnoom_x86_64,1.5133629030011746e-05,0.005784543674975869,-0.011322571973922693,0.011352839231982714,-0.011534328945430161,0.011549462574460174,0.013182927000343625,"{""dt"": 0.25}"
65d24814b8a1,2026-09-24T19:53:29,zaki,scheme_order,paper_barrier,call,euler_maruyama,weak_call,{'fine_steps': 512},65536,4,11,340235313,zaki-rehnoom_x86_64,-0.04811950669217331,0.004188205647474776,-0.05632838976122387,-0.039910623623122754,,,0.013182927000343625,"{""dt"": 0.25}"
4efe263cb741,2026-09-24T19:53:29,zaki,scheme_order,paper_barrier,call,euler_maruyama,weak_barrier,{'fine_steps': 512},65536,4,11,340235313,zaki-rehnoom_x86_64,-0.05142554340032328,0.004714370252698144,-0.06066570909561164,-0.042185377705034915,,,0.013182927000343625,"{""dt"": 0.25}"
49e0205a974d,2026-09-24T19:53:29,zaki,scheme_order,paper_barrier,call,milstein,strong_abs_terminal,{'fine_steps': 512},65536,4,11,340235313,zaki-rehnoom_x86_64,0.11985303231675253,0.0005296968202121419,0.11881482654913672,0.12089123808436833,,,0.009296722000726731,"{""dt"": 0.25}"
9aae656b30fc,2026-09-24T19:53:29,zaki,scheme_order,paper_barrier,call,milstein,weak_terminal_mean,{'fine_steps': 512},65536,4,11,340235313,zaki-rehnoom_x86_64,-0.011920881306016928,0.0007054093323747954,-0.013303483597471527,-0.01053827901456233,-0.011534328945430161,0.0003865523605867671,0.009296722000726731,"{""dt"": 0.25}"
b3afee5555e2,2026-09-24T19:53:29,zaki,scheme_order,paper_barrier,call,milstein,weak_call,{'fine_steps': 512},65536,4,11,340235313,zaki-rehnoom_x86_64,-0.06146384566683751,0.0005017491769996967,-0.06244727405375692,-0.060480417279918104,,,0.009296722000726731,"{""dt"": 0.25}"
09c8fcd34d3c,2026-09-24T19:53:29,zaki,scheme_order,paper_barrier,call,milstein,weak_barrier,{'fine_steps': 512},65536,4,11,340235313,zaki-rehnoom_x86_64,-0.062132955560833966,0.0006583808029350175,-0.0634233819345866,-0.06084252918708133,,,0.009296722000726731,"{""dt"": 0.25}"
ecc27e0f39c5,2026-09-24T19:53:29,zaki,scheme_order,paper_barrier,call,exact,price_call,{'fine_steps': 512},65536,8,11,340235313,zaki-rehnoom_x86_64,7.118485596627046,0.04876237528500629,7.022911341068434,7.214059852185659,,,0.01599073999977918,"{""dt"": 0.125}"
056b0153ab34,2026-09-24T19:53:29,zaki,scheme_order,paper_barrier,call,exact,price_barrier,{'fine_steps': 512},65536,8,11,340235313,zaki-rehnoom_x86_64,7.019083331567996,0.048927307184706816,6.923185809485971,7.114980853650022,,,0.01599073999977918,"{""dt"": 0.125}"
a883f26dba3d,2026-09-24T19:53:29,zaki,scheme_order,paper_barrier,call,euler_maruyama,strong_abs_terminal,{'fine_steps': 512},65536,8,11,340235313,zaki-rehnoom_x86_64,0.7998182992212464,0.002623955863300859,0.7946753457291766,0.8049612527133161,,,0.010404701999959798,"{""dt"": 0.125}"
bc613462f344,2026-09-24T19:53:29,zaki,scheme_order,paper_barrier,call,euler_maruyama,weak_terminal_mean,{'fine_steps': 512},65536,8,11,340235313,zaki-rehnoom_x86_64,0.001433734997322292,0.004080006299256443,-0.006563077349220337,0.00943054734386492,-0.005781694413798277,0.007215429411120569,0.010404701999959798,"{""dt"": 0.125}"
1e199e3f01f1,2026-09-24T19:53:29,zaki,scheme_order,paper_barrier,call,euler_maruyama,weak_call,{'fine_steps': 512},65536,8,11,340235313,zaki-rehnoom_x86_64,-0.01950629213458107,0.0029764941060241856,-0.025340220582388474,-0.013672363686773666,,,0.010404701999959798,"{""dt"": 0.125}"
907c2e73bd62,2026-09-24T19:53:29,zaki,scheme_order,paper_barrier,call,euler_maruyama,weak_barrier,{'fine_steps': 512},65536,8,11,340235313,zaki-rehnoom_x86_64,-0.01986367205688868,0.0033978379956966327,-0.02652343452845408,-0.01320390958532328,,,0.010404701999959798,"{""dt"": 0.125}"
df83a9feee94,2026-09-24T19:53:29,zaki,scheme_order,paper_barrier,call,milstein,strong_abs_terminal,{'fine_steps': 512},65536,8,11,340235313,zaki-rehnoom_x86_64,0.06399944932196144,0.000252880590366667,0.06350380336484278,0.06449509527908011,,,0.013419718999557517,"{""dt"": 0.125}"
655fef202983,2026-09-24T19:53:29,zaki,scheme_order,paper_barrier,call,milstein,weak_terminal_mean,{'fine_steps': 512},65536,8,11,340235313,zaki-rehnoom_x86_64,-0.005787257125400028,0.0003548766133347839,-0.006482815287536204,-0.005091698963263851,-0.005781694413798277,5.56271160175037e-06,0.013419718999557517,"{""dt"": 0.125}"
f353c8fa75cc,2026-09-24T19:53:29,zaki,scheme_order,paper_barrier,call,milstein,weak_call,{'fine_steps': 512},65536,8,11,340235313,zaki-rehnoom_x86_64,-0.0315819471263267,0.000253483226780852,-0.03207877425081717,-0.03108512000183623,,,0.013419718999557517,"{""dt"": 0.125}"
5918e156b5b9,2026-09-24T19:53:29,zaki,scheme_order,paper_barrier,call,milstein,weak_barrier,{'fine_steps': 512},65536,8,11,340235313,zaki-rehnoom_x86_64,-0.03229442316475148,0.0004165536432852217,-0.03311086830559051,-0.031477978023912445,,,0.013419718999557517,"{""dt"": 0.125}"
ae367e5bab4d,2026-09-24T19:53:29,zaki,scheme_order,paper_barrier,call,exact,price_call,{'fine_steps': 512},65536,16,11,340235313,zaki-rehnoom_x86_64,7.118485596627044,0.048762375285006286,7.022911341068432,7.214059852185657,,,0.029271625000092172,"{""dt"": 0.0625}"
13101c658e51,2026-09-24T19:53:29,zaki,scheme_order,paper_barrier,call,exact,price_barrier,{'fine_steps': 512},65536,16,11,340235313,zaki-rehnoom_x86_64,7.04208615554848,0.04889016734233315,6.946261427557507,7.137910883539453,,,0.029271625000092172,"{""dt"": 0.0625}"
cbd54a151639,2026-09-24T19:53:29,zaki,scheme_order,paper_barrier,call,euler_maruyama,strong_abs_terminal,{'fine_steps': 512},65536,16,11,340235313,zaki-rehnoom_x86_64,0.5764770097190418,0.0018455132386261544,0.5728598037713345,0.5800942156667491,,,0.01814734000026874,"{""dt"": 0.0625}"
a517a2d61bb0,2026-09-24T19:53:29,zaki,scheme_order,paper_barrier,call,euler_maruyama,weak_terminal_mean,{'fine_steps': 512},65536,16,11,340235313,zaki-rehnoom_x86_64,0.0018526580934733789,0.002911500047224073,-0.003853881999085805,0.007559198186032562,-0.0028944951184826095,0.004747153211955988,0.01814734000026874,"{""dt"": 0.0625}"
b114e40890a3,2026-09-24T19:53:29,zaki,scheme_order,paper_barrier,call,euler_maruyama,weak_call,{'fine_steps': 512},65536,16,11,340235313,zaki-rehnoom_x86_64,-0.00890472759896846,0.0021384399566331375,-0.013096069913969409,-0.00471338528396751,,,0.01814734000026874,"{""dt"": 0.0625}"
0718a68e1a63,2026-09-24T19:53:29,zaki,scheme_order,paper_barrier,call,euler_maruyama,weak_barrier,{'fine_steps': 512},65536,16,11,340235313,zaki-rehnoom_x86_64,-0.009037855039692082,0.0025194729419409597,-0.013976022005896363,-0.0040996880734878016,,,0.01814734000026874,"{""dt"": 0.0625}"
350613ff824f,2026-09-24T19:53:29,zaki,scheme_order,paper_barrier,call,milstein,strong_abs_terminal,{'fine_steps': 512},65536,16,11,340235313,zaki-rehnoom_x86_64,0.03335127756186507,0.00012228431827569558,0.033111600298044705,0.03359095482568543,,,0.024701561999336263,"{""dt"": 0.0625}"
c1c2ec8f53ed,2026-09-24T19:53:29,zaki,scheme_order,paper_barrier,call,milstein,weak_terminal_mean,{'fine_steps': 512},65536,16,11,340235313,zaki-rehnoom_x86_64,-0.0028943675204714412,0.00017832092391145717,-0.0032438765313378974,-0.002544858509604985,-0.0028944951184826095,1.27598011168302e-07,0.024701561999336263,"{""dt"": 0.0625}"
724cc4387a02,2026-09-24T19:53:29,zaki,scheme_order,paper_barrier,call,milstein,weak_call,{'fine_steps': 512},65536,16,11,340235313,zaki-rehnoom_x86_64,-0.015992711940668838,0.0001275241790913322,-0.01624265933168785,-0.015742764549649825,,,0.024701561999336263,"{""dt"": 0.0625}"
63248dc59e08,2026-09-24T19:53:29,zaki,scheme_order,paper_barrier,call,milstein,weak_barrier,{'fine_steps': 512},65536,16,11,340235313,zaki-rehnoom_x86_64,-0.016353039929749652,0.0002437443601249269,-0.016830778875594508,-0.015875300983904796,,,0.024701561999336263,"{""dt"": 0.0625}"
b6e9c425a931,2026-09-24T19:53:29,zaki,scheme_order,paper_barrier,call,exact,price_call,{'fine_steps': 512},65536,32,11,340235313,zaki-rehnoom_x86_64,7.118485596627045,0.04876237528500629,7.022911341068433,7.214059852185658,,,0.0436661819994697,"{""dt"": 0.03125}"
d6c15b73c922,2026-09-24T19:53:29,zaki,scheme_order,paper_barrier,call,exact,price_barrier,{'fine_steps': 512},65536,32,11,340235313,zaki-rehnoom_x86_64,7.0583120065454334,0.048863895526485714,6.962538771313522,7.154085241777345,,,0.0436661819994697,"{""dt"": 0.03125}"
ad6979ebeedb,2026-09-24T19:53:29,zaki,scheme_order,paper_barrier,call,euler_maruyama,strong_abs_terminal,{'fine_steps': 512},65536,32,11,340235313,zaki-rehnoom_x86_64,0.409335796901673,0.0012940573852849484,0.4067994444265145,0.4118721493768315,,,0.03520944900037648,"{""dt"": 0.03125}"
5c9e9c97d5f1,2026-09-24T19:53:29,zaki,scheme_order,paper_barrier,call,euler_maruyama,weak_terminal_mean,{'fine_steps': 512},65536,32,11,340235313,zaki-rehnoom_x86_64,0.001339037398698326,0.002057011107350819,-0.002692704371709279,0.0053707791691059315,-0.0014481614756078898,0.002787198874306216,0.03520944900037648,"{""dt"": 0.03125}"
84d43efef561,2026-09-24T19:53:29,zaki,scheme_order,paper_barrier,call,euler_maruyama,weak_call,{'fine_steps': 512},65536,32,11,340235313,zaki-rehnoom_x86_64,-0.0034142664138565957,0.001513568998977048,-0.00638086165185161,-0.00044767117586158155,,,0.03520944900037648,"{""dt"": 0.03125}"
cf66c6731fb6,2026-09-24T19:53:29,zaki,scheme_order,paper_barrier,call,euler_maruyama,weak_barrier,{'fine_steps': 512},65536,32,11,340235313,zaki-rehnoom_x86_64,-0.0031363809703157716,0.0018026439029365784,-0.006669563020071465,0.0003968010794399221,,,0.03520944900037648,"{""dt"": 0.03125}"
4318114b8478,2026-09-24T19:53:29,zaki,scheme_order,paper_barrier,call,milstein,strong_abs_terminal,{'fine_steps': 512},65536,32,11,340235313,zaki-rehnoom_x86_64,0.01706590754038737,6.0027961273394624e-05,0.016948252736291514,0.017183562344483223,,,0.0497783389992037,"{""dt"": 0.03125}"
ed362670f42d,2026-09-24T19:53:29,zaki,scheme_order,paper_barrier,call,milstein,weak_terminal_mean,{'fine_steps': 512},65536,32,11,340235313,zaki-rehnoom_x86_64,-0.0014194853732353357,8.953617719853156e-05,-0.0015949762805444576,-0.0012439944659262138,-0.0014481614756078898,2.867610237255406e-05,0.0497783389992037,"{""dt"": 0.03125}"
90e86b452fdf,2026-09-24T19:53:29,zaki,scheme_order,paper_barrier,call,milstein,weak_call,{'fine_steps': 512},65536,32,11,340235313,zaki-rehnoom_x86_64,-0.008071377977180072,6.412024760046266e-05,-0.008197053662476979,-0.007945702291883166,,,0.0497783389992037,"{""dt"": 0.03125}"
11ba4aa471f3,2026-09-24T19:53:29,zaki,scheme_order,paper_barrier,call,milstein,weak_barrier,{'fine_steps': 512},65536,32,11,340235313,zaki-rehnoom_x86_64,-0.008305083773578333,0.0001698130895627144,-0.008637917429121253,-0.007972250118035413,,,0.0497783389992037,"{""dt"": 0.03125}"
17d10c9e48b0,2026-09-24T19:53:29,zaki,scheme_order,paper_barrier,call,exact,price_call,{'fine_steps': 512},65536,64,11,340235313,zaki-rehnoom_x86_64,7.118485596627041,0.04876237528500627,7.022911341068428,7.214059852185653,,,0.08220917800099414,"{""dt"": 0.015625}"
aa5a6e7e353c,2026-09-24T19:53:29,zaki,scheme_order,paper_barrier,call,exact,price_barrier,{'fine_steps': 512},65536,64,11,340235313,zaki-rehnoom_x86_64,7.069542114715903,0.048845843269212826,6.973804261908246,7.16527996752356,,,0.08220917800099414,"{""dt"": 0.015625}"
f3ac692fb912,2026-09-24T19:53:29,zaki,scheme_order,paper_barrier,call,euler_maruyama,strong_abs_terminal,{'fine_steps': 512},65536,64,11,340235313,zaki-rehnoom_x86_64,0.28942298705118336,0.0009023551786141684,0.2876543709010996,0.29119160320126714,,,0.06692021500157352,"{""dt"": 0.015625}"
1da5a40e3f3b,2026-09-24T19:53:29,zaki,scheme_order,paper_barrier,call,euler_maruyama,weak_terminal_mean,{'fine_steps': 512},65536,64,11,340235313,zaki-rehnoom_x86_64,0.00023834070318835214,0.001446522078852055,-0.0025968425713616757,0.00307352397773838,-0.0007243094598123889,0.0009626501630007411,0.06692021500157352,"{""dt"": 0.015625}"
ffc0c22b4e12,2026-09-24T19:53:29,zaki,scheme_order,paper_barrier,call,euler_maruyama,weak_call,{'fine_steps': 512},65536,64,11,340235313,zaki-rehnoom_x86_64,-0.0012308230147560647,0.0010658028514656528,-0.003319796603628744,0.0008581505741166147,,,0.06692021500157352,"{""dt"": 0.015625}"
55b595ffdbd7,2026-09-24T19:53:29,zaki,scheme_order,paper_barrier,call,euler_maruyama,weak_barrier,{'fine_steps': 512},65536,64,11,340235313,zaki-rehnoom_x86_64,-0.0026276511894799686,0.0012523085875624246,-0.00508217602110232,-0.00017312635785761638,,,0.06692021500157352,"{""dt"": 0.015625}"
6bb9b98bf4f1,2026-09-24T19:53:29,zaki,scheme_order,paper_barrier,call,milstein,strong_abs_terminal,{'fine_steps': 512},65536,64,11,340235313,zaki-rehnoom_x86_64,0.008627017526611217,2.9547790932346175e-05,0.008569103856383818,0.008684931196838616,,,0.09666324699992401,"{""dt"": 0.015625}"
bdc464f4f2f9,2026-09-24T19:53:29,zaki,scheme_order,paper_barrier,call,milstein,weak_terminal_mean,{'fine_steps': 512},65536,64,11,340235313,zaki-rehnoom_x86_64,-0.0007368961766998086,4.472633836786736e-05,-0.0008245597999008286,-0.0006492325534987885,-0.0007243094598123889,1.258671688741963e-05,0.09666324699992401,"{""dt"": 0.015625}"
50cf52df6fb8,2026-09-24T19:53:29,zaki,scheme_order,paper_barrier,call,milstein,weak_call,{'fine_steps': 512},65536,64,11,340235313,zaki-rehnoom_x86_64,-0.004062139173435368,3.207070819349959e-05,-0.004124997761494627,-0.003999280585376109,,,0.09666324699992401,"{""dt"": 0.015625}"
fb99e8e52961,2026-09-24T19:53:29,zaki,scheme_order,paper_barrier,call,milstein,weak_barrier,{'fine_steps': 512},65536,64,11,340235313,zaki-rehnoom_x86_64,-0.004103265880156562,8.383445378537002e-05,-0.004267581409575887,-0.003938950350737237,,,0.09666324699992401,"{""dt"": 0.015625}"
d6610d99e73b,2026-09-24T19:53:29,zaki,scheme_order,paper_barrier,call,exact,price_call,{'fine_steps': 512},65536,128,11,340235313,zaki-rehnoom_x86_64,7.118485596627043,0.04876237528500628,7.02291134106843,7.214059852185655,,,0.15691809700001613,"{""dt"": 0.0078125}"
350393983cdd,2026-09-24T19:53:29,zaki,scheme_order,paper_barrier,call,exact,price_barrier,{'fine_steps': 512},65536,128,11,340235313,zaki-rehnoom_x86_64,7.0776354781446145,0.04883281601125379,6.981923158762557,7.173347797526672,,,0.15691809700001613,"{""dt"": 0.0078125}"
9e808f1e646c,2026-09-24T19:53:29,zaki,scheme_order,paper_barrier,call,euler_maruyama,strong_abs_terminal,{'fine_steps': 512},65536,128,11,340235313,zaki-rehnoom_x86_64,0.20430375387360594,0.0006349958357687762,0.20305916203549915,0.20554834571171274,,,0.12719141500065234,"{""dt"": 0.0078125}"
71bbe9496c39,2026-09-24T19:53:29,zaki,scheme_order,paper_barrier,call,euler_maruyama,weak_terminal_mean,{'fine_steps': 512},65536,128,11,340235313,zaki-rehnoom_x86_64,-0.0003861797236448492,0.0010198673313919304,-0.002385119693173033,0.0016127602458833345,-0.00036221194078223107,2.396778286261811e-05,0.12719141500065234,"{""dt"": 0.0078125}"
16b119727ba8,2026-09-24T19:53:29,zaki,scheme_order,paper_barrier,call,euler_maruyama,weak_call,{'fine_steps': 512},65536,128,11,340235313,zaki-rehnoom_x86_64,-0.000793167086433456,0.000750907079420886,-0.0022649449620983923,0.0006786107892314805,,,0.12719141500065234,"{""dt"": 0.0078125}"
6cd36a395114,2026-09-24T19:53:29,zaki,scheme_order,paper_barrier,call,euler_maruyama,weak_barrier,{'fine_steps': 512},65536,128,11,340235313,zaki-rehnoom_x86_64,-0.0010507189925908658,0.0009129726914998034,-0.0028401454679304805,0.0007387074827487489,,,0.12719141500065234,"{""dt"": 0.0078125}"
56aca476a0e8,2026-09-24T19:53:29,zaki,scheme_order,paper_barrier,call,milstein,strong_abs_terminal,{'fine_steps': 512},65536,128,11,340235313,zaki-rehnoom_x86_64,0.004341553873895968,1.4623501238876375e-05,0.004312891811467771,0.004370215936324166,,,0.1886260959995525,"{""dt"": 0.0078125}"
4bf579913609,2026-09-24T19:53:29,zaki,scheme_order,paper_barrier,call,milstein,weak_terminal_mean,{'fine_steps': 512},65536,128,11,340235313,zaki-rehnoom_x86_64,-0.000372507819710643,2.2346097927455918e-05,-0.0004163061716484566,-0.0003287094677728294,-0.00036221194078223107,1.029587892841194e-05,0.1886260959995525,"{""dt"": 0.0078125}"
1ab47f2c624f,2026-09-24T19:53:29,zaki,scheme_order,paper_barrier,call,milstein,weak_call,{'fine_steps': 512},65536,128,11,340235313,zaki-rehnoom_x86_64,-0.00203162907303622,1.602952973977984e-05,-0.0020630469513261886,-0.0020002111947462512,,,0.1886260959995525,"{""dt"": 0.0078125}"
0b4d847e2003,2026-09-24T19:53:29,zaki,scheme_order,paper_barrier,call,milstein,weak_barrier,{'fine_steps': 512},65536,128,11,340235313,zaki-rehnoom_x86_64,-0.002014180533476017,1.5997090515035428e-05,-0.002045534830885486,-0.0019828262360665474,,,0.1886260959995525,"{""dt"": 0.0078125}"
ae3b552a0fc5,2026-09-24T19:53:29,zaki,scheme_order,paper_barrier,call,exact,price_call,{'fine_steps': 512},65536,256,11,340235313,zaki-rehnoom_x86_64,7.118485596627038,0.048762375285006265,7.022911341068426,7.214059852185651,,,0.30749707899940404,"{""dt"": 0.00390625}"
3a510158d9a7,2026-09-24T19:53:29,zaki,scheme_order,paper_barrier,call,exact,price_barrier,{'fine_steps': 512},65536,256,11,340235313,zaki-rehnoom_x86_64,7.082851721892479,0.04882418115015206,6.987156326838181,7.178547116946777,,,0.30749707899940404,"{""dt"": 0.00390625}"
bc0a82811728,2026-09-24T19:53:29,zaki,scheme_order,paper_barrier,call,euler_maruyama,strong_abs_terminal,{'fine_steps': 512},65536,256,11,340235313,zaki-rehnoom_x86_64,0.1449077533697119,0.00044871597886556123,0.1440282700511354,0.1457872366882884,,,0.24569256700033293,"{""dt"": 0.00390625}"
441c0a75f69a,2026-09-24T19:53:29,zaki,scheme_order,paper_barrier,call,euler_maruyama,weak_terminal_mean,{'fine_steps': 512},65536,256,11,340235313,zaki-rehnoom_x86_64,-0.0010103912117534802,0.0007223180151790212,-0.0024261345215043618,0.0004053520979974013,-0.0001811202798052136,0.0008292709319482666,0.24569256700033293,"{""dt"": 0.00390625}"
a24a8a443019,2026-09-24T19:53:29,zaki,scheme_order,paper_barrier,call,euler_maruyama,weak_call,{'fine_steps': 512},65536,256,11,340235313,zaki-rehnoom_x86_64,-0.0009225191976002752,0.0005339570136160171,-0.001969074944287669,0.00012403654908711833,,,0.24569256700033293,"{""dt"": 0.00390625}"
022fdc398c49,2026-09-24T19:53:29,zaki,scheme_order,paper_barrier,call,euler_maruyama,weak_barrier,{'fine_steps': 512},65536,256,11,340235313,zaki-rehnoom_x86_64,-0.0003594738713764012,0.0007086982742744383,-0.0017485224889543004,0.0010295747462014978,,,0.24569256700033293,"{""dt"": 0.00390625}"
e85947c6b39d,2026-09-24T19:53:29,zaki,scheme_order,paper_barrier,call,milstein,strong_abs_terminal,{'fine_steps': 512},65536,256,11,340235313,zaki-rehnoom_x86_64,0.002184323036334046,7.284005985735536e-06,0.0021700463846020045,0.002198599688066088,,,0.3604256829994483,"{""dt"": 0.00390625}"
998c6388a4bb,2026-09-24T19:53:29,zaki,scheme_order,paper_barrier,call,milstein,weak_terminal_mean,{'fine_steps': 512},65536,256,11,340235313,zaki-rehnoom_x86_64,-0.00018596074593132223,1.1195263929092727e-05,-0.00020790346323234398,-0.00016401802863030048,-0.0001811202798052136,4.840466126108619e-06,0.3604256829994483,"{""dt"": 0.00390625}"
047ca50e9ef2,2026-09-24T19:53:29,zaki,scheme_order,paper_barrier,call,milstein,weak_call,{'fine_steps': 512},65536,256,11,340235313,zaki-rehnoom_x86_64,-0.0010221821152795912,8.027342296550353e-06,-0.0010379157061808299,-0.0010064485243783524,,,0.3604256829994483,"{""dt"": 0.00390625}"
170f93360787,2026-09-24T19:53:29,zaki,scheme_order,paper_barrier,call,milstein,weak_barrier,{'fine_steps': 512},65536,256,11,340235313,zaki-rehnoom_x86_64,-0.0010137987640511247,8.01315698111184e-06,-0.0010295045517341038,-0.0009980929763681455,,,0.3604256829994483,"{""dt"": 0.00390625}"
b66fac932681,2026-09-24T19:53:29,zaki,scheme_order,paper_barrier,call,exact,price_call,{'fine_steps': 512},65536,512,11,340235313,zaki-rehnoom_x86_64,7.118485596627039,0.048762375285006265,7.0229113410684265,7.214059852185652,,,0.644410453999626,"{""dt"": 0.001953125}"
7f26e3cbf74b,2026-09-24T19:53:29,zaki,scheme_order,paper_barrier,call,exact,price_barrier,{'fine_steps': 512},65536,512,11,340235313,zaki-rehnoom_x86_64,7.087010139149296,0.04881744191950368,6.991327952987069,7.182692325311523,,,0.644410453999626,"{""dt"": 0.001953125}"
c52b5a0ac0a8,2026-09-24T19:53:29,zaki,scheme_order,paper_barrier,call,euler_maruyama,strong_abs_terminal,{'fine_steps': 512},65536,512,11,340235313,zaki-rehnoom_x86_64,0.10290480747767719,0.0003183171285467638,0.10228090590572553,0.10352870904962885,,,0.5504748520006615,"{""dt"": 0.001953125}"
6319567e58cb,2026-09-24T19:53:29,zaki,scheme_order,paper_barrier,call,euler_maruyama,weak_terminal_mean,{'fine_steps': 512},65536,512,11,340235313,zaki-rehnoom_x86_64,-5.669402451758646e-05,0.0005127471332233589,-0.0010616784056353698,0.0009482903566001969,-9.056371841609234e-05,3.3869693898505885e-05,0.5504748520006615,"{""dt"": 0.001953125}"
57d6d1179967,2026-09-24T19:53:29,zaki,scheme_order,paper_barrier,call,euler_maruyama,weak_call,{'fine_steps': 512},65536,512,11,340235313,zaki-rehnoom_x86_64,-0.00011280023277607582,0.00037881180590035654,-0.0008552713723407746,0.0006296709067886231,,,0.5504748520006615,"{""dt"": 0.001953125}"
f748ce3f4e24,2026-09-24T19:53:29,zaki,scheme_order,paper_barrier,call,euler_maruyama,weak_barrier,{'fine_steps': 512},65536,512,11,340235313,zaki-rehnoom_x86_64,0.00034131041840216984,0.0004924188641111042,-0.0006238305552555943,0.0013064513920599341,,,0.5504748520006615,"{""dt"": 0.001953125}"
6943d003022d,2026-09-24T19:53:29,zaki,scheme_order,paper_barrier,call,milstein,strong_abs_terminal,{'fine_steps': 512},65536,512,11,340235313,zaki-rehnoom_x86_64,0.0010924319069530919,3.6169496847330145e-06,0.001085342685571015,0.0010995211283351687,,,0.7783394759999283,"{""dt"": 0.001953125}"
510795472ad3,2026-09-24T19:53:29,zaki,scheme_order,paper_barrier,call,milstein,weak_terminal_mean,{'fine_steps': 512},65536,512,11,340235313,zaki-rehnoom_x86_64,-9.08925205571206e-05,5.58269595335984e-06,-0.00010183460462570588,-7.995043648853532e-05,-9.056371841609234e-05,3.2880214102825635e-07,0.7783394759999283,"{""dt"": 0.001953125}"
de001577f465,2026-09-24T19:53:29,zaki,scheme_order,paper_barrier,call,milstein,weak_call,{'fine_steps': 512},65536,512,11,340235313,zaki-rehnoom_x86_64,-0.0005102008952435458,4.001879742775876e-06,-0.0005180445795393865,-0.0005023572109477051,,,0.7783394759999283,"{""dt"": 0.001953125}"
fe9b5352e758,2026-09-24T19:53:29,zaki,scheme_order,paper_barrier,call,milstein,weak_barrier,{'fine_steps': 512},65536,512,11,340235313,zaki-rehnoom_x86_64,-0.0005065602020798742,3.994758846880956e-06,-0.0005143899294197609,-0.0004987304747399875,,,0.7783394759999283,"{""dt"": 0.001953125}"
c0625c0c87cb,2026-09-24T19:53:36,zaki,scheme_order,paper_barrier,call,exact,price_call,{'fine_steps': 512},65536,4,12,1896769804,zaki-rehnoom_x86_64,7.158237330114407,0.04908635045580298,7.0620280832210325,7.254446577007781,,,0.022327970999413083,"{""dt"": 0.25}"
8a83b43211d1,2026-09-24T19:53:36,zaki,scheme_order,paper_barrier,call,exact,price_barrier,{'fine_steps': 512},65536,4,12,1896769804,zaki-rehnoom_x86_64,7.0194388244009405,0.04931591021931829,6.922779640371076,7.1160980084308045,,,0.022327970999413083,"{""dt"": 0.25}"
56eae94b2a2a,2026-09-24T19:53:36,zaki,scheme_order,paper_barrier,call,euler_maruyama,strong_abs_terminal,{'fine_steps': 512},65536,4,12,1896769804,zaki-rehnoom_x86_64,1.1110831924135596,0.0038660621948827835,1.1035057105115893,1.1186606743155298,,,0.01120989399987593,"{""dt"": 0.25}"
f873ce7cc757,2026-09-24T19:53:36,zaki,scheme_order,paper_barrier,call,euler_maruyama,weak_terminal_mean,{'fine_steps': 512},65536,4,12,1896769804,zaki-rehnoom_x86_64,-0.011179526046895665,0.005812218315846164,-0.022571473945954146,0.00021242185216281684,-0.011534328945430161,0.00035480289853449636,0.01120989399987593,"{""dt"": 0.25}"
cc613d1ae829,2026-09-24T19:53:36,zaki,scheme_order,paper_barrier,call,euler_maruyama,weak_call,{'fine_steps': 512},65536,4,12,1896769804,zaki-rehnoom_x86_64,-0.04787099313498434,0.004209283759759145,-0.05612118930411226,-0.039620796965856415,,,0.01120989399987593,"{""dt"": 0.25}"
3fd71bc05247,2026-09-24T19:53:36,zaki,scheme_order,paper_barrier,call,euler_maruyama,weak_barrier,{'fine_steps': 512},65536,4,12,1896769804,zaki-rehnoom_x86_64,-0.05537950663483966,0.00472905704985749,-0.06464845845256034,-0.04611055481711898,,,0.01120989399987593,"{""dt"": 0.25}"
7db221841fe2,2026-09-24T19:53:36,zaki,scheme_order,paper_barrier,call,milstein,strong_abs_terminal,{'fine_steps': 512},65536,4,12,1896769804,zaki-rehnoom_x86_64,0.12110704695354342,0.0005352264444563335,0.12005800312240901,0.12215609078467783,,,0.009363269000004948,"{""dt"": 0.25}"
be5c07675971,2026-09-24T19:53:36,zaki,scheme_order,paper_barrier,call,milstein,weak_terminal_mean,{'fine_steps': 512},65536,4,12,1896769804,zaki-rehnoom_x86_64,-0.011947233413869652,0.0007128058179779282,-0.013344332817106392,-0.010550134010632912,-0.011534328945430161,0.0004129044684394907,0.009363269000004948,"{""dt"": 0.25}"
43c4b2db40cb,2026-09-24T19:53:36,zaki,scheme_order,paper_barrier,call,milstein,weak_call,{'fine_steps': 512},65536,4,12,1896769804,zaki-rehnoom_x86_64,-0.06213993756041243,0.0005060392964044671,-0.06313177458136518,-0.061148100539459675,,,0.009363269000004948,"{""dt"": 0.25}"
83ef3310ffb4,2026-09-24T19:53:36,zaki,scheme_order,paper_barrier,call,milstein,weak_barrier,{'fine_steps': 512},65536,4,12,1896769804,zaki-rehnoom_x86_64,-0.06257559520896927,0.0006302902919906306,-0.06381096418127091,-0.061340226236667635,,,0.009363269000004948,"{""dt"": 0.25}"
a1a3cac43e62,2026-09-24T19:53:36,zaki,scheme_order,paper_barrier,call,exact,price_call,{'fine_steps': 512},65536,8,12,1896769804,zaki-rehnoom_x86_64,7.158237330114409,0.049086350455802986,7.062028083221035,7.2544465770077835,,,0.016236151999237336,"{""dt"": 0.125}"
ccb0be946424,2026-09-24T19:53:36,zaki,scheme_order,paper_barrier,call,exact,price_barrier,{'fine_steps': 512},65536,8,12,1896769804,zaki-rehnoom_x86_64,7.058717228107899,0.04925239029338335,6.962182543132868,7.155251913082931,,,0.016236151999237336,"{""dt"": 0.125}"
d340682d5909,2026-09-24T19:53:36,zaki,scheme_order,paper_barrier,call,euler_maruyama,strong_abs_terminal,{'fine_steps': 512},65536,8,12,1896769804,zaki-rehnoom_x86_64,0.8016226983027922,0.0026266673784945786,0.7964744302409428,0.8067709663646416,,,0.010580978000234609,"{""dt"": 0.125}"
00fab7d3a1d2,2026-09-24T19:53:36,zaki,scheme_order,paper_barrier,call,euler_maruyama,weak_terminal_mean,{'fine_steps': 512},65536,8,12,1896769804,zaki-rehnoom_x86_64,-0.00708347552438514,0.004087058519491699,-0.01509411022258887,0.00092715917381859,-0.005781694413798277,0.0013017811105868627,0.010580978000234609,"{""dt"": 0.125}"
3fdb2021196a,2026-09-24T19:53:36,zaki,scheme_order,paper_barrier,call,euler_maruyama,weak_call,{'fine_steps': 512},65536,8,12,1896769804,zaki-rehnoom_x86_64,-0.02024282485996752,0.0029681886347914877,-0.026060474584158836,-0.014425175135776205,,,0.010580978000234609,"{""dt"": 0.125}"
6a7343e95ebc,2026-09-24T19:53:36,zaki,scheme_order,paper_barrier,call,euler_maruyama,weak_barrier,{'fine_steps': 512},65536,8,12,1896769804,zaki-rehnoom_x86_64,-0.02257144724892218,0.0033678787648867997,-0.029172489628100307,-0.01597040486974405,,,0.010580978000234609,"{""dt"": 0.125}"
28f2fd34c6f5,2026-09-24T19:53:36,zaki,scheme_order,paper_barrier,call,milstein,strong_abs_terminal,{'fine_steps': 512},65536,8,12,1896769804,zaki-rehnoom_x86_64,0.06453239868667424,0.0002557358702554669,0.06403115638097352,0.06503364099237495,,,0.013547549000122672,"{""dt"": 0.125}"
875375227953,2026-09-24T19:53:36,zaki,scheme_order,paper_barrier,call,milstein,weak_terminal_mean,{'fine_steps': 512},65536,8,12,1896769804,zaki-rehnoom_x86_64,-0.005950962025412095,0.0003583372559435458,-0.006653303047061444,-0.0052486210037627455,-0.005781694413798277,0.0001692676116138176,0.013547549000122672,"{""dt"": 0.125}"
14abe3239433,2026-09-24T19:53:36,zaki,scheme_order,paper_barrier,call,milstein,weak_call,{'fine_steps': 512},65536,8,12,1896769804,zaki-rehnoom_x86_64,-0.032004011977556396,0.00025523459650141826,-0.03250427178669917,-0.03150375216841362,,,0.013547549000122672,"{""dt"": 0.125}"
fcfb1f9f02ac,2026-09-24T19:53:36,zaki,scheme_order,paper_barrier,call,milstein,weak_barrier,{'fine_steps': 512},65536,8,12,1896769804,zaki-rehnoom_x86_64,-0.0323658552245933,0.0003934216398373377,-0.03313696163867448,-0.03159474881051212,,,0.013547549000122672,"{""dt"": 0.125}"
b9e28e468e3b,2026-09-24T19:53:36,zaki,scheme_order,paper_barrier,call,exact,price_call,{'fine_steps': 512},65536,16,12,1896769804,zaki-rehnoom_x86_64,7.158237330114407,0.04908635045580298,7.0620280832210325,7.254446577007781,,,0.028376350999678834,"{""dt"": 0.0625}"
ab985c7aa38f,2026-09-24T19:53:36,zaki,scheme_order,paper_barrier,call,exact,price_barrier,{'fine_steps': 512},65536,16,12,1896769804,zaki-rehnoom_x86_64,7.082830454646983,0.049213196294244047,6.986372589910264,7.179288319383701,,,0.028376350999678834,"{""dt"": 0.0625}"
78d57ac52169,2026-09-24T19:53:36,zaki,scheme_order,paper_barrier,call,euler_maruyama,strong_abs_terminal,{'fine_steps': 512},65536,16,12,1896769804,zaki-rehnoom_x86_64,0.5751890019748495,0.0018353230460020204,0.5715917688046855,0.5787862351450134,,,0.018132095000055415,"{""dt"": 0.0625}"
d8e3de6d7df4,2026-09-24T19:53:36,zaki,scheme_order,paper_barrier,call,euler_maruyama,weak_terminal_mean,{'fine_steps': 512},65536,16,12,1896769804,zaki-rehnoom_x86_64,-0.004622583580967394,0.002901105973053616,-0.010308751288152482,0.0010635841262176928,-0.0028944951184826095,0.0017280884624847849,0.018132095000055415,"{""dt"": 0.0625}"
c59f7d1b4f4b,2026-09-24T19:53:36,zaki,scheme_order,paper_barrier,call,euler_maruyama,weak_call,{'fine_steps': 512},65536,16,12,1896769804,zaki-rehnoom_x86_64,-0.010810053409397152,0.0021252986472916403,-0.014975638758088767,-0.006644468060705537,,,0.018132095000055415,"{""dt"": 0.0625}"
380be5ede6df,2026-09-24T19:53:36,zaki,scheme_order,paper_barrier,call,euler_maruyama,weak_barrier,{'fine_steps': 512},65536,16,12,1896769804,zaki-rehnoom_x86_64,-0.011823627682990792,0.0024025224056566214,-0.01653257159807777,-0.0071146837679038144,,,0.018132095000055415,"{""dt"": 0.0625}"
bd2d5cac66db,2026-09-24T19:53:36,zaki,scheme_order,paper_barrier,call,milstein,strong_abs_terminal,{'fine_steps': 512},65536,16,12,1896769804,zaki-rehnoom_x86_64,0.033530879901352256,0.0001236080789141988,0.03328860806668043,0.03377315173602408,,,0.02434189800032982,"{""dt"": 0.0625}"
230694fc4ec1,2026-09-24T19:53:36,zaki,scheme_order,paper_barrier,call,milstein,weak_terminal_mean,{'fine_steps': 512},65536,16,12,1896769804,zaki-rehnoom_x86_64,-0.0029865550788217786,0.0001797188811303232,-0.0033388040858372122,-0.002634306071806345,-0.0028944951184826095,9.20599603391691e-05,0.02434189800032982,"{""dt"": 0.0625}"
9380d245efd7,2026-09-24T19:53:36,zaki,scheme_order,paper_barrier,call,milstein,weak_call,{'fine_steps': 512},65536,16,12,1896769804,zaki-rehnoom_x86_64,-0.016188674678395288,0.0001288807293669223,-0.016441280907954457,-0.01593606844883612,,,0.02434189800032982,"{""dt"": 0.0625}"
1d8a476e4ed2,2026-09-24T19:53:36,zaki,scheme_order,paper_barrier,call,milstein,weak_barrier,{'fine_steps': 512},65536,16,12,1896769804,zaki-rehnoom_x86_64,-0.01653532857921353,0.00024824657944087054,-0.017021891874917636,-0.016048765283509424,,,0.02434189800032982,"{""dt"": 0.0625}"
bb66ea2cbf98,2026-09-24T19:53:36,zaki,scheme_order,paper_barrier,call,exact,price_call,{'fine_steps': 512},65536,32,12,1896769804,zaki-rehnoom_x86_64,7.1582373301144075,0.04908635045580299,7.062028083221033,7.254446577007782,,,0.044306449000032444,"{""dt"": 0.03125}"
145c07c79e35,2026-09-24T19:53:36,zaki,scheme_order,paper_barrier,call,exact,price_barrier,{'fine_steps': 512},65536,32,12,1896769804,zaki-rehnoom_x86_64,7.098143502986786,0.04918812139799716,7.001734785046711,7.194552220926861,,,0.044306449000032444,"{""dt"": 0.03125}"
32746fe7a36b,2026-09-24T19:53:36,zaki,scheme_order,paper_barrier,call,euler_maruyama,strong_abs_terminal,{'fine_steps': 512},65536,32,12,1896769804,zaki-rehnoom_x86_64,0.4095721452600422,0.0012932698334351875,0.40703733638650924,0.4121069541335752,,,0.035405436999553785,"{""dt"": 0.03125}"
546e1ba3a075,2026-09-24T19:53:36,zaki,scheme_order,paper_barrier,call,euler_maruyama,weak_terminal_mean,{'fine_steps': 512},65536,32,12,1896769804,zaki-rehnoom_x86_64,-0.005017147787764684,0.0020571469686989814,-0.009049155846414688,-0.0009851397291146804,-0.0014481614756078898,0.003568986312156794,0.035405436999553785,"{""dt"": 0.03125}"
e7c34224c46c,2026-09-24T19:53:36,zaki,scheme_order,paper_barrier,call,euler_maruyama,weak_call,{'fine_steps': 512},65536,32,12,1896769804,zaki-rehnoom_x86_64,-0.007087483655090262,0.0015158983283190695,-0.010058644378595638,-0.004116322931584886,,,0.035405436999553785,"{""dt"": 0.03125}"
a655c8710271,2026-09-24T19:53:36,zaki,scheme_order,paper_barrier,call,euler_maruyama,weak_barrier,{'fine_steps': 512},65536,32,12,1896769804,zaki-rehnoom_x86_64,-0.007289200738041902,0.0017308605824443747,-0.010681687479632877,-0.0038967139964509274,,,0.035405436999553785,"{""dt"": 0.03125}"
322b43ce5b75,2026-09-24T19:53:36,zaki,scheme_order,paper_barrier,call,milstein,strong_abs_terminal,{'fine_steps': 512},65536,32,12,1896769804,zaki-rehnoom_x86_64,0.01719573817491423,6.0792564414980956e-05,0.017076584748660868,0.017314891601167594,,,0.050553038999169075,"{""dt"": 0.03125}"
207d4d8d1767,2026-09-24T19:53:36,zaki,scheme_order,paper_barrier,call,milstein,weak_terminal_mean,{'fine_steps': 512},65536,32,12,1896769804,zaki-rehnoom_x86_64,-0.0014856226173130004,9.041045474973537e-05,-0.0016628271086224819,-0.001308418126003519,-0.0014481614756078898,3.746114170511067e-05,0.050553038999169075,"{""dt"": 0.03125}"
1aac31fb99e5,2026-09-24T19:53:36,zaki,scheme_order,paper_barrier,call,milstein,weak_call,{'fine_steps': 512},65536,32,12,1896769804,zaki-rehnoom_x86_64,-0.00816877243179284,6.514428770483528e-05,-0.008296455235694318,-0.008041089627891363,,,0.050553038999169075,"{""dt"": 0.03125}"
b983eeab3c0e,2026-09-24T19:53:36,zaki,scheme_order,paper_barrier,call,milstein,weak_barrier,{'fine_steps': 512},65536,32,12,1896769804,zaki-rehnoom_x86_64,-0.008316682800547004,0.0001507209777037287,-0.008612095916846313,-0.008021269684247696,,,0.050553038999169075,"{""dt"": 0.03125}"
5b8c4fca2b9d,2026-09-24T19:53:36,zaki,scheme_order,paper_barrier,call,exact,price_call,{'fine_steps': 512},65536,64,12,1896769804,zaki-rehnoom_x86_64,7.158237330114403,0.049086350455802966,7.062028083221029,7.254446577007777,,,0.08277049099979195,"{""dt"": 0.015625}"
5f37f21e5c00,2026-09-24T19:53:36,zaki,scheme_order,paper_barrier,call,exact,price_barrier,{'fine_steps': 512},65536,64,12,1896769804,zaki-rehnoom_x86_64,7.109562243079393,0.04916957514800304,7.013189875789307,7.2059346103694795,,,0.08277049099979195,"{""dt"": 0.015625}"
c692eebc146e,2026-09-24T19:53:36,zaki,scheme_order,paper_barrier,call,euler_maruyama,strong_abs_terminal,{'fine_steps': 512},65536,64,12,1896769804,zaki-rehnoom_x86_64,0.2909085022432732,0.0009135706205723834,0.2891179038269513,0.2926991006595951,,,0.06774524200000087,"{""dt"": 0.015625}"
f00d4b9f04f0,2026-09-24T19:53:36,zaki,scheme_order,paper_barrier,call,euler_maruyama,weak_terminal_mean,{'fine_steps': 512},65536,64,12,1896769804,zaki-rehnoom_x86_64,-0.004370444387434648,0.0014579631722710402,-0.007228052205085886,-0.0015128365697834093,-0.0007243094598123889,0.003646134927622259,0.06774524200000087,"{""dt"": 0.015625}"
1bf2b728ef2b,2026-09-24T19:53:36,zaki,scheme_order,paper_barrier,call,euler_maruyama,weak_call,{'fine_steps': 512},65536,64,12,1896769804,zaki-rehnoom_x86_64,-0.004025725539465372,0.001075546267833613,-0.006133796224419253,-0.0019176548545114902,,,0.06774524200000087,"{""dt"": 0.015625}"
a3b0d9ca8905,2026-09-24T19:53:36,zaki,scheme_order,paper_barrier,call,euler_maruyama,weak_barrier,{'fine_steps': 512},65536,64,12,1896769804,zaki-rehnoom_x86_64,-0.004517408930784261,0.001223240725237319,-0.006914960752249406,-0.002119857109319116,,,0.06774524200000087,"{""dt"": 0.015625}"
9b4fc26c1fcc,2026-09-24T19:53:36,zaki,scheme_order,paper_barrier,call,milstein,strong_abs_terminal,{'fine_steps': 512},65536,64,12,1896769804,zaki-rehnoom_x86_64,0.008718576055302983,2.9868001490253226e-05,0.008660034772382088,0.008777117338223879,,,0.0971622639999623,"{""dt"": 0.015625}"
2dc13b8ea28a,2026-09-24T19:53:36,zaki,scheme_order,paper_barrier,call,milstein,weak_terminal_mean,{'fine_steps': 512},65536,64,12,1896769804,zaki-rehnoom_x86_64,-0.0007568496588435431,4.520231768167209e-05,-0.0008454462014996204,-0.0006682531161874657,-0.0007243094598123889,3.2540199031154144e-05,0.0971622639999623,"{""dt"": 0.015625}"
131d4649b86e,2026-09-24T19:53:36,zaki,scheme_order,paper_barrier,call,milstein,weak_call,{'fine_steps': 512},65536,64,12,1896769804,zaki-rehnoom_x86_64,-0.00411006368847643,3.2482415945326595e-05,-0.0041737292237292705,-0.00404639815322359,,,0.0971622639999623,"{""dt"": 0.015625}"
2a1e751e5e17,2026-09-24T19:53:36,zaki,scheme_order,paper_barrier,call,milstein,weak_barrier,{'fine_steps': 512},65536,64,12,1896769804,zaki-rehnoom_x86_64,-0.004234196330821248,9.833545856247922e-05,-0.004426933829603707,-0.004041458832038789,,,0.0971622639999623,"{""dt"": 0.015625}"
81c9f9fbc9a1,2026-09-24T19:53:36,zaki,scheme_order,paper_barrier,call,exact,price_call,{'fine_steps': 512},65536,128,12,1896769804,zaki-rehnoom_x86_64,7.158237330114403,0.04908635045580298,7.062028083221029,7.254446577007777,,,0.15898168099965915,"{""dt"": 0.0078125}"
6ac9d066db2a,2026-09-24T19:53:36,zaki,scheme_order,paper_barrier,call,exact,price_barrier,{'fine_steps': 512},65536,128,12,1896769804,zaki-rehnoom_x86_64,7.117798205968725,0.04915614516273051,7.021452161449774,7.214144250487677,,,0.15898168099965915,"{""dt"": 0.0078125}"
7c5f27790fa6,2026-09-24T19:53:36,zaki,scheme_order,paper_barrier,call,euler_maruyama,strong_abs_terminal,{'fine_steps': 512},65536,128,12,1896769804,zaki-rehnoom_x86_64,0.20518529477373326,0.0006417372396905564,0.20392748978393976,0.20644309976352676,,,0.12914888000022984,"{""dt"": 0.0078125}"
32a1b9f06db4,2026-09-24T19:53:36,zaki,scheme_order,paper_barrier,call,euler_maruyama,weak_terminal_mean,{'fine_steps': 512},65536,128,12,1896769804,zaki-rehnoom_x86_64,-0.003834727636623412,0.0010266559593656356,-0.005846973316980058,-0.0018224819562667662,-0.00036221194078223107,0.003472515695841181,0.12914888000022984,"{""dt"": 0.0078125}"
a010eea1a0fb,2026-09-24T19:53:36,zaki,scheme_order,paper_barrier,call,euler_maruyama,weak_call,{'fine_steps': 512},65536,128,12,1896769804,zaki-rehnoom_x86_64,-0.0030415880690354883,0.0007576676427037311,-0.004526616648734801,-0.0015565594893361754,,,0.12914888000022984,"{""dt"": 0.0078125}"
26aa6242bc38,2026-09-24T19:53:36,zaki,scheme_order,paper_barrier,call,euler_maruyama,weak_barrier,{'fine_steps': 512},65536,128,12,1896769804,zaki-rehnoom_x86_64,-0.0037830888329749095,0.0008819550559445433,-0.005511720742626214,-0.0020544569233236047,,,0.12914888000022984,"{""dt"": 0.0078125}"
a0d1a12504e5,2026-09-24T19:53:36,zaki,scheme_order,paper_barrier,call,milstein,strong_abs_terminal,{'fine_steps': 512},65536,128,12,1896769804,zaki-rehnoom_x86_64,0.004383212440569915,1.4810271174604822e-05,0.0043541843090676895,0.00441224057207214,,,0.18682177000027878,"{""dt"": 0.0078125}"
d2a04f6d47bf,2026-09-24T19:53:36,zaki,scheme_order,paper_barrier,call,milstein,weak_terminal_mean,{'fine_steps': 512},65536,128,12,1896769804,zaki-rehnoom_x86_64,-0.0003844089558843806,2.258880350574217e-05,-0.0004286830107556352,-0.00034013490101312595,-0.00036221194078223107,2.2197015102149516e-05,0.18682177000027878,"{""dt"": 0.0078125}"
af1a263c9eb2,2026-09-24T19:53:36,zaki,scheme_order,paper_barrier,call,milstein,weak_call,{'fine_steps': 512},65536,128,12,1896769804,zaki-rehnoom_x86_64,-0.0020634581207434784,1.6244610938010385e-05,-0.002095297558181979,-0.002031618683304978,,,0.18682177000027878,"{""dt"": 0.0078125}"
409092541e15,2026-09-24T19:53:36,zaki,scheme_order,paper_barrier,call,milstein,weak_barrier,{'fine_steps': 512},65536,128,12,1896769804,zaki-rehnoom_x86_64,-0.002106993605210391,5.365292360429558e-05,-0.0022121533354748104,-0.0020018338749459717,,,0.18682177000027878,"{""dt"": 0.0078125}"
14396aee9ad0,2026-09-24T19:53:36,zaki,scheme_order,paper_barrier,call,exact,price_call,{'fine_steps': 512},65536,256,12,1896769804,zaki-rehnoom_x86_64,7.1582373301144,0.049086350455802966,7.062028083221026,7.254446577007775,,,0.30332332399984807,"{""dt"": 0.00390625}"
1c1c99abd050,2026-09-24T19:53:36,zaki,scheme_order,paper_barrier,call,exact,price_barrier,{'fine_steps': 512},65536,256,12,1896769804,zaki-rehnoom_x86_64,7.122793561457217,0.04914795314409334,7.026463573294794,7.21912354961964,,,0.30332332399984807,"{""dt"": 0.00390625}"
972124a8e5ae,2026-09-24T19:53:36,zaki,scheme_order,paper_barrier,call,euler_maruyama,strong_abs_terminal,{'fine_steps': 512},65536,256,12,1896769804,zaki-rehnoom_x86_64,0.14507455713165526,0.00045321261214487405,0.1441862604118513,0.1459628538514592,,,0.251445904999855,"{""dt"": 0.00390625}"
5b185a43e1b8,2026-09-24T19:53:36,zaki,scheme_order,paper_barrier,call,euler_maruyama,weak_terminal_mean,{'fine_steps': 512},65536,256,12,1896769804,zaki-rehnoom_x86_64,-0.003423552538309172,0.0007255162089078823,-0.0048455643077686215,-0.0020015407688497226,-0.0001811202798052136,0.003242432258503958,0.251445904999855,"{""dt"": 0.00390625}"
2766ad38411e,2026-09-24T19:53:36,zaki,scheme_order,paper_barrier,call,euler_maruyama,weak_call,{'fine_steps': 512},65536,256,12,1896769804,zaki-rehnoom_x86_64,-0.0024401689353899737,0.0005377361219205675,-0.003494131734354286,-0.0013862061364256614,,,0.251445904999855,"{""dt"": 0.00390625}"
2ce86bd58cf3,2026-09-24T19:53:36,zaki,scheme_order,paper_barrier,call,euler_maruyama,weak_barrier,{'fine_steps': 512},65536,256,12,1896769804,zaki-rehnoom_x86_64,-0.0028309696178373646,0.000659120163154988,-0.004122845137621141,-0.0015390940980535882,,,0.251445904999855,"{""dt"": 0.00390625}"
d6e4695789de,2026-09-24T19:53:36,zaki,scheme_order,paper_barrier,call,milstein,strong_abs_terminal,{'fine_steps': 512},65536,256,12,1896769804,zaki-rehnoom_x86_64,0.0021883376446108584,7.3776592158953355e-06,0.0021738774325477037,0.0022027978566740132,,,0.3576760990004004,"{""dt"": 0.00390625}"
4be6e6ff7536,2026-09-24T19:53:36,zaki,scheme_order,paper_barrier,call,milstein,weak_terminal_mean,{'fine_steps': 512},65536,256,12,1896769804,zaki-rehnoom_x86_64,-0.0001905984079471066,1.1267132017239679e-05,-0.00021268198670089635,-0.00016851482919331683,-0.0001811202798052136,9.478128141892977e-06,0.3576760990004004,"{""dt"": 0.00390625}"
ee012a6f26a5,2026-09-24T19:53:36,zaki,scheme_order,paper_barrier,call,milstein,weak_call,{'fine_steps': 512},65536,256,12,1896769804,zaki-rehnoom_x86_64,-0.0010273678189540632,8.117498050804998e-06,-0.001043278115133641,-0.0010114575227744853,,,0.3576760990004004,"{""dt"": 0.00390625}"
796273b45447,2026-09-24T19:53:36,zaki,scheme_order,paper_barrier,call,milstein,weak_barrier,{'fine_steps': 512},65536,256,12,1896769804,zaki-rehnoom_x86_64,-0.0010697509269417397,5.0920139294123416e-05,-0.0011695543999582217,-0.0009699474539252578,,,0.3576760990004004,"{""dt"": 0.00390625}"
60dc42b26eba,2026-09-24T19:53:36,zaki,scheme_order,paper_barrier,call,exact,price_call,{'fine_steps': 512},65536,512,12,1896769804,zaki-rehnoom_x86_64,7.1582373301144,0.04908635045580297,7.062028083221026,7.254446577007775,,,0.6253814750002675,"{""dt"": 0.001953125}"
0fea29e0d7d1,2026-09-24T19:53:36,zaki,scheme_order,paper_barrier,call,exact,price_barrier,{'fine_steps': 512},65536,512,12,1896769804,zaki-rehnoom_x86_64,7.126370960927049,0.04914214868913196,7.03005234949635,7.222689572357748,,,0.6253814750002675,"{""dt"": 0.001953125}"
ab935a292f5e,2026-09-24T19:53:36,zaki,scheme_order,paper_barrier,call,euler_maruyama,strong_abs_terminal,{'fine_steps': 512},65536,512,12,1896769804,zaki-rehnoom_x86_64,0.10293282309128637,0.0003214219482432251,0.10230283607272965,0.1035628101098431,,,0.5250732269996661,"{""dt"": 0.001953125}"
0bbf22daa615,2026-09-24T19:53:36,zaki,scheme_order,paper_barrier,call,euler_maruyama,weak_terminal_mean,{'fine_steps': 512},65536,512,12,1896769804,zaki-rehnoom_x86_64,-0.0016415456152497104,0.0005147259676833775,-0.0026504085119091305,-0.0006326827185902906,-9.056371841609234e-05,0.001550981896833618,0.5250732269996661,"{""dt"": 0.001953125}"
dd191f99d102,2026-09-24T19:53:36,zaki,scheme_order,paper_barrier,call,euler_maruyama,weak_call,{'fine_steps': 512},65536,512,12,1896769804,zaki-rehnoom_x86_64,-0.0010550567768929198,0.00038226061600572385,-0.0018042875842641385,-0.000305825969521701,,,0.5250732269996661,"{""dt"": 0.001953125}"
9a3f809bfc05,2026-09-24T19:53:36,zaki,scheme_order,paper_barrier,call,euler_maruyama,weak_barrier,{'fine_steps': 512},65536,512,12,1896769804,zaki-rehnoom_x86_64,-0.0004936897016582185,0.0004749557640365864,-0.0014246029991699279,0.0004372235958534908,,,0.5250732269996661,"{""dt"": 0.001953125}"
0303d296d0c9,2026-09-24T19:53:36,zaki,scheme_order,paper_barrier,call,milstein,strong_abs_terminal,{'fine_steps': 512},65536,512,12,1896769804,zaki-rehnoom_x86_64,0.0010973572899416625,3.6673168996119504e-06,0.0010901693488184231,0.0011045452310649018,,,0.7720251480000115,"{""dt"": 0.001953125}"
73f3c9fb06d5,2026-09-24T19:53:36,zaki,scheme_order,paper_barrier,call,milstein,weak_terminal_mean,{'fine_steps': 512},65536,512,12,1896769804,zaki-rehnoom_x86_64,-9.520966226823295e-05,5.629005216758855e-06,-0.0001062425124930803,-8.417681204338559e-05,-9.056371841609234e-05,4.645943852140603e-06,0.7720251480000115,"{""dt"": 0.001953125}"
5ec30755abe5,2026-09-24T19:53:36,zaki,scheme_order,paper_barrier,call,milstein,weak_call,{'fine_steps': 512},65536,512,12,1896769804,zaki-rehnoom_x86_64,-0.0005130492665800354,4.053665926191964e-06,-0.0005209944517953716,-0.0005051040813646992,,,0.7720251480000115,"{""dt"": 0.001953125}"
6c71b4572be0,2026-09-24T19:53:36,zaki,scheme_order,paper_barrier,call,milstein,weak_barrier,{'fine_steps': 512},65536,512,12,1896769804,zaki-rehnoom_x86_64,-0.0005201869766120351,1.1228761988254209e-05,-0.0005421953501090134,-0.0004981786031150569,,,0.7720251480000115,"{""dt"": 0.001953125}"
c30a197c9fc0,2026-09-24T19:53:43,zaki,scheme_order,paper_barrier,call,exact,price_call,{'fine_steps': 512},65536,4,13,517791963,zaki-rehnoom_x86_64,7.148861275219302,0.04931021956569841,7.052213244870533,7.245509305568071,,,0.01596061100008228,"{""dt"": 0.25}"
f4695ccb9d62,2026-09-24T19:53:43,zaki,scheme_order,paper_barrier,call,exact,price_barrier,{'fine_steps': 512},65536,4,13,517791963,zaki-rehnoom_x86_64,7.014227252991252,0.04953161304515416,6.91714529142275,7.111309214559754,,,0.01596061100008228,"{""dt"": 0.25}"
e733df3d2eaa,2026-09-24T19:53:43,zaki,scheme_order,paper_barrier,call,euler_maruyama,strong_abs_terminal,{'fine_steps': 512},65536,4,13,517791963,zaki-rehnoom_x86_64,1.1112126380290694,0.003899706806201924,1.1035692126889136,1.1188560633692253,,,0.012269991000721348,"{""dt"": 0.25}"
ae5dccc9b3f8,2026-09-24T19:53:43,zaki,scheme_order,paper_barrier,call,euler_maruyama,weak_terminal_mean,{'fine_steps': 512},65536,4,13,517791963,zaki-rehnoom_x86_64,-0.018860111042245546,0.005834725953079779,-0.030296173910281915,-0.007424048174209179,-0.011534328945430161,0.007325782096815385,0.012269991000721348,"{""dt"": 0.25}"
45ef27445b3f,2026-09-24T19:53:43,zaki,scheme_order,paper_barrier,call,euler_maruyama,weak_call,{'fine_steps': 512},65536,4,13,517791963,zaki-rehnoom_x86_64,-0.06116742340448264,0.004253217869552028,-0.06950373042880462,-0.052831116380160664,,,0.012269991000721348,"{""dt"": 0.25}"
1f96810e1903,2026-09-24T19:53:43,zaki,scheme_order,paper_barrier,call,euler_maruyama,weak_barrier,{'fine_steps': 512},65536,4,13,517791963,zaki-rehnoom_x86_64,-0.07021927753808108,0.0047352711993328125,-0.07950040908877339,-0.06093814598738877,,,0.012269991000721348,"{""dt"": 0.25}"
a6d427873bbd,2026-09-24T19:53:43,zaki,scheme_order,paper_barrier,call,milstein,strong_abs_terminal,{'fine_steps': 512},65536,4,13,517791963,zaki-rehnoom_x86_64,0.12083141181092656,0.0005368243478289989,0.11977923608918173,0.1218835875326714,,,0.009539051000501786,"{""dt"": 0.25}"
714c278fb94b,2026-09-24T19:53:43,zaki,scheme_order,paper_barrier,call,milstein,weak_terminal_mean,{'fine_steps': 512},65536,4,13,517791963,zaki-rehnoom_x86_64,-0.011829248317239785,0.000713323488295224,-0.013227362354298423,-0.010431134280181147,-0.011534328945430161,0.00029491937180962415,0.009539051000501786,"{""dt"": 0.25}"
5916a1a4bf95,2026-09-24T19:53:43,zaki,scheme_order,paper_barrier,call,milstein,weak_call,{'fine_steps': 512},65536,4,13,517791963,zaki-rehnoom_x86_64,-0.061903585781481626,0.0005072387258189988,-0.06289777368408686,-0.06090939787887639,,,0.009539051000501786,"{""dt"": 0.25}"
03e5d1923735,2026-09-24T19:53:43,zaki,scheme_order,paper_barrier,call,milstein,weak_barrier,{'fine_steps': 512},65536,4,13,517791963,zaki-rehnoom_x86_64,-0.06281761966060914,0.0006724919283521501,-0.06413570384017936,-0.061499535481038925,,,0.009539051000501786,"{""dt"": 0.25}"
1f11b79b0da9,2026-09-24T19:53:43,zaki,scheme_order,paper_barrier,call,exact,price_call,{'fine_steps': 512},65536,8,13,517791963,zaki-rehnoom_x86_64,7.148861275219304,0.04931021956569842,7.0522132448705355,7.245509305568073,,,0.021294822999607277,"{""dt"": 0.125}"
aa34a08f6edb,2026-09-24T19:53:43,zaki,scheme_order,paper_barrier,call,exact,price_barrier,{'fine_steps': 512},65536,8,13,517791963,zaki-rehnoom_x86_64,7.050772832663847,0.04947316482073667,6.953805429615203,7.14774023571249,,,0.021294822999607277,"{""dt"": 0.125}"
b00be978a87b,2026-09-24T19:53:43,zaki,scheme_order,paper_barrier,call,euler_maruyama,strong_abs_terminal,{'fine_steps': 512},65536,8,13,517791963,zaki-rehnoom_x86_64,0.803039241963126,0.00264074753111704,0.7978633768021366,0.8082151071241155,,,0.012639131999094388,"{""dt"": 0.125}"
c816c055059e,2026-09-24T19:53:43,zaki,scheme_order,paper_barrier,call,euler_maruyama,weak_terminal_mean,{'fine_steps': 512},65536,8,13,517791963,zaki-rehnoom_x86_64,-0.011257328905016599,0.004100210985170407,-0.019293742435950598,-0.0032209153740826012,-0.005781694413798277,0.005475634491218321,0.012639131999094388,"{""dt"": 0.125}"
cf8bd7d54aeb,2026-09-24T19:53:43,zaki,scheme_order,paper_barrier,call,euler_maruyama,weak_call,{'fine_steps': 512},65536,8,13,517791963,zaki-rehnoom_x86_64,-0.028879396162358066,0.0029919185533663693,-0.03474355652695615,-0.02301523579775998,,,0.012639131999094388,"{""dt"": 0.125}"
dff662d534a0,2026-09-24T19:53:43,zaki,scheme_order,paper_barrier,call,euler_maruyama,weak_barrier,{'fine_steps': 512},65536,8,13,517791963,zaki-rehnoom_x86_64,-0.035883425172180086,0.0033776287319447294,-0.04250357748679175,-0.029263272857568415,,,0.012639131999094388,"{""dt"": 0.125}"
92d3d1533d1d,2026-09-24T19:53:43,zaki,scheme_order,paper_barrier,call,milstein,strong_abs_terminal,{'fine_steps': 512},65536,8,13,517791963,zaki-rehnoom_x86_64,0.06468170972497657,0.0002559653798064108,0.064180017580556,0.06518340186939714,,,0.016205039999931614,"{""dt"": 0.125}"
629f230ae5e2,2026-09-24T19:53:43,zaki,scheme_order,paper_barrier,call,milstein,weak_terminal_mean,{'fine_steps': 512},65536,8,13,517791963,zaki-rehnoom_x86_64,-0.005682483577510796,0.0003589778293949131,-0.006386080123124825,-0.004978887031896766,-0.005781694413798277,9.921083628748172e-05,0.016205039999931614,"{""dt"": 0.125}"
c42bcad57aef,2026-09-24T19:53:43,zaki,scheme_order,paper_barrier,call,milstein,weak_call,{'fine_steps': 512},65536,8,13,517791963,zaki-rehnoom_x86_64,-0.03183975453482774,0.00025574069578749957,-0.03234100629857124,-0.03133850277108424,,,0.016205039999931614,"{""dt"": 0.125}"
c5ef3ce00072,2026-09-24T19:53:43,zaki,scheme_order,paper_barrier,call,milstein,weak_barrier,{'fine_steps': 512},65536,8,13,517791963,zaki-rehnoom_x86_64,-0.03268535757429532,0.00040959505202202,-0.03348816387625848,-0.03188255127233216,,,0.016205039999931614,"{""dt"": 0.125}"
726dce18e279,2026-09-24T19:53:43,zaki,scheme_order,paper_barrier,call,exact,price_call,{'fine_steps': 512},65536,16,13,517791963,zaki-rehnoom_x86_64,7.148861275219302,0.04931021956569841,7.052213244870533,7.245509305568071,,,0.031233203000283538,"{""dt"": 0.0625}"
004084df155d,2026-09-24T19:53:43,zaki,scheme_order,paper_barrier,call,exact,price_barrier,{'fine_steps': 512},65536,16,13,517791963,zaki-rehnoom_x86_64,7.07496054018162,0.04943393494263202,6.978070027694061,7.171851052669179,,,0.031233203000283538,"{""dt"": 0.0625}"
65e9effbd5c8,2026-09-24T19:53:43,zaki,scheme_order,paper_barrier,call,euler_maruyama,strong_abs_terminal,{'fine_steps': 512},65536,16,13,517791963,zaki-rehnoom_x86_64,0.5750651362391342,0.0018446965887823044,0.571449530925121,0.5786807415531475,,,0.019064819999130123,"{""dt"": 0.0625}"
0f19d9abc98f,2026-09-24T19:53:43,zaki,scheme_order,paper_barrier,call,euler_maruyama,weak_terminal_mean,{'fine_steps': 512},65536,16,13,517791963,zaki-rehnoom_x86_64,-0.004613941497416104,0.002906671265481516,-0.010311017177759875,0.0010831341829276673,-0.0028944951184826095,0.0017194463789334943,0.019064819999130123,"{""dt"": 0.0625}"
bb0e951e766c,2026-09-24T19:53:43,zaki,scheme_order,paper_barrier,call,euler_maruyama,weak_call,{'fine_steps': 512},65536,16,13,517791963,zaki-rehnoom_x86_64,-0.012271794832197504,0.0021293195956237766,-0.016445261239620108,-0.008098328424774901,,,0.019064819999130123,"{""dt"": 0.0625}"
f20405b34f27,2026-09-24T19:53:43,zaki,scheme_order,paper_barrier,call,euler_maruyama,weak_barrier,{'fine_steps': 512},65536,16,13,517791963,zaki-rehnoom_x86_64,-0.015157857957563968,0.002422964505549947,-0.019906868388441863,-0.010408847526686072,,,0.019064819999130123,"{""dt"": 0.0625}"
66e57572a939,2026-09-24T19:53:43,zaki,scheme_order,paper_barrier,call,milstein,strong_abs_terminal,{'fine_steps': 512},65536,16,13,517791963,zaki-rehnoom_x86_64,0.03356088519141897,0.00012347139349279772,0.033318881260173086,0.03380288912266485,,,0.025324060000002646,"{""dt"": 0.0625}"
9de532166309,2026-09-24T19:53:43,zaki,scheme_order,paper_barrier,call,milstein,weak_terminal_mean,{'fine_steps': 512},65536,16,13,517791963,zaki-rehnoom_x86_64,-0.0028222301752826293,0.00017975090346048574,-0.0031745419460651814,-0.0024699184045000773,-0.0028944951184826095,7.22649431999802e-05,0.025324060000002646,"{""dt"": 0.0625}"
3e4969785c5f,2026-09-24T19:53:43,zaki,scheme_order,paper_barrier,call,milstein,weak_call,{'fine_steps': 512},65536,16,13,517791963,zaki-rehnoom_x86_64,-0.016119141544820307,0.00012836814308650696,-0.01637074310526986,-0.015867539984370755,,,0.025324060000002646,"{""dt"": 0.0625}"
b99b72681d34,2026-09-24T19:53:43,zaki,scheme_order,paper_barrier,call,milstein,weak_barrier,{'fine_steps': 512},65536,16,13,517791963,zaki-rehnoom_x86_64,-0.016378248911397702,0.0002307079892345013,-0.016830436570297324,-0.01592606125249808,,,0.025324060000002646,"{""dt"": 0.0625}"
c878276fad6c,2026-09-24T19:53:43,zaki,scheme_order,paper_barrier,call,exact,price_call,{'fine_steps': 512},65536,32,13,517791963,zaki-rehnoom_x86_64,7.1488612752193035,0.04931021956569842,7.052213244870535,7.245509305568072,,,0.04287702799956605,"{""dt"": 0.03125}"
4f42d487bc06,2026-09-24T19:53:43,zaki,scheme_order,paper_barrier,call,exact,price_barrier,{'fine_steps': 512},65536,32,13,517791963,zaki-rehnoom_x86_64,7.092196114888309,0.04940619774912215,6.99535996730003,7.189032262476588,,,0.04287702799956605,"{""dt"": 0.03125}"
ad4249ede923,2026-09-24T19:53:43,zaki,scheme_order,paper_barrier,call,euler_maruyama,strong_abs_terminal,{'fine_steps': 512},65536,32,13,517791963,zaki-rehnoom_x86_64,0.40942034103896824,0.0012933230791539166,0.4068854278038266,0.4119552542741099,,,0.03442288499945789,"{""dt"": 0.03125}"
ee7f6136c3f1,2026-09-24T19:53:43,zaki,scheme_order,paper_barrier,call,euler_maruyama,weak_terminal_mean,{'fine_steps': 512},65536,32,13,517791963,zaki-rehnoom_x86_64,-0.002418255215309074,0.002056790980455891,-0.00644956553700262,0.0016130551063844724,-0.0014481614756078898,0.0009700937397011844,0.03442288499945789,"{""dt"": 0.03125}"
153651a720f4,2026-09-24T19:53:43,zaki,scheme_order,paper_barrier,call,euler_maruyama,weak_call,{'fine_steps': 512},65536,32,13,517791963,zaki-rehnoom_x86_64,-0.006402485041304093,0.0015084003078026105,-0.00935894964459721,-0.0034460204380109766,,,0.03442288499945789,"{""dt"": 0.03125}"
5efd19c6a153,2026-09-24T19:53:43,zaki,scheme_order,paper_barrier,call,euler_maruyama,weak_barrier,{'fine_steps': 512},65536,32,13,517791963,zaki-rehnoom_x86_64,-0.007373349722486083,0.001752691993851334,-0.010808626030434696,-0.003938073414537469,,,0.03442288499945789,"{""dt"": 0.03125}"
4a23e9f51383,2026-09-24T19:53:43,zaki,scheme_order,paper_barrier,call,milstein,strong_abs_terminal,{'fine_steps': 512},65536,32,13,517791963,zaki-rehnoom_x86_64,0.017215643014894123,6.065025757052091e-05,0.017096768510055902,0.017334517519732345,,,0.04795328399995924,"{""dt"": 0.03125}"
873e0acc9096,2026-09-24T19:53:43,zaki,scheme_order,paper_barrier,call,milstein,weak_terminal_mean,{'fine_steps': 512},65536,32,13,517791963,zaki-rehnoom_x86_64,-0.0014658502320754972,9.037759886960222e-05,-0.0016429903258599176,-0.0012887101382910767,-0.0014481614756078898,1.7688756467607383e-05,0.04795328399995924,"{""dt"": 0.03125}"
71c086199050,2026-09-24T19:53:43,zaki,scheme_order,paper_barrier,call,milstein,weak_call,{'fine_steps': 512},65536,32,13,517791963,zaki-rehnoom_x86_64,-0.008180629481279456,6.482082995737619e-05,-0.008307678307995912,-0.008053580654562999,,,0.04795328399995924,"{""dt"": 0.03125}"
abc43a097f2b,2026-09-24T19:53:43,zaki,scheme_order,paper_barrier,call,milstein,weak_barrier,{'fine_steps': 512},65536,32,13,517791963,zaki-rehnoom_x86_64,-0.008441939723443545,0.0001690993038748992,-0.008773374359038348,-0.008110505087848743,,,0.04795328399995924,"{""dt"": 0.03125}"
1fc683d1bf73,2026-09-24T19:53:43,zaki,scheme_order,paper_barrier,call,exact,price_call,{'fine_steps': 512},65536,64,13,517791963,zaki-rehnoom_x86_64,7.1488612752193,0.0493102195656984,7.052213244870531,7.245509305568069,,,0.08303102599938939,"{""dt"": 0.015625}"
28ccb8db239d,2026-09-24T19:53:43,zaki,scheme_order,paper_barrier,call,exact,price_barrier,{'fine_steps': 512},65536,64,13,517791963,zaki-rehnoom_x86_64,7.1047376073914315,0.04938591228051827,7.007941219321616,7.201533995461247,,,0.08303102599938939,"{""dt"": 0.015625}"
d8f4afdfc8cd,2026-09-24T19:53:43,zaki,scheme_order,paper_barrier,call,euler_maruyama,strong_abs_terminal,{'fine_steps': 512},65536,64,13,517791963,zaki-rehnoom_x86_64,0.28911833747591387,0.0009159564003533232,0.28732306293122134,0.2909136120206064,,,0.06579762199999095,"{""dt"": 0.015625}"
cb022a273dc5,2026-09-24T19:53:43,zaki,scheme_order,paper_barrier,call,euler_maruyama,weak_terminal_mean,{'fine_steps': 512},65536,64,13,517791963,zaki-rehnoom_x86_64,0.000258813906750105,0.001454120967979107,-0.002591263190488945,0.0031088910039891544,-0.0007243094598123889,0.000983123366562494,0.06579762199999095,"{""dt"": 0.015625}"
6147b5907ac9,2026-09-24T19:53:43,zaki,scheme_order,paper_barrier,call,euler_maruyama,weak_call,{'fine_steps': 512},65536,64,13,517791963,zaki-rehnoom_x86_64,-0.0025955540515211306,0.001070839214751301,-0.0046943989124336805,-0.0004967091906085807,,,0.06579762199999095,"{""dt"": 0.015625}"
2b914c53f39c,2026-09-24T19:53:43,zaki,scheme_order,paper_barrier,call,euler_maruyama,weak_barrier,{'fine_steps': 512},65536,64,13,517791963,zaki-rehnoom_x86_64,-0.0036689604283318827,0.0012669823162572667,-0.006152245768196125,-0.00118567508846764,,,0.06579762199999095,"{""dt"": 0.015625}"
1c82c228bdc6,2026-09-24T19:53:43,zaki,scheme_order,paper_barrier,call,milstein,strong_abs_terminal,{'fine_steps': 512},65536,64,13,517791963,zaki-rehnoom_x86_64,0.008716892076034011,2.986937463280869e-05,0.008658348101753706,0.008775436050314316,,,0.09241140899985112,"{""dt"": 0.015625}"
2da1303c10c4,2026-09-24T19:53:43,zaki,scheme_order,paper_barrier,call,milstein,weak_terminal_mean,{'fine_steps': 512},65536,64,13,517791963,zaki-rehnoom_x86_64,-0.0007532515675501827,4.5199186294816926e-05,-0.0008418419726880238,-0.0006646611624123415,-0.0007243094598123889,2.894210773779374e-05,0.09241140899985112,"{""dt"": 0.015625}"
33e593cacf90,2026-09-24T19:53:43,zaki,scheme_order,paper_barrier,call,milstein,weak_call,{'fine_steps': 512},65536,64,13,517791963,zaki-rehnoom_x86_64,-0.004109287624735006,3.248477060141163e-05,-0.004172957775113772,-0.004045617474356239,,,0.09241140899985112,"{""dt"": 0.015625}"
d820c23f6209,2026-09-24T19:53:43,zaki,scheme_order,paper_barrier,call,milstein,weak_barrier,{'fine_steps': 512},65536,64,13,517791963,zaki-rehnoom_x86_64,-0.004302152210089264,0.00013800689286516918,-0.004572645720104995,-0.004031658700073533,,,0.09241140899985112,"{""dt"": 0.015625}"
8de6d409aadd,2026-09-24T19:53:43,zaki,scheme_order,paper_barrier,call,exact,price_call,{'fine_steps': 512},65536,128,13,517791963,zaki-rehnoom_x86_64,7.1488612752193,0.04931021956569841,7.052213244870531,7.245509305568069,,,0.1620398980007849,"{""dt"": 0.0078125}"
dafba48868d7,2026-09-24T19:53:43,zaki,scheme_order,paper_barrier,call,exact,price_barrier,{'fine_steps': 512},65536,128,13,517791963,zaki-rehnoom_x86_64,7.111232462269338,0.04937525533095395,7.014456961820668,7.208007962718008,,,0.1620398980007849,"{""dt"": 0.0078125}"
6722dc2e7bc1,2026-09-24T19:53:43,zaki,scheme_order,paper_barrier,call,euler_maruyama,strong_abs_terminal,{'fine_steps': 512},65536,128,13,517791963,zaki-rehnoom_x86_64,0.2041344095162489,0.0006404202952311572,0.20287918573759584,0.20538963329490195,,,0.12596401700011484,"{""dt"": 0.0078125}"
fd8be63b0c2a,2026-09-24T19:53:43,zaki,scheme_order,paper_barrier,call,euler_maruyama,weak_terminal_mean,{'fine_steps': 512},65536,128,13,517791963,zaki-rehnoom_x86_64,0.0002987668420861042,0.001022738145461806,-0.0017057999230190358,0.002303333607191244,-0.00036221194078223107,0.0006609787828683353,0.12596401700011484,"{""dt"": 0.0078125}"
9e8e706c1bba,2026-09-24T19:53:43,zaki,scheme_order,paper_barrier,call,euler_maruyama,weak_call,{'fine_steps': 512},65536,128,13,517791963,zaki-rehnoom_x86_64,-0.0011394753397458357,0.0007564061771249923,-0.0026220314469108203,0.0003430807674191492,,,0.12596401700011484,"{""dt"": 0.0078125}"
2ceae63cdb9d,2026-09-24T19:53:43,zaki,scheme_order,paper_barrier,call,euler_maruyama,weak_barrier,{'fine_steps': 512},65536,128,13,517791963,zaki-rehnoom_x86_64,-0.0012313447777044704,0.0009002512338750518,-0.002995837196099572,0.0005331476406906313,,,0.12596401700011484,"{""dt"": 0.0078125}"
396f0ab0cca5,2026-09-24T19:53:43,zaki,scheme_order,paper_barrier,call,milstein,strong_abs_terminal,{'fine_steps': 512},65536,128,13,517791963,zaki-rehnoom_x86_64,0.004378955391040799,1.4833266315984488e-05,0.00434988218906147,0.004408028593020128,,,0.18684066499918117,"{""dt"": 0.0078125}"
030690ccf121,2026-09-24T19:53:43,zaki,scheme_order,paper_barrier,call,milstein,weak_terminal_mean,{'fine_steps': 512},65536,128,13,517791963,zaki-rehnoom_x86_64,-0.00037047498044291054,2.259484514646893e-05,-0.00041476087692998964,-0.00032618908395583144,-0.00036221194078223107,8.26303966067947e-06,0.18684066499918117,"{""dt"": 0.0078125}"
bb9af53c6899,2026-09-24T19:53:43,zaki,scheme_order,paper_barrier,call,milstein,weak_call,{'fine_steps': 512},65536,128,13,517791963,zaki-rehnoom_x86_64,-0.002052074783495183,1.6246365599604166e-05,-0.002083917660070407,-0.0020202319069199588,,,0.18684066499918117,"{""dt"": 0.0078125}"
74b4db8fba83,2026-09-24T19:53:43,zaki,scheme_order,paper_barrier,call,milstein,weak_barrier,{'fine_steps': 512},65536,128,13,517791963,zaki-rehnoom_x86_64,-0.0020358334092052312,1.621705572636625e-05,-0.002067618838428909,-0.0020040479799815535,,,0.18684066499918117,"{""dt"": 0.0078125}"
924635666589,2026-09-24T19:53:43,zaki,scheme_order,paper_barrier,call,exact,price_call,{'fine_steps': 512},65536,256,13,517791963,zaki-rehnoom_x86_64,7.148861275219297,0.049310219565698386,7.052213244870528,7.245509305568066,,,0.3050461080010791,"{""dt"": 0.00390625}"
14d60496531a,2026-09-24T19:53:43,zaki,scheme_order,paper_barrier,call,exact,price_barrier,{'fine_steps': 512},65536,256,13,517791963,zaki-rehnoom_x86_64,7.115938024759672,0.0493675900702844,7.019177548221915,7.21269850129743,,,0.3050461080010791,"{""dt"": 0.00390625}"
9655be167f58,2026-09-24T19:53:43,zaki,scheme_order,paper_barrier,call,euler_maruyama,strong_abs_terminal,{'fine_steps': 512},65536,256,13,517791963,zaki-rehnoom_x86_64,0.1452646979367255,0.00045484663778940486,0.14437319852665828,0.14615619734679272,,,0.25014436199990087,"{""dt"": 0.00390625}"
0061f973e137,2026-09-24T19:53:43,zaki,scheme_order,paper_barrier,call,euler_maruyama,weak_terminal_mean,{'fine_steps': 512},65536,256,13,517791963,zaki-rehnoom_x86_64,0.0008044883035751633,0.0007272337395339465,-0.0006208898259113719,0.0022298664330616985,-0.0001811202798052136,0.0009856085833803768,0.25014436199990087,"{""dt"": 0.00390625}"
8f37dbc8fef7,2026-09-24T19:53:43,zaki,scheme_order,paper_barrier,call,euler_maruyama,weak_call,{'fine_steps': 512},65536,256,13,517791963,zaki-rehnoom_x86_64,-0.0005042036479808626,0.0005399819739664767,-0.0015625683169551569,0.0005541610209934318,,,0.25014436199990087,"{""dt"": 0.00390625}"
571dac6989e3,2026-09-24T19:53:43,zaki,scheme_order,paper_barrier,call,euler_maruyama,weak_barrier,{'fine_steps': 512},65536,256,13,517791963,zaki-rehnoom_x86_64,-0.0010607195636338734,0.0006478062942282003,-0.002330419900321146,0.00020898077305339918,,,0.25014436199990087,"{""dt"": 0.00390625}"
534bb29c87cb,2026-09-24T19:53:43,zaki,scheme_order,paper_barrier,call,milstein,strong_abs_terminal,{'fine_steps': 512},65536,256,13,517791963,zaki-rehnoom_x86_64,0.0021969120088346735,7.362968480437695e-06,0.0021824805906130156,0.0022113434270563314,,,0.35281719200020234,"{""dt"": 0.00390625}"
8bc06d353c46,2026-09-24T19:53:43,zaki,scheme_order,paper_barrier,call,milstein,weak_terminal_mean,{'fine_steps': 512},65536,256,13,517791963,zaki-rehnoom_x86_64,-0.00018475224451851844,1.1284456006664555e-05,-0.00020686977829158096,-0.0001626347107454559,-0.0001811202798052136,3.6319647133048255e-06,0.35281719200020234,"{""dt"": 0.00390625}"
45125d382f14,2026-09-24T19:53:43,zaki,scheme_order,paper_barrier,call,milstein,weak_call,{'fine_steps': 512},65536,256,13,517791963,zaki-rehnoom_x86_64,-0.001029543025679794,8.110346852036617e-06,-0.0010454393055097857,-0.0010136467458498023,,,0.35281719200020234,"{""dt"": 0.00390625}"
d2cccdd806dd,2026-09-24T19:53:43,zaki,scheme_order,paper_barrier,call,milstein,weak_barrier,{'fine_steps': 512},65536,256,13,517791963,zaki-rehnoom_x86_64,-0.0010222779255061047,8.095742489870468e-06,-0.0010381455807862508,-0.0010064102702259587,,,0.35281719200020234,"{""dt"": 0.00390625}"
d1f29b826c18,2026-09-24T19:53:43,zaki,scheme_order,paper_barrier,call,exact,price_call,{'fine_steps': 512},65536,512,13,517791963,zaki-rehnoom_x86_64,7.148861275219297,0.049310219565698386,7.052213244870528,7.245509305568066,,,0.6497289730000375,"{""dt"": 0.001953125}"
43572ea4d52e,2026-09-24T19:53:43,zaki,scheme_order,paper_barrier,call,exact,price_barrier,{'fine_steps': 512},65536,512,13,517791963,zaki-rehnoom_x86_64,7.119283524584478,0.04936209850880122,7.022533811507228,7.216033237661729,,,0.6497289730000375,"{""dt"": 0.001953125}"
92df25fe209d,2026-09-24T19:53:43,zaki,scheme_order,paper_barrier,call,euler_maruyama,strong_abs_terminal,{'fine_steps': 512},65536,512,13,517791963,zaki-rehnoom_x86_64,0.10345579046569839,0.00032288872211535266,0.1028229285703523,0.10408865236104448,,,0.5425186219995339,"{""dt"": 0.001953125}"
3073f93a79c9,2026-09-24T19:53:43,zaki,scheme_order,paper_barrier,call,euler_maruyama,weak_terminal_mean,{'fine_steps': 512},65536,512,13,517791963,zaki-rehnoom_x86_64,0.0001188300652147545,0.0005172772540226459,-0.0008950333526696315,0.0011326934830991405,-9.056371841609234e-05,0.00020939378363084684,0.5425186219995339,"{""dt"": 0.001953125}"
ca63bdbfd172,2026-09-24T19:53:43,zaki,scheme_order,paper_barrier,call,euler_maruyama,weak_call,{'fine_steps': 512},65536,512,13,517791963,zaki-rehnoom_x86_64,-0.00020395860290891102,0.00038411188975421884,-0.00095681790682718,0.0005489007010093579,,,0.5425186219995339,"{""dt"": 0.001953125}"
aeee0f2ff6f3,2026-09-24T19:53:43,zaki,scheme_order,paper_barrier,call,euler_maruyama,weak_barrier,{'fine_steps': 512},65536,512,13,517791963,zaki-rehnoom_x86_64,-0.000914015172147739,0.0004864007706767168,-0.0018673606826741039,3.9330338378625864e-05,,,0.5425186219995339,"{""dt"": 0.001953125}"
d3bc9286236b,2026-09-24T19:53:43,zaki,scheme_order,paper_barrier,call,milstein,strong_abs_terminal,{'fine_steps': 512},65536,512,13,517791963,zaki-rehnoom_x86_64,0.001102198531532617,3.6888505900904327e-06,0.0010949683843760397,0.0011094286786891942,,,0.762913436000872,"{""dt"": 0.001953125}"
0a71d1f01a5b,2026-09-24T19:53:43,zaki,scheme_order,paper_barrier,call,milstein,weak_terminal_mean,{'fine_steps': 512},65536,512,13,517791963,zaki-rehnoom_x86_64,-9.604829488249814e-05,5.657220574046054e-06,-0.0001071364472076284,-8.496014255736787e-05,-9.056371841609234e-05,5.4845764664057965e-06,0.762913436000872,"{""dt"": 0.001953125}"
154d19c1b447,2026-09-24T19:53:43,zaki,scheme_order,paper_barrier,call,milstein,weak_call,{'fine_steps': 512},65536,512,13,517791963,zaki-rehnoom_x86_64,-0.0005174085995656888,4.076812424141361e-06,-0.0005253991519170058,-0.0005094180472143717,,,0.762913436000872,"{""dt"": 0.001953125}"
c0b1db27434e,2026-09-24T19:53:43,zaki,scheme_order,paper_barrier,call,milstein,weak_barrier,{'fine_steps': 512},65536,512,13,517791963,zaki-rehnoom_x86_64,-0.0005143156646455608,4.069212001549762e-06,-0.0005222913201685984,-0.0005063400091225232,,,0.762913436000872,"{""dt"": 0.001953125}"
a1f6cdedd1c1,2026-09-24T19:53:50,zaki,scheme_order,paper_barrier,call,exact,price_call,{'fine_steps': 512},65536,4,14,1339468569,zaki-rehnoom_x86_64,7.114455212141845,0.0491485120530046,7.018124128517956,7.210786295765734,,,0.02110220700069476,"{""dt"": 0.25}"
b68edebe10d1,2026-09-24T19:53:50,zaki,scheme_order,paper_barrier,call,exact,price_barrier,{'fine_steps': 512},65536,4,14,1339468569,zaki-rehnoom_x86_64,6.977521543152237,0.04937243078190168,6.88075157881971,7.074291507484765,,,0.02110220700069476,"{""dt"": 0.25}"
c0899159cb23,2026-09-24T19:53:50,zaki,scheme_order,paper_barrier,call,euler_maruyama,strong_abs_terminal,{'fine_steps': 512},65536,4,14,1339468569,zaki-rehnoom_x86_64,1.1103472114277597,0.003905701592691177,1.102692036306085,1.1180023865494344,,,0.012996854000448366,"{""dt"": 0.25}"
9ba6a4ce6f34,2026-09-24T19:53:50,zaki,scheme_order,paper_barrier,call,euler_maruyama,weak_terminal_mean,{'fine_steps': 512},65536,4,14,1339468569,zaki-rehnoom_x86_64,-0.014494035727867836,0.005836411900821071,-0.025933403053477133,-0.003054668402258537,-0.011534328945430161,0.002959706782437675,0.012996854000448366,"{""dt"": 0.25}"
ace4eb545ecd,2026-09-24T19:53:50,zaki,scheme_order,paper_barrier,call,euler_maruyama,weak_call,{'fine_steps': 512},65536,4,14,1339468569,zaki-rehnoom_x86_64,-0.054386610815587585,0.004260772551400674,-0.0627377250163329,-0.04603549661484226,,,0.012996854000448366,"{""dt"": 0.25}"
c12fff1d809b,2026-09-24T19:53:50,zaki,scheme_order,paper_barrier,call,euler_maruyama,weak_barrier,{'fine_steps': 512},65536,4,14,1339468569,zaki-rehnoom_x86_64,-0.05861669162431002,0.004745323919297851,-0.06791752650613381,-0.04931585674248623,,,0.012996854000448366,"{""dt"": 0.25}"
f0f45c13c1a2,2026-09-24T19:53:50,zaki,scheme_order,paper_barrier,call,milstein,strong_abs_terminal,{'fine_steps': 512},65536,4,14,1339468569,zaki-rehnoom_x86_64,0.12055717688373926,0.0005342299541577298,0.11951008617359012,0.12160426759388841,,,0.010119903000941122,"{""dt"": 0.25}"
58f619a16461,2026-09-24T19:53:50,zaki,scheme_order,paper_barrier,call,milstein,weak_terminal_mean,{'fine_steps': 512},65536,4,14,1339468569,zaki-rehnoom_x86_64,-0.011243039864216037,0.0007108079480924567,-0.012636223442477251,-0.009849856285954823,-0.011534328945430161,0.0002912890812141241,0.010119903000941122,"{""dt"": 0.25}"
ead256f13e33,2026-09-24T19:53:50,zaki,scheme_order,paper_barrier,call,milstein,weak_call,{'fine_steps': 512},65536,4,14,1339468569,zaki-rehnoom_x86_64,-0.06152246782713841,0.0005048378635446792,-0.06251195003968599,-0.06053298561459084,,,0.010119903000941122,"{""dt"": 0.25}"
cebc4620a952,2026-09-24T19:53:50,zaki,scheme_order,paper_barrier,call,milstein,weak_barrier,{'fine_steps': 512},65536,4,14,1339468569,zaki-rehnoom_x86_64,-0.06207177907059558,0.0006648799006095944,-0.06337494367579039,-0.06076861446540077,,,0.010119903000941122,"{""dt"": 0.25}"
37e02165fea2,2026-09-24T19:53:50,zaki,scheme_order,paper_barrier,call,exact,price_call,{'fine_steps': 512},65536,8,14,1339468569,zaki-rehnoom_x86_64,7.114455212141847,0.04914851205300462,7.018124128517957,7.210786295765736,,,0.018203794999408274,"{""dt"": 0.125}"
fb117c6d120b,2026-09-24T19:53:50,zaki,scheme_order,paper_barrier,call,exact,price_barrier,{'fine_steps': 512},65536,8,14,1339468569,zaki-rehnoom_x86_64,7.013843287365045,0.04931458879049675,6.917186693335672,7.110499881394419,,,0.018203794999408274,"{""dt"": 0.125}"
0f5a0e53db57,2026-09-24T19:53:50,zaki,scheme_order,paper_barrier,call,euler_maruyama,strong_abs_terminal,{'fine_steps': 512},65536,8,14,1339468569,zaki-rehnoom_x86_64,0.8037027343404057,0.0026575064994243005,0.7984940216015342,0.8089114470792773,,,0.010881101000450144,"{""dt"": 0.125}"
1b93b2a0de1f,2026-09-24T19:53:50,zaki,scheme_order,paper_barrier,call,euler_maruyama,weak_terminal_mean,{'fine_steps': 512},65536,8,14,1339468569,zaki-rehnoom_x86_64,-0.005440628512371479,0.004113182770861097,-0.01350246674325923,0.002621209718516271,-0.005781694413798277,0.00034106590142679843,0.010881101000450144,"{""dt"": 0.125}"
22f4b32bffb4,2026-09-24T19:53:50,zaki,scheme_order,paper_barrier,call,euler_maruyama,weak_call,{'fine_steps': 512},65536,8,14,1339468569,zaki-rehnoom_x86_64,-0.02186300329067146,0.0029988045001974216,-0.027740660111058406,-0.015985346470284517,,,0.010881101000450144,"{""dt"": 0.125}"
7e294955bd85,2026-09-24T19:53:50,zaki,scheme_order,paper_barrier,call,euler_maruyama,weak_barrier,{'fine_steps': 512},65536,8,14,1339468569,zaki-rehnoom_x86_64,-0.023901563178947333,0.003374534839886957,-0.03051565146512577,-0.017287474892768898,,,0.010881101000450144,"{""dt"": 0.125}"
0536828fc8d4,2026-09-24T19:53:50,zaki,scheme_order,paper_barrier,call,milstein,strong_abs_terminal,{'fine_steps': 512},65536,8,14,1339468569,zaki-rehnoom_x86_64,0.06445722866420352,0.00025514898543135,0.06395713665275807,0.06495732067564897,,,0.01483480600063558,"{""dt"": 0.125}"
17c41660e337,2026-09-24T19:53:50,zaki,scheme_order,paper_barrier,call,milstein,weak_terminal_mean,{'fine_steps': 512},65536,8,14,1339468569,zaki-rehnoom_x86_64,-0.005605213229355478,0.0003577971108751766,-0.006306495566670824,-0.004903930892040132,-0.005781694413798277,0.0001764811844427996,0.01483480600063558,"{""dt"": 0.125}"
1de0d54e6edb,2026-09-24T19:53:50,zaki,scheme_order,paper_barrier,call,milstein,weak_call,{'fine_steps': 512},65536,8,14,1339468569,zaki-rehnoom_x86_64,-0.03167005869027683,0.00025498763857067505,-0.03216983446187535,-0.031170282918678308,,,0.01483480600063558,"{""dt"": 0.125}"
887a03792318,2026-09-24T19:53:50,zaki,scheme_order,paper_barrier,call,milstein,weak_barrier,{'fine_steps': 512},65536,8,14,1339468569,zaki-rehnoom_x86_64,-0.03176162578416131,0.00037583858593593153,-0.03249826941259573,-0.031024982155726882,,,0.01483480600063558,"{""dt"": 0.125}"
afd2802a25f9,2026-09-24T19:53:50,zaki,scheme_order,paper_barrier,call,exact,price_call,{'fine_steps': 512},65536,16,14,1339468569,zaki-rehnoom_x86_64,7.114455212141845,0.0491485120530046,7.018124128517956,7.210786295765734,,,0.029226698999536893,"{""dt"": 0.0625}"
c838d02e516b,2026-09-24T19:53:50,zaki,scheme_order,paper_barrier,call,exact,price_barrier,{'fine_steps': 512},65536,16,14,1339468569,zaki-rehnoom_x86_64,7.040208604956447,0.04927236973014836,6.943634760285357,7.136782449627538,,,0.029226698999536893,"{""dt"": 0.0625}"
f133cbd06a43,2026-09-24T19:53:50,zaki,scheme_order,paper_barrier,call,euler_maruyama,strong_abs_terminal,{'fine_steps': 512},65536,16,14,1339468569,zaki-rehnoom_x86_64,0.5725060801641527,0.0018228288514406203,0.5689333356153291,0.5760788247129763,,,0.018925269999272132,"{""dt"": 0.0625}"
ad07879daf87,2026-09-24T19:53:50,zaki,scheme_order,paper_barrier,call,euler_maruyama,weak_terminal_mean,{'fine_steps': 512},65536,16,14,1339468569,zaki-rehnoom_x86_64,-0.0016547975001286143,0.0028851359176297123,-0.0073096638986828505,0.004000068898425622,-0.0028944951184826095,0.0012396976183539953,0.018925269999272132,"{""dt"": 0.0625}"
2f1e60ce2788,2026-09-24T19:53:50,zaki,scheme_order,paper_barrier,call,euler_maruyama,weak_call,{'fine_steps': 512},65536,16,14,1339468569,zaki-rehnoom_x86_64,-0.009562056645920502,0.002107373434369992,-0.013692508577285687,-0.005431604714555318,,,0.018925269999272132,"{""dt"": 0.0625}"
6938c05e26b9,2026-09-24T19:53:50,zaki,scheme_order,paper_barrier,call,euler_maruyama,weak_barrier,{'fine_steps': 512},65536,16,14,1339468569,zaki-rehnoom_x86_64,-0.010151131562890402,0.0023850863389620978,-0.014825900787256114,-0.00547636233852469,,,0.018925269999272132,"{""dt"": 0.0625}"
fc00c700ea72,2026-09-24T19:53:50,zaki,scheme_order,paper_barrier,call,milstein,strong_abs_terminal,{'fine_steps': 512},65536,16,14,1339468569,zaki-rehnoom_x86_64,0.03344130147311099,0.00012291736072260806,0.033200383446094675,0.0336822195001273,,,0.024844318000305066,"{""dt"": 0.0625}"
17677171626a,2026-09-24T19:53:50,zaki,scheme_order,paper_barrier,call,milstein,weak_terminal_mean,{'fine_steps': 512},65536,16,14,1339468569,zaki-rehnoom_x86_64,-0.0029191922631941684,0.0001790059334490506,-0.0032700438927543074,-0.0025683406336340295,-0.0028944951184826095,2.4697144711558882e-05,0.024844318000305066,"{""dt"": 0.0625}"
ae12d3833d85,2026-09-24T19:53:50,zaki,scheme_order,paper_barrier,call,milstein,weak_call,{'fine_steps': 512},65536,16,14,1339468569,zaki-rehnoom_x86_64,-0.01609031463646366,0.00012842603068829046,-0.01634202965661271,-0.015838599616314612,,,0.024844318000305066,"{""dt"": 0.0625}"
303ab5b9026a,2026-09-24T19:53:50,zaki,scheme_order,paper_barrier,call,milstein,weak_barrier,{'fine_steps': 512},65536,16,14,1339468569,zaki-rehnoom_x86_64,-0.0162288314800743,0.00019250921904016531,-0.01660614954939302,-0.015851513410755576,,,0.024844318000305066,"{""dt"": 0.0625}"
e6c56c47f37c,2026-09-24T19:53:50,zaki,scheme_order,paper_barrier,call,exact,price_call,{'fine_steps': 512},65536,32,14,1339468569,zaki-rehnoom_x86_64,7.114455212141846,0.04914851205300461,7.0181241285179565,7.210786295765735,,,0.04390214200020637,"{""dt"": 0.03125}"
4962ab6e1f8c,2026-09-24T19:53:50,zaki,scheme_order,paper_barrier,call,exact,price_barrier,{'fine_steps': 512},65536,32,14,1339468569,zaki-rehnoom_x86_64,7.056017915785315,0.04924658534353445,6.959494608511988,7.152541223058642,,,0.04390214200020637,"{""dt"": 0.03125}"
7b34208f2aee,2026-09-24T19:53:50,zaki,scheme_order,paper_barrier,call,euler_maruyama,strong_abs_terminal,{'fine_steps': 512},65536,32,14,1339468569,zaki-rehnoom_x86_64,0.40680571001962856,0.0012875246001830924,0.4042821618032697,0.4093292582359874,,,0.03621425899973474,"{""dt"": 0.03125}"
3a7d954027c1,2026-09-24T19:53:50,zaki,scheme_order,paper_barrier,call,euler_maruyama,weak_terminal_mean,{'fine_steps': 512},65536,32,14,1339468569,zaki-rehnoom_x86_64,-0.0008871097447484545,0.002045222881851779,-0.004895746593177941,0.0031215271036810323,-0.0014481614756078898,0.0005610517308594353,0.03621425899973474,"{""dt"": 0.03125}"
4c3205a562e8,2026-09-24T19:53:50,zaki,scheme_order,paper_barrier,call,euler_maruyama,weak_call,{'fine_steps': 512},65536,32,14,1339468569,zaki-rehnoom_x86_64,-0.0036512554991289495,0.0015051203709841282,-0.00660129142625784,-0.0007012195720000583,,,0.03621425899973474,"{""dt"": 0.03125}"
4badc6380341,2026-09-24T19:53:50,zaki,scheme_order,paper_barrier,call,euler_maruyama,weak_barrier,{'fine_steps': 512},65536,32,14,1339468569,zaki-rehnoom_x86_64,-0.004671181159377353,0.0017428797300210112,-0.008087225430218534,-0.0012551368885361713,,,0.03621425899973474,"{""dt"": 0.03125}"
4b85dcb2441f,2026-09-24T19:53:50,zaki,scheme_order,paper_barrier,call,milstein,strong_abs_terminal,{'fine_steps': 512},65536,32,14,1339468569,zaki-rehnoom_x86_64,0.01710158941800617,6.0051818284173085e-05,0.016983887854169193,0.01721929098184315,,,0.04985276299976249,"{""dt"": 0.03125}"
ad04f5192e12,2026-09-24T19:53:50,zaki,scheme_order,paper_barrier,call,milstein,weak_terminal_mean,{'fine_steps': 512},65536,32,14,1339468569,zaki-rehnoom_x86_64,-0.0014027609576006141,8.96599977699108e-05,-0.0015784945532296393,-0.0012270273619715889,-0.0014481614756078898,4.5400518007275657e-05,0.04985276299976249,"{""dt"": 0.03125}"
e9d09ba8f941,2026-09-24T19:53:50,zaki,scheme_order,paper_barrier,call,milstein,weak_call,{'fine_steps': 512},65536,32,14,1339468569,zaki-rehnoom_x86_64,-0.008069305933800324,6.425131834509713e-05,-0.008195238517756715,-0.007943373349843933,,,0.04985276299976249,"{""dt"": 0.03125}"
933b50f93aaa,2026-09-24T19:53:50,zaki,scheme_order,paper_barrier,call,milstein,weak_barrier,{'fine_steps': 512},65536,32,14,1339468569,zaki-rehnoom_x86_64,-0.008335276297282557,0.00016683984698879218,-0.00866228239738059,-0.008008270197184524,,,0.04985276299976249,"{""dt"": 0.03125}"
d64da0769009,2026-09-24T19:53:50,zaki,scheme_order,paper_barrier,call,exact,price_call,{'fine_steps': 512},65536,64,14,1339468569,zaki-rehnoom_x86_64,7.114455212141843,0.04914851205300459,7.018124128517954,7.2107862957657325,,,0.08078757399971437,"{""dt"": 0.015625}"
603f0247ceef,2026-09-24T19:53:50,zaki,scheme_order,paper_barrier,call,exact,price_barrier,{'fine_steps': 512},65536,64,14,1339468569,zaki-rehnoom_x86_64,7.066467844563853,0.04922980948749095,6.96997741796837,7.162958271159336,,,0.08078757399971437,"{""dt"": 0.015625}"
05b2ddf70376,2026-09-24T19:53:50,zaki,scheme_order,paper_barrier,call,euler_maruyama,strong_abs_terminal,{'fine_steps': 512},65536,64,14,1339468569,zaki-rehnoom_x86_64,0.2881016371618067,0.0009059386983291353,0.2863259973130816,0.2898772770105318,,,0.0669152700002087,"{""dt"": 0.015625}"
57e9f1920a03,2026-09-24T19:53:50,zaki,scheme_order,paper_barrier,call,euler_maruyama,weak_terminal_mean,{'fine_steps': 512},65536,64,14,1339468569,zaki-rehnoom_x86_64,-0.0015346381520582714,0.0014447237684815455,-0.004366296738282101,0.0012970204341655575,-0.0007243094598123889,0.0008103286922458825,0.0669152700002087,"{""dt"": 0.015625}"
4902e1fda6b0,2026-09-24T19:53:50,zaki,scheme_order,paper_barrier,call,euler_maruyama,weak_call,{'fine_steps': 512},65536,64,14,1339468569,zaki-rehnoom_x86_64,-0.002324483389540188,0.0010648237853570677,-0.004411538008840041,-0.00023742877024033509,,,0.0669152700002087,"{""dt"": 0.015625}"
b4e112d63920,2026-09-24T19:53:50,zaki,scheme_order,paper_barrier,call,euler_maruyama,weak_barrier,{'fine_steps': 512},65536,64,14,1339468569,zaki-rehnoom_x86_64,-0.0028209022849936764,0.0012850924537707764,-0.005339683494384398,-0.0003021210756029547,,,0.0669152700002087,"{""dt"": 0.015625}"
50396c0f68c1,2026-09-24T19:53:50,zaki,scheme_order,paper_barrier,call,milstein,strong_abs_terminal,{'fine_steps': 512},65536,64,14,1339468569,zaki-rehnoom_x86_64,0.008648811062040445,2.967631704769967e-05,0.008590645480626954,0.008706976643453936,,,0.09962671499988573,"{""dt"": 0.015625}"
99d3643cee36,2026-09-24T19:53:50,zaki,scheme_order,paper_barrier,call,milstein,weak_terminal_mean,{'fine_steps': 512},65536,64,14,1339468569,zaki-rehnoom_x86_64,-0.0007286388479124862,4.487746524444434e-05,-0.0008165986797915971,-0.0006406790160333753,-0.0007243094598123889,4.329388100097272e-06,0.09962671499988573,"{""dt"": 0.015625}"
9ae66cbfc557,2026-09-24T19:53:50,zaki,scheme_order,paper_barrier,call,milstein,weak_call,{'fine_steps': 512},65536,64,14,1339468569,zaki-rehnoom_x86_64,-0.004055420856840719,3.2257845387762506e-05,-0.004118646233800733,-0.003992195479880704,,,0.09962671499988573,"{""dt"": 0.015625}"
d248a2bb966b,2026-09-24T19:53:50,zaki,scheme_order,paper_barrier,call,milstein,weak_barrier,{'fine_steps': 512},65536,64,14,1339468569,zaki-rehnoom_x86_64,-0.004267454141404116,0.00014704475281440636,-0.004555661856920352,-0.00397924642588788,,,0.09962671499988573,"{""dt"": 0.015625}"
87fcb6d7763d,2026-09-24T19:53:50,zaki,scheme_order,paper_barrier,call,exact,price_call,{'fine_steps': 512},65536,128,14,1339468569,zaki-rehnoom_x86_64,7.114455212141843,0.0491485120530046,7.018124128517954,7.2107862957657325,,,0.15881638799965003,"{""dt"": 0.0078125}"
51d6d37dde80,2026-09-24T19:53:50,zaki,scheme_order,paper_barrier,call,exact,price_barrier,{'fine_steps': 512},65536,128,14,1339468569,zaki-rehnoom_x86_64,7.074959545930261,0.04921605063150315,6.978496086692514,7.171423005168007,,,0.15881638799965003,"{""dt"": 0.0078125}"
94ae42e7914e,2026-09-24T19:53:50,zaki,scheme_order,paper_barrier,call,euler_maruyama,strong_abs_terminal,{'fine_steps': 512},65536,128,14,1339468569,zaki-rehnoom_x86_64,0.20351582485778374,0.0006365400130331052,0.20226820643223886,0.20476344328332863,,,0.12941346699926726,"{""dt"": 0.0078125}"
7ca7e5c88f71,2026-09-24T19:53:50,zaki,scheme_order,paper_barrier,call,euler_maruyama,weak_terminal_mean,{'fine_steps': 512},65536,128,14,1339468569,zaki-rehnoom_x86_64,-0.002492774311759668,0.0010183796355974438,-0.004488798397530658,-0.0004967502259886781,-0.00036221194078223107,0.002130562370977437,0.12941346699926726,"{""dt"": 0.0078125}"
ada92c7db198,2026-09-24T19:53:50,zaki,scheme_order,paper_barrier,call,euler_maruyama,weak_call,{'fine_steps': 512},65536,128,14,1339468569,zaki-rehnoom_x86_64,-0.0018388335168804514,0.0007500592905458055,-0.0033089497263502302,-0.0003687173074106726,,,0.12941346699926726,"{""dt"": 0.0078125}"
f7b1d396ba77,2026-09-24T19:53:50,zaki,scheme_order,paper_barrier,call,euler_maruyama,weak_barrier,{'fine_steps': 512},65536,128,14,1339468569,zaki-rehnoom_x86_64,-0.0018577992030448958,0.0009102704089910779,-0.0036419292046674084,-7.366920142238328e-05,,,0.12941346699926726,"{""dt"": 0.0078125}"
d46855e83856,2026-09-24T19:53:50,zaki,scheme_order,paper_barrier,call,milstein,strong_abs_terminal,{'fine_steps': 512},65536,128,14,1339468569,zaki-rehnoom_x86_64,0.004376255900544987,1.482715804547834e-05,0.004347194670775849,0.004405317130314124,,,0.19090928300011,"{""dt"": 0.0078125}"
410acfe1fe1e,2026-09-24T19:53:50,zaki,scheme_order,paper_barrier,call,milstein,weak_terminal_mean,{'fine_steps': 512},65536,128,14,1339468569,zaki-rehnoom_x86_64,-0.00036048831706577105,2.2585318270214885e-05,-0.00040475554087539224,-0.00031622109325614987,-0.00036221194078223107,1.7236237164600142e-06,0.19090928300011,"{""dt"": 0.0078125}"
354de15027ab,2026-09-24T19:53:50,zaki,scheme_order,paper_barrier,call,milstein,weak_call,{'fine_steps': 512},65536,128,14,1339468569,zaki-rehnoom_x86_64,-0.0020445850464541823,1.6250486097344118e-05,-0.0020764359992049767,-0.002012734093703388,,,0.19090928300011,"{""dt"": 0.0078125}"
68b193d54d37,2026-09-24T19:53:50,zaki,scheme_order,paper_barrier,call,milstein,weak_barrier,{'fine_steps': 512},65536,128,14,1339468569,zaki-rehnoom_x86_64,-0.002113980034900204,8.559740278751633e-05,-0.002281750944363736,-0.0019462091254366719,,,0.19090928300011,"{""dt"": 0.0078125}"
1077d1758628,2026-09-24T19:53:50,zaki,scheme_order,paper_barrier,call,exact,price_call,{'fine_steps': 512},65536,256,14,1339468569,zaki-rehnoom_x86_64,7.11445521214184,0.049148512053004585,7.01812412851795,7.210786295765729,,,0.3061382299993056,"{""dt"": 0.00390625}"
1471e99e2ede,2026-09-24T19:53:50,zaki,scheme_order,paper_barrier,call,exact,price_barrier,{'fine_steps': 512},65536,256,14,1339468569,zaki-rehnoom_x86_64,7.08024088880881,0.049207604808585846,6.983793983383983,7.176687794233638,,,0.3061382299993056,"{""dt"": 0.00390625}"
4665c6693597,2026-09-24T19:53:50,zaki,scheme_order,paper_barrier,call,euler_maruyama,strong_abs_terminal,{'fine_steps': 512},65536,256,14,1339468569,zaki-rehnoom_x86_64,0.14475529493691297,0.0004539508956839783,0.14386555118137237,0.14564503869245357,,,0.24807079999982307,"{""dt"": 0.00390625}"
41116aed1730,2026-09-24T19:53:50,zaki,scheme_order,paper_barrier,call,euler_maruyama,weak_terminal_mean,{'fine_steps': 512},65536,256,14,1339468569,zaki-rehnoom_x86_64,-0.0017704191782029828,0.0007250948826040055,-0.0031916051481068334,-0.0003492332082991321,-0.0001811202798052136,0.0015892988983977692,0.24807079999982307,"{""dt"": 0.00390625}"
e3f83b533ed1,2026-09-24T19:53:50,zaki,scheme_order,paper_barrier,call,euler_maruyama,weak_call,{'fine_steps': 512},65536,256,14,1339468569,zaki-rehnoom_x86_64,-0.0013670459740817208,0.0005375572679414709,-0.002420658219247004,-0.00031343372891643774,,,0.24807079999982307,"{""dt"": 0.00390625}"
04c50f96c1e5,2026-09-24T19:53:50,zaki,scheme_order,paper_barrier,call,euler_maruyama,weak_barrier,{'fine_steps': 512},65536,256,14,1339468569,zaki-rehnoom_x86_64,-0.0010845264950541539,0.0006652096457869182,-0.0023883374007965135,0.0002192844106882058,,,0.24807079999982307,"{""dt"": 0.00390625}"
1523f1925bde,2026-09-24T19:53:50,zaki,scheme_order,paper_barrier,call,milstein,strong_abs_terminal,{'fine_steps': 512},65536,256,14,1339468569,zaki-rehnoom_x86_64,0.002199459209731894,7.387130825408538e-06,0.0021849804333140934,0.002213937986149695,,,0.35588314799906584,"{""dt"": 0.00390625}"
b88bb92a0f7a,2026-09-24T19:53:50,zaki,scheme_order,paper_barrier,call,milstein,weak_terminal_mean,{'fine_steps': 512},65536,256,14,1339468569,zaki-rehnoom_x86_64,-0.00018479352812996353,1.130778443426133e-05,-0.00020695678562111574,-0.0001626302706388113,-0.0001811202798052136,3.673248324749913e-06,0.35588314799906584,"{""dt"": 0.00390625}"
a2b8741f4e92,2026-09-24T19:53:50,zaki,scheme_order,paper_barrier,call,milstein,weak_call,{'fine_steps': 512},65536,256,14,1339468569,zaki-rehnoom_x86_64,-0.0010260185292148127,8.142808693375997e-06,-0.0010419784342538296,-0.0010100586241757958,,,0.35588314799906584,"{""dt"": 0.00390625}"
875a2d3cae10,2026-09-24T19:53:50,zaki,scheme_order,paper_barrier,call,milstein,weak_barrier,{'fine_steps': 512},65536,256,14,1339468569,zaki-rehnoom_x86_64,-0.0010200184392020802,8.124387688987996e-06,-0.0010359422390724968,-0.0010040946393316636,,,0.35588314799906584,"{""dt"": 0.00390625}"
849173b08578,2026-09-24T19:53:50,zaki,scheme_order,paper_barrier,call,exact,price_call,{'fine_steps': 512},65536,512,14,1339468569,zaki-rehnoom_x86_64,7.11445521214184,0.0491485120530046,7.01812412851795,7.210786295765729,,,0.6564306759983083,"{""dt"": 0.001953125}"
b50b513c2847,2026-09-24T19:53:50,zaki,scheme_order,paper_barrier,call,exact,price_barrier,{'fine_steps': 512},65536,512,14,1339468569,zaki-rehnoom_x86_64,7.083099792790939,0.04920285796680627,6.986662191175999,7.179537394405879,,,0.6564306759983083,"{""dt"": 0.001953125}"
ccbede368d54,2026-09-24T19:53:50,zaki,scheme_order,paper_barrier,call,euler_maruyama,strong_abs_terminal,{'fine_steps': 512},65536,512,14,1339468569,zaki-rehnoom_x86_64,0.10279343931663826,0.0003196399425903732,0.10216694502916113,0.10341993360411539,,,0.5412873319996834,"{""dt"": 0.001953125}"
e61d5cf8de2c,2026-09-24T19:53:50,zaki,scheme_order,paper_barrier,call,euler_maruyama,weak_terminal_mean,{'fine_steps': 512},65536,512,14,1339468569,zaki-rehnoom_x86_64,-0.0009188499736902551,0.0005132164553219496,-0.001924754226121276,8.705427874076607e-05,-9.056371841609234e-05,0.0008282862552741627,0.5412873319996834,"{""dt"": 0.001953125}"
4a98954ef2e3,2026-09-24T19:53:50,zaki,scheme_order,paper_barrier,call,euler_maruyama,weak_call,{'fine_steps': 512},65536,512,14,1339468569,zaki-rehnoom_x86_64,-0.0006462093537915547,0.00037995927179164954,-0.0013909295265031878,9.851081892007845e-05,,,0.5412873319996834,"{""dt"": 0.001953125}"
de721d540369,2026-09-24T19:53:50,zaki,scheme_order,paper_barrier,call,euler_maruyama,weak_barrier,{'fine_steps': 512},65536,512,14,1339468569,zaki-rehnoom_x86_64,-0.0004298543851455888,0.00046944893243398665,-0.0013499742927162025,0.000490265522425025,,,0.5412873319996834,"{""dt"": 0.001953125}"
234d01e0469b,2026-09-24T19:53:50,zaki,scheme_order,paper_barrier,call,milstein,strong_abs_terminal,{'fine_steps': 512},65536,512,14,1339468569,zaki-rehnoom_x86_64,0.0010994090997648366,3.680214748027158e-06,0.0010921958788587033,0.0011066223206709698,,,0.7764485419997982,"{""dt"": 0.001953125}"
6891c983325f,2026-09-24T19:53:50,zaki,scheme_order,paper_barrier,call,milstein,weak_terminal_mean,{'fine_steps': 512},65536,512,14,1339468569,zaki-rehnoom_x86_64,-9.082698115839283e-05,5.6446156701836465e-06,-0.00010189042787195278,-7.976353444483287e-05,-9.056371841609234e-05,2.632627423004852e-07,0.7764485419997982,"{""dt"": 0.001953125}"
9d1d35a95d3b,2026-09-24T19:53:50,zaki,scheme_order,paper_barrier,call,milstein,weak_call,{'fine_steps': 512},65536,512,14,1339468569,zaki-rehnoom_x86_64,-0.0005110984594346818,4.068508739368158e-06,-0.0005190727365638434,-0.0005031241823055202,,,0.7764485419997982,"{""dt"": 0.001953125}"
3c7ed7ce592c,2026-09-24T19:53:50,zaki,scheme_order,paper_barrier,call,milstein,weak_barrier,{'fine_steps': 512},65536,512,14,1339468569,zaki-rehnoom_x86_64,-0.0005084828583500375,4.059847616250368e-06,-0.0005164401596778883,-0.0005005255570221868,,,0.7764485419997982,"{""dt"": 0.001953125}"
fc8f4e70f35c,2026-09-24T19:53:57,zaki,scheme_order,paper_barrier,call,exact,price_call,{'fine_steps': 512},65536,4,15,3009025886,zaki-rehnoom_x86_64,7.096104574663622,0.048989023733144864,7.0000860881466584,7.1921230611805855,,,0.024369425999339,"{""dt"": 0.25}"
e36ddeb79389,2026-09-24T19:53:57,zaki,scheme_order,paper_barrier,call,exact,price_barrier,{'fine_steps': 512},65536,4,15,3009025886,zaki-rehnoom_x86_64,6.955857373656089,0.04921815202015752,6.859389795696581,7.0523249516155975,,,0.024369425999339,"{""dt"": 0.25}"
0082c27737ac,2026-09-24T19:53:57,zaki,scheme_order,paper_barrier,call,euler_maruyama,strong_abs_terminal,{'fine_steps': 512},65536,4,15,3009025886,zaki-rehnoom_x86_64,1.1115381226635244,0.0038604455143524193,1.1039716494553937,1.119104595871655,,,0.011169090999828768,"{""dt"": 0.25}"
1f0a430c7e04,2026-09-24T19:53:57,zaki,scheme_order,paper_barrier,call,euler_maruyama,weak_terminal_mean,{'fine_steps': 512},65536,4,15,3009025886,zaki-rehnoom_x86_64,-0.021481842952774603,0.0058093699248009415,-0.03286820800538445,-0.010095477900164757,-0.011534328945430161,0.009947514007344442,0.011169090999828768,"{""dt"": 0.25}"
cca0be56db65,2026-09-24T19:53:57,zaki,scheme_order,paper_barrier,call,euler_maruyama,weak_call,{'fine_steps': 512},65536,4,15,3009025886,zaki-rehnoom_x86_64,-0.058511390817713296,0.004221442180083484,-0.06678541749067693,-0.05023736414474966,,,0.011169090999828768,"{""dt"": 0.25}"
edee94aa0c2a,2026-09-24T19:53:57,zaki,scheme_order,paper_barrier,call,euler_maruyama,weak_barrier,{'fine_steps': 512},65536,4,15,3009025886,zaki-rehnoom_x86_64,-0.06520765054107484,0.00471207849785629,-0.07444332439687318,-0.055971976685276516,,,0.011169090999828768,"{""dt"": 0.25}"
b7ec0cd3463e,2026-09-24T19:53:57,zaki,scheme_order,paper_barrier,call,milstein,strong_abs_terminal,{'fine_steps': 512},65536,4,15,3009025886,zaki-rehnoom_x86_64,0.1212111678557813,0.0005350258881064082,0.12016251711509274,0.12225981859646987,,,0.009116541000366851,"{""dt"": 0.25}"
2b385f982be0,2026-09-24T19:53:57,zaki,scheme_order,paper_barrier,call,milstein,weak_terminal_mean,{'fine_steps': 512},65536,4,15,3009025886,zaki-rehnoom_x86_64,-0.010986334715333184,0.0007131610897213029,-0.012384130451186937,-0.00958853897947943,-0.011534328945430161,0.0005479942300969775,0.009116541000366851,"{""dt"": 0.25}"
f62738b6e827,2026-09-24T19:53:57,zaki,scheme_order,paper_barrier,call,milstein,weak_call,{'fine_steps': 512},65536,4,15,3009025886,zaki-rehnoom_x86_64,-0.061855467558368335,0.0005055525097834732,-0.06284635047754394,-0.060864584639192726,,,0.009116541000366851,"{""dt"": 0.25}"
635f8ab868c2,2026-09-24T19:53:57,zaki,scheme_order,paper_barrier,call,milstein,weak_barrier,{'fine_steps': 512},65536,4,15,3009025886,zaki-rehnoom_x86_64,-0.06340654409164191,0.0007271844912764044,-0.06483182569454367,-0.06198126248874016,,,0.009116541000366851,"{""dt"": 0.25}"
4fa04c97a672,2026-09-24T19:53:57,zaki,scheme_order,paper_barrier,call,exact,price_call,{'fine_steps': 512},65536,8,15,3009025886,zaki-rehnoom_x86_64,7.096104574663625,0.04898902373314487,7.000086088146661,7.192123061180588,,,0.015865757000483427,"{""dt"": 0.125}"
7174fb629eab,2026-09-24T19:53:57,zaki,scheme_order,paper_barrier,call,exact,price_barrier,{'fine_steps': 512},65536,8,15,3009025886,zaki-rehnoom_x86_64,6.993599999413535,0.049158069736946745,6.8972501827291195,7.08994981609795,,,0.015865757000483427,"{""dt"": 0.125}"
3f0d224b5a96,2026-09-24T19:53:57,zaki,scheme_order,paper_barrier,call,euler_maruyama,strong_abs_terminal,{'fine_steps': 512},65536,8,15,3009025886,zaki-rehnoom_x86_64,0.8054950346522659,0.0026711731077781863,0.8002595353610207,0.8107305339435111,,,0.01022463099889137,"{""dt"": 0.125}"
a4ba1fedebfc,2026-09-24T19:53:57,zaki,scheme_order,paper_barrier,call,euler_maruyama,weak_terminal_mean,{'fine_steps': 512},65536,8,15,3009025886,zaki-rehnoom_x86_64,-0.011420735455177541,0.004127174387091438,-0.01950999725387676,-0.003331473656478323,-0.005781694413798277,0.005639041041379264,0.01022463099889137,"{""dt"": 0.125}"
41a6db934435,2026-09-24T19:53:57,zaki,scheme_order,paper_barrier,call,euler_maruyama,weak_call,{'fine_steps': 512},65536,8,15,3009025886,zaki-rehnoom_x86_64,-0.028714376377415772,0.0030187932725900864,-0.03463121119169234,-0.022797541563139203,,,0.01022463099889137,"{""dt"": 0.125}"
555f52264532,2026-09-24T19:53:57,zaki,scheme_order,paper_barrier,call,euler_maruyama,weak_barrier,{'fine_steps': 512},65536,8,15,3009025886,zaki-rehnoom_x86_64,-0.03138161962322288,0.003394495658291993,-0.038034831113475186,-0.024728408132970576,,,0.01022463099889137,"{""dt"": 0.125}"
315521370f57,2026-09-24T19:53:57,zaki,scheme_order,paper_barrier,call,milstein,strong_abs_terminal,{'fine_steps': 512},65536,8,15,3009025886,zaki-rehnoom_x86_64,0.06472969168575193,0.000256081085333271,0.06422777275849872,0.06523161061300514,,,0.012981308999314933,"{""dt"": 0.125}"
0a344821a239,2026-09-24T19:53:57,zaki,scheme_order,paper_barrier,call,milstein,weak_terminal_mean,{'fine_steps': 512},65536,8,15,3009025886,zaki-rehnoom_x86_64,-0.0055275819859757075,0.0003592291396923724,-0.006231671099772757,-0.004823492872178658,-0.005781694413798277,0.0002541124278225698,0.012981308999314933,"{""dt"": 0.125}"
023e92e6a19e,2026-09-24T19:53:57,zaki,scheme_order,paper_barrier,call,milstein,weak_call,{'fine_steps': 512},65536,8,15,3009025886,zaki-rehnoom_x86_64,-0.03179942561454806,0.0002561712431698455,-0.03230152125116095,-0.03129732997793516,,,0.012981308999314933,"{""dt"": 0.125}"
7cad731a8b13,2026-09-24T19:53:57,zaki,scheme_order,paper_barrier,call,milstein,weak_barrier,{'fine_steps': 512},65536,8,15,3009025886,zaki-rehnoom_x86_64,-0.03242280446914693,0.0004488934320089174,-0.03330263559588441,-0.03154297334240945,,,0.012981308999314933,"{""dt"": 0.125}"
b75c2e9e697c,2026-09-24T19:53:57,zaki,scheme_order,paper_barrier,call,exact,price_call,{'fine_steps': 512},65536,16,15,3009025886,zaki-rehnoom_x86_64,7.096104574663622,0.048989023733144864,7.0000860881466584,7.1921230611805855,,,0.028443664999485918,"{""dt"": 0.0625}"
cffd9c33d49f,2026-09-24T19:53:57,zaki,scheme_order,paper_barrier,call,exact,price_barrier,{'fine_steps': 512},65536,16,15,3009025886,zaki-rehnoom_x86_64,7.018045220487001,0.04911895966438647,6.921772059544804,7.114318381429198,,,0.028443664999485918,"{""dt"": 0.0625}"
2eefd1f713b0,2026-09-24T19:53:57,zaki,scheme_order,paper_barrier,call,euler_maruyama,strong_abs_terminal,{'fine_steps': 512},65536,16,15,3009025886,zaki-rehnoom_x86_64,0.576150811724162,0.0018452132857827497,0.5725341936840278,0.5797674297642963,,,0.017386239999268582,"{""dt"": 0.0625}"
53360b220cfd,2026-09-24T19:53:57,zaki,scheme_order,paper_barrier,call,euler_maruyama,weak_terminal_mean,{'fine_steps': 512},65536,16,15,3009025886,zaki-rehnoom_x86_64,-0.004176130837988848,0.0029102877134881923,-0.009880294756425705,0.0015280330804480092,-0.0028944951184826095,0.0012816357195062382,0.017386239999268582,"{""dt"": 0.0625}"
c286df7dc29d,2026-09-24T19:53:57,zaki,scheme_order,paper_barrier,call,euler_maruyama,weak_call,{'fine_steps': 512},65536,16,15,3009025886,zaki-rehnoom_x86_64,-0.012996165199449822,0.002146204772320874,-0.017202726553198735,-0.008789603845700909,,,0.017386239999268582,"{""dt"": 0.0625}"
cb99cd717d3e,2026-09-24T19:53:57,zaki,scheme_order,paper_barrier,call,euler_maruyama,weak_barrier,{'fine_steps': 512},65536,16,15,3009025886,zaki-rehnoom_x86_64,-0.01508022147962249,0.002416213888819454,-0.019816000701708622,-0.01034444225753636,,,0.017386239999268582,"{""dt"": 0.0625}"
944d2287a136,2026-09-24T19:53:57,zaki,scheme_order,paper_barrier,call,milstein,strong_abs_terminal,{'fine_steps': 512},65536,16,15,3009025886,zaki-rehnoom_x86_64,0.033582452364285684,0.0001236828405120559,0.033340033996882054,0.03382487073168931,,,0.024373771000227862,"{""dt"": 0.0625}"
554a6410b799,2026-09-24T19:53:57,zaki,scheme_order,paper_barrier,call,milstein,weak_terminal_mean,{'fine_steps': 512},65536,16,15,3009025886,zaki-rehnoom_x86_64,-0.00277822793910919,0.00017996806413820985,-0.0031309653448200812,-0.002425490533398299,-0.0028944951184826095,0.00011626717937341952,0.024373771000227862,"{""dt"": 0.0625}"
46b7486295e8,2026-09-24T19:53:57,zaki,scheme_order,paper_barrier,call,milstein,weak_call,{'fine_steps': 512},65536,16,15,3009025886,zaki-rehnoom_x86_64,-0.016136918786991326,0.00012859462662066182,-0.016388964255167823,-0.01588487331881483,,,0.024373771000227862,"{""dt"": 0.0625}"
2601e4d1a3f9,2026-09-24T19:53:57,zaki,scheme_order,paper_barrier,call,milstein,weak_barrier,{'fine_steps': 512},65536,16,15,3009025886,zaki-rehnoom_x86_64,-0.016229559249691758,0.00019974541815279687,-0.01662106026927124,-0.015838058230112275,,,0.024373771000227862,"{""dt"": 0.0625}"
32a3eaebbf6e,2026-09-24T19:53:57,zaki,scheme_order,paper_barrier,call,exact,price_call,{'fine_steps': 512},65536,32,15,3009025886,zaki-rehnoom_x86_64,7.096104574663625,0.048989023733144864,7.000086088146661,7.192123061180588,,,0.04410524099967006,"{""dt"": 0.03125}"
86ade362d91a,2026-09-24T19:53:57,zaki,scheme_order,paper_barrier,call,exact,price_barrier,{'fine_steps': 512},65536,32,15,3009025886,zaki-rehnoom_x86_64,7.036147870068756,0.04908972225933895,6.939932014440452,7.1323637256970605,,,0.04410524099967006,"{""dt"": 0.03125}"
f9fe38992609,2026-09-24T19:53:57,zaki,scheme_order,paper_barrier,call,euler_maruyama,strong_abs_terminal,{'fine_steps': 512},65536,32,15,3009025886,zaki-rehnoom_x86_64,0.407080293783959,0.0012918398819265818,0.4045482876153829,0.40961229995253506,,,0.03354974100011532,"{""dt"": 0.03125}"
9c05b58fa6a4,2026-09-24T19:53:57,zaki,scheme_order,paper_barrier,call,euler_maruyama,weak_terminal_mean,{'fine_steps': 512},65536,32,15,3009025886,zaki-rehnoom_x86_64,-0.004288513117746574,0.002048709051987722,-0.008303982859642508,-0.00027304337585063853,-0.0014481614756078898,0.002840351642138684,0.03354974100011532,"{""dt"": 0.03125}"
46c0dc7a43ed,2026-09-24T19:53:57,zaki,scheme_order,paper_barrier,call,euler_maruyama,weak_call,{'fine_steps': 512},65536,32,15,3009025886,zaki-rehnoom_x86_64,-0.008035563428017263,0.00151178247581503,-0.010998657080614722,-0.005072469775419804,,,0.03354974100011532,"{""dt"": 0.03125}"
e6e27138fcf9,2026-09-24T19:53:57,zaki,scheme_order,paper_barrier,call,euler_maruyama,weak_barrier,{'fine_steps': 512},65536,32,15,3009025886,zaki-rehnoom_x86_64,-0.009888546094640259,0.0017141274886845266,-0.013248235972461931,-0.006528856216818587,,,0.03354974100011532,"{""dt"": 0.03125}"
bab473daa41c,2026-09-24T19:53:57,zaki,scheme_order,paper_barrier,call,milstein,strong_abs_terminal,{'fine_steps': 512},65536,32,15,3009025886,zaki-rehnoom_x86_64,0.01718774927236299,6.060846958286249e-05,0.01706895667198058,0.0173065418727454,,,0.04671332100042491,"{""dt"": 0.03125}"
84f3fd3855fd,2026-09-24T19:53:57,zaki,scheme_order,paper_barrier,call,milstein,weak_terminal_mean,{'fine_steps': 512},65536,32,15,3009025886,zaki-rehnoom_x86_64,-0.0013534744541013484,9.029526279107689e-05,-0.0015304531691718592,-0.0011764957390308377,-0.0014481614756078898,9.468702150654132e-05,0.04671332100042491,"{""dt"": 0.03125}"
4510cd8460a7,2026-09-24T19:53:57,zaki,scheme_order,paper_barrier,call,milstein,weak_call,{'fine_steps': 512},65536,32,15,3009025886,zaki-rehnoom_x86_64,-0.008109111237315291,6.473998124141653e-05,-0.008236001600548468,-0.007982220874082114,,,0.04671332100042491,"{""dt"": 0.03125}"
82e6bd97e675,2026-09-24T19:53:57,zaki,scheme_order,paper_barrier,call,milstein,weak_barrier,{'fine_steps': 512},65536,32,15,3009025886,zaki-rehnoom_x86_64,-0.008075919016163597,0.00014645297070719842,-0.008362966838749706,-0.007788871193577488,,,0.04671332100042491,"{""dt"": 0.03125}"
e5531fd43801,2026-09-24T19:53:57,zaki,scheme_order,paper_barrier,call,exact,price_call,{'fine_steps': 512},65536,64,15,3009025886,zaki-rehnoom_x86_64,7.096104574663621,0.04898902373314485,7.000086088146658,7.192123061180585,,,0.08446484100022644,"{""dt"": 0.015625}"
5fe20a37a0a0,2026-09-24T19:53:57,zaki,scheme_order,paper_barrier,call,exact,price_barrier,{'fine_steps': 512},65536,64,15,3009025886,zaki-rehnoom_x86_64,7.047059960272784,0.04907212200261531,6.950878601147658,7.14324131939791,,,0.08446484100022644,"{""dt"": 0.015625}"
e81f8a8d8818,2026-09-24T19:53:57,zaki,scheme_order,paper_barrier,call,euler_maruyama,strong_abs_terminal,{'fine_steps': 512},65536,64,15,3009025886,zaki-rehnoom_x86_64,0.2882169659665538,0.0009029510482136129,0.2864471819120551,0.28998675002105245,,,0.06502298899931702,"{""dt"": 0.015625}"
c8758b93b1df,2026-09-24T19:53:57,zaki,scheme_order,paper_barrier,call,euler_maruyama,weak_terminal_mean,{'fine_steps': 512},65536,64,15,3009025886,zaki-rehnoom_x86_64,-0.00147345453638886,0.00144320457806104,-0.004302135509388499,0.0013552264366107783,-0.0007243094598123889,0.0007491450765764712,0.06502298899931702,"{""dt"": 0.015625}"
8140252b3c8a,2026-09-24T19:53:57,zaki,scheme_order,paper_barrier,call,euler_maruyama,weak_call,{'fine_steps': 512},65536,64,15,3009025886,zaki-rehnoom_x86_64,-0.004232289070410933,0.0010657578608818017,-0.0063211744777392645,-0.002143403663082602,,,0.06502298899931702,"{""dt"": 0.015625}"
cb98ccaf03e6,2026-09-24T19:53:57,zaki,scheme_order,paper_barrier,call,euler_maruyama,weak_barrier,{'fine_steps': 512},65536,64,15,3009025886,zaki-rehnoom_x86_64,-0.00464983735301335,0.0012256495547095948,-0.0070521104802441555,-0.002247564225782544,,,0.06502298899931702,"{""dt"": 0.015625}"
792d8bab44e2,2026-09-24T19:53:57,zaki,scheme_order,paper_barrier,call,milstein,strong_abs_terminal,{'fine_steps': 512},65536,64,15,3009025886,zaki-rehnoom_x86_64,0.008696734849568837,2.9845283504741726e-05,0.008638238093899542,0.008755231605238131,,,0.0998466710007051,"{""dt"": 0.015625}"
5d6983ea79c4,2026-09-24T19:53:57,zaki,scheme_order,paper_barrier,call,milstein,weak_terminal_mean,{'fine_steps': 512},65536,64,15,3009025886,zaki-rehnoom_x86_64,-0.0007036177500184405,4.513618451073146e-05,-0.0007920846716594741,-0.0006151508283774069,-0.0007243094598123889,2.0691709793948425e-05,0.0998466710007051,"{""dt"": 0.015625}"
f17ce0d9a485,2026-09-24T19:53:57,zaki,scheme_order,paper_barrier,call,milstein,weak_call,{'fine_steps': 512},65536,64,15,3009025886,zaki-rehnoom_x86_64,-0.004083986835528661,3.243253618248457e-05,-0.004147554606446331,-0.004020419064610992,,,0.0998466710007051,"{""dt"": 0.015625}"
629c999c302c,2026-09-24T19:53:57,zaki,scheme_order,paper_barrier,call,milstein,weak_barrier,{'fine_steps': 512},65536,64,15,3009025886,zaki-rehnoom_x86_64,-0.004076432623954346,4.5405657270992423e-05,-0.004165427712205491,-0.003987437535703201,,,0.0998466710007051,"{""dt"": 0.015625}"
fc71a0b8b235,2026-09-24T19:53:57,zaki,scheme_order,paper_barrier,call,exact,price_call,{'fine_steps': 512},65536,128,15,3009025886,zaki-rehnoom_x86_64,7.096104574663621,0.04898902373314486,7.000086088146658,7.192123061180585,,,0.15994985000043016,"{""dt"": 0.0078125}"
d3d186b7f926,2026-09-24T19:53:57,zaki,scheme_order,paper_barrier,call,exact,price_barrier,{'fine_steps': 512},65536,128,15,3009025886,zaki-rehnoom_x86_64,7.055498454371941,0.04905862494769579,6.9593435494744575,7.1516533592694245,,,0.15994985000043016,"{""dt"": 0.0078125}"
a76ccbe602a9,2026-09-24T19:53:57,zaki,scheme_order,paper_barrier,call,euler_maruyama,strong_abs_terminal,{'fine_steps': 512},65536,128,15,3009025886,zaki-rehnoom_x86_64,0.20408292546451384,0.0006384139720884056,0.20283163407922056,0.20533421684980713,,,0.12885568299952865,"{""dt"": 0.0078125}"
6bd1a3ab8a83,2026-09-24T19:53:57,zaki,scheme_order,paper_barrier,call,euler_maruyama,weak_terminal_mean,{'fine_steps': 512},65536,128,15,3009025886,zaki-rehnoom_x86_64,-0.0012364298960322174,0.0010213152794604189,-0.003238207843774638,0.0007653480517102033,-0.00036221194078223107,0.0008742179552499864,0.12885568299952865,"{""dt"": 0.0078125}"
d673a02f7b15,2026-09-24T19:53:57,zaki,scheme_order,paper_barrier,call,euler_maruyama,weak_call,{'fine_steps': 512},65536,128,15,3009025886,zaki-rehnoom_x86_64,-0.001609184427918115,0.0007535640714519665,-0.0030861700079639694,-0.00013219884787226072,,,0.12885568299952865,"{""dt"": 0.0078125}"
278b4babb799,2026-09-24T19:53:57,zaki,scheme_order,paper_barrier,call,euler_maruyama,weak_barrier,{'fine_steps': 512},65536,128,15,3009025886,zaki-rehnoom_x86_64,-0.0017970065923865145,0.0009285191760393408,-0.0036169041774236224,2.289099265059347e-05,,,0.12885568299952865,"{""dt"": 0.0078125}"
d652fe326beb,2026-09-24T19:53:57,zaki,scheme_order,paper_barrier,call,milstein,strong_abs_terminal,{'fine_steps': 512},65536,128,15,3009025886,zaki-rehnoom_x86_64,0.004369581349411339,1.4718910928867934e-05,0.004340732283990758,0.004398430414831921,,,0.19173666899996533,"{""dt"": 0.0078125}"
d48a09f5c9fc,2026-09-24T19:53:57,zaki,scheme_order,paper_barrier,call,milstein,weak_terminal_mean,{'fine_steps': 512},65536,128,15,3009025886,zaki-rehnoom_x86_64,-0.00033970984301570867,2.2499546451041727e-05,-0.00038380895405975044,-0.0002956107319716669,-0.00036221194078223107,2.25020977665224e-05,0.19173666899996533,"{""dt"": 0.0078125}"
5d177525f63b,2026-09-24T19:53:57,zaki,scheme_order,paper_barrier,call,milstein,weak_call,{'fine_steps': 512},65536,128,15,3009025886,zaki-rehnoom_x86_64,-0.0020346741133549333,1.6146799251892172e-05,-0.002066321839888642,-0.0020030263868212246,,,0.19173666899996533,"{""dt"": 0.0078125}"
a519eae1e0a1,2026-09-24T19:53:57,zaki,scheme_order,paper_barrier,call,milstein,weak_barrier,{'fine_steps': 512},65536,128,15,3009025886,zaki-rehnoom_x86_64,-0.0019766631297636226,8.14339226927976e-05,-0.002136273618241506,-0.0018170526412857393,,,0.19173666899996533,"{""dt"": 0.0078125}"
32b54d6fca4a,2026-09-24T19:53:57,zaki,scheme_order,paper_barrier,call,exact,price_call,{'fine_steps': 512},65536,256,15,3009025886,zaki-rehnoom_x86_64,7.096104574663618,0.048989023733144836,7.000086088146655,7.192123061180582,,,0.3115009189991724,"{""dt"": 0.00390625}"
2ccdbda8d61e,2026-09-24T19:53:57,zaki,scheme_order,paper_barrier,call,exact,price_barrier,{'fine_steps': 512},65536,256,15,3009025886,zaki-rehnoom_x86_64,7.061103625236178,0.04904957343603984,6.96496646130154,7.157240789170816,,,0.3115009189991724,"{""dt"": 0.00390625}"
f64d20281825,2026-09-24T19:53:57,zaki,scheme_order,paper_barrier,call,euler_maruyama,strong_abs_terminal,{'fine_steps': 512},65536,256,15,3009025886,zaki-rehnoom_x86_64,0.14442079298653265,0.00045270097952283833,0.1435334990666679,0.1453080869063974,,,0.25403894400051286,"{""dt"": 0.00390625}"
2f73a56eed61,2026-09-24T19:53:57,zaki,scheme_order,paper_barrier,call,euler_maruyama,weak_terminal_mean,{'fine_steps': 512},65536,256,15,3009025886,zaki-rehnoom_x86_64,-0.00020811184269777612,0.0007233260067531741,-0.0016258308159339974,0.0012096071305384452,-0.0001811202798052136,2.6991562892562503e-05,0.25403894400051286,"{""dt"": 0.00390625}"
3d378cef7a27,2026-09-24T19:53:57,zaki,scheme_order,paper_barrier,call,euler_maruyama,weak_call,{'fine_steps': 512},65536,256,15,3009025886,zaki-rehnoom_x86_64,-0.00067568292496605,0.0005344458200446855,-0.0017231967322536334,0.0003718308823215335,,,0.25403894400051286,"{""dt"": 0.00390625}"
e77cbcb1ecac,2026-09-24T19:53:57,zaki,scheme_order,paper_barrier,call,euler_maruyama,weak_barrier,{'fine_steps': 512},65536,256,15,3009025886,zaki-rehnoom_x86_64,-0.0013097769974682928,0.0006765558000421118,-0.0026358263655508318,1.6272370614246225e-05,,,0.25403894400051286,"{""dt"": 0.00390625}"
d9fb109cf7a2,2026-09-24T19:53:57,zaki,scheme_order,paper_barrier,call,milstein,strong_abs_terminal,{'fine_steps': 512},65536,256,15,3009025886,zaki-rehnoom_x86_64,0.002196078053014439,7.324154371905237e-06,0.0021817227104455046,0.0022104333955833733,,,0.3563623889995142,"{""dt"": 0.00390625}"
44f287e4c757,2026-09-24T19:53:57,zaki,scheme_order,paper_barrier,call,milstein,weak_terminal_mean,{'fine_steps': 512},65536,256,15,3009025886,zaki-rehnoom_x86_64,-0.00016880253589015616,1.1260507294725044e-05,-0.00019087313018781725,-0.00014673194159249507,-0.0001811202798052136,1.2317743915057455e-05,0.3563623889995142,"{""dt"": 0.00390625}"
8d34df4c9eca,2026-09-24T19:53:57,zaki,scheme_order,paper_barrier,call,milstein,weak_call,{'fine_steps': 512},65536,256,15,3009025886,zaki-rehnoom_x86_64,-0.001019843086383287,8.071028282985574e-06,-0.0010356623018179386,-0.0010040238709486352,,,0.3563623889995142,"{""dt"": 0.00390625}"
58781345b754,2026-09-24T19:53:57,zaki,scheme_order,paper_barrier,call,milstein,weak_barrier,{'fine_steps': 512},65536,256,15,3009025886,zaki-rehnoom_x86_64,-0.0010128500683914319,8.054900349350883e-06,-0.0010286376730761597,-0.000997062463706704,,,0.3563623889995142,"{""dt"": 0.00390625}"
cad6d76d71a0,2026-09-24T19:53:57,zaki,scheme_order,paper_barrier,call,exact,price_call,{'fine_steps': 512},65536,512,15,3009025886,zaki-rehnoom_x86_64,7.096104574663618,0.04898902373314484,7.000086088146655,7.192123061180582,,,0.6214389249994383,"{""dt"": 0.001953125}"
a2f0f84af798,2026-09-24T19:53:57,zaki,scheme_order,paper_barrier,call,exact,price_barrier,{'fine_steps': 512},65536,512,15,3009025886,zaki-rehnoom_x86_64,7.064925926274279,0.04904326955573093,6.968801117945047,7.161050734603512,,,0.6214389249994383,"{""dt"": 0.001953125}"
2de991ea50f2,2026-09-24T19:53:57,zaki,scheme_order,paper_barrier,call,euler_maruyama,strong_abs_terminal,{'fine_steps': 512},65536,512,15,3009025886,zaki-rehnoom_x86_64,0.10282790191460281,0.000321620107585015,0.10219752650373617,0.10345827732546944,,,0.524126219000209,"{""dt"": 0.001953125}"
a2ff995778ba,2026-09-24T19:53:57,zaki,scheme_order,paper_barrier,call,euler_maruyama,weak_terminal_mean,{'fine_steps': 512},65536,512,15,3009025886,zaki-rehnoom_x86_64,-0.00069206440124486,0.0005145625661716625,-0.0017006070309413183,0.0003164782284515985,-9.056371841609234e-05,0.0006015006828287676,0.524126219000209,"{""dt"": 0.001953125}"
87233c322571,2026-09-24T19:53:57,zaki,scheme_order,paper_barrier,call,euler_maruyama,weak_call,{'fine_steps': 512},65536,512,15,3009025886,zaki-rehnoom_x86_64,-0.0007367645652415478,0.0003804509462871125,-0.001482448419964288,8.919289481192625e-06,,,0.524126219000209,"{""dt"": 0.001953125}"
a70f4bd47f25,2026-09-24T19:53:57,zaki,scheme_order,paper_barrier,call,euler_maruyama,weak_barrier,{'fine_steps': 512},65536,512,15,3009025886,zaki-rehnoom_x86_64,-0.0006681690621080439,0.0004763431850110159,-0.001601801704729635,0.00026546358051354724,,,0.524126219000209,"{""dt"": 0.001953125}"
0631fd4c11ec,2026-09-24T19:53:57,zaki,scheme_order,paper_barrier,call,milstein,strong_abs_terminal,{'fine_steps': 512},65536,512,15,3009025886,zaki-rehnoom_x86_64,0.001097981480749197,3.6454608560577447e-06,0.001090836377471324,0.00110512658402707,,,0.7705530470007034,"{""dt"": 0.001953125}"
9b1bb5ccff9d,2026-09-24T19:53:57,zaki,scheme_order,paper_barrier,call,milstein,weak_terminal_mean,{'fine_steps': 512},65536,512,15,3009025886,zaki-rehnoom_x86_64,-8.038544040363607e-05,5.62018692721852e-06,-9.140100678098437e-05,-6.936987402628777e-05,-9.056371841609234e-05,1.0178278012456274e-05,0.7705530470007034,"{""dt"": 0.001953125}"
ffc5d67b01f6,2026-09-24T19:53:57,zaki,scheme_order,paper_barrier,call,milstein,weak_call,{'fine_steps': 512},65536,512,15,3009025886,zaki-rehnoom_x86_64,-0.000507003424967492,4.027940631437474e-06,-0.0005148981886051095,-0.0004991086613298745,,,0.7705530470007034,"{""dt"": 0.001953125}"
a13f4ef19e3f,2026-09-24T19:53:57,zaki,scheme_order,paper_barrier,call,milstein,weak_barrier,{'fine_steps': 512},65536,512,15,3009025886,zaki-rehnoom_x86_64,-0.0005040534683953749,4.021361564303367e-06,-0.0005119353370614094,-0.0004961715997293403,,,0.7705530470007034,"{""dt"": 0.001953125}"
1d06f51a3957,2026-09-24T19:54:04,zaki,scheme_order,paper_barrier,call,exact,price_call,{'fine_steps': 512},65536,4,16,1607124135,zaki-rehnoom_x86_64,7.086231163015809,0.04887302423949243,6.990440035506404,7.182022290525214,,,0.014291470999523881,"{""dt"": 0.25}"
061b682eda73,2026-09-24T19:54:04,zaki,scheme_order,paper_barrier,call,exact,price_barrier,{'fine_steps': 512},65536,4,16,1607124135,zaki-rehnoom_x86_64,6.947047173572596,0.04910005581287659,6.850811064179358,7.043283282965834,,,0.014291470999523881,"{""dt"": 0.25}"
f9511ca5daca,2026-09-24T19:54:04,zaki,scheme_order,paper_barrier,call,euler_maruyama,strong_abs_terminal,{'fine_steps': 512},65536,4,16,1607124135,zaki-rehnoom_x86_64,1.107557239072571,0.003852867959606775,1.1000056178717417,1.1151088602734003,,,0.01133581400017647,"{""dt"": 0.25}"
e1b9fb2f0424,2026-09-24T19:54:04,zaki,scheme_order,paper_barrier,call,euler_maruyama,weak_terminal_mean,{'fine_steps': 512},65536,4,16,1607124135,zaki-rehnoom_x86_64,-0.008265448191964187,0.005793231601474863,-0.019620182130854917,0.003089285746926544,-0.011534328945430161,0.0032688807534659737,0.01133581400017647,"{""dt"": 0.25}"
3f2c1fc1dd8b,2026-09-24T19:54:04,zaki,scheme_order,paper_barrier,call,euler_maruyama,weak_call,{'fine_steps': 512},65536,4,16,1607124135,zaki-rehnoom_x86_64,-0.04859364420165702,0.004182624838721491,-0.05679158888555114,-0.0403956995177629,,,0.01133581400017647,"{""dt"": 0.25}"
ac570d5ff433,2026-09-24T19:54:04,zaki,scheme_order,paper_barrier,call,euler_maruyama,weak_barrier,{'fine_steps': 512},65536,4,16,1607124135,zaki-rehnoom_x86_64,-0.053166182985876054,0.004712612241386891,-0.06240290297899436,-0.043929462992757747,,,0.01133581400017647,"{""dt"": 0.25}"
aaccc22d1881,2026-09-24T19:54:04,zaki,scheme_order,paper_barrier,call,milstein,strong_abs_terminal,{'fine_steps': 512},65536,4,16,1607124135,zaki-rehnoom_x86_64,0.12004190804062884,0.0005292939667720823,0.11900449186575555,0.12107932421550212,,,0.009091891000025498,"{""dt"": 0.25}"
21c548e659e4,2026-09-24T19:54:04,zaki,scheme_order,paper_barrier,call,milstein,weak_terminal_mean,{'fine_steps': 512},65536,4,16,1607124135,zaki-rehnoom_x86_64,-0.01026019901758434,0.0007059951675569739,-0.011643949545996008,-0.008876448489172671,-0.011534328945430161,0.0012741299278458216,0.009091891000025498,"{""dt"": 0.25}"
f584b4c67464,2026-09-24T19:54:04,zaki,scheme_order,paper_barrier,call,milstein,weak_call,{'fine_steps': 512},65536,4,16,1607124135,zaki-rehnoom_x86_64,-0.060813847420312,0.0004982858976494496,-0.06179048777970492,-0.05983720706091908,,,0.009091891000025498,"{""dt"": 0.25}"
c338bd1b5a6e,2026-09-24T19:54:04,zaki,scheme_order,paper_barrier,call,milstein,weak_barrier,{'fine_steps': 512},65536,4,16,1607124135,zaki-rehnoom_x86_64,-0.06293132257291173,0.0007239463557157929,-0.06435025743011469,-0.06151238771570878,,,0.009091891000025498,"{""dt"": 0.25}"
b581c78abb71,2026-09-24T19:54:04,zaki,scheme_order,paper_barrier,call,exact,price_call,{'fine_steps': 512},65536,8,16,1607124135,zaki-rehnoom_x86_64,7.086231163015811,0.048873024239492434,6.990440035506406,7.182022290525216,,,0.020103168000332516,"{""dt"": 0.125}"
e7aeab986631,2026-09-24T19:54:04,zaki,scheme_order,paper_barrier,call,exact,price_barrier,{'fine_steps': 512},65536,8,16,1607124135,zaki-rehnoom_x86_64,6.985518283362884,0.049039269621436433,6.889401314904869,7.0816352518209,,,0.020103168000332516,"{""dt"": 0.125}"
1fc06507ee8c,2026-09-24T19:54:04,zaki,scheme_order,paper_barrier,call,euler_maruyama,strong_abs_terminal,{'fine_steps': 512},65536,8,16,1607124135,zaki-rehnoom_x86_64,0.8002132426878362,0.0026324606249541653,0.7950536198629261,0.8053728655127463,,,0.011282535000646021,"{""dt"": 0.125}"
732a5e019360,2026-09-24T19:54:04,zaki,scheme_order,paper_barrier,call,euler_maruyama,weak_terminal_mean,{'fine_steps': 512},65536,8,16,1607124135,zaki-rehnoom_x86_64,-0.003358476589167335,0.004086643823158081,-0.011368298482557174,0.0046513453042225025,-0.005781694413798277,0.002423217824630942,0.011282535000646021,"{""dt"": 0.125}"
36f3218c7d41,2026-09-24T19:54:04,zaki,scheme_order,paper_barrier,call,euler_maruyama,weak_call,{'fine_steps': 512},65536,8,16,1607124135,zaki-rehnoom_x86_64,-0.021852126435448545,0.002971970436723878,-0.027677188491427345,-0.016027064379469744,,,0.011282535000646021,"{""dt"": 0.125}"
e71879239eda,2026-09-24T19:54:04,zaki,scheme_order,paper_barrier,call,euler_maruyama,weak_barrier,{'fine_steps': 512},65536,8,16,1607124135,zaki-rehnoom_x86_64,-0.023715939922197594,0.0033581594146982145,-0.030297932375006095,-0.017133947469389094,,,0.011282535000646021,"{""dt"": 0.125}"
550a8e02c745,2026-09-24T19:54:04,zaki,scheme_order,paper_barrier,call,milstein,strong_abs_terminal,{'fine_steps': 512},65536,8,16,1607124135,zaki-rehnoom_x86_64,0.0641664071669032,0.0002540359985965347,0.06366849660965399,0.0646643177241524,,,0.013707278999845585,"{""dt"": 0.125}"
eed68827e565,2026-09-24T19:54:04,zaki,scheme_order,paper_barrier,call,milstein,weak_terminal_mean,{'fine_steps': 512},65536,8,16,1607124135,zaki-rehnoom_x86_64,-0.004962663330719964,0.00035634938496304473,-0.005661108125247532,-0.004264218536192397,-0.005781694413798277,0.0008190310830783129,0.013707278999845585,"{""dt"": 0.125}"
4371715d70af,2026-09-24T19:54:04,zaki,scheme_order,paper_barrier,call,milstein,weak_call,{'fine_steps': 512},65536,8,16,1607124135,zaki-rehnoom_x86_64,-0.03126779649236696,0.00025234993614187145,-0.031762402367205025,-0.03077319061752889,,,0.013707278999845585,"{""dt"": 0.125}"
a165afedafc1,2026-09-24T19:54:04,zaki,scheme_order,paper_barrier,call,milstein,weak_barrier,{'fine_steps': 512},65536,8,16,1607124135,zaki-rehnoom_x86_64,-0.03173536228337932,0.00040803852795452884,-0.0325351177981702,-0.030935606768588447,,,0.013707278999845585,"{""dt"": 0.125}"
bd2d84721d81,2026-09-24T19:54:04,zaki,scheme_order,paper_barrier,call,exact,price_call,{'fine_steps': 512},65536,16,16,1607124135,zaki-rehnoom_x86_64,7.086231163015809,0.04887302423949243,6.990440035506404,7.182022290525214,,,0.028689149000456382,"{""dt"": 0.0625}"
421906465365,2026-09-24T19:54:04,zaki,scheme_order,paper_barrier,call,exact,price_barrier,{'fine_steps': 512},65536,16,16,1607124135,zaki-rehnoom_x86_64,7.011510898081357,0.04899771054562339,6.915475385411935,7.107546410750779,,,0.028689149000456382,"{""dt"": 0.0625}"
d6866c35bb02,2026-09-24T19:54:04,zaki,scheme_order,paper_barrier,call,euler_maruyama,strong_abs_terminal,{'fine_steps': 512},65536,16,16,1607124135,zaki-rehnoom_x86_64,0.5734147356547894,0.001835437004923573,0.5698172791251392,0.5770121921844396,,,0.01704481900014798,"{""dt"": 0.0625}"
c1ae4dfadd8a,2026-09-24T19:54:04,zaki,scheme_order,paper_barrier,call,euler_maruyama,weak_terminal_mean,{'fine_steps': 512},65536,16,16,1607124135,zaki-rehnoom_x86_64,-2.562390501578693e-05,0.0028958700643579105,-0.0057015292311572915,0.005650281421125718,-0.0028944951184826095,0.0028688712134668226,0.01704481900014798,"{""dt"": 0.0625}"
34d7b55f090e,2026-09-24T19:54:04,zaki,scheme_order,paper_barrier,call,euler_maruyama,weak_call,{'fine_steps': 512},65536,16,16,1607124135,zaki-rehnoom_x86_64,-0.010064999309600215,0.002129028618224783,-0.01423789540132079,-0.005892103217879641,,,0.01704481900014798,"{""dt"": 0.0625}"
047459f456b6,2026-09-24T19:54:04,zaki,scheme_order,paper_barrier,call,euler_maruyama,weak_barrier,{'fine_steps': 512},65536,16,16,1607124135,zaki-rehnoom_x86_64,-0.012509929934624643,0.002445721168712695,-0.017303543425301524,-0.0077163164439477605,,,0.01704481900014798,"{""dt"": 0.0625}"
4588d7b00966,2026-09-24T19:54:04,zaki,scheme_order,paper_barrier,call,milstein,strong_abs_terminal,{'fine_steps': 512},65536,16,16,1607124135,zaki-rehnoom_x86_64,0.03336186443380212,0.0001228776795921833,0.03312102418180144,0.033602704685802794,,,0.023931353000534727,"{""dt"": 0.0625}"
5716def971a9,2026-09-24T19:54:04,zaki,scheme_order,paper_barrier,call,milstein,weak_terminal_mean,{'fine_steps': 512},65536,16,16,1607124135,zaki-rehnoom_x86_64,-0.0026071271600178027,0.0001788259260708969,-0.0029576259751167605,-0.002256628344918845,-0.0028944951184826095,0.00028736795846480683,0.023931353000534727,"{""dt"": 0.0625}"
e19672dc4e39,2026-09-24T19:54:04,zaki,scheme_order,paper_barrier,call,milstein,weak_call,{'fine_steps': 512},65536,16,16,1607124135,zaki-rehnoom_x86_64,-0.01594064492290102,0.00012733994486946925,-0.01619023121484518,-0.01569105863095686,,,0.023931353000534727,"{""dt"": 0.0625}"
d56873a31733,2026-09-24T19:54:04,zaki,scheme_order,paper_barrier,call,milstein,weak_barrier,{'fine_steps': 512},65536,16,16,1607124135,zaki-rehnoom_x86_64,-0.016602372535362925,0.0002871763426169875,-0.01716523816689222,-0.016039506903833628,,,0.023931353000534727,"{""dt"": 0.0625}"
00b09b3967e1,2026-09-24T19:54:04,zaki,scheme_order,paper_barrier,call,exact,price_call,{'fine_steps': 512},65536,32,16,1607124135,zaki-rehnoom_x86_64,7.086231163015811,0.04887302423949243,6.990440035506406,7.182022290525216,,,0.042134325999086286,"{""dt"": 0.03125}"
53510c09d994,2026-09-24T19:54:04,zaki,scheme_order,paper_barrier,call,exact,price_barrier,{'fine_steps': 512},65536,32,16,1607124135,zaki-rehnoom_x86_64,7.029850079921795,0.04896833744665365,6.933872138526354,7.125828021317236,,,0.042134325999086286,"{""dt"": 0.03125}"
7bc175744c3a,2026-09-24T19:54:04,zaki,scheme_order,paper_barrier,call,euler_maruyama,strong_abs_terminal,{'fine_steps': 512},65536,32,16,1607124135,zaki-rehnoom_x86_64,0.4074219931244328,0.001286491583448305,0.4049004696208741,0.40994351662799144,,,0.03336437099869727,"{""dt"": 0.03125}"
226749e60715,2026-09-24T19:54:04,zaki,scheme_order,paper_barrier,call,euler_maruyama,weak_terminal_mean,{'fine_steps': 512},65536,32,16,1607124135,zaki-rehnoom_x86_64,0.0017623380759944167,0.0020464357181279435,-0.002248675931536352,0.005773352083525186,-0.0014481614756078898,0.0032104995516023067,0.03336437099869727,"{""dt"": 0.03125}"
1115c05f1e87,2026-09-24T19:54:04,zaki,scheme_order,paper_barrier,call,euler_maruyama,weak_call,{'fine_steps': 512},65536,32,16,1607124135,zaki-rehnoom_x86_64,-0.003742814790987156,0.0015138263897630855,-0.006709914514922803,-0.0007757150670515086,,,0.03336437099869727,"{""dt"": 0.03125}"
2049d86fcb15,2026-09-24T19:54:04,zaki,scheme_order,paper_barrier,call,euler_maruyama,weak_barrier,{'fine_steps': 512},65536,32,16,1607124135,zaki-rehnoom_x86_64,-0.004648181288534125,0.001742002443502867,-0.008062506077799745,-0.0012338564992685056,,,0.03336437099869727,"{""dt"": 0.03125}"
f515890248f7,2026-09-24T19:54:04,zaki,scheme_order,paper_barrier,call,milstein,strong_abs_terminal,{'fine_steps': 512},65536,32,16,1607124135,zaki-rehnoom_x86_64,0.017081345434316875,5.992494096957075e-05,0.016963892550016516,0.017198798318617235,,,0.047405726999841136,"{""dt"": 0.03125}"
b54918531610,2026-09-24T19:54:04,zaki,scheme_order,paper_barrier,call,milstein,weak_terminal_mean,{'fine_steps': 512},65536,32,16,1607124135,zaki-rehnoom_x86_64,-0.0012527779788627086,8.955004799497171e-05,-0.0014282960729328532,-0.001077259884792564,-0.0014481614756078898,0.00019538349674518116,0.047405726999841136,"{""dt"": 0.03125}"
06a27a5c1bb1,2026-09-24T19:54:04,zaki,scheme_order,paper_barrier,call,milstein,weak_call,{'fine_steps': 512},65536,32,16,1607124135,zaki-rehnoom_x86_64,-0.008006634568180878,6.409751277558245e-05,-0.008132265693221018,-0.007881003443140737,,,0.047405726999841136,"{""dt"": 0.03125}"
f6baa6f6863c,2026-09-24T19:54:04,zaki,scheme_order,paper_barrier,call,milstein,weak_barrier,{'fine_steps': 512},65536,32,16,1607124135,zaki-rehnoom_x86_64,-0.007992293729604421,8.975403153299266e-05,-0.008168211631409086,-0.007816375827799756,,,0.047405726999841136,"{""dt"": 0.03125}"
9b418ccca798,2026-09-24T19:54:04,zaki,scheme_order,paper_barrier,call,exact,price_call,{'fine_steps': 512},65536,64,16,1607124135,zaki-rehnoom_x86_64,7.086231163015807,0.04887302423949241,6.990440035506402,7.182022290525212,,,0.07875125899909108,"{""dt"": 0.015625}"
35669abd0904,2026-09-24T19:54:04,zaki,scheme_order,paper_barrier,call,exact,price_barrier,{'fine_steps': 512},65536,64,16,1607124135,zaki-rehnoom_x86_64,7.040632374136842,0.04895081733650066,6.944688772157301,7.136575976116383,,,0.07875125899909108,"{""dt"": 0.015625}"
cf16c792f19c,2026-09-24T19:54:04,zaki,scheme_order,paper_barrier,call,euler_maruyama,strong_abs_terminal,{'fine_steps': 512},65536,64,16,1607124135,zaki-rehnoom_x86_64,0.288701152057696,0.0009029036205554666,0.28693146096140726,0.2904708431539847,,,0.06195768999896245,"{""dt"": 0.015625}"
19bcf80c502b,2026-09-24T19:54:04,zaki,scheme_order,paper_barrier,call,euler_maruyama,weak_terminal_mean,{'fine_steps': 512},65536,64,16,1607124135,zaki-rehnoom_x86_64,0.0013599460735211873,0.0014446525894502523,-0.0014715730018013073,0.004191465148843682,-0.0007243094598123889,0.0020842555333335762,0.06195768999896245,"{""dt"": 0.015625}"
dd7e6ee86ce2,2026-09-24T19:54:04,zaki,scheme_order,paper_barrier,call,euler_maruyama,weak_call,{'fine_steps': 512},65536,64,16,1607124135,zaki-rehnoom_x86_64,-0.0012836044376699916,0.0010670845430379905,-0.003375090142024453,0.0008078812666844695,,,0.06195768999896245,"{""dt"": 0.015625}"
a590e330dd37,2026-09-24T19:54:04,zaki,scheme_order,paper_barrier,call,euler_maruyama,weak_barrier,{'fine_steps': 512},65536,64,16,1607124135,zaki-rehnoom_x86_64,-0.0011807963619238598,0.0012850555119709513,-0.0036995051653869243,0.0013379124415392046,,,0.06195768999896245,"{""dt"": 0.015625}"
2834a04e86f9,2026-09-24T19:54:04,zaki,scheme_order,paper_barrier,call,milstein,strong_abs_terminal,{'fine_steps': 512},65536,64,16,1607124135,zaki-rehnoom_x86_64,0.008631776526274254,2.948736791322443e-05,0.008573981285164334,0.008689571767384174,,,0.08582834500020908,"{""dt"": 0.015625}"
af38b8bdf5e4,2026-09-24T19:54:04,zaki,scheme_order,paper_barrier,call,milstein,weak_terminal_mean,{'fine_steps': 512},65536,64,16,1607124135,zaki-rehnoom_x86_64,-0.0006468713960751677,4.4721722044927714e-05,-0.000734525971283226,-0.0005592168208671094,-0.0007243094598123889,7.743806373722122e-05,0.08582834500020908,"{""dt"": 0.015625}"
7fec2798fdbe,2026-09-24T19:54:04,zaki,scheme_order,paper_barrier,call,milstein,weak_call,{'fine_steps': 512},65536,64,16,1607124135,zaki-rehnoom_x86_64,-0.0040275003992775935,3.2001414943790395e-05,-0.004090223172567423,-0.003964777625987764,,,0.08582834500020908,"{""dt"": 0.015625}"
7cb10fc249be,2026-09-24T19:54:04,zaki,scheme_order,paper_barrier,call,milstein,weak_barrier,{'fine_steps': 512},65536,64,16,1607124135,zaki-rehnoom_x86_64,-0.003964186415902068,0.0001254350538131076,-0.004210039121375759,-0.0037183337104283766,,,0.08582834500020908,"{""dt"": 0.015625}"
d8be4673d1c5,2026-09-24T19:54:04,zaki,scheme_order,paper_barrier,call,exact,price_call,{'fine_steps': 512},65536,128,16,1607124135,zaki-rehnoom_x86_64,7.086231163015807,0.04887302423949242,6.990440035506402,7.182022290525212,,,0.15655926600038583,"{""dt"": 0.0078125}"
38d8e173bf1e,2026-09-24T19:54:04,zaki,scheme_order,paper_barrier,call,exact,price_barrier,{'fine_steps': 512},65536,128,16,1607124135,zaki-rehnoom_x86_64,7.048093816895328,0.04893866060072892,6.9521740421179,7.144013591672756,,,0.15655926600038583,"{""dt"": 0.0078125}"
6bb6b4d31992,2026-09-24T19:54:04,zaki,scheme_order,paper_barrier,call,euler_maruyama,strong_abs_terminal,{'fine_steps': 512},65536,128,16,1607124135,zaki-rehnoom_x86_64,0.20462219874770837,0.0006386500708773073,0.20337044460878886,0.20587395288662788,,,0.12085776000094484,"{""dt"": 0.0078125}"
236e65eed2cd,2026-09-24T19:54:04,zaki,scheme_order,paper_barrier,call,euler_maruyama,weak_terminal_mean,{'fine_steps': 512},65536,128,16,1607124135,zaki-rehnoom_x86_64,0.001631989860401875,0.0010230993332368836,-0.0003732848327424169,0.003637264553546167,-0.00036221194078223107,0.001994201801184106,0.12085776000094484,"{""dt"": 0.0078125}"
f60dd2598d43,2026-09-24T19:54:04,zaki,scheme_order,paper_barrier,call,euler_maruyama,weak_call,{'fine_steps': 512},65536,128,16,1607124135,zaki-rehnoom_x86_64,0.00020448996500882738,0.000756380948566917,-0.00127801669418233,0.0016869966241999847,,,0.12085776000094484,"{""dt"": 0.0078125}"
1551339bf6db,2026-09-24T19:54:04,zaki,scheme_order,paper_barrier,call,euler_maruyama,weak_barrier,{'fine_steps': 512},65536,128,16,1607124135,zaki-rehnoom_x86_64,0.0006774334832598083,0.0009312373359658421,-0.001147791695233242,0.0025026586617528587,,,0.12085776000094484,"{""dt"": 0.0078125}"
2188c4bc14f9,2026-09-24T19:54:04,zaki,scheme_order,paper_barrier,call,milstein,strong_abs_terminal,{'fine_steps': 512},65536,128,16,1607124135,zaki-rehnoom_x86_64,0.004330254747747255,1.4621149541983429e-05,0.004301597294644968,0.004358912200849542,,,0.18995446200005972,"{""dt"": 0.0078125}"
f0fdfc2576a0,2026-09-24T19:54:04,zaki,scheme_order,paper_barrier,call,milstein,weak_terminal_mean,{'fine_steps': 512},65536,128,16,1607124135,zaki-rehnoom_x86_64,-0.00032952642861876766,2.2321393597443197e-05,-0.0003732763600697563,-0.000285776497167779,-0.00036221194078223107,3.26855121634634e-05,0.18995446200005972,"{""dt"": 0.0078125}"
e0294916424f,2026-09-24T19:54:04,zaki,scheme_order,paper_barrier,call,milstein,weak_call,{'fine_steps': 512},65536,128,16,1607124135,zaki-rehnoom_x86_64,-0.00201164676259366,1.6007148977120948e-05,-0.0020430207745888167,-0.001980272750598503,,,0.18995446200005972,"{""dt"": 0.0078125}"
229ae89674ff,2026-09-24T19:54:04,zaki,scheme_order,paper_barrier,call,milstein,weak_barrier,{'fine_steps': 512},65536,128,16,1607124135,zaki-rehnoom_x86_64,-0.001997180824670887,1.5973056201564698e-05,-0.002028488014825954,-0.00196587363451582,,,0.18995446200005972,"{""dt"": 0.0078125}"
38d9a8e8ad34,2026-09-24T19:54:04,zaki,scheme_order,paper_barrier,call,exact,price_call,{'fine_steps': 512},65536,256,16,1607124135,zaki-rehnoom_x86_64,7.086231163015804,0.0488730242394924,6.990440035506399,7.182022290525209,,,0.3068572460001633,"{""dt"": 0.00390625}"
4244dbec46ea,2026-09-24T19:54:04,zaki,scheme_order,paper_barrier,call,exact,price_barrier,{'fine_steps': 512},65536,256,16,1607124135,zaki-rehnoom_x86_64,7.052836947337439,0.048930981649969486,6.9569322233034985,7.148741671371379,,,0.3068572460001633,"{""dt"": 0.00390625}"
7faf10bf5caf,2026-09-24T19:54:04,zaki,scheme_order,paper_barrier,call,euler_maruyama,strong_abs_terminal,{'fine_steps': 512},65536,256,16,1607124135,zaki-rehnoom_x86_64,0.14476309320539688,0.0004530394405829061,0.14387513590185438,0.14565105050893937,,,0.24023206400033814,"{""dt"": 0.00390625}"
1059b4c97227,2026-09-24T19:54:04,zaki,scheme_order,paper_barrier,call,euler_maruyama,weak_terminal_mean,{'fine_steps': 512},65536,256,16,1607124135,zaki-rehnoom_x86_64,0.0018811061390387072,0.000724544126614993,0.00046099965087332087,0.0033012126272040938,-0.0001811202798052136,0.002062226418843921,0.24023206400033814,"{""dt"": 0.00390625}"
eb6b4a056ce4,2026-09-24T19:54:04,zaki,scheme_order,paper_barrier,call,euler_maruyama,weak_call,{'fine_steps': 512},65536,256,16,1607124135,zaki-rehnoom_x86_64,0.0007701360043392846,0.0005363559719805274,-0.0002811217007425491,0.0018213937094211183,,,0.24023206400033814,"{""dt"": 0.00390625}"
c1783a017d35,2026-09-24T19:54:04,zaki,scheme_order,paper_barrier,call,euler_maruyama,weak_barrier,{'fine_steps': 512},65536,256,16,1607124135,zaki-rehnoom_x86_64,0.0010718027945342773,0.0006795779096116061,-0.0002601699083044707,0.002403775497373025,,,0.24023206400033814,"{""dt"": 0.00390625}"
fe7e872c665d,2026-09-24T19:54:04,zaki,scheme_order,paper_barrier,call,milstein,strong_abs_terminal,{'fine_steps': 512},65536,256,16,1607124135,zaki-rehnoom_x86_64,0.002180560101686824,7.335665693064158e-06,0.0021661821969284185,0.0021949380064452298,,,0.34418863699966096,"{""dt"": 0.00390625}"
be38b7de2d61,2026-09-24T19:54:04,zaki,scheme_order,paper_barrier,call,milstein,weak_terminal_mean,{'fine_steps': 512},65536,256,16,1607124135,zaki-rehnoom_x86_64,-0.00016905904188983453,1.1221858906313089e-05,-0.00019105388534620819,-0.00014706419843346088,-0.0001811202798052136,1.206123791537908e-05,0.34418863699966096,"{""dt"": 0.00390625}"
611e8968c4c7,2026-09-24T19:54:04,zaki,scheme_order,paper_barrier,call,milstein,weak_call,{'fine_steps': 512},65536,256,16,1607124135,zaki-rehnoom_x86_64,-0.0010113978719327131,8.075183421598254e-06,-0.0010272252314390458,-0.0009955705124263805,,,0.34418863699966096,"{""dt"": 0.00390625}"
0e684ead5890,2026-09-24T19:54:04,zaki,scheme_order,paper_barrier,call,milstein,weak_barrier,{'fine_steps': 512},65536,256,16,1607124135,zaki-rehnoom_x86_64,-0.001014295247552674,1.2420871328872472e-05,-0.0010386401553572641,-0.000989950339748084,,,0.34418863699966096,"{""dt"": 0.00390625}"
0acad0aa9564,2026-09-24T19:54:04,zaki,scheme_order,paper_barrier,call,exact,price_call,{'fine_steps': 512},65536,512,16,1607124135,zaki-rehnoom_x86_64,7.086231163015804,0.04887302423949241,6.990440035506399,7.182022290525209,,,0.6306773559999783,"{""dt"": 0.001953125}"
655d725030b9,2026-09-24T19:54:04,zaki,scheme_order,paper_barrier,call,exact,price_barrier,{'fine_steps': 512},65536,512,16,1607124135,zaki-rehnoom_x86_64,7.056303811328266,0.048925313230150126,6.960410197397171,7.15219742525936,,,0.6306773559999783,"{""dt"": 0.001953125}"
028338fda3d8,2026-09-24T19:54:04,zaki,scheme_order,paper_barrier,call,euler_maruyama,strong_abs_terminal,{'fine_steps': 512},65536,512,16,1607124135,zaki-rehnoom_x86_64,0.1023274628754079,0.00031918209291689493,0.1017018659732908,0.10295305977752502,,,0.5396631869994053,"{""dt"": 0.001953125}"
ae488000f6d1,2026-09-24T19:54:04,zaki,scheme_order,paper_barrier,call,euler_maruyama,weak_terminal_mean,{'fine_steps': 512},65536,512,16,1607124135,zaki-rehnoom_x86_64,0.0009598649856812769,0.0005115065878726931,-4.268792654920164e-05,0.0019624178979117555,-9.056371841609234e-05,0.0010504287040973693,0.5396631869994053,"{""dt"": 0.001953125}"
4f6de7ec331c,2026-09-24T19:54:04,zaki,scheme_order,paper_barrier,call,euler_maruyama,weak_call,{'fine_steps': 512},65536,512,16,1607124135,zaki-rehnoom_x86_64,0.00037839502853668724,0.0003784060346696071,-0.0003632807994157427,0.0011200708564891172,,,0.5396631869994053,"{""dt"": 0.001953125}"
7b8d9c3f17e0,2026-09-24T19:54:04,zaki,scheme_order,paper_barrier,call,euler_maruyama,weak_barrier,{'fine_steps': 512},65536,512,16,1607124135,zaki-rehnoom_x86_64,0.0008325968486145725,0.0005141274999000189,-0.00017509305118946453,0.0018402867484186096,,,0.5396631869994053,"{""dt"": 0.001953125}"
f1e9d223c6ca,2026-09-24T19:54:04,zaki,scheme_order,paper_barrier,call,milstein,strong_abs_terminal,{'fine_steps': 512},65536,512,16,1607124135,zaki-rehnoom_x86_64,0.001095304963067302,3.6517345474319302e-06,0.0010881475633543354,0.0011024623627802685,,,0.7625538909996976,"{""dt"": 0.001953125}"
ee2261511c60,2026-09-24T19:54:04,zaki,scheme_order,paper_barrier,call,milstein,weak_terminal_mean,{'fine_steps': 512},65536,512,16,1607124135,zaki-rehnoom_x86_64,-8.572908277480556e-05,5.615083309585713e-06,-9.673464606159356e-05,-7.472351948801755e-05,-9.056371841609234e-05,4.834635641286786e-06,0.7625538909996976,"{""dt"": 0.001953125}"
027ccc453613,2026-09-24T19:54:04,zaki,scheme_order,paper_barrier,call,milstein,weak_call,{'fine_steps': 512},65536,512,16,1607124135,zaki-rehnoom_x86_64,-0.0005082784423955502,4.035524424636623e-06,-0.000516188070267838,-0.0005003688145232625,,,0.7625538909996976,"{""dt"": 0.001953125}"
05482c1347f5,2026-09-24T19:54:04,zaki,scheme_order,paper_barrier,call,milstein,weak_barrier,{'fine_steps': 512},65536,512,16,1607124135,zaki-rehnoom_x86_64,-0.0005049297453243681,4.027537776378558e-06,-0.00051282371936607,-0.0004970357712826662,,,0.7625538909996976,"{""dt"": 0.001953125}"
8e7cff89e409,2026-09-24T19:54:11,zaki,scheme_order,paper_barrier,call,exact,price_call,{'fine_steps': 512},65536,4,17,3979822304,zaki-rehnoom_x86_64,7.115706973784593,0.048856295726245655,7.0199486341611514,7.211465313408034,,,0.020382636999784154,"{""dt"": 0.25}"
c18647797b4c,2026-09-24T19:54:11,zaki,scheme_order,paper_barrier,call,exact,price_barrier,{'fine_steps': 512},65536,4,17,3979822304,zaki-rehnoom_x86_64,6.973971270490126,0.04908877745706082,6.877757266674287,7.070185274305965,,,0.020382636999784154,"{""dt"": 0.25}"
20592b7b4703,2026-09-24T19:54:11,zaki,scheme_order,paper_barrier,call,euler_maruyama,strong_abs_terminal,{'fine_steps': 512},65536,4,17,3979822304,zaki-rehnoom_x86_64,1.1154560601396528,0.003869736018772045,1.1078713775428597,1.123040742736446,,,0.012986022999484703,"{""dt"": 0.25}"
9358c6b989db,2026-09-24T19:54:11,zaki,scheme_order,paper_barrier,call,euler_maruyama,weak_terminal_mean,{'fine_steps': 512},65536,4,17,3979822304,zaki-rehnoom_x86_64,-0.009100590292464059,0.005827479077894094,-0.020522449285136482,0.002321268700208365,-0.011534328945430161,0.0024337386529661026,0.012986022999484703,"{""dt"": 0.25}"
33f380a15692,2026-09-24T19:54:11,zaki,scheme_order,paper_barrier,call,euler_maruyama,weak_call,{'fine_steps': 512},65536,4,17,3979822304,zaki-rehnoom_x86_64,-0.050341569197763524,0.0042225175222823964,-0.05861770354143702,-0.04206543485409003,,,0.012986022999484703,"{""dt"": 0.25}"
0b544538c835,2026-09-24T19:54:11,zaki,scheme_order,paper_barrier,call,euler_maruyama,weak_barrier,{'fine_steps': 512},65536,4,17,3979822304,zaki-rehnoom_x86_64,-0.05295819473009331,0.004746704714727655,-0.06226173597095951,-0.04365465348922711,,,0.012986022999484703,"{""dt"": 0.25}"
4d530ee81bc9,2026-09-24T19:54:11,zaki,scheme_order,paper_barrier,call,milstein,strong_abs_terminal,{'fine_steps': 512},65536,4,17,3979822304,zaki-rehnoom_x86_64,0.1204639489941314,0.0005334190137288235,0.1194184477272229,0.1215094502610399,,,0.01028451199954361,"{""dt"": 0.25}"
5de636487ea4,2026-09-24T19:54:11,zaki,scheme_order,paper_barrier,call,milstein,weak_terminal_mean,{'fine_steps': 512},65536,4,17,3979822304,zaki-rehnoom_x86_64,-0.011140823389792005,0.0007099818190895718,-0.012532387755207566,-0.009749259024376445,-0.011534328945430161,0.00039350555563815587,0.01028451199954361,"{""dt"": 0.25}"
96cb8e2bf96a,2026-09-24T19:54:11,zaki,scheme_order,paper_barrier,call,milstein,weak_call,{'fine_steps': 512},65536,4,17,3979822304,zaki-rehnoom_x86_64,-0.06132324349324243,0.0005027744914039464,-0.06230868149639417,-0.0603378054900907,,,0.01028451199954361,"{""dt"": 0.25}"
91920e3182fc,2026-09-24T19:54:11,zaki,scheme_order,paper_barrier,call,milstein,weak_barrier,{'fine_steps': 512},65536,4,17,3979822304,zaki-rehnoom_x86_64,-0.06169558182054011,0.0006501555684926356,-0.06296988673478568,-0.06042127690629454,,,0.01028451199954361,"{""dt"": 0.25}"
b9e35f7ab25c,2026-09-24T19:54:11,zaki,scheme_order,paper_barrier,call,exact,price_call,{'fine_steps': 512},65536,8,17,3979822304,zaki-rehnoom_x86_64,7.1157069737845955,0.04885629572624567,7.019948634161154,7.211465313408037,,,0.018669501000658784,"{""dt"": 0.125}"
aa7a07cf69e5,2026-09-24T19:54:11,zaki,scheme_order,paper_barrier,call,exact,price_barrier,{'fine_steps': 512},65536,8,17,3979822304,zaki-rehnoom_x86_64,7.011516237520806,0.04902877093403732,6.915419846490093,7.107612628551519,,,0.018669501000658784,"{""dt"": 0.125}"
55faa8cc39e0,2026-09-24T19:54:11,zaki,scheme_order,paper_barrier,call,euler_maruyama,strong_abs_terminal,{'fine_steps': 512},65536,8,17,3979822304,zaki-rehnoom_x86_64,0.8024243174484684,0.002646911096612817,0.7972363716991073,0.8076122631978295,,,0.010563733000253706,"{""dt"": 0.125}"
f17349041257,2026-09-24T19:54:11,zaki,scheme_order,paper_barrier,call,euler_maruyama,weak_terminal_mean,{'fine_steps': 512},65536,8,17,3979822304,zaki-rehnoom_x86_64,-0.0041948861856536766,0.004102550654910731,-0.012235885469278708,0.003846113097971355,-0.005781694413798277,0.0015868082281446007,0.010563733000253706,"{""dt"": 0.125}"
4900e05ac3db,2026-09-24T19:54:11,zaki,scheme_order,paper_barrier,call,euler_maruyama,weak_call,{'fine_steps': 512},65536,8,17,3979822304,zaki-rehnoom_x86_64,-0.021755411448657593,0.0029947016974617214,-0.027625026775682567,-0.015885796121632618,,,0.010563733000253706,"{""dt"": 0.125}"
daab4396c366,2026-09-24T19:54:11,zaki,scheme_order,paper_barrier,call,euler_maruyama,weak_barrier,{'fine_steps': 512},65536,8,17,3979822304,zaki-rehnoom_x86_64,-0.022909570334683337,0.003365841443985543,-0.029506619564895,-0.016312521104471674,,,0.010563733000253706,"{""dt"": 0.125}"
b5c4c1bf4f2a,2026-09-24T19:54:11,zaki,scheme_order,paper_barrier,call,milstein,strong_abs_terminal,{'fine_steps': 512},65536,8,17,3979822304,zaki-rehnoom_x86_64,0.06424204833247917,0.0002554401678270586,0.06374138560353813,0.0647427110614202,,,0.014021076999142679,"{""dt"": 0.125}"
2b5cc0e77f78,2026-09-24T19:54:11,zaki,scheme_order,paper_barrier,call,milstein,weak_terminal_mean,{'fine_steps': 512},65536,8,17,3979822304,zaki-rehnoom_x86_64,-0.005753549501757231,0.00035737817562348726,-0.006454010725979267,-0.005053088277535196,-0.005781694413798277,2.8144912041045897e-05,0.014021076999142679,"{""dt"": 0.125}"
09d6bd746f36,2026-09-24T19:54:11,zaki,scheme_order,paper_barrier,call,milstein,weak_call,{'fine_steps': 512},65536,8,17,3979822304,zaki-rehnoom_x86_64,-0.03163929584176813,0.0002549973188517397,-0.032139090586717545,-0.031139501096818723,,,0.014021076999142679,"{""dt"": 0.125}"
7f32171124cf,2026-09-24T19:54:11,zaki,scheme_order,paper_barrier,call,milstein,weak_barrier,{'fine_steps': 512},65536,8,17,3979822304,zaki-rehnoom_x86_64,-0.03166439256131896,0.00038585587296854825,-0.032420670072337315,-0.030908115050300607,,,0.014021076999142679,"{""dt"": 0.125}"
28b43ae64ac0,2026-09-24T19:54:11,zaki,scheme_order,paper_barrier,call,exact,price_call,{'fine_steps': 512},65536,16,17,3979822304,zaki-rehnoom_x86_64,7.115706973784593,0.048856295726245655,7.0199486341611514,7.211465313408034,,,0.028128698999807966,"{""dt"": 0.0625}"
950f40f202d8,2026-09-24T19:54:11,zaki,scheme_order,paper_barrier,call,exact,price_barrier,{'fine_steps': 512},65536,16,17,3979822304,zaki-rehnoom_x86_64,7.036804662157593,0.048988225520669046,6.940787740137082,7.132821584178104,,,0.028128698999807966,"{""dt"": 0.0625}"
038112f5aadd,2026-09-24T19:54:11,zaki,scheme_order,paper_barrier,call,euler_maruyama,strong_abs_terminal,{'fine_steps': 512},65536,16,17,3979822304,zaki-rehnoom_x86_64,0.5755119318507494,0.0018504755638331062,0.5718849997456366,0.5791388639558623,,,0.01834814899984849,"{""dt"": 0.0625}"
dbea37f12026,2026-09-24T19:54:11,zaki,scheme_order,paper_barrier,call,euler_maruyama,weak_terminal_mean,{'fine_steps': 512},65536,16,17,3979822304,zaki-rehnoom_x86_64,-0.004734712631251611,0.0029116866543248366,-0.01044161847372829,0.0009721932112250684,-0.0028944951184826095,0.0018402175127690016,0.01834814899984849,"{""dt"": 0.0625}"
54ab46c194a1,2026-09-24T19:54:11,zaki,scheme_order,paper_barrier,call,euler_maruyama,weak_call,{'fine_steps': 512},65536,16,17,3979822304,zaki-rehnoom_x86_64,-0.011776898173375,0.0021429770409747803,-0.01597713317368557,-0.00757666317306443,,,0.01834814899984849,"{""dt"": 0.0625}"
b2633fadf97b,2026-09-24T19:54:11,zaki,scheme_order,paper_barrier,call,euler_maruyama,weak_barrier,{'fine_steps': 512},65536,16,17,3979822304,zaki-rehnoom_x86_64,-0.012738680051266984,0.002425666157860649,-0.017492985720673856,-0.007984374381860112,,,0.01834814899984849,"{""dt"": 0.0625}"
d27629cf34ce,2026-09-24T19:54:11,zaki,scheme_order,paper_barrier,call,milstein,strong_abs_terminal,{'fine_steps': 512},65536,16,17,3979822304,zaki-rehnoom_x86_64,0.033562760438490574,0.00012337312851404538,0.03332094910660305,0.0338045717703781,,,0.02446157900021717,"{""dt"": 0.0625}"
d7a317eac5c6,2026-09-24T19:54:11,zaki,scheme_order,paper_barrier,call,milstein,weak_terminal_mean,{'fine_steps': 512},65536,16,17,3979822304,zaki-rehnoom_x86_64,-0.0028110795501338414,0.00017969143085505972,-0.0031632747546097586,-0.0024588843456579243,-0.0028944951184826095,8.34155683487681e-05,0.02446157900021717,"{""dt"": 0.0625}"
010f24b31758,2026-09-24T19:54:11,zaki,scheme_order,paper_barrier,call,milstein,weak_call,{'fine_steps': 512},65536,16,17,3979822304,zaki-rehnoom_x86_64,-0.016084964062937628,0.00012831863494245334,-0.016336468587424838,-0.015833459538450417,,,0.02446157900021717,"{""dt"": 0.0625}"
07f03aa461d0,2026-09-24T19:54:11,zaki,scheme_order,paper_barrier,call,milstein,weak_barrier,{'fine_steps': 512},65536,16,17,3979822304,zaki-rehnoom_x86_64,-0.015955564243761287,0.00015253811217488,-0.016254538943624053,-0.015656589543898522,,,0.02446157900021717,"{""dt"": 0.0625}"
25eef3857852,2026-09-24T19:54:11,zaki,scheme_order,paper_barrier,call,exact,price_call,{'fine_steps': 512},65536,32,17,3979822304,zaki-rehnoom_x86_64,7.1157069737845955,0.04885629572624566,7.019948634161154,7.211465313408037,,,0.0470380119991205,"{""dt"": 0.03125}"
22f492e362d3,2026-09-24T19:54:11,zaki,scheme_order,paper_barrier,call,exact,price_barrier,{'fine_steps': 512},65536,32,17,3979822304,zaki-rehnoom_x86_64,7.0542002260443475,0.04895990855294953,6.958238805280566,7.150161646808129,,,0.0470380119991205,"{""dt"": 0.03125}"
d452a329de5c,2026-09-24T19:54:11,zaki,scheme_order,paper_barrier,call,euler_maruyama,strong_abs_terminal,{'fine_steps': 512},65536,32,17,3979822304,zaki-rehnoom_x86_64,0.4099466464948718,0.0012966609912338802,0.40740519095205335,0.4124881020376902,,,0.0393740550007351,"{""dt"": 0.03125}"
79819172b0ae,2026-09-24T19:54:11,zaki,scheme_order,paper_barrier,call,euler_maruyama,weak_terminal_mean,{'fine_steps': 512},65536,32,17,3979822304,zaki-rehnoom_x86_64,-0.002403951760772674,0.002060489162438295,-0.006442510519151732,0.0016346069976063836,-0.0014481614756078898,0.0009557902851647843,0.0393740550007351,"{""dt"": 0.03125}"
1360d9036a6c,2026-09-24T19:54:11,zaki,scheme_order,paper_barrier,call,euler_maruyama,weak_call,{'fine_steps': 512},65536,32,17,3979822304,zaki-rehnoom_x86_64,-0.005537762187383527,0.0015249106200135303,-0.008526587002610046,-0.0025489373721570077,,,0.0393740550007351,"{""dt"": 0.03125}"
a41f600be553,2026-09-24T19:54:11,zaki,scheme_order,paper_barrier,call,euler_maruyama,weak_barrier,{'fine_steps': 512},65536,32,17,3979822304,zaki-rehnoom_x86_64,-0.004311206448514143,0.0017537681307169168,-0.0077485919847193,-0.0008738209123089861,,,0.0393740550007351,"{""dt"": 0.03125}"
714d6eb7dff9,2026-09-24T19:54:11,zaki,scheme_order,paper_barrier,call,milstein,strong_abs_terminal,{'fine_steps': 512},65536,32,17,3979822304,zaki-rehnoom_x86_64,0.017104048594153747,6.0486066489164106e-05,0.016985495903834986,0.01722260128447251,,,0.05326352500014764,"{""dt"": 0.03125}"
d1bc0b8d4432,2026-09-24T19:54:11,zaki,scheme_order,paper_barrier,call,milstein,weak_terminal_mean,{'fine_steps': 512},65536,32,17,3979822304,zaki-rehnoom_x86_64,-0.001400419685006985,8.995911437408782e-05,-0.0015767395491801972,-0.0012240998208337727,-0.0014481614756078898,4.7741790600904855e-05,0.05326352500014764,"{""dt"": 0.03125}"
4fceaa57cf6c,2026-09-24T19:54:11,zaki,scheme_order,paper_barrier,call,milstein,weak_call,{'fine_steps': 512},65536,32,17,3979822304,zaki-rehnoom_x86_64,-0.008095210044520264,6.447655399663135e-05,-0.008221584090353663,-0.007968835998686866,,,0.05326352500014764,"{""dt"": 0.03125}"
c2333497e8e5,2026-09-24T19:54:11,zaki,scheme_order,paper_barrier,call,milstein,weak_barrier,{'fine_steps': 512},65536,32,17,3979822304,zaki-rehnoom_x86_64,-0.008085686790479666,9.397297338970998e-05,-0.008269873818323498,-0.007901499762635834,,,0.05326352500014764,"{""dt"": 0.03125}"
f1035c52adc5,2026-09-24T19:54:11,zaki,scheme_order,paper_barrier,call,exact,price_call,{'fine_steps': 512},65536,64,17,3979822304,zaki-rehnoom_x86_64,7.115706973784592,0.048856295726245655,7.019948634161151,7.211465313408033,,,0.08573589700063167,"{""dt"": 0.015625}"
a8060c379cdc,2026-09-24T19:54:11,zaki,scheme_order,paper_barrier,call,exact,price_barrier,{'fine_steps': 512},65536,64,17,3979822304,zaki-rehnoom_x86_64,7.066631588864604,0.04893984904642243,6.970709484733616,7.162553692995592,,,0.08573589700063167,"{""dt"": 0.015625}"
4c0aa75cd7e4,2026-09-24T19:54:11,zaki,scheme_order,paper_barrier,call,euler_maruyama,strong_abs_terminal,{'fine_steps': 512},65536,64,17,3979822304,zaki-rehnoom_x86_64,0.29115084567242416,0.0009148464107183902,0.2893577467074161,0.29294394463743223,,,0.07151492699949813,"{""dt"": 0.015625}"
2da873e93149,2026-09-24T19:54:11,zaki,scheme_order,paper_barrier,call,euler_maruyama,weak_terminal_mean,{'fine_steps': 512},65536,64,17,3979822304,zaki-rehnoom_x86_64,-0.0027313760756664147,0.0014595613450027701,-0.005592116311871844,0.00012936416053901468,-0.0007243094598123889,0.002007066615854026,0.07151492699949813,"{""dt"": 0.015625}"
a6c33ad95bbb,2026-09-24T19:54:11,zaki,scheme_order,paper_barrier,call,euler_maruyama,weak_call,{'fine_steps': 512},65536,64,17,3979822304,zaki-rehnoom_x86_64,-0.0036078676402892915,0.0010793144903248483,-0.005723324041325994,-0.001492411239252589,,,0.07151492699949813,"{""dt"": 0.015625}"
34071f49be97,2026-09-24T19:54:11,zaki,scheme_order,paper_barrier,call,euler_maruyama,weak_barrier,{'fine_steps': 512},65536,64,17,3979822304,zaki-rehnoom_x86_64,-0.003938429099688067,0.0012750677567770511,-0.006437561902971087,-0.0014392962964050468,,,0.07151492699949813,"{""dt"": 0.015625}"
9ba758b8cd09,2026-09-24T19:54:11,zaki,scheme_order,paper_barrier,call,milstein,strong_abs_terminal,{'fine_steps': 512},65536,64,17,3979822304,zaki-rehnoom_x86_64,0.008649362445831709,2.987423232500481e-05,0.008590808950474699,0.008707915941188719,,,0.10054981400162433,"{""dt"": 0.015625}"
b952dddda1fa,2026-09-24T19:54:11,zaki,scheme_order,paper_barrier,call,milstein,weak_terminal_mean,{'fine_steps': 512},65536,64,17,3979822304,zaki-rehnoom_x86_64,-0.0007205195606632744,4.5012197563180884e-05,-0.0008087434678871088,-0.0006322956534394399,-0.0007243094598123889,3.7898991491145664e-06,0.10054981400162433,"{""dt"": 0.015625}"
676793b8a3fb,2026-09-24T19:54:11,zaki,scheme_order,paper_barrier,call,milstein,weak_call,{'fine_steps': 512},65536,64,17,3979822304,zaki-rehnoom_x86_64,-0.004074715430292902,3.233707141665509e-05,-0.004138096090269545,-0.004011334770316258,,,0.10054981400162433,"{""dt"": 0.015625}"
36e1743c5923,2026-09-24T19:54:11,zaki,scheme_order,paper_barrier,call,milstein,weak_barrier,{'fine_steps': 512},65536,64,17,3979822304,zaki-rehnoom_x86_64,-0.004294112043404998,0.00013215377216352933,-0.0045531334368455155,-0.00403509064996448,,,0.10054981400162433,"{""dt"": 0.015625}"
23d6a706daf3,2026-09-24T19:54:11,zaki,scheme_order,paper_barrier,call,exact,price_call,{'fine_steps': 512},65536,128,17,3979822304,zaki-rehnoom_x86_64,7.115706973784592,0.048856295726245655,7.019948634161151,7.211465313408033,,,0.1718046839996532,"{""dt"": 0.0078125}"
5ad489c0d24c,2026-09-24T19:54:11,zaki,scheme_order,paper_barrier,call,exact,price_barrier,{'fine_steps': 512},65536,128,17,3979822304,zaki-rehnoom_x86_64,7.074767384110054,0.04892647309017122,6.978871496853318,7.170663271366789,,,0.1718046839996532,"{""dt"": 0.0078125}"
5e257821232e,2026-09-24T19:54:11,zaki,scheme_order,paper_barrier,call,euler_maruyama,strong_abs_terminal,{'fine_steps': 512},65536,128,17,3979822304,zaki-rehnoom_x86_64,0.2054056775802923,0.0006445915581607294,0.20414227812629726,0.20666907703428733,,,0.13269533200036676,"{""dt"": 0.0078125}"
17049c77831b,2026-09-24T19:54:11,zaki,scheme_order,paper_barrier,call,euler_maruyama,weak_terminal_mean,{'fine_steps': 512},65536,128,17,3979822304,zaki-rehnoom_x86_64,-0.0020405310807518357,0.0010291917449889668,-0.004057746900930211,-2.3315260573460693e-05,-0.00036221194078223107,0.0016783191399696046,0.13269533200036676,"{""dt"": 0.0078125}"
0fdb546a9b41,2026-09-24T19:54:11,zaki,scheme_order,paper_barrier,call,euler_maruyama,weak_call,{'fine_steps': 512},65536,128,17,3979822304,zaki-rehnoom_x86_64,-0.0020017992338557077,0.00076199896629432,-0.0034953172077925748,-0.0005082812599188405,,,0.13269533200036676,"{""dt"": 0.0078125}"
d8aa07a38290,2026-09-24T19:54:11,zaki,scheme_order,paper_barrier,call,euler_maruyama,weak_barrier,{'fine_steps': 512},65536,128,17,3979822304,zaki-rehnoom_x86_64,-0.001417401336019804,0.0009651607873903674,-0.003309116479304924,0.0004743138072653161,,,0.13269533200036676,"{""dt"": 0.0078125}"
a83f4ad85228,2026-09-24T19:54:11,zaki,scheme_order,paper_barrier,call,milstein,strong_abs_terminal,{'fine_steps': 512},65536,128,17,3979822304,zaki-rehnoom_x86_64,0.004360816043391514,1.479643379229135e-05,0.0043318150331586236,0.004389817053624405,,,0.18920284599926163,"{""dt"": 0.0078125}"
cfc053f1335a,2026-09-24T19:54:11,zaki,scheme_order,paper_barrier,call,milstein,weak_terminal_mean,{'fine_steps': 512},65536,128,17,3979822304,zaki-rehnoom_x86_64,-0.0003579156153925364,2.2520129039976646e-05,-0.00040205506831089065,-0.00031377616247418215,-0.00036221194078223107,4.296325389694668e-06,0.18920284599926163,"{""dt"": 0.0078125}"
133cfc51d2a1,2026-09-24T19:54:11,zaki,scheme_order,paper_barrier,call,milstein,weak_call,{'fine_steps': 512},65536,128,17,3979822304,zaki-rehnoom_x86_64,-0.002039987228531608,1.618982501582409e-05,-0.0020717192855626235,-0.002008255171500593,,,0.18920284599926163,"{""dt"": 0.0078125}"
65f8a747ca98,2026-09-24T19:54:11,zaki,scheme_order,paper_barrier,call,milstein,weak_barrier,{'fine_steps': 512},65536,128,17,3979822304,zaki-rehnoom_x86_64,-0.002058075280702203,3.459292565053998e-05,-0.0021258774149772617,-0.0019902731464271446,,,0.18920284599926163,"{""dt"": 0.0078125}"
a632d7872d9d,2026-09-24T19:54:11,zaki,scheme_order,paper_barrier,call,exact,price_call,{'fine_steps': 512},65536,256,17,3979822304,zaki-rehnoom_x86_64,7.115706973784588,0.048856295726245634,7.019948634161147,7.21146531340803,,,0.30749032000039733,"{""dt"": 0.00390625}"
dcd9ad01f8ff,2026-09-24T19:54:11,zaki,scheme_order,paper_barrier,call,exact,price_barrier,{'fine_steps': 512},65536,256,17,3979822304,zaki-rehnoom_x86_64,7.08056451398789,0.04891725472766861,6.98468669472166,7.176442333254121,,,0.30749032000039733,"{""dt"": 0.00390625}"
c95d2c38c9c8,2026-09-24T19:54:11,zaki,scheme_order,paper_barrier,call,euler_maruyama,strong_abs_terminal,{'fine_steps': 512},65536,256,17,3979822304,zaki-rehnoom_x86_64,0.14526419686572523,0.00045308485391402133,0.14437615055205374,0.1461522431793967,,,0.24751287000026423,"{""dt"": 0.00390625}"
bf192d6e20db,2026-09-24T19:54:11,zaki,scheme_order,paper_barrier,call,euler_maruyama,weak_terminal_mean,{'fine_steps': 512},65536,256,17,3979822304,zaki-rehnoom_x86_64,-0.0008606643515954834,0.0007261306247214641,-0.002283880376049553,0.0005625516728585861,-0.0001811202798052136,0.0006795440717902698,0.24751287000026423,"{""dt"": 0.00390625}"
86b9b398c7d9,2026-09-24T19:54:11,zaki,scheme_order,paper_barrier,call,euler_maruyama,weak_call,{'fine_steps': 512},65536,256,17,3979822304,zaki-rehnoom_x86_64,-0.0008348467351058924,0.0005367976216901933,-0.0018869700736186712,0.0002172766034068865,,,0.24751287000026423,"{""dt"": 0.00390625}"
3e1590e4187c,2026-09-24T19:54:11,zaki,scheme_order,paper_barrier,call,euler_maruyama,weak_barrier,{'fine_steps': 512},65536,256,17,3979822304,zaki-rehnoom_x86_64,-0.0007090932420612226,0.0006969305890219754,-0.0020750771965442946,0.0006568907124218493,,,0.24751287000026423,"{""dt"": 0.00390625}"
82c0d501ecf2,2026-09-24T19:54:11,zaki,scheme_order,paper_barrier,call,milstein,strong_abs_terminal,{'fine_steps': 512},65536,256,17,3979822304,zaki-rehnoom_x86_64,0.002181486077592139,7.337720285912931e-06,0.00216710414583175,0.0021958680093525284,,,0.3570927480004684,"{""dt"": 0.00390625}"
569e97195b16,2026-09-24T19:54:11,zaki,scheme_order,paper_barrier,call,milstein,weak_terminal_mean,{'fine_steps': 512},65536,256,17,3979822304,zaki-rehnoom_x86_64,-0.00017603811282186177,1.1224310576340509e-05,-0.00019803776155148916,-0.00015403846409223437,-0.0001811202798052136,5.082166983351845e-06,0.3570927480004684,"{""dt"": 0.00390625}"
e5046082394a,2026-09-24T19:54:11,zaki,scheme_order,paper_barrier,call,milstein,weak_call,{'fine_steps': 512},65536,256,17,3979822304,zaki-rehnoom_x86_64,-0.001014916772939775,8.073122052692276e-06,-0.0010307400921630518,-0.0009990934537164981,,,0.3570927480004684,"{""dt"": 0.00390625}"
e0135e56fe0a,2026-09-24T19:54:11,zaki,scheme_order,paper_barrier,call,milstein,weak_barrier,{'fine_steps': 512},65536,256,17,3979822304,zaki-rehnoom_x86_64,-0.0010830345696444493,7.460054636996714e-05,-0.0012292516405295849,-0.0009368174987593137,,,0.3570927480004684,"{""dt"": 0.00390625}"
555139eef05d,2026-09-24T19:54:11,zaki,scheme_order,paper_barrier,call,exact,price_call,{'fine_steps': 512},65536,512,17,3979822304,zaki-rehnoom_x86_64,7.115706973784588,0.04885629572624564,7.019948634161147,7.21146531340803,,,0.6442814449997059,"{""dt"": 0.001953125}"
b9eb03f5f67b,2026-09-24T19:54:11,zaki,scheme_order,paper_barrier,call,exact,price_barrier,{'fine_steps': 512},65536,512,17,3979822304,zaki-rehnoom_x86_64,7.084029714912001,0.04891169540240854,6.98816279192328,7.179896637900722,,,0.6442814449997059,"{""dt"": 0.001953125}"
95bb70e4837e,2026-09-24T19:54:11,zaki,scheme_order,paper_barrier,call,euler_maruyama,strong_abs_terminal,{'fine_steps': 512},65536,512,17,3979822304,zaki-rehnoom_x86_64,0.10290670950939633,0.0003218325601768187,0.10227591769144977,0.10353750132734289,,,0.5421573379994697,"{""dt"": 0.001953125}"
854e841317ca,2026-09-24T19:54:11,zaki,scheme_order,paper_barrier,call,euler_maruyama,weak_terminal_mean,{'fine_steps': 512},65536,512,17,3979822304,zaki-rehnoom_x86_64,-0.0005116881488524497,0.0005149388820488022,-0.0015209683576681019,0.0004975920599632025,-9.056371841609234e-05,0.0004211244304363574,0.5421573379994697,"{""dt"": 0.001953125}"
cd2dbd368e54,2026-09-24T19:54:11,zaki,scheme_order,paper_barrier,call,euler_maruyama,weak_call,{'fine_steps': 512},65536,512,17,3979822304,zaki-rehnoom_x86_64,-0.0007779564410498043,0.0003804575855189701,-0.0015236533086669859,-3.225957343262287e-05,,,0.5421573379994697,"{""dt"": 0.001953125}"
c7cd71b70d53,2026-09-24T19:54:11,zaki,scheme_order,paper_barrier,call,euler_maruyama,weak_barrier,{'fine_steps': 512},65536,512,17,3979822304,zaki-rehnoom_x86_64,-0.0004678252065741028,0.0005270859424107389,-0.0015009136536991512,0.0005652632405509455,,,0.5421573379994697,"{""dt"": 0.001953125}"
892e1e7c9a90,2026-09-24T19:54:11,zaki,scheme_order,paper_barrier,call,milstein,strong_abs_terminal,{'fine_steps': 512},65536,512,17,3979822304,zaki-rehnoom_x86_64,0.0010958507986337002,3.6534869027860093e-06,0.0010886899643042396,0.0011030116329631607,,,0.7817623610003466,"{""dt"": 0.001953125}"
5a8936290540,2026-09-24T19:54:11,zaki,scheme_order,paper_barrier,call,milstein,weak_terminal_mean,{'fine_steps': 512},65536,512,17,3979822304,zaki-rehnoom_x86_64,-9.187227164520579e-05,5.6163657011285475e-06,-0.00010288034841941774,-8.086419487099384e-05,-9.056371841609234e-05,1.3085532291134483e-06,0.7817623610003466,"{""dt"": 0.001953125}"
0366c7780aa2,2026-09-24T19:54:11,zaki,scheme_order,paper_barrier,call,milstein,weak_call,{'fine_steps': 512},65536,512,17,3979822304,zaki-rehnoom_x86_64,-0.0005114777663819304,4.039935423487011e-06,-0.000519396039811965,-0.0005035594929518959,,,0.7817623610003466,"{""dt"": 0.001953125}"
5c16fc633e4f,2026-09-24T19:54:11,zaki,scheme_order,paper_barrier,call,milstein,weak_barrier,{'fine_steps': 512},65536,512,17,3979822304,zaki-rehnoom_x86_64,-0.0005087307659743578,4.0309102153639295e-06,-0.0005166313499964711,-0.0005008301819522446,,,0.7817623610003466,"{""dt"": 0.001953125}"
05a9bf80cd35,2026-09-24T19:54:17,zaki,scheme_order,paper_barrier,call,exact,price_call,{'fine_steps': 512},65536,4,18,1002589642,zaki-rehnoom_x86_64,7.150100439404879,0.04895457387054557,7.054149474618609,7.246051404191149,,,0.021698486999412125,"{""dt"": 0.25}"
f187bc046b0a,2026-09-24T19:54:17,zaki,scheme_order,paper_barrier,call,exact,price_barrier,{'fine_steps': 512},65536,4,18,1002589642,zaki-rehnoom_x86_64,7.0109348724596705,0.04918446254080281,6.914533325879697,7.107336419039644,,,0.021698486999412125,"{""dt"": 0.25}"
5f44360128df,2026-09-24T19:54:17,zaki,scheme_order,paper_barrier,call,euler_maruyama,strong_abs_terminal,{'fine_steps': 512},65536,4,18,1002589642,zaki-rehnoom_x86_64,1.109048314268737,0.003880684723838096,1.1014421722100145,1.1166544563274596,,,0.010612673998821265,"{""dt"": 0.25}"
f5e53727795a,2026-09-24T19:54:17,zaki,scheme_order,paper_barrier,call,euler_maruyama,weak_terminal_mean,{'fine_steps': 512},65536,4,18,1002589642,zaki-rehnoom_x86_64,-0.010885380112491815,0.005816040077162699,-0.022284818663730704,0.0005140584387470747,-0.011534328945430161,0.0006489488329383467,0.010612673998821265,"{""dt"": 0.25}"
7cf0a026cdcd,2026-09-24T19:54:17,zaki,scheme_order,paper_barrier,call,euler_maruyama,weak_call,{'fine_steps': 512},65536,4,18,1002589642,zaki-rehnoom_x86_64,-0.05345885116059944,0.004274528940989466,-0.06183692788493879,-0.04508077443626009,,,0.010612673998821265,"{""dt"": 0.25}"
d4ec429a4dd8,2026-09-24T19:54:17,zaki,scheme_order,paper_barrier,call,euler_maruyama,weak_barrier,{'fine_steps': 512},65536,4,18,1002589642,zaki-rehnoom_x86_64,-0.06020477331025628,0.004786870191660837,-0.06958703888591153,-0.05082250773460104,,,0.010612673998821265,"{""dt"": 0.25}"
e8fd13065d67,2026-09-24T19:54:17,zaki,scheme_order,paper_barrier,call,milstein,strong_abs_terminal,{'fine_steps': 512},65536,4,18,1002589642,zaki-rehnoom_x86_64,0.1207706156487592,0.0005363523478792719,0.11971936504691583,0.12182186625060257,,,0.008635599000626826,"{""dt"": 0.25}"
8e505806536c,2026-09-24T19:54:17,zaki,scheme_order,paper_barrier,call,milstein,weak_terminal_mean,{'fine_steps': 512},65536,4,18,1002589642,zaki-rehnoom_x86_64,-0.011616298807131949,0.0007128645816840263,-0.01301351338723264,-0.010219084227031258,-0.011534328945430161,8.19698617017875e-05,0.008635599000626826,"{""dt"": 0.25}"
5cb7036075be,2026-09-24T19:54:17,zaki,scheme_order,paper_barrier,call,milstein,weak_call,{'fine_steps': 512},65536,4,18,1002589642,zaki-rehnoom_x86_64,-0.06181495220928842,0.0005082172675226741,-0.06281105805363286,-0.06081884636494398,,,0.008635599000626826,"{""dt"": 0.25}"
a59a4a2802f9,2026-09-24T19:54:17,zaki,scheme_order,paper_barrier,call,milstein,weak_barrier,{'fine_steps': 512},65536,4,18,1002589642,zaki-rehnoom_x86_64,-0.06257444208474457,0.000655165430818477,-0.06385856632914878,-0.06129031784034035,,,0.008635599000626826,"{""dt"": 0.25}"
fd99a9651407,2026-09-24T19:54:17,zaki,scheme_order,paper_barrier,call,exact,price_call,{'fine_steps': 512},65536,8,18,1002589642,zaki-rehnoom_x86_64,7.150100439404882,0.04895457387054558,7.054149474618613,7.246051404191152,,,0.015735056999346853,"{""dt"": 0.125}"
65734bd423fa,2026-09-24T19:54:17,zaki,scheme_order,paper_barrier,call,exact,price_barrier,{'fine_steps': 512},65536,8,18,1002589642,zaki-rehnoom_x86_64,7.048740585357933,0.04912349197770096,6.952458541081639,7.145022629634227,,,0.015735056999346853,"{""dt"": 0.125}"
5dbccbd2e765,2026-09-24T19:54:17,zaki,scheme_order,paper_barrier,call,euler_maruyama,strong_abs_terminal,{'fine_steps': 512},65536,8,18,1002589642,zaki-rehnoom_x86_64,0.8024982381099102,0.0026492725849145728,0.7973056638434776,0.8076908123763428,,,0.010117190999153536,"{""dt"": 0.125}"
effdfc0440d5,2026-09-24T19:54:17,zaki,scheme_order,paper_barrier,call,euler_maruyama,weak_terminal_mean,{'fine_steps': 512},65536,8,18,1002589642,zaki-rehnoom_x86_64,-0.004309452348202758,0.004104293382364965,-0.01235386737763809,0.0037349626812325735,-0.005781694413798277,0.001472242065595519,0.010117190999153536,"{""dt"": 0.125}"
673b2eb4b2e3,2026-09-24T19:54:17,zaki,scheme_order,paper_barrier,call,euler_maruyama,weak_call,{'fine_steps': 512},65536,8,18,1002589642,zaki-rehnoom_x86_64,-0.02376247974121782,0.0030175813965183595,-0.029676939278393804,-0.017848020204041835,,,0.010117190999153536,"{""dt"": 0.125}"
0bc6adc42ed8,2026-09-24T19:54:17,zaki,scheme_order,paper_barrier,call,euler_maruyama,weak_barrier,{'fine_steps': 512},65536,8,18,1002589642,zaki-rehnoom_x86_64,-0.026121330187095348,0.0034094578513361403,-0.032803867575714185,-0.019438792798476514,,,0.010117190999153536,"{""dt"": 0.125}"
ddfe87b17224,2026-09-24T19:54:17,zaki,scheme_order,paper_barrier,call,milstein,strong_abs_terminal,{'fine_steps': 512},65536,8,18,1002589642,zaki-rehnoom_x86_64,0.06450722546759888,0.0002554964223262315,0.06400645247983947,0.06500799845535829,,,0.012842458001159684,"{""dt"": 0.125}"
0fe5e0b4cf71,2026-09-24T19:54:17,zaki,scheme_order,paper_barrier,call,milstein,weak_terminal_mean,{'fine_steps': 512},65536,8,18,1002589642,zaki-rehnoom_x86_64,-0.005980633602384862,0.00035808966308777194,-0.006682489342036895,-0.00527877786273283,-0.005781694413798277,0.00019893918858658512,0.012842458001159684,"{""dt"": 0.125}"
36ccfceaa8ae,2026-09-24T19:54:17,zaki,scheme_order,paper_barrier,call,milstein,weak_call,{'fine_steps': 512},65536,8,18,1002589642,zaki-rehnoom_x86_64,-0.03186493152915791,0.0002565708443143379,-0.03236781038401401,-0.03136205267430181,,,0.012842458001159684,"{""dt"": 0.125}"
9012174bcfe4,2026-09-24T19:54:17,zaki,scheme_order,paper_barrier,call,milstein,weak_barrier,{'fine_steps': 512},65536,8,18,1002589642,zaki-rehnoom_x86_64,-0.0321051509885357,0.00039220129261798183,-0.03287386552206694,-0.03133643645500445,,,0.012842458001159684,"{""dt"": 0.125}"
cb46efb87582,2026-09-24T19:54:17,zaki,scheme_order,paper_barrier,call,exact,price_call,{'fine_steps': 512},65536,16,18,1002589642,zaki-rehnoom_x86_64,7.150100439404879,0.04895457387054557,7.054149474618609,7.246051404191149,,,0.027744393999455497,"{""dt"": 0.0625}"
17870b3c4ce5,2026-09-24T19:54:17,zaki,scheme_order,paper_barrier,call,exact,price_barrier,{'fine_steps': 512},65536,16,18,1002589642,zaki-rehnoom_x86_64,7.074326380556579,0.04908216003078104,6.978125346896248,7.17052741421691,,,0.027744393999455497,"{""dt"": 0.0625}"
740c0ccaa3da,2026-09-24T19:54:17,zaki,scheme_order,paper_barrier,call,euler_maruyama,strong_abs_terminal,{'fine_steps': 512},65536,16,18,1002589642,zaki-rehnoom_x86_64,0.5742541803300523,0.001843818264473549,0.5706402965316841,0.5778680641284204,,,0.01701858100022946,"{""dt"": 0.0625}"
d4a0e62ac1f5,2026-09-24T19:54:17,zaki,scheme_order,paper_barrier,call,euler_maruyama,weak_terminal_mean,{'fine_steps': 512},65536,16,18,1002589642,zaki-rehnoom_x86_64,-0.0014540647214671895,0.002903716339812848,-0.007145348747500372,0.004237219304565993,-0.0028944951184826095,0.00144043039701542,0.01701858100022946,"{""dt"": 0.0625}"
dfb77e6d8df2,2026-09-24T19:54:17,zaki,scheme_order,paper_barrier,call,euler_maruyama,weak_call,{'fine_steps': 512},65536,16,18,1002589642,zaki-rehnoom_x86_64,-0.011126034898293334,0.0021445532262050716,-0.015329359221655275,-0.006922710574931394,,,0.01701858100022946,"{""dt"": 0.0625}"
71e04b4bed4b,2026-09-24T19:54:17,zaki,scheme_order,paper_barrier,call,euler_maruyama,weak_barrier,{'fine_steps': 512},65536,16,18,1002589642,zaki-rehnoom_x86_64,-0.013248914517061124,0.0024176005379890762,-0.017987411571519712,-0.008510417462602535,,,0.01701858100022946,"{""dt"": 0.0625}"
f1ed7c38289f,2026-09-24T19:54:17,zaki,scheme_order,paper_barrier,call,milstein,strong_abs_terminal,{'fine_steps': 512},65536,16,18,1002589642,zaki-rehnoom_x86_64,0.033517383794916825,0.00012277543641307684,0.033276743939547195,0.033758023650286455,,,0.02406443899963051,"{""dt"": 0.0625}"
ebf8dcfccd2d,2026-09-24T19:54:17,zaki,scheme_order,paper_barrier,call,milstein,weak_terminal_mean,{'fine_steps': 512},65536,16,18,1002589642,zaki-rehnoom_x86_64,-0.0029727556566866158,0.0001791121825299453,-0.0033238155344453087,-0.002621695778927923,-0.0028944951184826095,7.826053820400624e-05,0.02406443899963051,"{""dt"": 0.0625}"
b1372042951b,2026-09-24T19:54:17,zaki,scheme_order,paper_barrier,call,milstein,weak_call,{'fine_steps': 512},65536,16,18,1002589642,zaki-rehnoom_x86_64,-0.016171519150908344,0.00012823678681440014,-0.01642286325306457,-0.01592017504875212,,,0.02406443899963051,"{""dt"": 0.0625}"
09b762d96c0b,2026-09-24T19:54:17,zaki,scheme_order,paper_barrier,call,milstein,weak_barrier,{'fine_steps': 512},65536,16,18,1002589642,zaki-rehnoom_x86_64,-0.0164778807454378,0.0002299703935458534,-0.01692862271678767,-0.016027138774087926,,,0.02406443899963051,"{""dt"": 0.0625}"
5515c60bdc6b,2026-09-24T19:54:17,zaki,scheme_order,paper_barrier,call,exact,price_call,{'fine_steps': 512},65536,32,18,1002589642,zaki-rehnoom_x86_64,7.150100439404882,0.048954573870545574,7.054149474618613,7.246051404191152,,,0.04616449600052874,"{""dt"": 0.03125}"
bfd5bc28c6d2,2026-09-24T19:54:17,zaki,scheme_order,paper_barrier,call,exact,price_barrier,{'fine_steps': 512},65536,32,18,1002589642,zaki-rehnoom_x86_64,7.092736820564781,0.049052117720556704,6.99659466983249,7.188878971297072,,,0.04616449600052874,"{""dt"": 0.03125}"
294fca2920f8,2026-09-24T19:54:17,zaki,scheme_order,paper_barrier,call,euler_maruyama,strong_abs_terminal,{'fine_steps': 512},65536,32,18,1002589642,zaki-rehnoom_x86_64,0.40858796535021713,0.001292080024427096,0.40605548850234,0.41112044219809424,,,0.03377098999953887,"{""dt"": 0.03125}"
f7ad2e1afbcf,2026-09-24T19:54:17,zaki,scheme_order,paper_barrier,call,euler_maruyama,weak_terminal_mean,{'fine_steps': 512},65536,32,18,1002589642,zaki-rehnoom_x86_64,0.00014582129097544792,0.0020535029901376806,-0.003879044569694406,0.0041706871516453015,-0.0014481614756078898,0.0015939827665833377,0.03377098999953887,"{""dt"": 0.03125}"
add9e2edfc56,2026-09-24T19:54:17,zaki,scheme_order,paper_barrier,call,euler_maruyama,weak_call,{'fine_steps': 512},65536,32,18,1002589642,zaki-rehnoom_x86_64,-0.006536075902818601,0.0015231944347686866,-0.009521536994965227,-0.003550614810671975,,,0.03377098999953887,"{""dt"": 0.03125}"
13dcebb266db,2026-09-24T19:54:17,zaki,scheme_order,paper_barrier,call,euler_maruyama,weak_barrier,{'fine_steps': 512},65536,32,18,1002589642,zaki-rehnoom_x86_64,-0.007869341997282519,0.0017447982784084036,-0.01128914662296299,-0.004449537371602048,,,0.03377098999953887,"{""dt"": 0.03125}"
91c39120dcc5,2026-09-24T19:54:17,zaki,scheme_order,paper_barrier,call,milstein,strong_abs_terminal,{'fine_steps': 512},65536,32,18,1002589642,zaki-rehnoom_x86_64,0.01711673917999105,6.008807872187027e-05,0.016998966545696183,0.017234511814285914,,,0.04849756099974911,"{""dt"": 0.03125}"
099ccf0967f0,2026-09-24T19:54:17,zaki,scheme_order,paper_barrier,call,milstein,weak_terminal_mean,{'fine_steps': 512},65536,32,18,1002589642,zaki-rehnoom_x86_64,-0.0015359289491320214,8.969509651155209e-05,-0.0017117313382946635,-0.0013601265599693794,-0.0014481614756078898,8.776747352413168e-05,0.04849756099974911,"{""dt"": 0.03125}"
e5242be5d106,2026-09-24T19:54:17,zaki,scheme_order,paper_barrier,call,milstein,weak_call,{'fine_steps': 512},65536,32,18,1002589642,zaki-rehnoom_x86_64,-0.008176115688270263,6.432615246622539e-05,-0.008302194947104064,-0.008050036429436462,,,0.04849756099974911,"{""dt"": 0.03125}"
9d80e3b21e53,2026-09-24T19:54:17,zaki,scheme_order,paper_barrier,call,milstein,weak_barrier,{'fine_steps': 512},65536,32,18,1002589642,zaki-rehnoom_x86_64,-0.007965992002669186,0.0001606474731477362,-0.00828086105003875,-0.007651122955299623,,,0.04849756099974911,"{""dt"": 0.03125}"
a4a9de9547b0,2026-09-24T19:54:17,zaki,scheme_order,paper_barrier,call,exact,price_call,{'fine_steps': 512},65536,64,18,1002589642,zaki-rehnoom_x86_64,7.150100439404877,0.04895457387054557,7.054149474618607,7.246051404191147,,,0.0798424449990307,"{""dt"": 0.015625}"
008c694dd38a,2026-09-24T19:54:17,zaki,scheme_order,paper_barrier,call,exact,price_barrier,{'fine_steps': 512},65536,64,18,1002589642,zaki-rehnoom_x86_64,7.10423841873628,0.04903330982448782,7.0081331314802835,7.200343705992276,,,0.0798424449990307,"{""dt"": 0.015625}"
c78c4dbadead,2026-09-24T19:54:17,zaki,scheme_order,paper_barrier,call,euler_maruyama,strong_abs_terminal,{'fine_steps': 512},65536,64,18,1002589642,zaki-rehnoom_x86_64,0.28901797417273445,0.0009116276927651736,0.2872311838949147,0.2908047644505542,,,0.0666472359994259,"{""dt"": 0.015625}"
d1f660faaf4a,2026-09-24T19:54:17,zaki,scheme_order,paper_barrier,call,euler_maruyama,weak_terminal_mean,{'fine_steps': 512},65536,64,18,1002589642,zaki-rehnoom_x86_64,-0.00047180424164690283,0.0014510923311106248,-0.003315945210623727,0.0023723367273299216,-0.0007243094598123889,0.0002525052181654861,0.0666472359994259,"{""dt"": 0.015625}"
f4fd279a9691,2026-09-24T19:54:17,zaki,scheme_order,paper_barrier,call,euler_maruyama,weak_call,{'fine_steps': 512},65536,64,18,1002589642,zaki-rehnoom_x86_64,-0.0041302734273813094,0.0010740316736664469,-0.0062353755077675455,-0.0020251713469950734,,,0.0666472359994259,"{""dt"": 0.015625}"
c65799a05cbe,2026-09-24T19:54:17,zaki,scheme_order,paper_barrier,call,euler_maruyama,weak_barrier,{'fine_steps': 512},65536,64,18,1002589642,zaki-rehnoom_x86_64,-0.004895558875242645,0.001214155254538509,-0.007275303174138123,-0.002515814576347168,,,0.0666472359994259,"{""dt"": 0.015625}"
70c682d5fc7a,2026-09-24T19:54:17,zaki,scheme_order,paper_barrier,call,milstein,strong_abs_terminal,{'fine_steps': 512},65536,64,18,1002589642,zaki-rehnoom_x86_64,0.008684863535347236,2.9684612025214734e-05,0.008626681695777816,0.008743045374916656,,,0.09610628899963558,"{""dt"": 0.015625}"
a7587509490a,2026-09-24T19:54:17,zaki,scheme_order,paper_barrier,call,milstein,weak_terminal_mean,{'fine_steps': 512},65536,64,18,1002589642,zaki-rehnoom_x86_64,-0.0007735807375227702,4.497760336378225e-05,-0.0008617368401157835,-0.000685424634929757,-0.0007243094598123889,4.927127771038131e-05,0.09610628899963558,"{""dt"": 0.015625}"
11ac3163ddae,2026-09-24T19:54:17,zaki,scheme_order,paper_barrier,call,milstein,weak_call,{'fine_steps': 512},65536,64,18,1002589642,zaki-rehnoom_x86_64,-0.004112554484445338,3.2290258742548015e-05,-0.0041758433915807325,-0.004049265577309944,,,0.09610628899963558,"{""dt"": 0.015625}"
d32da3120251,2026-09-24T19:54:17,zaki,scheme_order,paper_barrier,call,milstein,weak_barrier,{'fine_steps': 512},65536,64,18,1002589642,zaki-rehnoom_x86_64,-0.004078242361618074,3.221856561687792e-05,-0.004141390750227155,-0.004015093973008994,,,0.09610628899963558,"{""dt"": 0.015625}"
a35652010498,2026-09-24T19:54:17,zaki,scheme_order,paper_barrier,call,exact,price_call,{'fine_steps': 512},65536,128,18,1002589642,zaki-rehnoom_x86_64,7.150100439404877,0.04895457387054557,7.054149474618607,7.246051404191147,,,0.1544208169993908,"{""dt"": 0.0078125}"
5c394761b6aa,2026-09-24T19:54:17,zaki,scheme_order,paper_barrier,call,exact,price_barrier,{'fine_steps': 512},65536,128,18,1002589642,zaki-rehnoom_x86_64,7.110913136924045,0.04902233094943018,7.014829368263161,7.206996905584928,,,0.1544208169993908,"{""dt"": 0.0078125}"
1891a1bb125f,2026-09-24T19:54:17,zaki,scheme_order,paper_barrier,call,euler_maruyama,strong_abs_terminal,{'fine_steps': 512},65536,128,18,1002589642,zaki-rehnoom_x86_64,0.20488862675183853,0.0006415464146958954,0.20363119577903457,0.20614605772464248,,,0.12561756100012644,"{""dt"": 0.0078125}"
757ce67de6af,2026-09-24T19:54:17,zaki,scheme_order,paper_barrier,call,euler_maruyama,weak_terminal_mean,{'fine_steps': 512},65536,128,18,1002589642,zaki-rehnoom_x86_64,0.0007601217453174538,0.0010257371968757174,-0.0012503231605589522,0.00277056665119386,-0.00036221194078223107,0.001122333686099685,0.12561756100012644,"{""dt"": 0.0078125}"
b8bfdd869012,2026-09-24T19:54:17,zaki,scheme_order,paper_barrier,call,euler_maruyama,weak_call,{'fine_steps': 512},65536,128,18,1002589642,zaki-rehnoom_x86_64,-0.0013412305865512857,0.0007569126332592918,-0.0028247793477394977,0.00014231817463692623,,,0.12561756100012644,"{""dt"": 0.0078125}"
2ce1d2d513e1,2026-09-24T19:54:17,zaki,scheme_order,paper_barrier,call,euler_maruyama,weak_barrier,{'fine_steps': 512},65536,128,18,1002589642,zaki-rehnoom_x86_64,-0.0015410388013100984,0.0008686538195768875,-0.0032436002876807977,0.00016152268506060123,,,0.12561756100012644,"{""dt"": 0.0078125}"
1d19d2522a0e,2026-09-24T19:54:17,zaki,scheme_order,paper_barrier,call,milstein,strong_abs_terminal,{'fine_steps': 512},65536,128,18,1002589642,zaki-rehnoom_x86_64,0.004357880712510257,1.4709621378373527e-05,0.004329049854608645,0.004386711570411869,,,0.1889055089991416,"{""dt"": 0.0078125}"
a4fd6876f1f6,2026-09-24T19:54:17,zaki,scheme_order,paper_barrier,call,milstein,weak_terminal_mean,{'fine_steps': 512},65536,128,18,1002589642,zaki-rehnoom_x86_64,-0.0003804563456481637,2.2448836152130972e-05,-0.0004244560645063404,-0.00033645662678998694,-0.00036221194078223107,1.8244404865932606e-05,0.1889055089991416,"{""dt"": 0.0078125}"
615b1434fae1,2026-09-24T19:54:17,zaki,scheme_order,paper_barrier,call,milstein,weak_call,{'fine_steps': 512},65536,128,18,1002589642,zaki-rehnoom_x86_64,-0.0020482886199140217,1.6128172362846627e-05,-0.002079899837745201,-0.0020166774020828424,,,0.1889055089991416,"{""dt"": 0.0078125}"
ca84eaf5eea3,2026-09-24T19:54:17,zaki,scheme_order,paper_barrier,call,milstein,weak_barrier,{'fine_steps': 512},65536,128,18,1002589642,zaki-rehnoom_x86_64,-0.002055145300235079,2.7143872251971823e-05,-0.002108347289848944,-0.002001943310621214,,,0.1889055089991416,"{""dt"": 0.0078125}"
821f1b7791d0,2026-09-24T19:54:17,zaki,scheme_order,paper_barrier,call,exact,price_call,{'fine_steps': 512},65536,256,18,1002589642,zaki-rehnoom_x86_64,7.150100439404874,0.048954573870545554,7.0541494746186055,7.246051404191143,,,0.3056501960004425,"{""dt"": 0.00390625}"
8cafdf8e1a26,2026-09-24T19:54:17,zaki,scheme_order,paper_barrier,call,exact,price_barrier,{'fine_steps': 512},65536,256,18,1002589642,zaki-rehnoom_x86_64,7.115647132442108,0.049014566478188276,7.019578582144859,7.211715682739357,,,0.3056501960004425,"{""dt"": 0.00390625}"
a685a4423d80,2026-09-24T19:54:17,zaki,scheme_order,paper_barrier,call,euler_maruyama,strong_abs_terminal,{'fine_steps': 512},65536,256,18,1002589642,zaki-rehnoom_x86_64,0.1449340015801698,0.0004515128468635889,0.1440490364003172,0.14581896676002243,,,0.2501436719994672,"{""dt"": 0.00390625}"
3c4ded97d7d2,2026-09-24T19:54:17,zaki,scheme_order,paper_barrier,call,euler_maruyama,weak_terminal_mean,{'fine_steps': 512},65536,256,18,1002589642,zaki-rehnoom_x86_64,-1.7443551613074678e-05,0.0007241497064809024,-0.0014367769763156434,0.001401889873089494,-0.0001811202798052136,0.00016367672819213894,0.2501436719994672,"{""dt"": 0.00390625}"
59f0d6eb1f65,2026-09-24T19:54:17,zaki,scheme_order,paper_barrier,call,euler_maruyama,weak_call,{'fine_steps': 512},65536,256,18,1002589642,zaki-rehnoom_x86_64,-0.0009400891618356211,0.0005363995578035283,-0.0019914322951305368,0.00011125397145929426,,,0.2501436719994672,"{""dt"": 0.00390625}"
199dfb06c7f0,2026-09-24T19:54:17,zaki,scheme_order,paper_barrier,call,euler_maruyama,weak_barrier,{'fine_steps': 512},65536,256,18,1002589642,zaki-rehnoom_x86_64,-0.0007569717021992286,0.0006336024065114953,-0.0019988324189617592,0.00048488901456330224,,,0.2501436719994672,"{""dt"": 0.00390625}"
dffc028757db,2026-09-24T19:54:17,zaki,scheme_order,paper_barrier,call,milstein,strong_abs_terminal,{'fine_steps': 512},65536,256,18,1002589642,zaki-rehnoom_x86_64,0.0021936016161694023,7.364633304504201e-06,0.002179166934892574,0.0022080362974462304,,,0.35810759900004996,"{""dt"": 0.00390625}"
eb767d109c31,2026-09-24T19:54:17,zaki,scheme_order,paper_barrier,call,milstein,weak_terminal_mean,{'fine_steps': 512},65536,256,18,1002589642,zaki-rehnoom_x86_64,-0.00019875108458990403,1.1272079091744867e-05,-0.00022084435960972399,-0.00017665780957008408,-0.0001811202798052136,1.763080478469042e-05,0.35810759900004996,"{""dt"": 0.00390625}"
b9448898bd98,2026-09-24T19:54:17,zaki,scheme_order,paper_barrier,call,milstein,weak_call,{'fine_steps': 512},65536,256,18,1002589642,zaki-rehnoom_x86_64,-0.00103496926816423,8.119360736193493e-06,-0.0010508832152071692,-0.0010190553211212906,,,0.35810759900004996,"{""dt"": 0.00390625}"
7b57f305a62d,2026-09-24T19:54:17,zaki,scheme_order,paper_barrier,call,milstein,weak_barrier,{'fine_steps': 512},65536,256,18,1002589642,zaki-rehnoom_x86_64,-0.0010284609316586054,8.104090461748444e-06,-0.0010443449489636323,-0.0010125769143535786,,,0.35810759900004996,"{""dt"": 0.00390625}"
009370d78dba,2026-09-24T19:54:17,zaki,scheme_order,paper_barrier,call,exact,price_call,{'fine_steps': 512},65536,512,18,1002589642,zaki-rehnoom_x86_64,7.150100439404875,0.048954573870545554,7.054149474618606,7.246051404191144,,,0.6298894980009209,"{""dt"": 0.001953125}"
4d12eb054121,2026-09-24T19:54:17,zaki,scheme_order,paper_barrier,call,exact,price_barrier,{'fine_steps': 512},65536,512,18,1002589642,zaki-rehnoom_x86_64,7.1191347573999915,0.049008764816969363,7.023077578358731,7.215191936441252,,,0.6298894980009209,"{""dt"": 0.001953125}"
f2728e789e18,2026-09-24T19:54:17,zaki,scheme_order,paper_barrier,call,euler_maruyama,strong_abs_terminal,{'fine_steps': 512},65536,512,18,1002589642,zaki-rehnoom_x86_64,0.10272451314077428,0.0003194531259330454,0.10209838501394551,0.10335064126760306,,,0.526132327000596,"{""dt"": 0.001953125}"
f0356b109783,2026-09-24T19:54:17,zaki,scheme_order,paper_barrier,call,euler_maruyama,weak_terminal_mean,{'fine_steps': 512},65536,512,18,1002589642,zaki-rehnoom_x86_64,0.00025968581889633405,0.0005129010021841905,-0.0007456001453846794,0.0012649717831773473,-9.056371841609234e-05,0.0003502495373124264,0.526132327000596,"{""dt"": 0.001953125}"
fad0df9a7f5e,2026-09-24T19:54:17,zaki,scheme_order,paper_barrier,call,euler_maruyama,weak_call,{'fine_steps': 512},65536,512,18,1002589642,zaki-rehnoom_x86_64,-0.0005428281422451398,0.00037944146327613577,-0.0012865334102663659,0.0002008771257760863,,,0.526132327000596,"{""dt"": 0.001953125}"
e1b400e1b7c2,2026-09-24T19:54:17,zaki,scheme_order,paper_barrier,call,euler_maruyama,weak_barrier,{'fine_steps': 512},65536,512,18,1002589642,zaki-rehnoom_x86_64,-0.000424261933543334,0.0004597870149456737,-0.0013254444828368545,0.00047692061575018644,,,0.526132327000596,"{""dt"": 0.001953125}"
a2b11cb0d18a,2026-09-24T19:54:17,zaki,scheme_order,paper_barrier,call,milstein,strong_abs_terminal,{'fine_steps': 512},65536,512,18,1002589642,zaki-rehnoom_x86_64,0.0010941192991380895,3.6545813192474427e-06,0.0010869563197523644,0.0011012822785238146,,,0.7587552179998056,"{""dt"": 0.001953125}"
37c7f6f651fd,2026-09-24T19:54:17,zaki,scheme_order,paper_barrier,call,milstein,weak_terminal_mean,{'fine_steps': 512},65536,512,18,1002589642,zaki-rehnoom_x86_64,-9.611881566700872e-05,5.61083943068348e-06,-0.00010711606095114835,-8.51215703828691e-05,-9.056371841609234e-05,5.5550972509163824e-06,0.7587552179998056,"{""dt"": 0.001953125}"
e34e3e5b52c1,2026-09-24T19:54:17,zaki,scheme_order,paper_barrier,call,milstein,weak_call,{'fine_steps': 512},65536,512,18,1002589642,zaki-rehnoom_x86_64,-0.0005123091528507729,4.0372264571250625e-06,-0.000520222116706738,-0.0005043961889948078,,,0.7587552179998056,"{""dt"": 0.001953125}"
74d69bef8712,2026-09-24T19:54:17,zaki,scheme_order,paper_barrier,call,milstein,weak_barrier,{'fine_steps': 512},65536,512,18,1002589642,zaki-rehnoom_x86_64,-0.0005092627766622107,4.03002200471781e-06,-0.0005171616197914576,-0.0005013639335329638,,,0.7587552179998056,"{""dt"": 0.001953125}"
128a837d3ceb,2026-09-24T19:54:24,zaki,scheme_order,paper_barrier,call,exact,price_call,{'fine_steps': 512},65536,4,19,1932230253,zaki-rehnoom_x86_64,7.079539518937687,0.048441564221563475,6.9845940530634225,7.174484984811952,,,0.013692075000562909,"{""dt"": 0.25}"
39adeeb34e0e,2026-09-24T19:54:24,zaki,scheme_order,paper_barrier,call,exact,price_barrier,{'fine_steps': 512},65536,4,19,1932230253,zaki-rehnoom_x86_64,6.942697813903734,0.04866749963613562,6.847309514616907,7.03808611319056,,,0.013692075000562909,"{""dt"": 0.25}"
d083f168c825,2026-09-24T19:54:24,zaki,scheme_order,paper_barrier,call,euler_maruyama,strong_abs_terminal,{'fine_steps': 512},65536,4,19,1932230253,zaki-rehnoom_x86_64,1.1065310993652848,0.003868292876441987,1.0989492453274585,1.1141129534031111,,,0.011137412000152835,"{""dt"": 0.25}"
99a08e401f6d,2026-09-24T19:54:24,zaki,scheme_order,paper_barrier,call,euler_maruyama,weak_terminal_mean,{'fine_steps': 512},65536,4,19,1932230253,zaki-rehnoom_x86_64,-0.00784329109923224,0.005800522948150727,-0.019212316077607663,0.003525733879143185,-0.011534328945430161,0.003691037846197922,0.011137412000152835,"{""dt"": 0.25}"
a910b41f7f82,2026-09-24T19:54:24,zaki,scheme_order,paper_barrier,call,euler_maruyama,weak_call,{'fine_steps': 512},65536,4,19,1932230253,zaki-rehnoom_x86_64,-0.04970876179138709,0.004214602327194037,-0.05796938235268741,-0.04144814123008678,,,0.011137412000152835,"{""dt"": 0.25}"
ed4bcabf7253,2026-09-24T19:54:24,zaki,scheme_order,paper_barrier,call,euler_maruyama,weak_barrier,{'fine_steps': 512},65536,4,19,1932230253,zaki-rehnoom_x86_64,-0.058434252718334564,0.004726384639702051,-0.06769796661215058,-0.04917053882451854,,,0.011137412000152835,"{""dt"": 0.25}"
c1653d8af129,2026-09-24T19:54:24,zaki,scheme_order,paper_barrier,call,milstein,strong_abs_terminal,{'fine_steps': 512},65536,4,19,1932230253,zaki-rehnoom_x86_64,0.1198909255743608,0.0005263472731447146,0.11885928491899717,0.12092256622972444,,,0.008885713999916334,"{""dt"": 0.25}"
8924824da48a,2026-09-24T19:54:24,zaki,scheme_order,paper_barrier,call,milstein,weak_terminal_mean,{'fine_steps': 512},65536,4,19,1932230253,zaki-rehnoom_x86_64,-0.011211442088017665,0.0007031742995826412,-0.012589663715199642,-0.009833220460835687,-0.011534328945430161,0.00032288685741249656,0.008885713999916334,"{""dt"": 0.25}"
5d2bbfed9ec4,2026-09-24T19:54:24,zaki,scheme_order,paper_barrier,call,milstein,weak_call,{'fine_steps': 512},65536,4,19,1932230253,zaki-rehnoom_x86_64,-0.06100456370571385,0.0004993390339385258,-0.061983268212233364,-0.06002585919919434,,,0.008885713999916334,"{""dt"": 0.25}"
f25c1a846790,2026-09-24T19:54:24,zaki,scheme_order,paper_barrier,call,milstein,weak_barrier,{'fine_steps': 512},65536,4,19,1932230253,zaki-rehnoom_x86_64,-0.061892763292587354,0.0006680890895580308,-0.0632022179081211,-0.06058330867705361,,,0.008885713999916334,"{""dt"": 0.25}"
fc27a06de831,2026-09-24T19:54:24,zaki,scheme_order,paper_barrier,call,exact,price_call,{'fine_steps': 512},65536,8,19,1932230253,zaki-rehnoom_x86_64,7.07953951893769,0.04844156422156349,6.984594053063425,7.174484984811954,,,0.019084880000264093,"{""dt"": 0.125}"
4f3cd5cb03c7,2026-09-24T19:54:24,zaki,scheme_order,paper_barrier,call,exact,price_barrier,{'fine_steps': 512},65536,8,19,1932230253,zaki-rehnoom_x86_64,6.979671577055011,0.04860777313742252,6.884400341705662,7.074942812404359,,,0.019084880000264093,"{""dt"": 0.125}"
d762c7de72a8,2026-09-24T19:54:24,zaki,scheme_order,paper_barrier,call,euler_maruyama,strong_abs_terminal,{'fine_steps': 512},65536,8,19,1932230253,zaki-rehnoom_x86_64,0.8012019797029358,0.0026609460722052127,0.7959865254014136,0.8064174340044581,,,0.010989705001065886,"{""dt"": 0.125}"
b0caa27008f8,2026-09-24T19:54:24,zaki,scheme_order,paper_barrier,call,euler_maruyama,weak_terminal_mean,{'fine_steps': 512},65536,8,19,1932230253,zaki-rehnoom_x86_64,-0.0021351837462559396,0.004108005129982676,-0.010186873801021984,0.005916506308510105,-0.005781694413798277,0.0036465106675423378,0.010989705001065886,"{""dt"": 0.125}"
35b582242af3,2026-09-24T19:54:24,zaki,scheme_order,paper_barrier,call,euler_maruyama,weak_call,{'fine_steps': 512},65536,8,19,1932230253,zaki-rehnoom_x86_64,-0.0196630406684866,0.0030054393022122925,-0.025553701700822693,-0.013772379636150505,,,0.010989705001065886,"{""dt"": 0.125}"
fe55113fa040,2026-09-24T19:54:24,zaki,scheme_order,paper_barrier,call,euler_maruyama,weak_barrier,{'fine_steps': 512},65536,8,19,1932230253,zaki-rehnoom_x86_64,-0.023439819900898617,0.003404915719289219,-0.030113454710705485,-0.016766185091091748,,,0.010989705001065886,"{""dt"": 0.125}"
d84395d9ac51,2026-09-24T19:54:24,zaki,scheme_order,paper_barrier,call,milstein,strong_abs_terminal,{'fine_steps': 512},65536,8,19,1932230253,zaki-rehnoom_x86_64,0.06402414680363586,0.0002497666549638935,0.06353460415990662,0.06451368944736509,,,0.013145457000518945,"{""dt"": 0.125}"
2fcd2dd67638,2026-09-24T19:54:24,zaki,scheme_order,paper_barrier,call,milstein,weak_terminal_mean,{'fine_steps': 512},65536,8,19,1932230253,zaki-rehnoom_x86_64,-0.005253480239702611,0.0003528602731738901,-0.005945086375123435,-0.004561874104281786,-0.005781694413798277,0.0005282141740956666,0.013145457000518945,"{""dt"": 0.125}"
2f3a6ceccc60,2026-09-24T19:54:24,zaki,scheme_order,paper_barrier,call,milstein,weak_call,{'fine_steps': 512},65536,8,19,1932230253,zaki-rehnoom_x86_64,-0.031316285131277585,0.00024960005594322303,-0.0318055012409263,-0.030827069021628867,,,0.013145457000518945,"{""dt"": 0.125}"
7d2829863872,2026-09-24T19:54:24,zaki,scheme_order,paper_barrier,call,milstein,weak_barrier,{'fine_steps': 512},65536,8,19,1932230253,zaki-rehnoom_x86_64,-0.0317989725283108,0.00037447631660008024,-0.03253294610884696,-0.031064998947774643,,,0.013145457000518945,"{""dt"": 0.125}"
e52bcfc0d971,2026-09-24T19:54:24,zaki,scheme_order,paper_barrier,call,exact,price_call,{'fine_steps': 512},65536,16,19,1932230253,zaki-rehnoom_x86_64,7.079539518937686,0.04844156422156348,6.984594053063422,7.174484984811951,,,0.028077766000023985,"{""dt"": 0.0625}"
81c5d44760b4,2026-09-24T19:54:24,zaki,scheme_order,paper_barrier,call,exact,price_barrier,{'fine_steps': 512},65536,16,19,1932230253,zaki-rehnoom_x86_64,7.004543886305194,0.048567375756849857,6.909351829821768,7.0997359427886195,,,0.028077766000023985,"{""dt"": 0.0625}"
ca3e688b5992,2026-09-24T19:54:24,zaki,scheme_order,paper_barrier,call,euler_maruyama,strong_abs_terminal,{'fine_steps': 512},65536,16,19,1932230253,zaki-rehnoom_x86_64,0.576144846418635,0.001846302026249735,0.5725260944471855,0.5797635983900844,,,0.017415852000794985,"{""dt"": 0.0625}"
8028d201f3fb,2026-09-24T19:54:24,zaki,scheme_order,paper_barrier,call,euler_maruyama,weak_terminal_mean,{'fine_steps': 512},65536,16,19,1932230253,zaki-rehnoom_x86_64,0.0008087592120544759,0.002911004109853153,-0.004896808843257704,0.006514327267366655,-0.0028944951184826095,0.0037032543305370856,0.017415852000794985,"{""dt"": 0.0625}"
d25b116bf67d,2026-09-24T19:54:24,zaki,scheme_order,paper_barrier,call,euler_maruyama,weak_call,{'fine_steps': 512},65536,16,19,1932230253,zaki-rehnoom_x86_64,-0.008751399535267835,0.0021470325135071995,-0.012959583261741946,-0.0045432158087937245,,,0.017415852000794985,"{""dt"": 0.0625}"
c2d63de3e06e,2026-09-24T19:54:24,zaki,scheme_order,paper_barrier,call,euler_maruyama,weak_barrier,{'fine_steps': 512},65536,16,19,1932230253,zaki-rehnoom_x86_64,-0.010663249609875107,0.002447973634335457,-0.015461277933172602,-0.005865221286577611,,,0.017415852000794985,"{""dt"": 0.0625}"
3313bfa4f0a0,2026-09-24T19:54:24,zaki,scheme_order,paper_barrier,call,milstein,strong_abs_terminal,{'fine_steps': 512},65536,16,19,1932230253,zaki-rehnoom_x86_64,0.033376085960803076,0.00012253344959321842,0.033135920399600366,0.033616251522005786,,,0.022969026001192105,"{""dt"": 0.0625}"
f51d0594f6db,2026-09-24T19:54:24,zaki,scheme_order,paper_barrier,call,milstein,weak_terminal_mean,{'fine_steps': 512},65536,16,19,1932230253,zaki-rehnoom_x86_64,-0.0027206843186866315,0.0001786042683123832,-0.0030707486845789026,-0.0023706199527943604,-0.0028944951184826095,0.00017381079979597808,0.022969026001192105,"{""dt"": 0.0625}"
7e721701d2d8,2026-09-24T19:54:24,zaki,scheme_order,paper_barrier,call,milstein,weak_call,{'fine_steps': 512},65536,16,19,1932230253,zaki-rehnoom_x86_64,-0.016001793427872734,0.00012729258377879553,-0.016251286892079175,-0.015752299963666293,,,0.022969026001192105,"{""dt"": 0.0625}"
f1ef24741bed,2026-09-24T19:54:24,zaki,scheme_order,paper_barrier,call,milstein,weak_barrier,{'fine_steps': 512},65536,16,19,1932230253,zaki-rehnoom_x86_64,-0.016124461203349275,0.0002206351080147679,-0.01655690601505822,-0.01569201639164033,,,0.022969026001192105,"{""dt"": 0.0625}"
13a288bb8d39,2026-09-24T19:54:24,zaki,scheme_order,paper_barrier,call,exact,price_call,{'fine_steps': 512},65536,32,19,1932230253,zaki-rehnoom_x86_64,7.079539518937689,0.04844156422156348,6.984594053063424,7.174484984811953,,,0.04065539299972443,"{""dt"": 0.03125}"
21ecbcac7f05,2026-09-24T19:54:24,zaki,scheme_order,paper_barrier,call,exact,price_barrier,{'fine_steps': 512},65536,32,19,1932230253,zaki-rehnoom_x86_64,7.02167483399609,0.04853956914320379,6.9265372784754105,7.116812389516769,,,0.04065539299972443,"{""dt"": 0.03125}"
82f3721288f5,2026-09-24T19:54:24,zaki,scheme_order,paper_barrier,call,euler_maruyama,strong_abs_terminal,{'fine_steps': 512},65536,32,19,1932230253,zaki-rehnoom_x86_64,0.40972514639367963,0.0012902158797248708,0.4071963232694189,0.41225396951794036,,,0.032083559999136924,"{""dt"": 0.03125}"
410d1e406948,2026-09-24T19:54:24,zaki,scheme_order,paper_barrier,call,euler_maruyama,weak_terminal_mean,{'fine_steps': 512},65536,32,19,1932230253,zaki-rehnoom_x86_64,0.0015437759310006757,0.0020557782726228348,-0.0024855494833400807,0.005573101345341432,-0.0014481614756078898,0.0029919374066085655,0.032083559999136924,"{""dt"": 0.03125}"
187d22a68cae,2026-09-24T19:54:24,zaki,scheme_order,paper_barrier,call,euler_maruyama,weak_call,{'fine_steps': 512},65536,32,19,1932230253,zaki-rehnoom_x86_64,-0.0028713559727732026,0.0015158671576702147,-0.005842455601806823,9.97436562604182e-05,,,0.032083559999136924,"{""dt"": 0.03125}"
5b5fb0343bf0,2026-09-24T19:54:24,zaki,scheme_order,paper_barrier,call,euler_maruyama,weak_barrier,{'fine_steps': 512},65536,32,19,1932230253,zaki-rehnoom_x86_64,-0.004270445092688444,0.0017364939702498102,-0.007673973274378072,-0.000866916910998816,,,0.032083559999136924,"{""dt"": 0.03125}"
1fc1ceebabaf,2026-09-24T19:54:24,zaki,scheme_order,paper_barrier,call,milstein,strong_abs_terminal,{'fine_steps': 512},65536,32,19,1932230253,zaki-rehnoom_x86_64,0.017081173194551963,5.965379240558247e-05,0.01696425176143702,0.017198094627666905,,,0.046113397001136036,"{""dt"": 0.03125}"
3dc5ba811fe8,2026-09-24T19:54:24,zaki,scheme_order,paper_barrier,call,milstein,weak_terminal_mean,{'fine_steps': 512},65536,32,19,1932230253,zaki-rehnoom_x86_64,-0.001433980318115921,8.932675355372504e-05,-0.0016090607550812222,-0.0012588998811506199,-0.0014481614756078898,1.4181157491968731e-05,0.046113397001136036,"{""dt"": 0.03125}"
958355b4b98e,2026-09-24T19:54:24,zaki,scheme_order,paper_barrier,call,milstein,weak_call,{'fine_steps': 512},65536,32,19,1932230253,zaki-rehnoom_x86_64,-0.00808491776670882,6.386350700172138e-05,-0.008210090240432195,-0.007959745292985446,,,0.046113397001136036,"{""dt"": 0.03125}"
ab4e3ececffb,2026-09-24T19:54:24,zaki,scheme_order,paper_barrier,call,milstein,weak_barrier,{'fine_steps': 512},65536,32,19,1932230253,zaki-rehnoom_x86_64,-0.008331694119873738,0.0001651300393192862,-0.00865534899693954,-0.008008039242807937,,,0.046113397001136036,"{""dt"": 0.03125}"
4040f6a36917,2026-09-24T19:54:24,zaki,scheme_order,paper_barrier,call,exact,price_call,{'fine_steps': 512},65536,64,19,1932230253,zaki-rehnoom_x86_64,7.079539518937684,0.048441564221563475,6.98459405306342,7.174484984811949,,,0.07666764899931877,"{""dt"": 0.015625}"
2ef98c629a69,2026-09-24T19:54:24,zaki,scheme_order,paper_barrier,call,exact,price_barrier,{'fine_steps': 512},65536,64,19,1932230253,zaki-rehnoom_x86_64,7.033078960741539,0.04852107677243281,6.937977650267571,7.128180271215507,,,0.07666764899931877,"{""dt"": 0.015625}"
317b10759661,2026-09-24T19:54:24,zaki,scheme_order,paper_barrier,call,euler_maruyama,strong_abs_terminal,{'fine_steps': 512},65536,64,19,1932230253,zaki-rehnoom_x86_64,0.28936611576490245,0.0009093034634130054,0.28758388097661297,0.29114835055319194,,,0.061785237001004134,"{""dt"": 0.015625}"
649ca4b89e84,2026-09-24T19:54:24,zaki,scheme_order,paper_barrier,call,euler_maruyama,weak_terminal_mean,{'fine_steps': 512},65536,64,19,1932230253,zaki-rehnoom_x86_64,0.0019632520880699545,0.001450673576161271,-0.0008800681212061366,0.004806572297346046,-0.0007243094598123889,0.0026875615478823434,0.061785237001004134,"{""dt"": 0.015625}"
75e45dc53854,2026-09-24T19:54:24,zaki,scheme_order,paper_barrier,call,euler_maruyama,weak_call,{'fine_steps': 512},65536,64,19,1932230253,zaki-rehnoom_x86_64,-0.0008307859544145698,0.001072474998243147,-0.002932836950971138,0.0012712650421419982,,,0.061785237001004134,"{""dt"": 0.015625}"
6fd9ae48a4ec,2026-09-24T19:54:24,zaki,scheme_order,paper_barrier,call,euler_maruyama,weak_barrier,{'fine_steps': 512},65536,64,19,1932230253,zaki-rehnoom_x86_64,-0.0010641108400167485,0.0012600822097563818,-0.0035338719711392567,0.0014056502911057598,,,0.061785237001004134,"{""dt"": 0.015625}"
51a51ab7f517,2026-09-24T19:54:24,zaki,scheme_order,paper_barrier,call,milstein,strong_abs_terminal,{'fine_steps': 512},65536,64,19,1932230253,zaki-rehnoom_x86_64,0.008611224694606314,2.926592491775451e-05,0.008553863481767515,0.008668585907445113,,,0.08697191400051452,"{""dt"": 0.015625}"
a807060aef8b,2026-09-24T19:54:24,zaki,scheme_order,paper_barrier,call,milstein,weak_terminal_mean,{'fine_steps': 512},65536,64,19,1932230253,zaki-rehnoom_x86_64,-0.0006935753498897449,4.4504597733077986e-05,-0.0007808043614465777,-0.000606346338332912,-0.0007243094598123889,3.073410992264405e-05,0.08697191400051452,"{""dt"": 0.015625}"
28f9f1b055d1,2026-09-24T19:54:24,zaki,scheme_order,paper_barrier,call,milstein,weak_call,{'fine_steps': 512},65536,64,19,1932230253,zaki-rehnoom_x86_64,-0.004034897950409809,3.177449828338787e-05,-0.004097175967045249,-0.003972619933774369,,,0.08697191400051452,"{""dt"": 0.015625}"
7763ce5dd971,2026-09-24T19:54:24,zaki,scheme_order,paper_barrier,call,milstein,weak_barrier,{'fine_steps': 512},65536,64,19,1932230253,zaki-rehnoom_x86_64,-0.004055053283072503,5.903216727870283e-05,-0.004170756330938761,-0.003939350235206245,,,0.08697191400051452,"{""dt"": 0.015625}"
163070c725f1,2026-09-24T19:54:24,zaki,scheme_order,paper_barrier,call,exact,price_call,{'fine_steps': 512},65536,128,19,1932230253,zaki-rehnoom_x86_64,7.079539518937684,0.048441564221563475,6.98459405306342,7.174484984811949,,,0.1576972449997811,"{""dt"": 0.0078125}"
1e3528bf9135,2026-09-24T19:54:24,zaki,scheme_order,paper_barrier,call,exact,price_barrier,{'fine_steps': 512},65536,128,19,1932230253,zaki-rehnoom_x86_64,7.041041268269115,0.04850820770109324,6.945965181174972,7.136117355363258,,,0.1576972449997811,"{""dt"": 0.0078125}"
f59c0c2b6fe5,2026-09-24T19:54:24,zaki,scheme_order,paper_barrier,call,euler_maruyama,strong_abs_terminal,{'fine_steps': 512},65536,128,19,1932230253,zaki-rehnoom_x86_64,0.204459671778106,0.0006402157614504455,0.20320484888566312,0.2057144946705489,,,0.12117809699884674,"{""dt"": 0.0078125}"
9707ecf2c6eb,2026-09-24T19:54:24,zaki,scheme_order,paper_barrier,call,euler_maruyama,weak_terminal_mean,{'fine_steps': 512},65536,128,19,1932230253,zaki-rehnoom_x86_64,0.0013111322194318186,0.0010235889991586703,-0.0006951022189191748,0.003317366657782812,-0.00036221194078223107,0.0016733441602140497,0.12117809699884674,"{""dt"": 0.0078125}"
4800cee50e92,2026-09-24T19:54:24,zaki,scheme_order,paper_barrier,call,euler_maruyama,weak_call,{'fine_steps': 512},65536,128,19,1932230253,zaki-rehnoom_x86_64,0.00012318352285085887,0.0007565587272254868,-0.0013596715825110951,0.001606038628212813,,,0.12117809699884674,"{""dt"": 0.0078125}"
a394655be95e,2026-09-24T19:54:24,zaki,scheme_order,paper_barrier,call,euler_maruyama,weak_barrier,{'fine_steps': 512},65536,128,19,1932230253,zaki-rehnoom_x86_64,-0.0003445121654518874,0.000905793304187167,-0.0021198670416587347,0.00143084271075496,,,0.12117809699884674,"{""dt"": 0.0078125}"
f5323dc2e048,2026-09-24T19:54:24,zaki,scheme_order,paper_barrier,call,milstein,strong_abs_terminal,{'fine_steps': 512},65536,128,19,1932230253,zaki-rehnoom_x86_64,0.004349571802924621,1.4577413287999138e-05,0.004321000072880142,0.0043781435329690995,,,0.19070249999958833,"{""dt"": 0.0078125}"
50886860a784,2026-09-24T19:54:24,zaki,scheme_order,paper_barrier,call,milstein,weak_terminal_mean,{'fine_steps': 512},65536,128,19,1932230253,zaki-rehnoom_x86_64,-0.00035360747813631714,2.2344462776660283e-05,-0.0003974026251785713,-0.000309812331094063,-0.00036221194078223107,8.60446264591393e-06,0.19070249999958833,"{""dt"": 0.0078125}"
a481bc877a45,2026-09-24T19:54:24,zaki,scheme_order,paper_barrier,call,milstein,weak_call,{'fine_steps': 512},65536,128,19,1932230253,zaki-rehnoom_x86_64,-0.002033791956450609,1.597332581731807e-05,-0.0020650996750525524,-0.0020024842378486654,,,0.19070249999958833,"{""dt"": 0.0078125}"
77f3d6136b7c,2026-09-24T19:54:24,zaki,scheme_order,paper_barrier,call,milstein,weak_barrier,{'fine_steps': 512},65536,128,19,1932230253,zaki-rehnoom_x86_64,-0.002028662060079883,1.962141752678194e-05,-0.0020671200384323758,-0.0019902040817273902,,,0.19070249999958833,"{""dt"": 0.0078125}"
117b1dbe03f2,2026-09-24T19:54:24,zaki,scheme_order,paper_barrier,call,exact,price_call,{'fine_steps': 512},65536,256,19,1932230253,zaki-rehnoom_x86_64,7.079539518937682,0.04844156422156346,6.984594053063417,7.174484984811946,,,0.298095411000304,"{""dt"": 0.00390625}"
0c12cd9f32a5,2026-09-24T19:54:24,zaki,scheme_order,paper_barrier,call,exact,price_barrier,{'fine_steps': 512},65536,256,19,1932230253,zaki-rehnoom_x86_64,7.045937652466448,0.048500168117289,6.950877322956562,7.1409979819763345,,,0.298095411000304,"{""dt"": 0.00390625}"
3643f7476d27,2026-09-24T19:54:24,zaki,scheme_order,paper_barrier,call,euler_maruyama,strong_abs_terminal,{'fine_steps': 512},65536,256,19,1932230253,zaki-rehnoom_x86_64,0.14491997532456552,0.0004524287126550689,0.1440332150477616,0.14580673560136945,,,0.2483321340000657,"{""dt"": 0.00390625}"
5b3017b3d702,2026-09-24T19:54:24,zaki,scheme_order,paper_barrier,call,euler_maruyama,weak_terminal_mean,{'fine_steps': 512},65536,256,19,1932230253,zaki-rehnoom_x86_64,-5.678175030242327e-05,0.0007246782771916439,-0.0014771511735980451,0.0013635876729931988,-0.0001811202798052136,0.00012433852950279034,0.2483321340000657,"{""dt"": 0.00390625}"
e880df2592a1,2026-09-24T19:54:24,zaki,scheme_order,paper_barrier,call,euler_maruyama,weak_call,{'fine_steps': 512},65536,256,19,1932230253,zaki-rehnoom_x86_64,-0.0002725548449179678,0.0005358249436423445,-0.0013227717344569628,0.0007776620446210273,,,0.2483321340000657,"{""dt"": 0.00390625}"
652d773a0eea,2026-09-24T19:54:24,zaki,scheme_order,paper_barrier,call,euler_maruyama,weak_barrier,{'fine_steps': 512},65536,256,19,1932230253,zaki-rehnoom_x86_64,-0.0008958190035448538,0.0006807999916746797,-0.002230186987227226,0.00043854898013751843,,,0.2483321340000657,"{""dt"": 0.00390625}"
41afadeb473e,2026-09-24T19:54:24,zaki,scheme_order,paper_barrier,call,milstein,strong_abs_terminal,{'fine_steps': 512},65536,256,19,1932230253,zaki-rehnoom_x86_64,0.002182843935125768,7.256893575766045e-06,0.0021686204237172666,0.0021970674465342692,,,0.35132647199998246,"{""dt"": 0.00390625}"
8a2a3e56746a,2026-09-24T19:54:24,zaki,scheme_order,paper_barrier,call,milstein,weak_terminal_mean,{'fine_steps': 512},65536,256,19,1932230253,zaki-rehnoom_x86_64,-0.0001740274651484343,1.1176165735981567e-05,-0.00019593274999095818,-0.00015212218030591043,-0.0001811202798052136,7.092814656779311e-06,0.35132647199998246,"{""dt"": 0.00390625}"
6159d7fc855e,2026-09-24T19:54:24,zaki,scheme_order,paper_barrier,call,milstein,weak_call,{'fine_steps': 512},65536,256,19,1932230253,zaki-rehnoom_x86_64,-0.0010164433530597873,8.001286588369987e-06,-0.0010321258747729924,-0.0010007608313465821,,,0.35132647199998246,"{""dt"": 0.00390625}"
9bf191fc0981,2026-09-24T19:54:24,zaki,scheme_order,paper_barrier,call,milstein,weak_barrier,{'fine_steps': 512},65536,256,19,1932230253,zaki-rehnoom_x86_64,-0.0010096861835266503,7.983066875896584e-06,-0.0010253329946034076,-0.0009940393724498931,,,0.35132647199998246,"{""dt"": 0.00390625}"
6795f3daff4c,2026-09-24T19:54:24,zaki,scheme_order,paper_barrier,call,exact,price_call,{'fine_steps': 512},65536,512,19,1932230253,zaki-rehnoom_x86_64,7.079539518937683,0.04844156422156347,6.984594053063418,7.174484984811947,,,0.6508383249997678,"{""dt"": 0.001953125}"
1259f9184582,2026-09-24T19:54:24,zaki,scheme_order,paper_barrier,call,exact,price_barrier,{'fine_steps': 512},65536,512,19,1932230253,zaki-rehnoom_x86_64,7.050133950446928,0.04849334039308642,6.955087003276478,7.145180897617378,,,0.6508383249997678,"{""dt"": 0.001953125}"
0bf8cc366eeb,2026-09-24T19:54:24,zaki,scheme_order,paper_barrier,call,euler_maruyama,strong_abs_terminal,{'fine_steps': 512},65536,512,19,1932230253,zaki-rehnoom_x86_64,0.10284840141981691,0.0003211310454727351,0.10221898457069035,0.10347781826894346,,,0.5356054210001275,"{""dt"": 0.001953125}"
8dc19c321231,2026-09-24T19:54:24,zaki,scheme_order,paper_barrier,call,euler_maruyama,weak_terminal_mean,{'fine_steps': 512},65536,512,19,1932230253,zaki-rehnoom_x86_64,-0.00016322110285547898,0.00051432628471476,-0.0011713006208964084,0.0008448584151854505,-9.056371841609234e-05,7.265738443938663e-05,0.5356054210001275,"{""dt"": 0.001953125}"
ecdcadb3a9cd,2026-09-24T19:54:24,zaki,scheme_order,paper_barrier,call,euler_maruyama,weak_call,{'fine_steps': 512},65536,512,19,1932230253,zaki-rehnoom_x86_64,-0.00018588892983388236,0.0003797649575231207,-0.0009302282465791989,0.0005584503869114341,,,0.5356054210001275,"{""dt"": 0.001953125}"
2e32b53489fa,2026-09-24T19:54:24,zaki,scheme_order,paper_barrier,call,euler_maruyama,weak_barrier,{'fine_steps': 512},65536,512,19,1932230253,zaki-rehnoom_x86_64,-6.034698818068341e-05,0.0005088122310131872,-0.00105761896096653,0.0009369249846051634,,,0.5356054210001275,"{""dt"": 0.001953125}"
9d4ab5fbcc47,2026-09-24T19:54:24,zaki,scheme_order,paper_barrier,call,milstein,strong_abs_terminal,{'fine_steps': 512},65536,512,19,1932230253,zaki-rehnoom_x86_64,0.0010935781654635686,3.6243629614643377e-06,0.0010864744140590985,0.0011006819168680388,,,0.7673672809996788,"{""dt"": 0.001953125}"
8f6ba608842b,2026-09-24T19:54:24,zaki,scheme_order,paper_barrier,call,milstein,weak_terminal_mean,{'fine_steps': 512},65536,512,19,1932230253,zaki-rehnoom_x86_64,-8.823155982542368e-05,5.591572594939881e-06,-9.919104211150584e-05,-7.727207753934151e-05,-9.056371841609234e-05,2.332158590668664e-06,0.7673672809996788,"{""dt"": 0.001953125}"
1e6a7f5f101c,2026-09-24T19:54:24,zaki,scheme_order,paper_barrier,call,milstein,weak_call,{'fine_steps': 512},65536,512,19,1932230253,zaki-rehnoom_x86_64,-0.0005104036434794253,4.0012477308222835e-06,-0.000518246089031837,-0.0005025611979270136,,,0.7673672809996788,"{""dt"": 0.001953125}"
69ca4337ec44,2026-09-24T19:54:24,zaki,scheme_order,paper_barrier,call,milstein,weak_barrier,{'fine_steps': 512},65536,512,19,1932230253,zaki-rehnoom_x86_64,-0.0005070920008447025,3.994000320403538e-06,-0.0005149202414726934,-0.0004992637602167115,,,0.7673672809996788,"{""dt"": 0.001953125}"
