run_id,timestamp,person,experiment_id,scenario,option_type,scheme,method,method_params,n_paths,n_steps,replicate_id,seed,machine_id,price,std_error,ci_low,ci_high,exact_price,abs_error,runtime_sec,extra_json
6f1e72941367,2026-09-24T19:43:00,zaki,qmc,paper_asian_geo,call,exact,plain,{},256,252,0,536962928,zaki-rehnoom_x86_64,3.378873151284119,0.38558624104067774,2.6231380059102105,4.134608296658027,3.000200360178781,0.378672791105338,0.0053682980001212854,
ed4f699c3f9f,2026-09-24T19:43:00,zaki,qmc,paper_asian_geo,call,exact,plain,{},256,252,1,837972325,zaki-rehnoom_x86_64,3.467363925632026,0.41053546117231116,2.662729207357754,4.271998643906297,3.000200360178781,0.4671635654532449,0.003695126999900822,
447d4ff2c1d2,2026-09-24T19:43:00,zaki,qmc,paper_asian_geo,call,exact,plain,{},256,252,2,306411071,zaki-rehnoom_x86_64,2.9251537947969517,0.3375229839897719,2.2636209022225096,3.586686687371394,3.000200360178781,0.0750465653818293,0.0038507180001943198,
7d992d17da4d,2026-09-24T19:43:00,zaki,qmc,paper_asian_geo,call,exact,plain,{},256,252,3,3835319976,zaki-rehnoom_x86_64,3.0342941928621725,0.35340444558634276,2.3416342075365955,3.7269541781877495,3.000200360178781,0.0340938326833915,0.0033460350000495964,
f84d99431274,2026-09-24T19:43:00,zaki,qmc,paper_asian_geo,call,exact,plain,{},256,252,4,3690866376,zaki-rehnoom_x86_64,2.9444251018332883,0.35475424027140495,2.249119567538466,3.6397306361281108,3.000200360178781,0.055775258345492684,0.003341978000207746,
fe000b9d464b,2026-09-24T19:43:00,zaki,qmc,paper_asian_geo,call,exact,plain,{},256,252,5,149016044,zaki-rehnoom_x86_64,2.7079900657785556,0.32647886332307624,2.0681032519517513,3.34787687960536,3.000200360178781,0.2922102944002254,0.0036412210001799394,
45c7bf822dd6,2026-09-24T19:43:00,zaki,qmc,paper_asian_geo,call,exact,plain,{},256,252,6,2187777089,zaki-rehnoom_x86_64,3.3690706420339174,0.38811375433235223,2.6083816616378805,4.129759622429954,3.000200360178781,0.3688702818551364,0.0033605960002205393,
16c8a29bc2a3,2026-09-24T19:43:00,zaki,qmc,paper_asian_geo,call,exact,plain,{},256,252,7,34115543,zaki-rehnoom_x86_64,3.1371832379431455,0.39070631572883013,2.371412930582303,3.902953545303988,3.000200360178781,0.13698287776436446,0.003375697000137734,
f4e0a19d824f,2026-09-24T19:43:00,zaki,qmc,paper_asian_geo,call,exact,plain,{},256,252,8,3474951489,zaki-rehnoom_x86_64,3.0320612524941515,0.37675118451142686,2.29364249971895,3.770480005269353,3.000200360178781,0.03186089231537048,0.0033688570001686458,
7c727ef2496d,2026-09-24T19:43:00,zaki,qmc,paper_asian_geo,call,exact,plain,{},256,252,9,3736055666,zaki-rehnoom_x86_64,3.2793116637754363,0.4029512643602785,2.489541698104412,4.06908162944646,3.000200360178781,0.27911130359665526,0.0036156620003566786,
1a3b763c3831,2026-09-24T19:43:00,zaki,qmc,paper_asian_geo,call,exact,plain,{},256,252,10,2333206197,zaki-rehnoom_x86_64,3.1199681434244306,0.3950864666321759,2.34561289804618,3.894323388802681,3.000200360178781,0.11976778324564963,0.0037716090000685654,
2bbe21b3159e,2026-09-24T19:43:00,zaki,qmc,paper_asian_geo,call,exact,plain,{},256,252,11,1867597900,zaki-rehnoom_x86_64,2.7867986321584812,0.361792657589635,2.0776980534117646,3.495899210905198,3.000200360178781,0.21340172802029977,0.003372794999904727,
ffc2a0c70d84,2026-09-24T19:43:00,zaki,qmc,paper_asian_geo,call,exact,plain,{},256,252,12,1175741895,zaki-rehnoom_x86_64,3.1703222474045,0.3736547153794704,2.4379724626071733,3.902672032201827,3.000200360178781,0.17012188722571908,0.0037210919999779435,
b1fe65a1ec8e,2026-09-24T19:43:00,zaki,qmc,paper_asian_geo,call,exact,plain,{},256,252,13,1442041144,zaki-rehnoom_x86_64,3.1345119434313937,0.37431576729265365,2.4008665206923165,3.868157366170471,3.000200360178781,0.13431158325261272,0.0037235289996715437,
4dc43fa81654,2026-09-24T19:43:00,zaki,qmc,paper_asian_geo,call,exact,plain,{},256,252,14,3873403398,zaki-rehnoom_x86_64,3.201690770516462,0.4107427784581816,2.3966497178285118,4.0067318232044125,3.000200360178781,0.2014904103376809,0.0033774050002648437,
94295c56ef9e,2026-09-24T19:43:00,zaki,qmc,paper_asian_geo,call,exact,plain,{},256,252,15,3598676206,zaki-rehnoom_x86_64,4.054766879571867,0.445436819931108,3.1817267551188415,4.927807004024892,3.000200360178781,1.0545665193930858,0.003605401000186248,
e45a006874f0,2026-09-24T19:43:00,zaki,qmc,paper_asian_geo,call,exact,plain,{},256,252,16,4237917295,zaki-rehnoom_x86_64,3.2621509103290123,0.3865112619629828,2.5046027572624396,4.019699063395585,3.000200360178781,0.2619505501502313,0.003753748000235646,
ebcbfcacb9ed,2026-09-24T19:43:00,zaki,qmc,paper_asian_geo,call,exact,plain,{},256,252,17,2020546504,zaki-rehnoom_x86_64,3.021606408599479,0.38192172381193606,2.2730535850146305,3.7701592321843274,3.000200360178781,0.021406048420697932,0.00398311199978707,
cd813bc296ef,2026-09-24T19:43:00,zaki,qmc,paper_asian_geo,call,exact,plain,{},256,252,18,1267328544,zaki-rehnoom_x86_64,2.303077133535134,0.2894471225214785,1.7357711979642838,2.8703830691059844,3.000200360178781,0.6971232266436469,0.0036067810001441103,
ad5d088a380e,2026-09-24T19:43:00,zaki,qmc,paper_asian_geo,call,exact,plain,{},256,252,19,2038784453,zaki-rehnoom_x86_64,1.9658519737970608,0.28536881865755587,1.4065393669175095,2.525164580676612,3.000200360178781,1.0343483863817202,0.0033545049996064336,
bb5b19d2af2a,2026-09-24T19:43:00,zaki,qmc,paper_asian_geo,call,exact,plain,{},1024,252,0,554276393,zaki-rehnoom_x86_64,2.787032900915759,0.17252939283026833,2.44888150469387,3.125184297137648,3.000200360178781,0.21316745926302216,0.020017224000184797,
49c8d8cee5c8,2026-09-24T19:43:00,zaki,qmc,paper_asian_geo,call,exact,plain,{},1024,252,1,1622259178,zaki-rehnoom_x86_64,2.9187112713535286,0.17101403726154712,2.5835299174701056,3.2538926252369516,3.000200360178781,0.08148908882525241,0.016194527000152448,
70721637af59,2026-09-24T19:43:00,zaki,qmc,paper_asian_geo,call,exact,plain,{},1024,252,2,1209712143,zaki-rehnoom_x86_64,2.736744796288955,0.1773110014205478,2.389221619441951,3.084267973135959,3.000200360178781,0.26345556388982594,0.015906081999673916,
ceff12623b7f,2026-09-24T19:43:00,zaki,qmc,paper_asian_geo,call,exact,plain,{},1024,252,3,2040530813,zaki-rehnoom_x86_64,3.0192697537223543,0.19575734691085106,2.635592404067973,3.402947103376736,3.000200360178781,0.019069393543573288,0.01668826600007378,
b4dd74d39b5a,2026-09-24T19:43:00,zaki,qmc,paper_asian_geo,call,exact,plain,{},1024,252,4,2234512413,zaki-rehnoom_x86_64,3.1094619715376597,0.1910902326151903,2.7349319978145057,3.4839919452608137,3.000200360178781,0.10926161135887869,0.016378483999687887,
c3b3ece80cf8,2026-09-24T19:43:00,zaki,qmc,paper_asian_geo,call,exact,plain,{},1024,252,5,2176743220,zaki-rehnoom_x86_64,3.11837969829481,0.17685269220500913,2.7717547910040445,3.4650046055855754,3.000200360178781,0.11817933811602899,0.016141653999966366,
75cd2f4fd7d8,2026-09-24T19:43:00,zaki,qmc,paper_asian_geo,call,exact,plain,{},1024,252,6,4267590438,zaki-rehnoom_x86_64,2.985957305385068,0.1830206464054448,2.6272434300031557,3.34467118076698,3.000200360178781,0.014243054793713128,0.017414131999885285,
13bbc9e00ff2,2026-09-24T19:43:01,zaki,qmc,paper_asian_geo,call,exact,plain,{},1024,252,7,4148964142,zaki-rehnoom_x86_64,2.8731568204191795,0.17968204761902004,2.5209864784174894,3.2253271624208697,3.000200360178781,0.12704353975960148,0.01709677600001669,
c84bc9576f0f,2026-09-24T19:43:01,zaki,qmc,paper_asian_geo,call,exact,plain,{},1024,252,8,876192656,zaki-rehnoom_x86_64,3.0442550588577464,0.18046352878768876,2.690553041910869,3.397957075804624,3.000200360178781,0.04405469867896539,0.016884047000075952,
59a032b6d07e,2026-09-24T19:43:01,zaki,qmc,paper_asian_geo,call,exact,plain,{},1024,252,9,2953433844,zaki-rehnoom_x86_64,3.0629269075584933,0.1851944999043094,2.6999523576111404,3.425901457505846,3.000200360178781,0.06272654737971228,0.016841750999901706,
85024d22e823,2026-09-24T19:43:01,zaki,qmc,paper_asian_geo,call,exact,plain,{},1024,252,10,3976536001,zaki-rehnoom_x86_64,2.9629760578172784,0.18169849154646706,2.6068535583409473,3.3190985572936094,3.000200360178781,0.03722430236150265,0.017061050000393152,
dd187e1024e1,2026-09-24T19:43:01,zaki,qmc,paper_asian_geo,call,exact,plain,{},1024,252,11,3881623585,zaki-rehnoom_x86_64,2.8567731488427706,0.17390270802154084,2.5159301043065656,3.1976161933789755,3.000200360178781,0.14342721133601044,0.017802867000227707,
7db8c98b91f8,2026-09-24T19:43:01,zaki,qmc,paper_asian_geo,call,exact,plain,{},1024,252,12,3060111290,zaki-rehnoom_x86_64,3.2879986533701064,0.19224294115789042,2.9112094124185885,3.6647878943216243,3.000200360178781,0.28779829319132544,0.018091718000050605,
956504106f39,2026-09-24T19:43:01,zaki,qmc,paper_asian_geo,call,exact,plain,{},1024,252,13,1487076820,zaki-rehnoom_x86_64,2.9041665991428527,0.18264575827943502,2.5461874909861515,3.262145707299554,3.000200360178781,0.09603376103592831,0.017652314999850205,
85d79c1a0fd6,2026-09-24T19:43:01,zaki,qmc,paper_asian_geo,call,exact,plain,{},1024,252,14,850420894,zaki-rehnoom_x86_64,3.3419036627279572,0.19906176313687876,2.9517497762806317,3.7320575491752828,3.000200360178781,0.34170330254917625,0.017734992999976384,
725cdba8b53b,2026-09-24T19:43:01,zaki,qmc,paper_asian_geo,call,exact,plain,{},1024,252,15,1812850919,zaki-rehnoom_x86_64,2.931711173287302,0.1806038198161464,2.5777341909772935,3.28568815559731,3.000200360178781,0.0684891868914792,0.01698149999992893,
62b096d0cc34,2026-09-24T19:43:01,zaki,qmc,paper_asian_geo,call,exact,plain,{},1024,252,16,2699300057,zaki-rehnoom_x86_64,3.0546258773811026,0.18234076869927615,2.697244537817173,3.412007216945032,3.000200360178781,0.05442551720232158,0.017278963000080694,
5f12b45ddfbd,2026-09-24T19:43:01,zaki,qmc,paper_asian_geo,call,exact,plain,{},1024,252,17,1070366694,zaki-rehnoom_x86_64,2.958454247210384,0.1872149572989238,2.591519673537289,3.3253888208834788,3.000200360178781,0.04174611296839714,0.017497626000022137,
2f6e480fbed0,2026-09-24T19:43:01,zaki,qmc,paper_asian_geo,call,exact,plain,{},1024,252,18,1356940231,zaki-rehnoom_x86_64,3.0866619127268278,0.19144509246610447,2.7114364264763227,3.461887398977333,3.000200360178781,0.08646155254804677,0.017162680000183173,
518b898d822f,2026-09-24T19:43:01,zaki,qmc,paper_asian_geo,call,exact,plain,{},1024,252,19,1399033562,zaki-rehnoom_x86_64,3.297200936484897,0.19509668186449158,2.9148184665272248,3.679583406442569,3.000200360178781,0.29700057630611587,0.017626013000153762,
f52ee18ebec9,2026-09-24T19:43:01,zaki,qmc,paper_asian_geo,call,exact,plain,{},4096,252,0,3159541841,zaki-rehnoom_x86_64,3.235426467352381,0.09619303303708988,3.0468915870360136,3.4239613476687487,3.000200360178781,0.23522610717360015,0.06674735099977624,
fba7607e159d,2026-09-24T19:43:01,zaki,qmc,paper_asian_geo,call,exact,plain,{},4096,252,1,4097587398,zaki-rehnoom_x86_64,2.9678660051155394,0.09052985718198399,2.790430745513296,3.1453012647177827,3.000200360178781,0.03233435506324156,0.06288318299993989,
f8470a362ef5,2026-09-24T19:43:01,zaki,qmc,paper_asian_geo,call,exact,plain,{},4096,252,2,3253627606,zaki-rehnoom_x86_64,3.0640436463142784,0.09609303365019253,2.8757047611947053,3.2523825314338515,3.000200360178781,0.06384328613549739,0.07313403099988136,
6053c954faff,2026-09-24T19:43:01,zaki,qmc,paper_asian_geo,call,exact,plain,{},4096,252,3,3934417020,zaki-rehnoom_x86_64,3.000108743932568,0.09320495014086179,2.8174303984756275,3.1827870893895085,3.000200360178781,9.161624621301101e-05,0.06351756699996258,
985f3a67f5fd,2026-09-24T19:43:01,zaki,qmc,paper_asian_geo,call,exact,plain,{},4096,252,4,3584089731,zaki-rehnoom_x86_64,2.9416870628152125,0.09096924362891001,2.7633906216016992,3.119983504028726,3.000200360178781,0.05851329736356847,0.06302557700018951,
31a77ee640d6,2026-09-24T19:43:01,zaki,qmc,paper_asian_geo,call,exact,plain,{},4096,252,5,2914835911,zaki-rehnoom_x86_64,2.9430732150980363,0.09112983683893017,2.764462016976722,3.121684413219351,3.000200360178781,0.05712714508074468,0.061070538999956625,
6c03bf3cfc53,2026-09-24T19:43:01,zaki,qmc,paper_asian_geo,call,exact,plain,{},4096,252,6,2649290362,zaki-rehnoom_x86_64,3.074563546154784,0.09381190597430485,2.8906955891240886,3.2584315031854794,3.000200360178781,0.074363185976003,0.06050029300013193,
f9fa515dfd97,2026-09-24T19:43:01,zaki,qmc,paper_asian_geo,call,exact,plain,{},4096,252,7,142113337,zaki-rehnoom_x86_64,3.067909331570115,0.09398495874498128,2.883702197341469,3.2521164657987613,3.000200360178781,0.06770897139133414,0.05929015399988202,
0c88e80e20d5,2026-09-24T19:43:01,zaki,qmc,paper_asian_geo,call,exact,plain,{},4096,252,8,767843630,zaki-rehnoom_x86_64,3.0727695287314485,0.09119273381902382,2.894035054794414,3.251504002668483,3.000200360178781,0.07256916855266748,0.05993882099983239,
6f3c77d45f15,2026-09-24T19:43:01,zaki,qmc,paper_asian_geo,call,exact,plain,{},4096,252,9,2525426152,zaki-rehnoom_x86_64,3.0045323052561335,0.09068192686122811,2.826798994559431,3.182265615952836,3.000200360178781,0.0043319450773524615,0.059983471000123245,
31ae4353a70b,2026-09-24T19:43:01,zaki,qmc,paper_asian_geo,call,exact,plain,{},4096,252,10,1852294924,zaki-rehnoom_x86_64,2.975774404502321,0.09138304723552199,2.7966669231231753,3.1548818858814665,3.000200360178781,0.02442595567646011,0.061809498999991774,
658664b176eb,2026-09-24T19:43:01,zaki,qmc,paper_asian_geo,call,exact,plain,{},4096,252,11,1504553381,zaki-rehnoom_x86_64,3.1805145321981514,0.09590362522050548,2.9925468807791336,3.3684821836171692,3.000200360178781,0.1803141720193704,0.060925040999791236,
85b085a70c62,2026-09-24T19:43:02,zaki,qmc,paper_asian_geo,call,exact,plain,{},4096,252,12,3453635414,zaki-rehnoom_x86_64,3.072139165633868,0.09105726398365024,2.8936702076951573,3.2506081235725786,3.000200360178781,0.07193880545508691,0.06173662100036381,
b290cb568760,2026-09-24T19:43:02,zaki,qmc,paper_asian_geo,call,exact,plain,{},4096,252,13,3457670699,zaki-rehnoom_x86_64,2.852789462324714,0.0894877304291032,2.677396733625443,3.0281821910239852,3.000200360178781,0.1474108978540669,0.06227143400019486,
d4a89e75b467,2026-09-24T19:43:02,zaki,qmc,paper_asian_geo,call,exact,plain,{},4096,252,14,2014322231,zaki-rehnoom_x86_64,2.9056555106368465,0.0907389737864431,2.7278103900212938,3.083500631252399,3.000200360178781,0.09454484954193454,0.06335828900000706,
a4f1222c59b9,2026-09-24T19:43:02,zaki,qmc,paper_asian_geo,call,exact,plain,{},4096,252,15,3117113024,zaki-rehnoom_x86_64,3.0166607529811214,0.09274051646418141,2.834892680803682,3.198428825158561,3.000200360178781,0.01646039280234035,0.062439379999887024,
1510fa825e4f,2026-09-24T19:43:02,zaki,qmc,paper_asian_geo,call,exact,plain,{},4096,252,16,2822304074,zaki-rehnoom_x86_64,3.0372687279316146,0.09217989573494458,2.856599452192466,3.2179380036707634,3.000200360178781,0.03706836775283362,0.06152888399992662,
90863c125bd8,2026-09-24T19:43:02,zaki,qmc,paper_asian_geo,call,exact,plain,{},4096,252,17,4160059740,zaki-rehnoom_x86_64,3.069307116257315,0.09266276192172516,2.8876914401827243,3.250922792331906,3.000200360178781,0.06910675607853412,0.060186695000084,
2be27dca030d,2026-09-24T19:43:02,zaki,qmc,paper_asian_geo,call,exact,plain,{},4096,252,18,2525816339,zaki-rehnoom_x86_64,2.795213143389691,0.08694389110734048,2.6248062481435315,2.965620038635851,3.000200360178781,0.20498721678908982,0.06044506500029456,
6e1bfb57b342,2026-09-24T19:43:02,zaki,qmc,paper_asian_geo,call,exact,plain,{},4096,252,19,3838029791,zaki-rehnoom_x86_64,2.925384828425664,0.09090381564548994,2.7472166237032347,3.103553033148093,3.000200360178781,0.07481553175311717,0.06157561300005909,
1b3b50a85a88,2026-09-24T19:43:02,zaki,qmc,paper_asian_geo,call,exact,plain,{},16384,252,0,1501374832,zaki-rehnoom_x86_64,2.9274553279761317,0.045480667812434275,2.8383148570709307,3.016595798881333,3.000200360178781,0.07274503220264927,0.2536565420000443,
003df2301d1d,2026-09-24T19:43:02,zaki,qmc,paper_asian_geo,call,exact,plain,{},16384,252,1,4148290167,zaki-rehnoom_x86_64,3.0130161413268914,0.046030749558382135,2.9227975300110796,3.1032347526427033,3.000200360178781,0.012815781148110439,0.23359975800030952,
6fc178a2819c,2026-09-24T19:43:03,zaki,qmc,paper_asian_geo,call,exact,plain,{},16384,252,2,2621450712,zaki-rehnoom_x86_64,3.019572939812292,0.04668596459855726,2.928070130615608,3.111075749008976,3.000200360178781,0.019372579633511133,0.24838194199992358,
be2a62f6c660,2026-09-24T19:43:03,zaki,qmc,paper_asian_geo,call,exact,plain,{},16384,252,3,3718493537,zaki-rehnoom_x86_64,3.0673595103631004,0.046630290311349624,2.975965820764208,3.1587531999619927,3.000200360178781,0.0671591501843194,0.24232322899979408,
d0dffd7d929f,2026-09-24T19:43:03,zaki,qmc,paper_asian_geo,call,exact,plain,{},16384,252,4,3432818137,zaki-rehnoom_x86_64,3.036410907062978,0.04573635955126456,2.946769289558525,3.1260525245674313,3.000200360178781,0.036210546884197115,0.24660322399995493,
d0def8324f3a,2026-09-24T19:43:03,zaki,qmc,paper_asian_geo,call,exact,plain,{},16384,252,5,1863940977,zaki-rehnoom_x86_64,2.977224080052879,0.04558443725177394,2.887880224783876,3.066567935321882,3.000200360178781,0.022976280125901916,0.2555744579999555,
e2ff80808fa4,2026-09-24T19:43:04,zaki,qmc,paper_asian_geo,call,exact,plain,{},16384,252,6,3332967271,zaki-rehnoom_x86_64,2.948045523813871,0.04530043367596415,2.8592583053249356,3.0368327423028063,3.000200360178781,0.05215483636491003,0.2603588709998803,
c4ab26dff3e1,2026-09-24T19:43:04,zaki,qmc,paper_asian_geo,call,exact,plain,{},16384,252,7,1309087712,zaki-rehnoom_x86_64,2.959793627979689,0.04538443120785156,2.8708417773534642,3.048745478605914,3.000200360178781,0.040406732199091966,0.24136598499990214,
8cc00030206a,2026-09-24T19:43:04,zaki,qmc,paper_asian_geo,call,exact,plain,{},16384,252,8,2086386604,zaki-rehnoom_x86_64,3.0173230326205003,0.045873516625004156,2.927412592191293,3.1072334730497078,3.000200360178781,0.017122672441719278,0.26850939699988885,
ab70a6f8d187,2026-09-24T19:43:05,zaki,qmc,paper_asian_geo,call,exact,plain,{},16384,252,9,4132233582,zaki-rehnoom_x86_64,2.969184879076486,0.04546182273911296,2.8800813438362804,3.0582884143166917,3.000200360178781,0.031015481102294906,0.2844120419999854,
4b1f03cbd2fc,2026-09-24T19:43:05,zaki,qmc,paper_asian_geo,call,exact,plain,{},16384,252,10,1476021267,zaki-rehnoom_x86_64,3.0126303184960292,0.04634390655479633,2.921797930745739,3.1034627062463196,3.000200360178781,0.012429958317248246,0.23926037400042333,
5ef185bbb3ad,2026-09-24T19:43:05,zaki,qmc,paper_asian_geo,call,exact,plain,{},16384,252,11,497525015,zaki-rehnoom_x86_64,2.9347718336989415,0.04516907822711656,2.846242067158921,3.023301600238962,3.000200360178781,0.06542852647983954,0.24446396500025003,
d3cec45e2215,2026-09-24T19:43:05,zaki,qmc,paper_asian_geo,call,exact,plain,{},16384,252,12,914170693,zaki-rehnoom_x86_64,3.0128966357505473,0.04637660835989332,2.9220001536400373,3.1037931178610574,3.000200360178781,0.012696275571766336,0.29672651100008807,
e17972a0e65c,2026-09-24T19:43:06,zaki,qmc,paper_asian_geo,call,exact,plain,{},16384,252,13,1303148316,zaki-rehnoom_x86_64,3.0085517942036297,0.046206994335111384,2.917987749472965,3.0991158389342943,3.000200360178781,0.008351434024848725,0.25453460699964126,
d0af862befc3,2026-09-24T19:43:06,zaki,qmc,paper_asian_geo,call,exact,plain,{},16384,252,14,3444893977,zaki-rehnoom_x86_64,3.025918042540881,0.046195140764744465,2.935377230381224,3.116458854700538,3.000200360178781,0.025717682362099925,0.23740529199994853,
e3ba1a1c8209,2026-09-24T19:43:06,zaki,qmc,paper_asian_geo,call,exact,plain,{},16384,252,15,3935149849,zaki-rehnoom_x86_64,2.978632227159483,0.045402848647907015,2.889644279014062,3.0676201753049037,3.000200360178781,0.021568133019298052,0.2355876569999964,
338a88a3add5,2026-09-24T19:43:06,zaki,qmc,paper_asian_geo,call,exact,plain,{},16384,252,16,214063637,zaki-rehnoom_x86_64,3.0481439461989357,0.04613968904929006,2.95771181740445,3.1385760749934213,3.000200360178781,0.047943586020154694,0.24560968400010097,
fbb66049b348,2026-09-24T19:43:07,zaki,qmc,paper_asian_geo,call,exact,plain,{},16384,252,17,3535077328,zaki-rehnoom_x86_64,3.003410436278947,0.04587749722374853,2.9134921940195633,3.0933286785383305,3.000200360178781,0.0032100761001658817,0.24752517900014936,
4544ba858f66,2026-09-24T19:43:07,zaki,qmc,paper_asian_geo,call,exact,plain,{},16384,252,18,1103356438,zaki-rehnoom_x86_64,3.009514216048783,0.04570766625764638,2.9199288363664193,3.099099595731147,3.000200360178781,0.009313855870002108,0.24521595299984256,
4ee7dd5c9242,2026-09-24T19:43:07,zaki,qmc,paper_asian_geo,call,exact,plain,{},16384,252,19,830567066,zaki-rehnoom_x86_64,2.986125892847407,0.04611141650701266,2.8957491772175366,3.0765026084772775,3.000200360178781,0.014074467331373963,0.24432308799987368,
1a2134c2b21a,2026-09-24T19:43:08,zaki,qmc,paper_asian_geo,call,exact,plain,{},65536,252,0,559623672,zaki-rehnoom_x86_64,3.021918575129307,0.022931884891057047,2.976972906645217,3.0668642436133973,3.000200360178781,0.02171821495052617,1.0049001830002453,
51b8bb41dfc4,2026-09-24T19:43:09,zaki,qmc,paper_asian_geo,call,exact,plain,{},65536,252,1,3364068217,zaki-rehnoom_x86_64,3.0184895059059853,0.023057890882950297,2.973296870215948,3.0636821415960225,3.000200360178781,0.018289145727204303,0.9962150280002788,
657dc8962047,2026-09-24T19:43:10,zaki,qmc,paper_asian_geo,call,exact,plain,{},65536,252,2,8934772,zaki-rehnoom_x86_64,3.0190523825805595,0.022983367479601426,2.9740058100770916,3.0640989550840274,3.000200360178781,0.018852022401778523,0.9730208640003184,
793177fe7910,2026-09-24T19:43:11,zaki,qmc,paper_asian_geo,call,exact,plain,{},65536,252,3,2165443620,zaki-rehnoom_x86_64,2.974353211204745,0.02284817485099697,2.929571611384317,3.019134811025173,3.000200360178781,0.02584714897403595,0.9569311689997448,
740987d93059,2026-09-24T19:43:12,zaki,qmc,paper_asian_geo,call,exact,plain,{},65536,252,4,2843808530,zaki-rehnoom_x86_64,3.028833785034083,0.02320852869640303,2.983345904654969,3.0743216654131973,3.000200360178781,0.02863342485530218,0.9653372289999425,
3a2cb6a472ad,2026-09-24T19:43:13,zaki,qmc,paper_asian_geo,call,exact,plain,{},65536,252,5,3636847665,zaki-rehnoom_x86_64,2.997481275575687,0.022921237287735832,2.9525564760106286,3.042406075140746,3.000200360178781,0.00271908460309378,0.9573862459997144,
e3723b4eace8,2026-09-24T19:43:14,zaki,qmc,paper_asian_geo,call,exact,plain,{},65536,252,6,3949266807,zaki-rehnoom_x86_64,3.0141384873047077,0.02300182930528159,2.9690557302878178,3.0592212443215976,3.000200360178781,0.01393812712592668,0.9373376320004354,
980e2be0fb6c,2026-09-24T19:43:15,zaki,qmc,paper_asian_geo,call,exact,plain,{},65536,252,7,857930959,zaki-rehnoom_x86_64,2.9816221591275123,0.022884946738118927,2.9367684877326816,3.026475830522343,3.000200360178781,0.018578201051268728,0.9529708350000874,
dcbe3d59e069,2026-09-24T19:43:16,zaki,qmc,paper_asian_geo,call,exact,plain,{},65536,252,8,234489120,zaki-rehnoom_x86_64,3.006803983000809,0.022893179811986523,2.9619341750777157,3.051673790923902,3.000200360178781,0.006603622822027866,0.9426327589999346,
d8e9f2b3f9c6,2026-09-24T19:43:17,zaki,qmc,paper_asian_geo,call,exact,plain,{},65536,252,9,1451113064,zaki-rehnoom_x86_64,3.0000160370015116,0.02293031032907219,2.9550734546022035,3.04495861940082,3.000200360178781,0.0001843231772693521,0.9422920719998729,
165eb7380c55,2026-09-24T19:43:18,zaki,qmc,paper_asian_geo,call,exact,plain,{},65536,252,10,1674767033,zaki-rehnoom_x86_64,2.9985353350368547,0.02299157913668761,2.9534726679812446,3.0435980020924647,3.000200360178781,0.0016650251419263462,0.9820567380002103,
d1f513b79d0a,2026-09-24T19:43:19,zaki,qmc,paper_asian_geo,call,exact,plain,{},65536,252,11,1165177751,zaki-rehnoom_x86_64,2.9911618644174225,0.022947411629778727,2.9461857640846407,3.0361379647502043,3.000200360178781,0.009038495761358512,0.9589614639999127,
eabc38c826a5,2026-09-24T19:43:20,zaki,qmc,paper_asian_geo,call,exact,plain,{},65536,252,12,4250252797,zaki-rehnoom_x86_64,2.9813533411548887,0.022840145662821217,2.9365874782541104,3.026119204055667,3.000200360178781,0.018847019023892297,1.0429361090000384,
746e988a109e,2026-09-24T19:43:21,zaki,qmc,paper_asian_geo,call,exact,plain,{},65536,252,13,1084512516,zaki-rehnoom_x86_64,2.977175707803035,0.022751650417820287,2.932583292395262,3.0217681232108085,3.000200360178781,0.023024652375745802,0.9667580629998156,
1e0739529369,2026-09-24T19:43:22,zaki,qmc,paper_asian_geo,call,exact,plain,{},65536,252,14,723290203,zaki-rehnoom_x86_64,3.0321155545980747,0.023080090553872726,2.986879408352561,3.0773517008435882,3.000200360178781,0.03191519441929369,0.9524550159999308,
c4a5cf421174,2026-09-24T19:43:23,zaki,qmc,paper_asian_geo,call,exact,plain,{},65536,252,15,963991221,zaki-rehnoom_x86_64,3.0069389358185026,0.02303293486321298,2.9617952130283483,3.052082658608657,3.000200360178781,0.006738575639721578,0.9732702930000414,
764657a427fa,2026-09-24T19:43:24,zaki,qmc,paper_asian_geo,call,exact,plain,{},65536,252,16,3271515202,zaki-rehnoom_x86_64,2.9801053732944727,0.022870964586169728,2.935279106413889,3.0249316401750566,3.000200360178781,0.02009498688430833,0.9642214259997672,
df33e90ea8f5,2026-09-24T19:43:25,zaki,qmc,paper_asian_geo,call,exact,plain,{},65536,252,17,1788281739,zaki-rehnoom_x86_64,2.989976539175107,0.022892250996028478,2.94510855169784,3.0348445266523743,3.000200360178781,0.010223821003673805,0.9718265899996368,
a812dc4d236a,2026-09-24T19:43:26,zaki,qmc,paper_asian_geo,call,exact,plain,{},65536,252,18,652218847,zaki-rehnoom_x86_64,2.9948045610968546,0.02291355568453638,2.94989481719741,3.039714304996299,3.000200360178781,0.0053957990819264445,0.9661677510002846,
0d48d7179547,2026-09-24T19:43:26,zaki,qmc,paper_asian_geo,call,exact,plain,{},65536,252,19,1406711401,zaki-rehnoom_x86_64,2.9890222830485897,0.02289949515414511,2.944140097282316,3.0339044688148635,3.000200360178781,0.011178077130191255,0.9301530200000343,
f3ec3756e7e3,2026-09-24T19:43:27,zaki,qmc,paper_asian_geo,call,exact,rqmc,{},256,252,0,2584539507,zaki-rehnoom_x86_64,2.9814002098821994,nan,nan,nan,3.000200360178781,0.018800150296581553,0.06886854999993375,"{""construction"": ""bridge"", ""sobol_dim"": 252, ""naive_iid_se"": 0.36580170503029624, ""se_valid"": false}"
fc36b1065ba4,2026-09-24T19:43:27,zaki,qmc,paper_asian_geo,call,exact,rqmc,{},256,252,1,3619168956,zaki-rehnoom_x86_64,2.9624087093883005,nan,nan,nan,3.000200360178781,0.037791650790480524,0.03786161700008961,"{""construction"": ""bridge"", ""sobol_dim"": 252, ""naive_iid_se"": 0.36773206345162257, ""se_valid"": false}"
85010a7c3b4f,2026-09-24T19:43:27,zaki,qmc,paper_asian_geo,call,exact,rqmc,{},256,252,2,2876746065,zaki-rehnoom_x86_64,3.006924815667055,nan,nan,nan,3.000200360178781,0.006724455488273939,0.037470998000117106,"{""construction"": ""bridge"", ""sobol_dim"": 252, ""naive_iid_se"": 0.3589849808206313, ""se_valid"": false}"
e5ad29fbeabc,2026-09-24T19:43:27,zaki,qmc,paper_asian_geo,call,exact,rqmc,{},256,252,3,3239768182,zaki-rehnoom_x86_64,2.987778797795685,nan,nan,nan,3.000200360178781,0.012421562383095885,0.03411621999975978,"{""construction"": ""bridge"", ""sobol_dim"": 252, ""naive_iid_se"": 0.36370965719083803, ""se_valid"": false}"
7c12be680a95,2026-09-24T19:43:27,zaki,qmc,paper_asian_geo,call,exact,rqmc,{},256,252,4,1731742715,zaki-rehnoom_x86_64,3.0216802126262854,nan,nan,nan,3.000200360178781,0.02147985244750439,0.03904934299998786,"{""construction"": ""bridge"", ""sobol_dim"": 252, ""naive_iid_se"": 0.36198333838147906, ""se_valid"": false}"
baefdbd19dd6,2026-09-24T19:43:27,zaki,qmc,paper_asian_geo,call,exact,rqmc,{},256,252,5,652994160,zaki-rehnoom_x86_64,3.044802060105132,nan,nan,nan,3.000200360178781,0.04460169992635121,0.04458908800006611,"{""construction"": ""bridge"", ""sobol_dim"": 252, ""naive_iid_se"": 0.39571709155161816, ""se_valid"": false}"
0592e25775ee,2026-09-24T19:43:27,zaki,qmc,paper_asian_geo,call,exact,rqmc,{},256,252,6,2134225013,zaki-rehnoom_x86_64,2.9847921596589266,nan,nan,nan,3.000200360178781,0.015408200519854365,0.03628055199988012,"{""construction"": ""bridge"", ""sobol_dim"": 252, ""naive_iid_se"": 0.3686763610388037, ""se_valid"": false}"
c4759b7fcf22,2026-09-24T19:43:27,zaki,qmc,paper_asian_geo,call,exact,rqmc,{},256,252,7,1895976647,zaki-rehnoom_x86_64,3.013832378621372,nan,nan,nan,3.000200360178781,0.013632018442590876,0.03449307199980467,"{""construction"": ""bridge"", ""sobol_dim"": 252, ""naive_iid_se"": 0.3699215618815813, ""se_valid"": false}"
38a738fd011d,2026-09-24T19:43:27,zaki,qmc,paper_asian_geo,call,exact,rqmc,{},256,252,8,3187932059,zaki-rehnoom_x86_64,3.0409627993844373,nan,nan,nan,3.000200360178781,0.04076243920565625,0.03647363600020981,"{""construction"": ""bridge"", ""sobol_dim"": 252, ""naive_iid_se"": 0.3567117179054966, ""se_valid"": false}"
1e4999f3cb59,2026-09-24T19:43:27,zaki,qmc,paper_asian_geo,call,exact,rqmc,{},256,252,9,3005772340,zaki-rehnoom_x86_64,2.9998687078992594,nan,nan,nan,3.000200360178781,0.00033165227952158816,0.03862499799970465,"{""construction"": ""bridge"", ""sobol_dim"": 252, ""naive_iid_se"": 0.35799683752287564, ""se_valid"": false}"
801e57138363,2026-09-24T19:43:27,zaki,qmc,paper_asian_geo,call,exact,rqmc,{},256,252,10,1101163349,zaki-rehnoom_x86_64,2.9945151736184505,nan,nan,nan,3.000200360178781,0.0056851865603304574,0.03198026099971685,"{""construction"": ""bridge"", ""sobol_dim"": 252, ""naive_iid_se"": 0.3650192145330815, ""se_valid"": false}"
54645951c27a,2026-09-24T19:43:27,zaki,qmc,paper_asian_geo,call,exact,rqmc,{},256,252,11,3979048497,zaki-rehnoom_x86_64,3.00648938344393,nan,nan,nan,3.000200360178781,0.00628902326514913,0.036176978000185045,"{""construction"": ""bridge"", ""sobol_dim"": 252, ""naive_iid_se"": 0.36886039302271845, ""se_valid"": false}"
0ea3bb5e8212,2026-09-24T19:43:27,zaki,qmc,paper_asian_geo,call,exact,rqmc,{},256,252,12,1154841867,zaki-rehnoom_x86_64,3.026145303985414,nan,nan,nan,3.000200360178781,0.025944943806632814,0.03466397700003654,"{""construction"": ""bridge"", ""sobol_dim"": 252, ""naive_iid_se"": 0.36694520171887834, ""se_valid"": false}"
995380010d10,2026-09-24T19:43:27,zaki,qmc,paper_asian_geo,call,exact,rqmc,{},256,252,13,805536013,zaki-rehnoom_x86_64,3.014699645099922,nan,nan,nan,3.000200360178781,0.014499284921141165,0.03167892900000879,"{""construction"": ""bridge"", ""sobol_dim"": 252, ""naive_iid_se"": 0.36346489075658756, ""se_valid"": false}"
a0e903986d9b,2026-09-24T19:43:27,zaki,qmc,paper_asian_geo,call,exact,rqmc,{},256,252,14,4014353001,zaki-rehnoom_x86_64,2.9523231497924276,nan,nan,nan,3.000200360178781,0.0478772103863534,0.034399402999952144,"{""construction"": ""bridge"", ""sobol_dim"": 252, ""naive_iid_se"": 0.36126335577402896, ""se_valid"": false}"
8f99cfeb2aef,2026-09-24T19:43:27,zaki,qmc,paper_asian_geo,call,exact,rqmc,{},256,252,15,4190784161,zaki-rehnoom_x86_64,3.0534980330118877,nan,nan,nan,3.000200360178781,0.05329767283310671,0.03650072699974771,"{""construction"": ""bridge"", ""sobol_dim"": 252, ""naive_iid_se"": 0.37420773408530295, ""se_valid"": false}"
395756573398,2026-09-24T19:43:27,zaki,qmc,paper_asian_geo,call,exact,rqmc,{},256,252,16,1929066471,zaki-rehnoom_x86_64,2.970009426080174,nan,nan,nan,3.000200360178781,0.03019093409860707,0.03436797199992725,"{""construction"": ""bridge"", ""sobol_dim"": 252, ""naive_iid_se"": 0.3694994306921134, ""se_valid"": false}"
00332c998780,2026-09-24T19:43:27,zaki,qmc,paper_asian_geo,call,exact,rqmc,{},256,252,17,1126956934,zaki-rehnoom_x86_64,3.0058677862536127,nan,nan,nan,3.000200360178781,0.005667426074831727,0.035964960000001156,"{""construction"": ""bridge"", ""sobol_dim"": 252, ""naive_iid_se"": 0.3649129051541395, ""se_valid"": false}"
eb7fdb1c24aa,2026-09-24T19:43:27,zaki,qmc,paper_asian_geo,call,exact,rqmc,{},256,252,18,1756495462,zaki-rehnoom_x86_64,3.049940900580411,nan,nan,nan,3.000200360178781,0.04974054040163001,0.04138247299988507,"{""construction"": ""bridge"", ""sobol_dim"": 252, ""naive_iid_se"": 0.3649752168374448, ""se_valid"": false}"
2c09bdd0f460,2026-09-24T19:43:27,zaki,qmc,paper_asian_geo,call,exact,rqmc,{},256,252,19,4288648341,zaki-rehnoom_x86_64,2.989669071216867,nan,nan,nan,3.000200360178781,0.010531288961913798,0.034735098000055586,"{""construction"": ""bridge"", ""sobol_dim"": 252, ""naive_iid_se"": 0.37163193175088977, ""se_valid"": false}"
cd19ea1ac133,2026-09-24T19:43:27,zaki,qmc,paper_asian_geo,call,exact,rqmc,{},1024,252,0,3247445949,zaki-rehnoom_x86_64,2.983309218429008,nan,nan,nan,3.000200360178781,0.01689114174977302,0.06010305499967217,"{""construction"": ""bridge"", ""sobol_dim"": 252, ""naive_iid_se"": 0.18436697068628088, ""se_valid"": false}"
a909b1574c34,2026-09-24T19:43:27,zaki,qmc,paper_asian_geo,call,exact,rqmc,{},1024,252,1,3215273206,zaki-rehnoom_x86_64,2.998963242579126,nan,nan,nan,3.000200360178781,0.0012371175996550576,0.052006874999733554,"{""construction"": ""bridge"", ""sobol_dim"": 252, ""naive_iid_se"": 0.18394295155120421, ""se_valid"": false}"
efc6b34cbe35,2026-09-24T19:43:27,zaki,qmc,paper_asian_geo,call,exact,rqmc,{},1024,252,2,4077336447,zaki-rehnoom_x86_64,3.0052389840007203,nan,nan,nan,3.000200360178781,0.005038623821939314,0.06176701899994441,"{""construction"": ""bridge"", ""sobol_dim"": 252, ""naive_iid_se"": 0.1841300962777149, ""se_valid"": false}"
27bb4fe682d1,2026-09-24T19:43:27,zaki,qmc,paper_asian_geo,call,exact,rqmc,{},1024,252,3,1471835508,zaki-rehnoom_x86_64,2.9981680426194925,nan,nan,nan,3.000200360178781,0.0020323175592884546,0.057681163999859564,"{""construction"": ""bridge"", ""sobol_dim"": 252, ""naive_iid_se"": 0.18292721553755167, ""se_valid"": false}"
3de216a22a69,2026-09-24T19:43:28,zaki,qmc,paper_asian_geo,call,exact,rqmc,{},1024,252,4,226482501,zaki-rehnoom_x86_64,3.0073400896324194,nan,nan,nan,3.000200360178781,0.007139729453638388,0.053401906000090094,"{""construction"": ""bridge"", ""sobol_dim"": 252, ""naive_iid_se"": 0.18500244239343897, ""se_valid"": false}"
2bbf7b547866,2026-09-24T19:43:28,zaki,qmc,paper_asian_geo,call,exact,rqmc,{},1024,252,5,1238997456,zaki-rehnoom_x86_64,2.998627699883681,nan,nan,nan,3.000200360178781,0.001572660295099837,0.05749341499995353,"{""construction"": ""bridge"", ""sobol_dim"": 252, ""naive_iid_se"": 0.18325498976628238, ""se_valid"": false}"
f7622446ac52,2026-09-24T19:43:28,zaki,qmc,paper_asian_geo,call,exact,rqmc,{},1024,252,6,2277274839,zaki-rehnoom_x86_64,2.985971297009411,nan,nan,nan,3.000200360178781,0.014229063169370004,0.05194641500020225,"{""construction"": ""bridge"", ""sobol_dim"": 252, ""naive_iid_se"": 0.1828559861338923, ""se_valid"": false}"
9eb6b9065b07,2026-09-24T19:43:28,zaki,qmc,paper_asian_geo,call,exact,rqmc,{},1024,252,7,418452754,zaki-rehnoom_x86_64,2.9872499109409145,nan,nan,nan,3.000200360178781,0.01295044923786648,0.05810467600031188,"{""construction"": ""bridge"", ""sobol_dim"": 252, ""naive_iid_se"": 0.18315847778508576, ""se_valid"": false}"
1c53828547c8,2026-09-24T19:43:28,zaki,qmc,paper_asian_geo,call,exact,rqmc,{},1024,252,8,4228675094,zaki-rehnoom_x86_64,2.9905214208530753,nan,nan,nan,3.000200360178781,0.009678939325705738,0.05527308599994285,"{""construction"": ""bridge"", ""sobol_dim"": 252, ""naive_iid_se"": 0.18261495513889295, ""se_valid"": false}"
e59403abb5ab,2026-09-24T19:43:28,zaki,qmc,paper_asian_geo,call,exact,rqmc,{},1024,252,9,373743975,zaki-rehnoom_x86_64,3.0021465592676293,nan,nan,nan,3.000200360178781,0.0019461990888482994,0.04912197100020421,"{""construction"": ""bridge"", ""sobol_dim"": 252, ""naive_iid_se"": 0.18377944532637067, ""se_valid"": false}"
fef3aca136a8,2026-09-24T19:43:28,zaki,qmc,paper_asian_geo,call,exact,rqmc,{},1024,252,10,561780764,zaki-rehnoom_x86_64,3.010520527027908,nan,nan,nan,3.000200360178781,0.010320166849127066,0.05634406399985892,"{""construction"": ""bridge"", ""sobol_dim"": 252, ""naive_iid_se"": 0.184049257453543, ""se_valid"": false}"
fe6905f89db4,2026-09-24T19:43:28,zaki,qmc,paper_asian_geo,call,exact,rqmc,{},1024,252,11,2614274339,zaki-rehnoom_x86_64,3.0033078655471197,nan,nan,nan,3.000200360178781,0.0031075053683387033,0.05303550300004645,"{""construction"": ""bridge"", ""sobol_dim"": 252, ""naive_iid_se"": 0.18401037409833554, ""se_valid"": false}"
7c90b53730e1,2026-09-24T19:43:28,zaki,qmc,paper_asian_geo,call,exact,rqmc,{},1024,252,12,2389970619,zaki-rehnoom_x86_64,3.01953005112702,nan,nan,nan,3.000200360178781,0.019329690948238998,0.05409972600000401,"{""construction"": ""bridge"", ""sobol_dim"": 252, ""naive_iid_se"": 0.18537189808235302, ""se_valid"": false}"
36e9533312aa,2026-09-24T19:43:28,zaki,qmc,paper_asian_geo,call,exact,rqmc,{},1024,252,13,3358751549,zaki-rehnoom_x86_64,3.006680754297687,nan,nan,nan,3.000200360178781,0.006480394118906219,0.05023647899997741,"{""construction"": ""bridge"", ""sobol_dim"": 252, ""naive_iid_se"": 0.18540338745420204, ""se_valid"": false}"
415b47f1b3b2,2026-09-24T19:43:28,zaki,qmc,paper_asian_geo,call,exact,rqmc,{},1024,252,14,1814802294,zaki-rehnoom_x86_64,2.98669647479998,nan,nan,nan,3.000200360178781,0.013503885378800984,0.05145131900007982,"{""construction"": ""bridge"", ""sobol_dim"": 252, ""naive_iid_se"": 0.18232803152943552, ""se_valid"": false}"
6b06314e63f1,2026-09-24T19:43:28,zaki,qmc,paper_asian_geo,call,exact,rqmc,{},1024,252,15,3266327501,zaki-rehnoom_x86_64,2.9905068023664736,nan,nan,nan,3.000200360178781,0.009693557812307407,0.056373260999862396,"{""construction"": ""bridge"", ""sobol_dim"": 252, ""naive_iid_se"": 0.18621462041421577, ""se_valid"": false}"
e60e50d14a1d,2026-09-24T19:43:28,zaki,qmc,paper_asian_geo,call,exact,rqmc,{},1024,252,16,3867069004,zaki-rehnoom_x86_64,3.004467213745228,nan,nan,nan,3.000200360178781,0.004266853566447182,0.05391985100004604,"{""construction"": ""bridge"", ""sobol_dim"": 252, ""naive_iid_se"": 0.18432114646481854, ""se_valid"": false}"
9c93ded9ee6f,2026-09-24T19:43:28,zaki,qmc,paper_asian_geo,call,exact,rqmc,{},1024,252,17,4086024592,zaki-rehnoom_x86_64,3.0054490366735815,nan,nan,nan,3.000200360178781,0.0052486764948005415,0.05299130899993543,"{""construction"": ""bridge"", ""sobol_dim"": 252, ""naive_iid_se"": 0.18374106403618745, ""se_valid"": false}"
74c05238cd35,2026-09-24T19:43:28,zaki,qmc,paper_asian_geo,call,exact,rqmc,{},1024,252,18,2983397414,zaki-rehnoom_x86_64,2.98004035515595,nan,nan,nan,3.000200360178781,0.020160005022831218,0.06146246200023597,"{""construction"": ""bridge"", ""sobol_dim"": 252, ""naive_iid_se"": 0.1825140692143406, ""se_valid"": false}"
427215ab96e4,2026-09-24T19:43:28,zaki,qmc,paper_asian_geo,call,exact,rqmc,{},1024,252,19,2738120752,zaki-rehnoom_x86_64,3.010705255949232,nan,nan,nan,3.000200360178781,0.010504895770451217,0.05367456400017545,"{""construction"": ""bridge"", ""sobol_dim"": 252, ""naive_iid_se"": 0.18396391996943506, ""se_valid"": false}"
24abeb6abdee,2026-09-24T19:43:28,zaki,qmc,paper_asian_geo,call,exact,rqmc,{},4096,252,0,1729304106,zaki-rehnoom_x86_64,3.0034710262992386,nan,nan,nan,3.000200360178781,0.003270666120457566,0.13688111500005107,"{""construction"": ""bridge"", ""sobol_dim"": 252, ""naive_iid_se"": 0.0918805484562431, ""se_valid"": false}"
f540ead4cf5d,2026-09-24T19:43:29,zaki,qmc,paper_asian_geo,call,exact,rqmc,{},4096,252,1,3057215049,zaki-rehnoom_x86_64,2.996463574726281,nan,nan,nan,3.000200360178781,0.003736785452499891,0.14477518600006078,"{""construction"": ""bridge"", ""sobol_dim"": 252, ""naive_iid_se"": 0.0918140712278759, ""se_valid"": false}"
3bfb0044fef0,2026-09-24T19:43:29,zaki,qmc,paper_asian_geo,call,exact,rqmc,{},4096,252,2,2738660046,zaki-rehnoom_x86_64,3.000261956041339,nan,nan,nan,3.000200360178781,6.159586255805038e-05,0.139981078999881,"{""construction"": ""bridge"", ""sobol_dim"": 252, ""naive_iid_se"": 0.09167962016458688, ""se_valid"": false}"
482741afce05,2026-09-24T19:43:29,zaki,qmc,paper_asian_geo,call,exact,rqmc,{},4096,252,3,3445470489,zaki-rehnoom_x86_64,2.9926262261193983,nan,nan,nan,3.000200360178781,0.007574134059382676,0.14921398500018768,"{""construction"": ""bridge"", ""sobol_dim"": 252, ""naive_iid_se"": 0.09166972896545646, ""se_valid"": false}"
e9094b5f7b25,2026-09-24T19:43:29,zaki,qmc,paper_asian_geo,call,exact,rqmc,{},4096,252,4,1995552552,zaki-rehnoom_x86_64,3.0069252037588368,nan,nan,nan,3.000200360178781,0.0067248435800557615,0.13531276899993827,"{""construction"": ""bridge"", ""sobol_dim"": 252, ""naive_iid_se"": 0.09178341107228771, ""se_valid"": false}"
d0542a5ee235,2026-09-24T19:43:29,zaki,qmc,paper_asian_geo,call,exact,rqmc,{},4096,252,5,58049192,zaki-rehnoom_x86_64,3.003543629378339,nan,nan,nan,3.000200360178781,0.0033432691995578523,0.13603209200027777,"{""construction"": ""bridge"", ""sobol_dim"": 252, ""naive_iid_se"": 0.09167004146143731, ""se_valid"": false}"
de8383588ba1,2026-09-24T19:43:29,zaki,qmc,paper_asian_geo,call,exact,rqmc,{},4096,252,6,2076518921,zaki-rehnoom_x86_64,3.000457855593801,nan,nan,nan,3.000200360178781,0.00025749541502007034,0.13304175400025997,"{""construction"": ""bridge"", ""sobol_dim"": 252, ""naive_iid_se"": 0.09155814836126264, ""se_valid"": false}"
5a4cc29a3391,2026-09-24T19:43:29,zaki,qmc,paper_asian_geo,call,exact,rqmc,{},4096,252,7,2659581690,zaki-rehnoom_x86_64,2.9986278734023557,nan,nan,nan,3.000200360178781,0.001572486776425297,0.13652643099976558,"{""construction"": ""bridge"", ""sobol_dim"": 252, ""naive_iid_se"": 0.09155746029087096, ""se_valid"": false}"
bc8daaead006,2026-09-24T19:43:30,zaki,qmc,paper_asian_geo,call,exact,rqmc,{},4096,252,8,2017289133,zaki-rehnoom_x86_64,2.9984848043373633,nan,nan,nan,3.000200360178781,0.001715555841417693,0.1408371080001416,"{""construction"": ""bridge"", ""sobol_dim"": 252, ""naive_iid_se"": 0.091538425635677, ""se_valid"": false}"
8bbe6de1d1d3,2026-09-24T19:43:30,zaki,qmc,paper_asian_geo,call,exact,rqmc,{},4096,252,9,3593267976,zaki-rehnoom_x86_64,3.0007532858821566,nan,nan,nan,3.000200360178781,0.0005529257033756174,0.14891487200020492,"{""construction"": ""bridge"", ""sobol_dim"": 252, ""naive_iid_se"": 0.0915585673658478, ""se_valid"": false}"
800e8cf41434,2026-09-24T19:43:30,zaki,qmc,paper_asian_geo,call,exact,rqmc,{},4096,252,10,3329116291,zaki-rehnoom_x86_64,3.000125598328761,nan,nan,nan,3.000200360178781,7.476185002008862e-05,0.13678560100015602,"{""construction"": ""bridge"", ""sobol_dim"": 252, ""naive_iid_se"": 0.09224673350077883, ""se_valid"": false}"
a5f21e8884e6,2026-09-24T19:43:30,zaki,qmc,paper_asian_geo,call,exact,rqmc,{},4096,252,11,3426813143,zaki-rehnoom_x86_64,2.998652063733363,nan,nan,nan,3.000200360178781,0.0015482964454180959,0.12731477399984215,"{""construction"": ""bridge"", ""sobol_dim"": 252, ""naive_iid_se"": 0.09216616910722711, ""se_valid"": false}"
7c758278f69a,2026-09-24T19:43:30,zaki,qmc,paper_asian_geo,call,exact,rqmc,{},4096,252,12,2555248972,zaki-rehnoom_x86_64,3.000632940645064,nan,nan,nan,3.000200360178781,0.00043258046628302793,0.13610310300009587,"{""construction"": ""bridge"", ""sobol_dim"": 252, ""naive_iid_se"": 0.09175338318730746, ""se_valid"": false}"
26fe519297de,2026-09-24T19:43:30,zaki,qmc,paper_asian_geo,call,exact,rqmc,{},4096,252,13,1010554849,zaki-rehnoom_x86_64,2.9992477774295123,nan,nan,nan,3.000200360178781,0.0009525827492686822,0.13156796799967196,"{""construction"": ""bridge"", ""sobol_dim"": 252, ""naive_iid_se"": 0.09184068612846381, ""se_valid"": false}"
f6716fe72a05,2026-09-24T19:43:30,zaki,qmc,paper_asian_geo,call,exact,rqmc,{},4096,252,14,124008357,zaki-rehnoom_x86_64,2.9971107050091366,nan,nan,nan,3.000200360178781,0.003089655169644434,0.1357625589998861,"{""construction"": ""bridge"", ""sobol_dim"": 252, ""naive_iid_se"": 0.09169913240533367, ""se_valid"": false}"
d04b1cc1d8a8,2026-09-24T19:43:31,zaki,qmc,paper_asian_geo,call,exact,rqmc,{},4096,252,15,3645290407,zaki-rehnoom_x86_64,3.0008811653553202,nan,nan,nan,3.000200360178781,0.0006808051765392342,0.13498997799979406,"{""construction"": ""bridge"", ""sobol_dim"": 252, ""naive_iid_se"": 0.09189187607270244, ""se_valid"": false}"
117a2d831cc6,2026-09-24T19:43:31,zaki,qmc,paper_asian_geo,call,exact,rqmc,{},4096,252,16,3113894542,zaki-rehnoom_x86_64,3.0046224949021383,nan,nan,nan,3.000200360178781,0.004422134723357285,0.13589450799963743,"{""construction"": ""bridge"", ""sobol_dim"": 252, ""naive_iid_se"": 0.09178323331725186, ""se_valid"": false}"
a4f914288b4b,2026-09-24T19:43:31,zaki,qmc,paper_asian_geo,call,exact,rqmc,{},4096,252,17,1138520427,zaki-rehnoom_x86_64,3.0024429794342895,nan,nan,nan,3.000200360178781,0.0022426192555085045,0.1352098939996722,"{""construction"": ""bridge"", ""sobol_dim"": 252, ""naive_iid_se"": 0.09167694027945035, ""se_valid"": false}"
dd05821f67e9,2026-09-24T19:43:31,zaki,qmc,paper_asian_geo,call,exact,rqmc,{},4096,252,18,1339635928,zaki-rehnoom_x86_64,3.00506002537998,nan,nan,nan,3.000200360178781,0.0048596652011991814,0.1370197799997186,"{""construction"": ""bridge"", ""sobol_dim"": 252, ""naive_iid_se"": 0.09174444213848858, ""se_valid"": false}"
bc11b30aa419,2026-09-24T19:43:31,zaki,qmc,paper_asian_geo,call,exact,rqmc,{},4096,252,19,1272927977,zaki-rehnoom_x86_64,2.999987045447047,nan,nan,nan,3.000200360178781,0.0002133147317340267,0.13608772299994598,"{""construction"": ""bridge"", ""sobol_dim"": 252, ""naive_iid_se"": 0.09151516845192463, ""se_valid"": false}"
a4980536c2c1,2026-09-24T19:43:32,zaki,qmc,paper_asian_geo,call,exact,rqmc,{},16384,252,0,3854044862,zaki-rehnoom_x86_64,2.9982071578328515,nan,nan,nan,3.000200360178781,0.001993202345929479,0.43766020999964894,"{""construction"": ""bridge"", ""sobol_dim"": 252, ""naive_iid_se"": 0.045844064796637544, ""se_valid"": false}"
5c3c98aa2777,2026-09-24T19:43:32,zaki,qmc,paper_asian_geo,call,exact,rqmc,{},16384,252,1,4006721056,zaki-rehnoom_x86_64,2.9975705444126732,nan,nan,nan,3.000200360178781,0.002629815766107768,0.41938884099999996,"{""construction"": ""bridge"", ""sobol_dim"": 252, ""naive_iid_se"": 0.04585316817458462, ""se_valid"": false}"
5eb9b15aeb1a,2026-09-24T19:43:32,zaki,qmc,paper_asian_geo,call,exact,rqmc,{},16384,252,2,1975328579,zaki-rehnoom_x86_64,2.999432924217835,nan,nan,nan,3.000200360178781,0.0007674359609461945,0.42150381000010384,"{""construction"": ""bridge"", ""sobol_dim"": 252, ""naive_iid_se"": 0.04584426088849694, ""se_valid"": false}"
3afcf00f8c28,2026-09-24T19:43:33,zaki,qmc,paper_asian_geo,call,exact,rqmc,{},16384,252,3,2263321332,zaki-rehnoom_x86_64,2.99925922110854,nan,nan,nan,3.000200360178781,0.0009411390702411815,0.42545447900010913,"{""construction"": ""bridge"", ""sobol_dim"": 252, ""naive_iid_se"": 0.04583900198691795, ""se_valid"": false}"
de0345624147,2026-09-24T19:43:33,zaki,qmc,paper_asian_geo,call,exact,rqmc,{},16384,252,4,685311617,zaki-rehnoom_x86_64,3.001235012419411,nan,nan,nan,3.000200360178781,0.0010346522406301517,0.4288263779999397,"{""construction"": ""bridge"", ""sobol_dim"": 252, ""naive_iid_se"": 0.0458401272377887, ""se_valid"": false}"
4cd62190e647,2026-09-24T19:43:34,zaki,qmc,paper_asian_geo,call,exact,rqmc,{},16384,252,5,3061140238,zaki-rehnoom_x86_64,2.9994417005227216,nan,nan,nan,3.000200360178781,0.0007586596560593684,0.4394685140000547,"{""construction"": ""bridge"", ""sobol_dim"": 252, ""naive_iid_se"": 0.045849103899518885, ""se_valid"": false}"
6504b64a11f3,2026-09-24T19:43:34,zaki,qmc,paper_asian_geo,call,exact,rqmc,{},16384,252,6,665647017,zaki-rehnoom_x86_64,3.0006496675311065,nan,nan,nan,3.000200360178781,0.000449307352325512,0.44814819200018974,"{""construction"": ""bridge"", ""sobol_dim"": 252, ""naive_iid_se"": 0.04585311359013525, ""se_valid"": false}"
3cac49fb0550,2026-09-24T19:43:35,zaki,qmc,paper_asian_geo,call,exact,rqmc,{},16384,252,7,4196855918,zaki-rehnoom_x86_64,2.9985789857019887,nan,nan,nan,3.000200360178781,0.0016213744767923366,0.42219655200005946,"{""construction"": ""bridge"", ""sobol_dim"": 252, ""naive_iid_se"": 0.04583683962384132, ""se_valid"": false}"
f50cd6f8f9a9,2026-09-24T19:43:35,zaki,qmc,paper_asian_geo,call,exact,rqmc,{},16384,252,8,1788267210,zaki-rehnoom_x86_64,2.999715046348583,nan,nan,nan,3.000200360178781,0.0004853138301981197,0.4248892949999572,"{""construction"": ""bridge"", ""sobol_dim"": 252, ""naive_iid_se"": 0.04584047798707977, ""se_valid"": false}"
5b71a2aee435,2026-09-24T19:43:35,zaki,qmc,paper_asian_geo,call,exact,rqmc,{},16384,252,9,2139460646,zaki-rehnoom_x86_64,3.0025687659776708,nan,nan,nan,3.000200360178781,0.00236840579888975,0.427734478000275,"{""construction"": ""bridge"", ""sobol_dim"": 252, ""naive_iid_se"": 0.04588029248299344, ""se_valid"": false}"
fb25980eef5d,2026-09-24T19:43:36,zaki,qmc,paper_asian_geo,call,exact,rqmc,{},16384,252,10,3187913429,zaki-rehnoom_x86_64,2.9993777745895374,nan,nan,nan,3.000200360178781,0.0008225855892436407,0.4227412039999763,"{""construction"": ""bridge"", ""sobol_dim"": 252, ""naive_iid_se"": 0.04586821496808188, ""se_valid"": false}"
92c6f2edfc1b,2026-09-24T19:43:36,zaki,qmc,paper_asian_geo,call,exact,rqmc,{},16384,252,11,4079326742,zaki-rehnoom_x86_64,3.0002787680178162,nan,nan,nan,3.000200360178781,7.840783903523274e-05,0.4195913280000241,"{""construction"": ""bridge"", ""sobol_dim"": 252, ""naive_iid_se"": 0.04583840456332429, ""se_valid"": false}"
288392a6de48,2026-09-24T19:43:37,zaki,qmc,paper_asian_geo,call,exact,rqmc,{},16384,252,12,1680313306,zaki-rehnoom_x86_64,3.0020460408248573,nan,nan,nan,3.000200360178781,0.0018456806460762643,0.4132049550003103,"{""construction"": ""bridge"", ""sobol_dim"": 252, ""naive_iid_se"": 0.04587971189244044, ""se_valid"": false}"
572a01884145,2026-09-24T19:43:37,zaki,qmc,paper_asian_geo,call,exact,rqmc,{},16384,252,13,1700080936,zaki-rehnoom_x86_64,2.9999302467844116,nan,nan,nan,3.000200360178781,0.00027011339436944226,0.45928219999996145,"{""construction"": ""bridge"", ""sobol_dim"": 252, ""naive_iid_se"": 0.045831816083815806, ""se_valid"": false}"
ca4a5bc910d2,2026-09-24T19:43:38,zaki,qmc,paper_asian_geo,call,exact,rqmc,{},16384,252,14,3950143098,zaki-rehnoom_x86_64,3.002530238993843,nan,nan,nan,3.000200360178781,0.002329878815062081,0.43698156899972673,"{""construction"": ""bridge"", ""sobol_dim"": 252, ""naive_iid_se"": 0.04584309960013434, ""se_valid"": false}"
68068d8be19a,2026-09-24T19:43:38,zaki,qmc,paper_asian_geo,call,exact,rqmc,{},16384,252,15,1110496475,zaki-rehnoom_x86_64,3.0024994662241338,nan,nan,nan,3.000200360178781,0.0022991060453527723,0.42294619099993724,"{""construction"": ""bridge"", ""sobol_dim"": 252, ""naive_iid_se"": 0.0458939718318948, ""se_valid"": false}"
049839fe4f52,2026-09-24T19:43:38,zaki,qmc,paper_asian_geo,call,exact,rqmc,{},16384,252,16,2932728493,zaki-rehnoom_x86_64,2.9989272220336844,nan,nan,nan,3.000200360178781,0.0012731381450965529,0.44168613700003334,"{""construction"": ""bridge"", ""sobol_dim"": 252, ""naive_iid_se"": 0.04585098242988953, ""se_valid"": false}"
461a89b219cd,2026-09-24T19:43:39,zaki,qmc,paper_asian_geo,call,exact,rqmc,{},16384,252,17,487538598,zaki-rehnoom_x86_64,2.9994978083582238,nan,nan,nan,3.000200360178781,0.000702551820557229,0.43484971599991695,"{""construction"": ""bridge"", ""sobol_dim"": 252, ""naive_iid_se"": 0.045833170601750725, ""se_valid"": false}"
d7da8e8c12a1,2026-09-24T19:43:39,zaki,qmc,paper_asian_geo,call,exact,rqmc,{},16384,252,18,4019452475,zaki-rehnoom_x86_64,3.0004510984317125,nan,nan,nan,3.000200360178781,0.0002507382529315372,0.4449129979998361,"{""construction"": ""bridge"", ""sobol_dim"": 252, ""naive_iid_se"": 0.045859505580564223, ""se_valid"": false}"
ae3a9407f815,2026-09-24T19:43:40,zaki,qmc,paper_asian_geo,call,exact,rqmc,{},16384,252,19,2711469479,zaki-rehnoom_x86_64,2.999371645607383,nan,nan,nan,3.000200360178781,0.0008287145713978816,0.4456712180003706,"{""construction"": ""bridge"", ""sobol_dim"": 252, ""naive_iid_se"": 0.04584939505061785, ""se_valid"": false}"
7bc820ef8475,2026-09-24T19:43:42,zaki,qmc,paper_asian_geo,call,exact,rqmc,{},65536,252,0,1442886726,zaki-rehnoom_x86_64,2.999677159724551,nan,nan,nan,3.000200360178781,0.0005232004542299329,1.9138874200002647,"{""construction"": ""bridge"", ""sobol_dim"": 252, ""naive_iid_se"": 0.022924811185617483, ""se_valid"": false}"
f966837ac7b1,2026-09-24T19:43:43,zaki,qmc,paper_asian_geo,call,exact,rqmc,{},65536,252,1,308818919,zaki-rehnoom_x86_64,2.9997601666236333,nan,nan,nan,3.000200360178781,0.0004401935551476832,1.7254722960001345,"{""construction"": ""bridge"", ""sobol_dim"": 252, ""naive_iid_se"": 0.022926628248083416, ""se_valid"": false}"
a699f7454e9a,2026-09-24T19:43:45,zaki,qmc,paper_asian_geo,call,exact,rqmc,{},65536,252,2,3730907879,zaki-rehnoom_x86_64,3.0003020176561876,nan,nan,nan,3.000200360178781,0.00010165747740664699,1.5915465699999913,"{""construction"": ""bridge"", ""sobol_dim"": 252, ""naive_iid_se"": 0.022926200440816127, ""se_valid"": false}"
23555655d0fb,2026-09-24T19:43:47,zaki,qmc,paper_asian_geo,call,exact,rqmc,{},65536,252,3,2147055845,zaki-rehnoom_x86_64,2.999844670349071,nan,nan,nan,3.000200360178781,0.0003556898297101263,1.613436733999606,"{""construction"": ""bridge"", ""sobol_dim"": 252, ""naive_iid_se"": 0.022924722472428462, ""se_valid"": false}"
4a43759f2e60,2026-09-24T19:43:48,zaki,qmc,paper_asian_geo,call,exact,rqmc,{},65536,252,4,28914633,zaki-rehnoom_x86_64,3.000509306230476,nan,nan,nan,3.000200360178781,0.0003089460516951803,1.5921641009999803,"{""construction"": ""bridge"", ""sobol_dim"": 252, ""naive_iid_se"": 0.022927309831080395, ""se_valid"": false}"
d82d3530f96f,2026-09-24T19:43:50,zaki,qmc,paper_asian_geo,call,exact,rqmc,{},65536,252,5,3690641375,zaki-rehnoom_x86_64,2.999623072340627,nan,nan,nan,3.000200360178781,0.0005772878381540281,1.71415107599978,"{""construction"": ""bridge"", ""sobol_dim"": 252, ""naive_iid_se"": 0.022926360461982556, ""se_valid"": false}"
4b331362b8f5,2026-09-24T19:43:52,zaki,qmc,paper_asian_geo,call,exact,rqmc,{},65536,252,6,3963798013,zaki-rehnoom_x86_64,2.9995454151134524,nan,nan,nan,3.000200360178781,0.0006549450653285938,1.6195376730001954,"{""construction"": ""bridge"", ""sobol_dim"": 252, ""naive_iid_se"": 0.022929606594200663, ""se_valid"": false}"
218cdbbf574b,2026-09-24T19:43:53,zaki,qmc,paper_asian_geo,call,exact,rqmc,{},65536,252,7,11524516,zaki-rehnoom_x86_64,2.999542318576368,nan,nan,nan,3.000200360178781,0.0006580416024131175,1.5876675529998465,"{""construction"": ""bridge"", ""sobol_dim"": 252, ""naive_iid_se"": 0.022925640879337947, ""se_valid"": false}"
90f92133a655,2026-09-24T19:43:55,zaki,qmc,paper_asian_geo,call,exact,rqmc,{},65536,252,8,3474739612,zaki-rehnoom_x86_64,3.000265941589856,nan,nan,nan,3.000200360178781,6.558141107504412e-05,1.672868870000002,"{""construction"": ""bridge"", ""sobol_dim"": 252, ""naive_iid_se"": 0.02292575279458075, ""se_valid"": false}"
982e494848e5,2026-09-24T19:43:56,zaki,qmc,paper_asian_geo,call,exact,rqmc,{},65536,252,9,1751676045,zaki-rehnoom_x86_64,3.000045013283329,nan,nan,nan,3.000200360178781,0.00015534689545182445,1.6086615979997987,"{""construction"": ""bridge"", ""sobol_dim"": 252, ""naive_iid_se"": 0.022925078783391447, ""se_valid"": false}"
70f1b6631d98,2026-09-24T19:43:58,zaki,qmc,paper_asian_geo,call,exact,rqmc,{},65536,252,10,3511148937,zaki-rehnoom_x86_64,2.9997313233811664,nan,nan,nan,3.000200360178781,0.00046903679761456374,1.6326971049998065,"{""construction"": ""bridge"", ""sobol_dim"": 252, ""naive_iid_se"": 0.022925529871421175, ""se_valid"": false}"
2732d9585d95,2026-09-24T19:44:00,zaki,qmc,paper_asian_geo,call,exact,rqmc,{},65536,252,11,3169981991,zaki-rehnoom_x86_64,2.9995445013486424,nan,nan,nan,3.000200360178781,0.0006558588301386337,1.6236970439999823,"{""construction"": ""bridge"", ""sobol_dim"": 252, ""naive_iid_se"": 0.022932515719964366, ""se_valid"": false}"
ff736e943d47,2026-09-24T19:44:01,zaki,qmc,paper_asian_geo,call,exact,rqmc,{},65536,252,12,791270254,zaki-rehnoom_x86_64,3.0004837988887485,nan,nan,nan,3.000200360178781,0.0002834387099674984,1.6150569520000317,"{""construction"": ""bridge"", ""sobol_dim"": 252, ""naive_iid_se"": 0.02292556592674164, ""se_valid"": false}"
3638a0738104,2026-09-24T19:44:03,zaki,qmc,paper_asian_geo,call,exact,rqmc,{},65536,252,13,664572331,zaki-rehnoom_x86_64,2.9999079060961606,nan,nan,nan,3.000200360178781,0.00029245408262035255,1.5899500999998963,"{""construction"": ""bridge"", ""sobol_dim"": 252, ""naive_iid_se"": 0.02292692053878194, ""se_valid"": false}"
7da91953d0c3,2026-09-24T19:44:05,zaki,qmc,paper_asian_geo,call,exact,rqmc,{},65536,252,14,2449592072,zaki-rehnoom_x86_64,3.001350123136019,nan,nan,nan,3.000200360178781,0.0011497629572381207,1.6110329319999437,"{""construction"": ""bridge"", ""sobol_dim"": 252, ""naive_iid_se"": 0.022922423205372872, ""se_valid"": false}"
a1d44792e534,2026-09-24T19:44:06,zaki,qmc,paper_asian_geo,call,exact,rqmc,{},65536,252,15,1781472622,zaki-rehnoom_x86_64,3.000728166792629,nan,nan,nan,3.000200360178781,0.000527806613848103,1.58744452000019,"{""construction"": ""bridge"", ""sobol_dim"": 252, ""naive_iid_se"": 0.02292886781603207, ""se_valid"": false}"
43c7e2b47eee,2026-09-24T19:44:08,zaki,qmc,paper_asian_geo,call,exact,rqmc,{},65536,252,16,726259077,zaki-rehnoom_x86_64,3.0005064352657222,nan,nan,nan,3.000200360178781,0.00030607508694124874,1.6145763069998793,"{""construction"": ""bridge"", ""sobol_dim"": 252, ""naive_iid_se"": 0.02292748328092181, ""se_valid"": false}"
cc313bbf070e,2026-09-24T19:44:09,zaki,qmc,paper_asian_geo,call,exact,rqmc,{},65536,252,17,888115772,zaki-rehnoom_x86_64,3.0004419825419184,nan,nan,nan,3.000200360178781,0.00024162236313740593,1.6322297130000152,"{""construction"": ""bridge"", ""sobol_dim"": 252, ""naive_iid_se"": 0.02292921038650205, ""se_valid"": false}"
60e366d241d0,2026-09-24T19:44:11,zaki,qmc,paper_asian_geo,call,exact,rqmc,{},65536,252,18,3751407801,zaki-rehnoom_x86_64,3.000557914589558,nan,nan,nan,3.000200360178781,0.00035755441077700567,1.6006533200002195,"{""construction"": ""bridge"", ""sobol_dim"": 252, ""naive_iid_se"": 0.02292752928421639, ""se_valid"": false}"
a52bcc6ca1ef,2026-09-24T19:44:13,zaki,qmc,paper_asian_geo,call,exact,rqmc,{},65536,252,19,712326551,zaki-rehnoom_x86_64,3.0012154010807945,nan,nan,nan,3.000200360178781,0.001015040902013542,1.6259657499999776,"{""construction"": ""bridge"", ""sobol_dim"": 252, ""naive_iid_se"": 0.022923744413920148, ""se_valid"": false}"
6daeec9ffe60,2026-09-24T19:44:13,zaki,qmc,paper_asian_geo,call,exact,rqmc_incremental,{},256,252,0,1751613490,zaki-rehnoom_x86_64,2.7743194271665743,nan,nan,nan,3.000200360178781,0.22588093301220669,0.04172028599987243,"{""construction"": ""incremental"", ""sobol_dim"": 252, ""naive_iid_se"": 0.34624487908289125, ""se_valid"": false}"
44b0630383ae,2026-09-24T19:44:13,zaki,qmc,paper_asian_geo,call,exact,rqmc_incremental,{},256,252,1,3000149118,zaki-rehnoom_x86_64,2.7281088153814723,nan,nan,nan,3.000200360178781,0.2720915447973087,0.032775411999864446,"{""construction"": ""incremental"", ""sobol_dim"": 252, ""naive_iid_se"": 0.337277051253245, ""se_valid"": false}"
176037777fe3,2026-09-24T19:44:13,zaki,qmc,paper_asian_geo,call,exact,rqmc_incremental,{},256,252,2,262490722,zaki-rehnoom_x86_64,2.6411863538554865,nan,nan,nan,3.000200360178781,0.3590140063232945,0.032843030000094586,"{""construction"": ""incremental"", ""sobol_dim"": 252, ""naive_iid_se"": 0.36110180530418495, ""se_valid"": false}"
08a86f864e80,2026-09-24T19:44:13,zaki,qmc,paper_asian_geo,call,exact,rqmc_incremental,{},256,252,3,2615112800,zaki-rehnoom_x86_64,3.152158544192729,nan,nan,nan,3.000200360178781,0.15195818401394812,0.03796665399977428,"{""construction"": ""incremental"", ""sobol_dim"": 252, ""naive_iid_se"": 0.3742569228271512, ""se_valid"": false}"
93eda9cf2f8e,2026-09-24T19:44:13,zaki,qmc,paper_asian_geo,call,exact,rqmc_incremental,{},256,252,4,977043025,zaki-rehnoom_x86_64,3.045734896897505,nan,nan,nan,3.000200360178781,0.045534536718724095,0.034219195999867225,"{""construction"": ""incremental"", ""sobol_dim"": 252, ""naive_iid_se"": 0.36819969259897334, ""se_valid"": false}"
9e2d3e88ba91,2026-09-24T19:44:13,zaki,qmc,paper_asian_geo,call,exact,rqmc_incremental,{},256,252,5,4141119454,zaki-rehnoom_x86_64,3.1248200274581155,nan,nan,nan,3.000200360178781,0.12461966727933449,0.03397859699998662,"{""construction"": ""incremental"", ""sobol_dim"": 252, ""naive_iid_se"": 0.3631076663053419, ""se_valid"": false}"
daf21c5cffef,2026-09-24T19:44:13,zaki,qmc,paper_asian_geo,call,exact,rqmc_incremental,{},256,252,6,1539593980,zaki-rehnoom_x86_64,2.956420333360872,nan,nan,nan,3.000200360178781,0.04378002681790916,0.03597482299983312,"{""construction"": ""incremental"", ""sobol_dim"": 252, ""naive_iid_se"": 0.3640066681926146, ""se_valid"": false}"
b4bd64e73667,2026-09-24T19:44:13,zaki,qmc,paper_asian_geo,call,exact,rqmc_incremental,{},256,252,7,325138419,zaki-rehnoom_x86_64,2.7540748565775592,nan,nan,nan,3.000200360178781,0.24612550360122176,0.03403868600025817,"{""construction"": ""incremental"", ""sobol_dim"": 252, ""naive_iid_se"": 0.3419823504467518, ""se_valid"": false}"
dbb270ca7175,2026-09-24T19:44:13,zaki,qmc,paper_asian_geo,call,exact,rqmc_incremental,{},256,252,8,467496310,zaki-rehnoom_x86_64,3.1621359765717774,nan,nan,nan,3.000200360178781,0.16193561639299636,0.030158905999996932,"{""construction"": ""incremental"", ""sobol_dim"": 252, ""naive_iid_se"": 0.37463961270861834, ""se_valid"": false}"
afd948996246,2026-09-24T19:44:13,zaki,qmc,paper_asian_geo,call,exact,rqmc_incremental,{},256,252,9,388475543,zaki-rehnoom_x86_64,2.948813960286505,nan,nan,nan,3.000200360178781,0.05138639989227611,0.03696874899969771,"{""construction"": ""incremental"", ""sobol_dim"": 252, ""naive_iid_se"": 0.35682362889925867, ""se_valid"": false}"
ae4353ea038f,2026-09-24T19:44:13,zaki,qmc,paper_asian_geo,call,exact,rqmc_incremental,{},256,252,10,3443647424,zaki-rehnoom_x86_64,3.182504015463854,nan,nan,nan,3.000200360178781,0.18230365528507297,0.03626602400026968,"{""construction"": ""incremental"", ""sobol_dim"": 252, ""naive_iid_se"": 0.4280697468767747, ""se_valid"": false}"
791a9eaec766,2026-09-24T19:44:13,zaki,qmc,paper_asian_geo,call,exact,rqmc_incremental,{},256,252,11,2513921909,zaki-rehnoom_x86_64,3.15450753397804,nan,nan,nan,3.000200360178781,0.15430717379925918,0.03430324900000414,"{""construction"": ""incremental"", ""sobol_dim"": 252, ""naive_iid_se"": 0.3886108110589159, ""se_valid"": false}"
3d39659ddecc,2026-09-24T19:44:13,zaki,qmc,paper_asian_geo,call,exact,rqmc_incremental,{},256,252,12,2240380855,zaki-rehnoom_x86_64,3.1565275807693247,nan,nan,nan,3.000200360178781,0.15632722059054371,0.03335884000034639,"{""construction"": ""incremental"", ""sobol_dim"": 252, ""naive_iid_se"": 0.3618277007664898, ""se_valid"": false}"
e525df2e5b3a,2026-09-24T19:44:13,zaki,qmc,paper_asian_geo,call,exact,rqmc_incremental,{},256,252,13,3357071638,zaki-rehnoom_x86_64,3.175447689840327,nan,nan,nan,3.000200360178781,0.17524732966154621,0.03503979900006016,"{""construction"": ""incremental"", ""sobol_dim"": 252, ""naive_iid_se"": 0.391801024377755, ""se_valid"": false}"
33f447c44db0,2026-09-24T19:44:13,zaki,qmc,paper_asian_geo,call,exact,rqmc_incremental,{},256,252,14,447904284,zaki-rehnoom_x86_64,2.649188228352479,nan,nan,nan,3.000200360178781,0.3510121318263022,0.03288746299995182,"{""construction"": ""incremental"", ""sobol_dim"": 252, ""naive_iid_se"": 0.33357221290909245, ""se_valid"": false}"
10f6be398465,2026-09-24T19:44:13,zaki,qmc,paper_asian_geo,call,exact,rqmc_incremental,{},256,252,15,677072433,zaki-rehnoom_x86_64,3.010686998860689,nan,nan,nan,3.000200360178781,0.010486638681908023,0.036069056000087585,"{""construction"": ""incremental"", ""sobol_dim"": 252, ""naive_iid_se"": 0.35280907126776995, ""se_valid"": false}"
ebd39583386c,2026-09-24T19:44:13,zaki,qmc,paper_asian_geo,call,exact,rqmc_incremental,{},256,252,16,4125148451,zaki-rehnoom_x86_64,2.9077346268172253,nan,nan,nan,3.000200360178781,0.09246573336155572,0.03341203900026812,"{""construction"": ""incremental"", ""sobol_dim"": 252, ""naive_iid_se"": 0.33963077430830096, ""se_valid"": false}"
8a52f6331309,2026-09-24T19:44:13,zaki,qmc,paper_asian_geo,call,exact,rqmc_incremental,{},256,252,17,568153655,zaki-rehnoom_x86_64,2.761928059320952,nan,nan,nan,3.000200360178781,0.23827230085782913,0.036015141000007134,"{""construction"": ""incremental"", ""sobol_dim"": 252, ""naive_iid_se"": 0.3567827771594311, ""se_valid"": false}"
c040d9634b07,2026-09-24T19:44:13,zaki,qmc,paper_asian_geo,call,exact,rqmc_incremental,{},256,252,18,78650189,zaki-rehnoom_x86_64,3.281311152189385,nan,nan,nan,3.000200360178781,0.2811107920106042,0.04513070200027869,"{""construction"": ""incremental"", ""sobol_dim"": 252, ""naive_iid_se"": 0.3900820626352527, ""se_valid"": false}"
de192a5e7ab0,2026-09-24T19:44:13,zaki,qmc,paper_asian_geo,call,exact,rqmc_incremental,{},256,252,19,3039460657,zaki-rehnoom_x86_64,3.1538679367883065,nan,nan,nan,3.000200360178781,0.15366757660952546,0.04265506000001551,"{""construction"": ""incremental"", ""sobol_dim"": 252, ""naive_iid_se"": 0.40094417069973476, ""se_valid"": false}"
42a07f597a42,2026-09-24T19:44:13,zaki,qmc,paper_asian_geo,call,exact,rqmc_incremental,{},1024,252,0,2409474094,zaki-rehnoom_x86_64,2.998772022621996,nan,nan,nan,3.000200360178781,0.0014283375567849532,0.05717104599989398,"{""construction"": ""incremental"", ""sobol_dim"": 252, ""naive_iid_se"": 0.17816657405802458, ""se_valid"": false}"
f6279bb2ba8c,2026-09-24T19:44:13,zaki,qmc,paper_asian_geo,call,exact,rqmc_incremental,{},1024,252,1,3000247870,zaki-rehnoom_x86_64,2.944420757502432,nan,nan,nan,3.000200360178781,0.05577960267634907,0.05458901399970273,"{""construction"": ""incremental"", ""sobol_dim"": 252, ""naive_iid_se"": 0.18404182891985701, ""se_valid"": false}"
aa01d7bd5983,2026-09-24T19:44:14,zaki,qmc,paper_asian_geo,call,exact,rqmc_incremental,{},1024,252,2,4112832620,zaki-rehnoom_x86_64,3.074894119329513,nan,nan,nan,3.000200360178781,0.07469375915073195,0.056937227999696916,"{""construction"": ""incremental"", ""sobol_dim"": 252, ""naive_iid_se"": 0.19078506404822745, ""se_valid"": false}"
a73d6ae85d7a,2026-09-24T19:44:14,zaki,qmc,paper_asian_geo,call,exact,rqmc_incremental,{},1024,252,3,427217720,zaki-rehnoom_x86_64,2.9697334547009264,nan,nan,nan,3.000200360178781,0.030466905477854578,0.04943297799991342,"{""construction"": ""incremental"", ""sobol_dim"": 252, ""naive_iid_se"": 0.18086226205698538, ""se_valid"": false}"
4f0c8801b3f9,2026-09-24T19:44:14,zaki,qmc,paper_asian_geo,call,exact,rqmc_incremental,{},1024,252,4,2357723163,zaki-rehnoom_x86_64,3.010098502993968,nan,nan,nan,3.000200360178781,0.009898142815186972,0.04928287499978978,"{""construction"": ""incremental"", ""sobol_dim"": 252, ""naive_iid_se"": 0.17474211425284839, ""se_valid"": false}"
f4def7c5707a,2026-09-24T19:44:14,zaki,qmc,paper_asian_geo,call,exact,rqmc_incremental,{},1024,252,5,2195744459,zaki-rehnoom_x86_64,3.057225484612003,nan,nan,nan,3.000200360178781,0.05702512443322183,0.055060355000023264,"{""construction"": ""incremental"", ""sobol_dim"": 252, ""naive_iid_se"": 0.1819079128772678, ""se_valid"": false}"
738188ac0a0f,2026-09-24T19:44:14,zaki,qmc,paper_asian_geo,call,exact,rqmc_incremental,{},1024,252,6,1931370012,zaki-rehnoom_x86_64,2.9495755038020812,nan,nan,nan,3.000200360178781,0.05062485637669978,0.05564349999986007,"{""construction"": ""incremental"", ""sobol_dim"": 252, ""naive_iid_se"": 0.1774462755853181, ""se_valid"": false}"
aee56280a07a,2026-09-24T19:44:14,zaki,qmc,paper_asian_geo,call,exact,rqmc_incremental,{},1024,252,7,934452419,zaki-rehnoom_x86_64,3.0018563718332634,nan,nan,nan,3.000200360178781,0.00165601165448237,0.04934005099994465,"{""construction"": ""incremental"", ""sobol_dim"": 252, ""naive_iid_se"": 0.18096259914167, ""se_valid"": false}"
ce71d61ffece,2026-09-24T19:44:14,zaki,qmc,paper_asian_geo,call,exact,rqmc_incremental,{},1024,252,8,40157790,zaki-rehnoom_x86_64,3.010802233811858,nan,nan,nan,3.000200360178781,0.010601873633076853,0.053344079999988026,"{""construction"": ""incremental"", ""sobol_dim"": 252, ""naive_iid_se"": 0.18215326122578052, ""se_valid"": false}"
4efb1865032a,2026-09-24T19:44:14,zaki,qmc,paper_asian_geo,call,exact,rqmc_incremental,{},1024,252,9,2000186726,zaki-rehnoom_x86_64,2.968135299209303,nan,nan,nan,3.000200360178781,0.03206506096947814,0.0513824670001668,"{""construction"": ""incremental"", ""sobol_dim"": 252, ""naive_iid_se"": 0.18431449661313706, ""se_valid"": false}"
421846459d54,2026-09-24T19:44:14,zaki,qmc,paper_asian_geo,call,exact,rqmc_incremental,{},1024,252,10,1468526140,zaki-rehnoom_x86_64,3.0819421654308656,nan,nan,nan,3.000200360178781,0.08174180525208463,0.046996104000299965,"{""construction"": ""incremental"", ""sobol_dim"": 252, ""naive_iid_se"": 0.1806191922796898, ""se_valid"": false}"
e347f3b3acc9,2026-09-24T19:44:14,zaki,qmc,paper_asian_geo,call,exact,rqmc_incremental,{},1024,252,11,605419917,zaki-rehnoom_x86_64,3.004282575509366,nan,nan,nan,3.000200360178781,0.004082215330584837,0.04690585499974986,"{""construction"": ""incremental"", ""sobol_dim"": 252, ""naive_iid_se"": 0.18610491553320746, ""se_valid"": false}"
ccc70d14235a,2026-09-24T19:44:14,zaki,qmc,paper_asian_geo,call,exact,rqmc_incremental,{},1024,252,12,127786017,zaki-rehnoom_x86_64,3.0033525935283283,nan,nan,nan,3.000200360178781,0.0031522333495472843,0.04506952800011277,"{""construction"": ""incremental"", ""sobol_dim"": 252, ""naive_iid_se"": 0.18705697808307098, ""se_valid"": false}"
9b2009a32e02,2026-09-24T19:44:14,zaki,qmc,paper_asian_geo,call,exact,rqmc_incremental,{},1024,252,13,2417069981,zaki-rehnoom_x86_64,3.026483043405823,nan,nan,nan,3.000200360178781,0.02628268322704219,0.042485224999836646,"{""construction"": ""incremental"", ""sobol_dim"": 252, ""naive_iid_se"": 0.178792481388787, ""se_valid"": false}"
6f6e4cad340d,2026-09-24T19:44:14,zaki,qmc,paper_asian_geo,call,exact,rqmc_incremental,{},1024,252,14,47988875,zaki-rehnoom_x86_64,3.141941645485009,nan,nan,nan,3.000200360178781,0.1417412853062281,0.04676945199980764,"{""construction"": ""incremental"", ""sobol_dim"": 252, ""naive_iid_se"": 0.18403213202978547, ""se_valid"": false}"
b1e397ef2dbe,2026-09-24T19:44:14,zaki,qmc,paper_asian_geo,call,exact,rqmc_incremental,{},1024,252,15,2547268440,zaki-rehnoom_x86_64,3.0057490475719115,nan,nan,nan,3.000200360178781,0.005548687393130525,0.04536621199986257,"{""construction"": ""incremental"", ""sobol_dim"": 252, ""naive_iid_se"": 0.18327534048325195, ""se_valid"": false}"
7e0d85876264,2026-09-24T19:44:14,zaki,qmc,paper_asian_geo,call,exact,rqmc_incremental,{},1024,252,16,4016938767,zaki-rehnoom_x86_64,2.9271798546753933,nan,nan,nan,3.000200360178781,0.07302050550338768,0.047726837000027444,"{""construction"": ""incremental"", ""sobol_dim"": 252, ""naive_iid_se"": 0.18293760227694117, ""se_valid"": false}"
c83f0eaa14df,2026-09-24T19:44:14,zaki,qmc,paper_asian_geo,call,exact,rqmc_incremental,{},1024,252,17,1312097205,zaki-rehnoom_x86_64,2.9566249417545185,nan,nan,nan,3.000200360178781,0.04357541842426249,0.051008097999783786,"{""construction"": ""incremental"", ""sobol_dim"": 252, ""naive_iid_se"": 0.1830795991520933, ""se_valid"": false}"
8b6b20ce16c2,2026-09-24T19:44:14,zaki,qmc,paper_asian_geo,call,exact,rqmc_incremental,{},1024,252,18,3079950555,zaki-rehnoom_x86_64,2.9411041446412227,nan,nan,nan,3.000200360178781,0.05909621553755828,0.04977921799991236,"{""construction"": ""incremental"", ""sobol_dim"": 252, ""naive_iid_se"": 0.18954268755330597, ""se_valid"": false}"
9ba1ae88bd1d,2026-09-24T19:44:14,zaki,qmc,paper_asian_geo,call,exact,rqmc_incremental,{},1024,252,19,2072220518,zaki-rehnoom_x86_64,3.0605202056105036,nan,nan,nan,3.000200360178781,0.06031984543172264,0.048894212000050175,"{""construction"": ""incremental"", ""sobol_dim"": 252, ""naive_iid_se"": 0.19681245543918102, ""se_valid"": false}"
355e370fb031,2026-09-24T19:44:14,zaki,qmc,paper_asian_geo,call,exact,rqmc_incremental,{},4096,252,0,711027444,zaki-rehnoom_x86_64,2.988003270354123,nan,nan,nan,3.000200360178781,0.012197089824657947,0.09750874200017279,"{""construction"": ""incremental"", ""sobol_dim"": 252, ""naive_iid_se"": 0.09254197468331682, ""se_valid"": false}"
8f1e52b46c9c,2026-09-24T19:44:15,zaki,qmc,paper_asian_geo,call,exact,rqmc_incremental,{},4096,252,1,1289941080,zaki-rehnoom_x86_64,3.006004474267921,nan,nan,nan,3.000200360178781,0.0058041140891398335,0.09965120400011074,"{""construction"": ""incremental"", ""sobol_dim"": 252, ""naive_iid_se"": 0.09225670211794647, ""se_valid"": false}"
61bd6718b507,2026-09-24T19:44:15,zaki,qmc,paper_asian_geo,call,exact,rqmc_incremental,{},4096,252,2,1645407050,zaki-rehnoom_x86_64,3.018063103490924,nan,nan,nan,3.000200360178781,0.017862743312142992,0.09759468700030993,"{""construction"": ""incremental"", ""sobol_dim"": 252, ""naive_iid_se"": 0.09312053972105971, ""se_valid"": false}"
a20638408873,2026-09-24T19:44:15,zaki,qmc,paper_asian_geo,call,exact,rqmc_incremental,{},4096,252,3,56205807,zaki-rehnoom_x86_64,2.9895586729211048,nan,nan,nan,3.000200360178781,0.010641687257676224,0.10193374600021343,"{""construction"": ""incremental"", ""sobol_dim"": 252, ""naive_iid_se"": 0.09178967394570174, ""se_valid"": false}"
3976e264f8fd,2026-09-24T19:44:15,zaki,qmc,paper_asian_geo,call,exact,rqmc_incremental,{},4096,252,4,233437652,zaki-rehnoom_x86_64,2.969951931117257,nan,nan,nan,3.000200360178781,0.030248429061523918,0.10314396099965961,"{""construction"": ""incremental"", ""sobol_dim"": 252, ""naive_iid_se"": 0.09017277895475945, ""se_valid"": false}"
06ac4f063da7,2026-09-24T19:44:15,zaki,qmc,paper_asian_geo,call,exact,rqmc_incremental,{},4096,252,5,4260665629,zaki-rehnoom_x86_64,3.001129014350673,nan,nan,nan,3.000200360178781,0.0009286541718918073,0.09847189899983277,"{""construction"": ""incremental"", ""sobol_dim"": 252, ""naive_iid_se"": 0.09107079880275108, ""se_valid"": false}"
b062fcbd32b1,2026-09-24T19:44:15,zaki,qmc,paper_asian_geo,call,exact,rqmc_incremental,{},4096,252,6,2196834787,zaki-rehnoom_x86_64,3.027101062554383,nan,nan,nan,3.000200360178781,0.026900702375602048,0.1007446250000612,"{""construction"": ""incremental"", ""sobol_dim"": 252, ""naive_iid_se"": 0.09095551753613883, ""se_valid"": false}"
fbb19f354525,2026-09-24T19:44:15,zaki,qmc,paper_asian_geo,call,exact,rqmc_incremental,{},4096,252,7,105805117,zaki-rehnoom_x86_64,2.9569096963411328,nan,nan,nan,3.000200360178781,0.043290663837648236,0.09814392399994176,"{""construction"": ""incremental"", ""sobol_dim"": 252, ""naive_iid_se"": 0.08984456646075226, ""se_valid"": false}"
c3a847b6bcc4,2026-09-24T19:44:15,zaki,qmc,paper_asian_geo,call,exact,rqmc_incremental,{},4096,252,8,2520141804,zaki-rehnoom_x86_64,2.99039637439736,nan,nan,nan,3.000200360178781,0.009803985781421165,0.0945092290003231,"{""construction"": ""incremental"", ""sobol_dim"": 252, ""naive_iid_se"": 0.09147833613524405, ""se_valid"": false}"
397c9ba55a50,2026-09-24T19:44:15,zaki,qmc,paper_asian_geo,call,exact,rqmc_incremental,{},4096,252,9,2775045681,zaki-rehnoom_x86_64,2.9827868133947355,nan,nan,nan,3.000200360178781,0.017413546784045497,0.10075725500018962,"{""construction"": ""incremental"", ""sobol_dim"": 252, ""naive_iid_se"": 0.09161204385061432, ""se_valid"": false}"
f3a04ed066aa,2026-09-24T19:44:15,zaki,qmc,paper_asian_geo,call,exact,rqmc_incremental,{},4096,252,10,1197465318,zaki-rehnoom_x86_64,3.007464679438627,nan,nan,nan,3.000200360178781,0.007264319259845831,0.09523165400014477,"{""construction"": ""incremental"", ""sobol_dim"": 252, ""naive_iid_se"": 0.0932758260977571, ""se_valid"": false}"
969d076c66a0,2026-09-24T19:44:16,zaki,qmc,paper_asian_geo,call,exact,rqmc_incremental,{},4096,252,11,1829016972,zaki-rehnoom_x86_64,2.9635846508312724,nan,nan,nan,3.000200360178781,0.036615709347508574,0.09686965399987457,"{""construction"": ""incremental"", ""sobol_dim"": 252, ""naive_iid_se"": 0.09108545448870123, ""se_valid"": false}"
9dddccaf3317,2026-09-24T19:44:16,zaki,qmc,paper_asian_geo,call,exact,rqmc_incremental,{},4096,252,12,477287002,zaki-rehnoom_x86_64,3.0190969979312734,nan,nan,nan,3.000200360178781,0.018896637752492396,0.09883131700007652,"{""construction"": ""incremental"", ""sobol_dim"": 252, ""naive_iid_se"": 0.09124931368932315, ""se_valid"": false}"
decc39f274d7,2026-09-24T19:44:16,zaki,qmc,paper_asian_geo,call,exact,rqmc_incremental,{},4096,252,13,1391164875,zaki-rehnoom_x86_64,3.021717933055289,nan,nan,nan,3.000200360178781,0.021517572876507796,0.10103338600038114,"{""construction"": ""incremental"", ""sobol_dim"": 252, ""naive_iid_se"": 0.09190934018746319, ""se_valid"": false}"
8a59b0e70156,2026-09-24T19:44:16,zaki,qmc,paper_asian_geo,call,exact,rqmc_incremental,{},4096,252,14,2338748211,zaki-rehnoom_x86_64,2.9949543544010915,nan,nan,nan,3.000200360178781,0.005246005777689522,0.0991022130001511,"{""construction"": ""incremental"", ""sobol_dim"": 252, ""naive_iid_se"": 0.09103089551518152, ""se_valid"": false}"
8393b3301577,2026-09-24T19:44:16,zaki,qmc,paper_asian_geo,call,exact,rqmc_incremental,{},4096,252,15,665359348,zaki-rehnoom_x86_64,2.9865850413688237,nan,nan,nan,3.000200360178781,0.013615318809957255,0.09854648200007432,"{""construction"": ""incremental"", ""sobol_dim"": 252, ""naive_iid_se"": 0.09340916097192901, ""se_valid"": false}"
8e53783f0fb8,2026-09-24T19:44:16,zaki,qmc,paper_asian_geo,call,exact,rqmc_incremental,{},4096,252,16,987119460,zaki-rehnoom_x86_64,2.9423345955941667,nan,nan,nan,3.000200360178781,0.05786576458461434,0.09393309400002181,"{""construction"": ""incremental"", ""sobol_dim"": 252, ""naive_iid_se"": 0.09168263035207787, ""se_valid"": false}"
2337ad0cfbbf,2026-09-24T19:44:16,zaki,qmc,paper_asian_geo,call,exact,rqmc_incremental,{},4096,252,17,443053300,zaki-rehnoom_x86_64,3.0065887910580926,nan,nan,nan,3.000200360178781,0.006388430879311624,0.0977930600001855,"{""construction"": ""incremental"", ""sobol_dim"": 252, ""naive_iid_se"": 0.09246992698744672, ""se_valid"": false}"
79df0d9b09bf,2026-09-24T19:44:16,zaki,qmc,paper_asian_geo,call,exact,rqmc_incremental,{},4096,252,18,2384559596,zaki-rehnoom_x86_64,2.992919010368141,nan,nan,nan,3.000200360178781,0.007281349810639881,0.10159447800015187,"{""construction"": ""incremental"", ""sobol_dim"": 252, ""naive_iid_se"": 0.09367604672418213, ""se_valid"": false}"
df8c9af76900,2026-09-24T19:44:16,zaki,qmc,paper_asian_geo,call,exact,rqmc_incremental,{},4096,252,19,3999097818,zaki-rehnoom_x86_64,3.0289557111025425,nan,nan,nan,3.000200360178781,0.02875535092376147,0.09969800099997883,"{""construction"": ""incremental"", ""sobol_dim"": 252, ""naive_iid_se"": 0.09105497556200416, ""se_valid"": false}"
334e49ff7022,2026-09-24T19:44:17,zaki,qmc,paper_asian_geo,call,exact,rqmc_incremental,{},16384,252,0,1887448271,zaki-rehnoom_x86_64,2.983412665457402,nan,nan,nan,3.000200360178781,0.016787694721378976,0.3324148380002043,"{""construction"": ""incremental"", ""sobol_dim"": 252, ""naive_iid_se"": 0.04564458241938831, ""se_valid"": false}"
4657f3a5a381,2026-09-24T19:44:17,zaki,qmc,paper_asian_geo,call,exact,rqmc_incremental,{},16384,252,1,2528640579,zaki-rehnoom_x86_64,3.015299525703747,nan,nan,nan,3.000200360178781,0.01509916552496593,0.32482741899957546,"{""construction"": ""incremental"", ""sobol_dim"": 252, ""naive_iid_se"": 0.045779948142473555, ""se_valid"": false}"
b7a8578d0363,2026-09-24T19:44:17,zaki,qmc,paper_asian_geo,call,exact,rqmc_incremental,{},16384,252,2,2263070773,zaki-rehnoom_x86_64,3.0043073926143125,nan,nan,nan,3.000200360178781,0.004107032435531455,0.3114217990000725,"{""construction"": ""incremental"", ""sobol_dim"": 252, ""naive_iid_se"": 0.04577075921464021, ""se_valid"": false}"
89a79f504a86,2026-09-24T19:44:18,zaki,qmc,paper_asian_geo,call,exact,rqmc_incremental,{},16384,252,3,571109558,zaki-rehnoom_x86_64,2.9837912911381337,nan,nan,nan,3.000200360178781,0.016409069040647317,0.31612027700020917,"{""construction"": ""incremental"", ""sobol_dim"": 252, ""naive_iid_se"": 0.046157079493765456, ""se_valid"": false}"
156790fde08b,2026-09-24T19:44:18,zaki,qmc,paper_asian_geo,call,exact,rqmc_incremental,{},16384,252,4,3989473537,zaki-rehnoom_x86_64,3.001164864941714,nan,nan,nan,3.000200360178781,0.0009645047629329717,0.33189873200035436,"{""construction"": ""incremental"", ""sobol_dim"": 252, ""naive_iid_se"": 0.04597743174604357, ""se_valid"": false}"
afe16d60341b,2026-09-24T19:44:18,zaki,qmc,paper_asian_geo,call,exact,rqmc_incremental,{},16384,252,5,3596078884,zaki-rehnoom_x86_64,3.0027557147171637,nan,nan,nan,3.000200360178781,0.002555354538382737,0.3165651720000824,"{""construction"": ""incremental"", ""sobol_dim"": 252, ""naive_iid_se"": 0.04615545748589193, ""se_valid"": false}"
426953a1612a,2026-09-24T19:44:19,zaki,qmc,paper_asian_geo,call,exact,rqmc_incremental,{},16384,252,6,1406463916,zaki-rehnoom_x86_64,2.9988216315569693,nan,nan,nan,3.000200360178781,0.0013787286218116535,0.33635839699991266,"{""construction"": ""incremental"", ""sobol_dim"": 252, ""naive_iid_se"": 0.045787504962382014, ""se_valid"": false}"
570566cde9ac,2026-09-24T19:44:19,zaki,qmc,paper_asian_geo,call,exact,rqmc_incremental,{},16384,252,7,878082723,zaki-rehnoom_x86_64,3.0011688951899345,nan,nan,nan,3.000200360178781,0.0009685350111534596,0.32318940999994084,"{""construction"": ""incremental"", ""sobol_dim"": 252, ""naive_iid_se"": 0.0456557380646952, ""se_valid"": false}"
a8d5226e1bb7,2026-09-24T19:44:19,zaki,qmc,paper_asian_geo,call,exact,rqmc_incremental,{},16384,252,8,4223604623,zaki-rehnoom_x86_64,2.9714333227951046,nan,nan,nan,3.000200360178781,0.028767037383676364,0.31288169999970705,"{""construction"": ""incremental"", ""sobol_dim"": 252, ""naive_iid_se"": 0.045246835815523474, ""se_valid"": false}"
e67a75f8db26,2026-09-24T19:44:20,zaki,qmc,paper_asian_geo,call,exact,rqmc_incremental,{},16384,252,9,627094348,zaki-rehnoom_x86_64,3.01551364103343,nan,nan,nan,3.000200360178781,0.01531328085464878,0.31816710400016746,"{""construction"": ""incremental"", ""sobol_dim"": 252, ""naive_iid_se"": 0.04618387094568159, ""se_valid"": false}"
6db54d2608eb,2026-09-24T19:44:20,zaki,qmc,paper_asian_geo,call,exact,rqmc_incremental,{},16384,252,10,29294840,zaki-rehnoom_x86_64,3.0021751337971665,nan,nan,nan,3.000200360178781,0.0019747736183854947,0.3968687010001304,"{""construction"": ""incremental"", ""sobol_dim"": 252, ""naive_iid_se"": 0.04574548348751918, ""se_valid"": false}"
0006da02dcac,2026-09-24T19:44:20,zaki,qmc,paper_asian_geo,call,exact,rqmc_incremental,{},16384,252,11,2287930861,zaki-rehnoom_x86_64,3.0145647206541133,nan,nan,nan,3.000200360178781,0.014364360475332294,0.30830127299987,"{""construction"": ""incremental"", ""sobol_dim"": 252, ""naive_iid_se"": 0.04566330740335811, ""se_valid"": false}"
7def3f6e72cc,2026-09-24T19:44:21,zaki,qmc,paper_asian_geo,call,exact,rqmc_incremental,{},16384,252,12,1073380596,zaki-rehnoom_x86_64,2.998455450522971,nan,nan,nan,3.000200360178781,0.0017449096558102006,0.3083676290002586,"{""construction"": ""incremental"", ""sobol_dim"": 252, ""naive_iid_se"": 0.046057494862391905, ""se_valid"": false}"
5540f2010fa7,2026-09-24T19:44:21,zaki,qmc,paper_asian_geo,call,exact,rqmc_incremental,{},16384,252,13,106067436,zaki-rehnoom_x86_64,3.0081714627775886,nan,nan,nan,3.000200360178781,0.007971102598807622,0.30899310400036484,"{""construction"": ""incremental"", ""sobol_dim"": 252, ""naive_iid_se"": 0.04601298264515548, ""se_valid"": false}"
68f4e6291b01,2026-09-24T19:44:21,zaki,qmc,paper_asian_geo,call,exact,rqmc_incremental,{},16384,252,14,2542372230,zaki-rehnoom_x86_64,2.9868445664318655,nan,nan,nan,3.000200360178781,0.013355793746915534,0.3129674199999499,"{""construction"": ""incremental"", ""sobol_dim"": 252, ""naive_iid_se"": 0.04633776685981473, ""se_valid"": false}"
c642adbabcd7,2026-09-24T19:44:22,zaki,qmc,paper_asian_geo,call,exact,rqmc_incremental,{},16384,252,15,2961672916,zaki-rehnoom_x86_64,3.0183225169184538,nan,nan,nan,3.000200360178781,0.018122156739672768,0.3231407620000937,"{""construction"": ""incremental"", ""sobol_dim"": 252, ""naive_iid_se"": 0.04589794350405985, ""se_valid"": false}"
7090a8355c9f,2026-09-24T19:44:22,zaki,qmc,paper_asian_geo,call,exact,rqmc_incremental,{},16384,252,16,2229966342,zaki-rehnoom_x86_64,2.9879080813416152,nan,nan,nan,3.000200360178781,0.012292278837165771,0.31102643199983504,"{""construction"": ""incremental"", ""sobol_dim"": 252, ""naive_iid_se"": 0.04580566209417186, ""se_valid"": false}"
5fced8afe968,2026-09-24T19:44:22,zaki,qmc,paper_asian_geo,call,exact,rqmc_incremental,{},16384,252,17,1161866810,zaki-rehnoom_x86_64,3.0080211246976316,nan,nan,nan,3.000200360178781,0.00782076451885061,0.31542091700021047,"{""construction"": ""incremental"", ""sobol_dim"": 252, ""naive_iid_se"": 0.045683907984995935, ""se_valid"": false}"
e0d61ece6cb5,2026-09-24T19:44:23,zaki,qmc,paper_asian_geo,call,exact,rqmc_incremental,{},16384,252,18,3498515712,zaki-rehnoom_x86_64,3.011750740373712,nan,nan,nan,3.000200360178781,0.01155038019493082,0.323413162000179,"{""construction"": ""incremental"", ""sobol_dim"": 252, ""naive_iid_se"": 0.045718637771850805, ""se_valid"": false}"
0c8f64e0060c,2026-09-24T19:44:23,zaki,qmc,paper_asian_geo,call,exact,rqmc_incremental,{},16384,252,19,1762228315,zaki-rehnoom_x86_64,3.017282749722323,nan,nan,nan,3.000200360178781,0.01708238954354213,0.30908045400019546,"{""construction"": ""incremental"", ""sobol_dim"": 252, ""naive_iid_se"": 0.045715082655125, ""se_valid"": false}"
f83f6ea7bd14,2026-09-24T19:44:24,zaki,qmc,paper_asian_geo,call,exact,rqmc_incremental,{},65536,252,0,2266899890,zaki-rehnoom_x86_64,3.008481068514038,nan,nan,nan,3.000200360178781,0.00828070833525718,1.1647748089999368,"{""construction"": ""incremental"", ""sobol_dim"": 252, ""naive_iid_se"": 0.022901301415567482, ""se_valid"": false}"
f97c5d7a3df1,2026-09-24T19:44:25,zaki,qmc,paper_asian_geo,call,exact,rqmc_incremental,{},65536,252,1,4253026723,zaki-rehnoom_x86_64,3.0024665351157593,nan,nan,nan,3.000200360178781,0.002266174936978338,1.1489769199997681,"{""construction"": ""incremental"", ""sobol_dim"": 252, ""naive_iid_se"": 0.02287005128409958, ""se_valid"": false}"
24625d7e6d33,2026-09-24T19:44:26,zaki,qmc,paper_asian_geo,call,exact,rqmc_incremental,{},65536,252,2,849034714,zaki-rehnoom_x86_64,3.0032271355568163,nan,nan,nan,3.000200360178781,0.003026775378035307,1.1337958059998527,"{""construction"": ""incremental"", ""sobol_dim"": 252, ""naive_iid_se"": 0.0228996282328553, ""se_valid"": false}"
f9e89675bfbe,2026-09-24T19:44:27,zaki,qmc,paper_asian_geo,call,exact,rqmc_incremental,{},65536,252,3,1614649164,zaki-rehnoom_x86_64,2.9950472110288864,nan,nan,nan,3.000200360178781,0.00515314914989462,1.1307464209999125,"{""construction"": ""incremental"", ""sobol_dim"": 252, ""naive_iid_se"": 0.023015398507949224, ""se_valid"": false}"
c3e123d60eb5,2026-09-24T19:44:29,zaki,qmc,paper_asian_geo,call,exact,rqmc_incremental,{},65536,252,4,586981286,zaki-rehnoom_x86_64,3.004038170503894,nan,nan,nan,3.000200360178781,0.0038378103251131,1.1399614679999104,"{""construction"": ""incremental"", ""sobol_dim"": 252, ""naive_iid_se"": 0.02294022515766133, ""se_valid"": false}"
d26888bf3b15,2026-09-24T19:44:30,zaki,qmc,paper_asian_geo,call,exact,rqmc_incremental,{},65536,252,5,298616133,zaki-rehnoom_x86_64,2.9981811385966437,nan,nan,nan,3.000200360178781,0.0020192215821372983,1.2072079659997144,"{""construction"": ""incremental"", ""sobol_dim"": 252, ""naive_iid_se"": 0.022835664297159042, ""se_valid"": false}"
06744c4c83e0,2026-09-24T19:44:31,zaki,qmc,paper_asian_geo,call,exact,rqmc_incremental,{},65536,252,6,3764006993,zaki-rehnoom_x86_64,3.0058450364879583,nan,nan,nan,3.000200360178781,0.00564467630917731,1.3312050310000814,"{""construction"": ""incremental"", ""sobol_dim"": 252, ""naive_iid_se"": 0.022872266169505245, ""se_valid"": false}"
b5d291e66ced,2026-09-24T19:44:32,zaki,qmc,paper_asian_geo,call,exact,rqmc_incremental,{},65536,252,7,971424908,zaki-rehnoom_x86_64,2.991102815100376,nan,nan,nan,3.000200360178781,0.009097545078405211,1.1246436679998624,"{""construction"": ""incremental"", ""sobol_dim"": 252, ""naive_iid_se"": 0.022870128970973642, ""se_valid"": false}"
47cead1142ed,2026-09-24T19:44:33,zaki,qmc,paper_asian_geo,call,exact,rqmc_incremental,{},65536,252,8,1907457612,zaki-rehnoom_x86_64,2.9933893866065135,nan,nan,nan,3.000200360178781,0.006810973572267454,1.1169965499998398,"{""construction"": ""incremental"", ""sobol_dim"": 252, ""naive_iid_se"": 0.02297486350843974, ""se_valid"": false}"
ea8f3747121f,2026-09-24T19:44:35,zaki,qmc,paper_asian_geo,call,exact,rqmc_incremental,{},65536,252,9,2043390666,zaki-rehnoom_x86_64,2.998570403354775,nan,nan,nan,3.000200360178781,0.001629956824006129,1.1889326740001707,"{""construction"": ""incremental"", ""sobol_dim"": 252, ""naive_iid_se"": 0.022892113371756968, ""se_valid"": false}"
f37efe037f8b,2026-09-24T19:44:36,zaki,qmc,paper_asian_geo,call,exact,rqmc_incremental,{},65536,252,10,166198695,zaki-rehnoom_x86_64,2.9940345859559896,nan,nan,nan,3.000200360178781,0.006165774222791409,1.3359686190001412,"{""construction"": ""incremental"", ""sobol_dim"": 252, ""naive_iid_se"": 0.02300123515154485, ""se_valid"": false}"
accdf353c586,2026-09-24T19:44:37,zaki,qmc,paper_asian_geo,call,exact,rqmc_incremental,{},65536,252,11,2721180768,zaki-rehnoom_x86_64,3.0143383489056,nan,nan,nan,3.000200360178781,0.014137988726818929,1.1925124909998885,"{""construction"": ""incremental"", ""sobol_dim"": 252, ""naive_iid_se"": 0.023024250941054994, ""se_valid"": false}"
640284751578,2026-09-24T19:44:38,zaki,qmc,paper_asian_geo,call,exact,rqmc_incremental,{},65536,252,12,767437145,zaki-rehnoom_x86_64,2.9976221094053885,nan,nan,nan,3.000200360178781,0.0025782507733924653,1.2769212050002352,"{""construction"": ""incremental"", ""sobol_dim"": 252, ""naive_iid_se"": 0.022963651361876173, ""se_valid"": false}"
74f7a77f398d,2026-09-24T19:44:40,zaki,qmc,paper_asian_geo,call,exact,rqmc_incremental,{},65536,252,13,1935145504,zaki-rehnoom_x86_64,2.99856070299329,nan,nan,nan,3.000200360178781,0.0016396571854908615,1.365507054000318,"{""construction"": ""incremental"", ""sobol_dim"": 252, ""naive_iid_se"": 0.02297675126846024, ""se_valid"": false}"
641ffe05422a,2026-09-24T19:44:41,zaki,qmc,paper_asian_geo,call,exact,rqmc_incremental,{},65536,252,14,418414446,zaki-rehnoom_x86_64,2.991803300710763,nan,nan,nan,3.000200360178781,0.008397059468018053,1.3473187129998223,"{""construction"": ""incremental"", ""sobol_dim"": 252, ""naive_iid_se"": 0.02299755446501403, ""se_valid"": false}"
e89134aafa40,2026-09-24T19:44:42,zaki,qmc,paper_asian_geo,call,exact,rqmc_incremental,{},65536,252,15,201199323,zaki-rehnoom_x86_64,3.0025207841303247,nan,nan,nan,3.000200360178781,0.0023204239515437486,1.1559835349999048,"{""construction"": ""incremental"", ""sobol_dim"": 252, ""naive_iid_se"": 0.022982668531441465, ""se_valid"": false}"
6fe2eff4539a,2026-09-24T19:44:43,zaki,qmc,paper_asian_geo,call,exact,rqmc_incremental,{},65536,252,16,947099937,zaki-rehnoom_x86_64,3.003948720109256,nan,nan,nan,3.000200360178781,0.0037483599304750648,1.1206722629999604,"{""construction"": ""incremental"", ""sobol_dim"": 252, ""naive_iid_se"": 0.023012777945905623, ""se_valid"": false}"
a0bd35d7af06,2026-09-24T19:44:45,zaki,qmc,paper_asian_geo,call,exact,rqmc_incremental,{},65536,252,17,1516861010,zaki-rehnoom_x86_64,2.9994515170835117,nan,nan,nan,3.000200360178781,0.000748843095269347,1.2277662139999848,"{""construction"": ""incremental"", ""sobol_dim"": 252, ""naive_iid_se"": 0.022909943668752885, ""se_valid"": false}"
e6337e191e31,2026-09-24T19:44:46,zaki,qmc,paper_asian_geo,call,exact,rqmc_incremental,{},65536,252,18,3073658514,zaki-rehnoom_x86_64,3.0026338870571654,nan,nan,nan,3.000200360178781,0.0024335268783843844,1.2687395500001912,"{""construction"": ""incremental"", ""sobol_dim"": 252, ""naive_iid_se"": 0.02291871154922885, ""se_valid"": false}"
3f591aa9fd8b,2026-09-24T19:44:47,zaki,qmc,paper_asian_geo,call,exact,rqmc_incremental,{},65536,252,19,505564494,zaki-rehnoom_x86_64,2.9893600184458,nan,nan,nan,3.000200360178781,0.010840341732980985,1.1478904460000194,"{""construction"": ""incremental"", ""sobol_dim"": 252, ""naive_iid_se"": 0.022857579727589235, ""se_valid"": false}"
bbfdf130d523,2026-09-24T19:44:47,zaki,qmc,paper_barrier,call,exact,plain,{},256,252,0,3002928080,zaki-rehnoom_x86_64,7.174684807864372,0.7709858230926521,5.663580362011804,8.685789253716939,7.1055282627933245,0.0691565450710474,0.003600306000407727,
7f0b86af207c,2026-09-24T19:44:47,zaki,qmc,paper_barrier,call,exact,plain,{},256,252,1,1481694018,zaki-rehnoom_x86_64,7.053652982974907,0.7558254909408555,5.572262242133526,8.535043723816289,7.1055282627933245,0.05187527981841722,0.0034310979999645497,
a509d26ce4ed,2026-09-24T19:44:47,zaki,qmc,paper_barrier,call,exact,plain,{},256,252,2,4216875688,zaki-rehnoom_x86_64,7.640283532304219,0.8115109985543428,6.0497512020795705,9.230815862528866,7.1055282627933245,0.5347552695108941,0.003299769000022934,
52620dc68ffa,2026-09-24T19:44:47,zaki,qmc,paper_barrier,call,exact,plain,{},256,252,3,253000906,zaki-rehnoom_x86_64,6.5826747238918415,0.7185507665654545,5.174341100359904,7.991008347423779,7.1055282627933245,0.522853538901483,0.003186665000157518,
15fdf874074c,2026-09-24T19:44:47,zaki,qmc,paper_barrier,call,exact,plain,{},256,252,4,2245522690,zaki-rehnoom_x86_64,7.70744477017621,0.7206716676034635,6.294954256995,9.11993528335742,7.1055282627933245,0.6019165073828852,0.003857392000099935,
1a933355a66b,2026-09-24T19:44:47,zaki,qmc,paper_barrier,call,exact,plain,{},256,252,5,2111311113,zaki-rehnoom_x86_64,6.426657407627474,0.8268277136669043,4.8061048674207445,8.047209947834203,7.1055282627933245,0.6788708551658509,0.0036718830001518654,
fb6d7700e5b0,2026-09-24T19:44:47,zaki,qmc,paper_barrier,call,exact,plain,{},256,252,6,4068980285,zaki-rehnoom_x86_64,6.759626841550071,0.7251804156375378,5.33829934460671,8.180954338493432,7.1055282627933245,0.3459014212432532,0.003382276999673195,
0cb5a46b642e,2026-09-24T19:44:47,zaki,qmc,paper_barrier,call,exact,plain,{},256,252,7,4071878520,zaki-rehnoom_x86_64,8.47669092980922,0.8954484955766145,6.721644128468482,10.231737731149957,7.1055282627933245,1.371162667015895,0.0033792580002227623,
0f8cb264177c,2026-09-24T19:44:47,zaki,qmc,paper_barrier,call,exact,plain,{},256,252,8,3290088424,zaki-rehnoom_x86_64,6.819556999401214,0.7567167492089356,5.336419424453472,8.302694574348957,7.1055282627933245,0.28597126339211076,0.003199881999989884,
82818de15a72,2026-09-24T19:44:47,zaki,qmc,paper_barrier,call,exact,plain,{},256,252,9,3035768732,zaki-rehnoom_x86_64,7.422091286988135,0.812895937948955,5.828844525429276,9.015338048546994,7.1055282627933245,0.3165630241948101,0.0033382460001121217,
aa123f5636d6,2026-09-24T19:44:47,zaki,qmc,paper_barrier,call,exact,plain,{},256,252,10,1904956,zaki-rehnoom_x86_64,9.128950487461069,0.9097772731776235,7.3458197980798685,10.91208117684227,7.1055282627933245,2.023422224667744,0.003182161999575328,
05bb6c0ddac5,2026-09-24T19:44:47,zaki,qmc,paper_barrier,call,exact,plain,{},256,252,11,429937104,zaki-rehnoom_x86_64,5.584732658153024,0.7834109967441577,4.04927531944185,7.120189996864199,7.1055282627933245,1.5207956046403002,0.003449552999882144,
8b080ac4466d,2026-09-24T19:44:47,zaki,qmc,paper_barrier,call,exact,plain,{},256,252,12,3962778547,zaki-rehnoom_x86_64,8.053327821258696,0.8263564996466206,6.433698843560734,9.672956798956658,7.1055282627933245,0.9477995584653716,0.0033847619997686706,
b17d955bc2a3,2026-09-24T19:44:47,zaki,qmc,paper_barrier,call,exact,plain,{},256,252,13,1413532543,zaki-rehnoom_x86_64,6.332908588731675,0.6791358937205475,5.00182669643098,7.66399048103237,7.1055282627933245,0.7726196740616498,0.003566747000149917,
c4944bd47051,2026-09-24T19:44:47,zaki,qmc,paper_barrier,call,exact,plain,{},256,252,14,881852925,zaki-rehnoom_x86_64,7.10153602673987,0.720181123182807,5.690006962955964,8.513065090523776,7.1055282627933245,0.003992236053454334,0.003316430999802833,
d6901f9dbd6b,2026-09-24T19:44:47,zaki,qmc,paper_barrier,call,exact,plain,{},256,252,15,3126611073,zaki-rehnoom_x86_64,6.6253992064157305,0.7231979302688727,5.20795730939483,8.042841103436631,7.1055282627933245,0.48012905637759395,0.003397409000172047,
4a767c369447,2026-09-24T19:44:47,zaki,qmc,paper_barrier,call,exact,plain,{},256,252,16,2400265563,zaki-rehnoom_x86_64,7.508472747332934,0.7973095181857662,5.945774807157848,9.071170687508019,7.1055282627933245,0.40294448453960907,0.003326106000258733,
1126d23f6a02,2026-09-24T19:44:47,zaki,qmc,paper_barrier,call,exact,plain,{},256,252,17,1790132000,zaki-rehnoom_x86_64,6.407248691321076,0.7252849095532178,4.985716390066378,7.828780992575774,7.1055282627933245,0.6982795714722485,0.003387488000043959,
de286b50193a,2026-09-24T19:44:47,zaki,qmc,paper_barrier,call,exact,plain,{},256,252,18,3135654275,zaki-rehnoom_x86_64,7.176557095483818,0.7995575435515466,5.6094531065554705,8.743661084412166,7.1055282627933245,0.07102883269049354,0.003478284000266285,
75178c919e1b,2026-09-24T19:44:47,zaki,qmc,paper_barrier,call,exact,plain,{},256,252,19,2658246373,zaki-rehnoom_x86_64,5.954337429991594,0.6568085538535631,4.667016319700774,7.2416585402824145,7.1055282627933245,1.1511908328017304,0.0033890510003402596,
fb6ca177f23f,2026-09-24T19:44:47,zaki,qmc,paper_barrier,call,exact,plain,{},1024,252,0,1000265228,zaki-rehnoom_x86_64,7.182866945833,0.3766328682787559,6.44468008861262,7.92105380305338,7.1055282627933245,0.07733868303967562,0.013000747000205592,
280ef998c397,2026-09-24T19:44:47,zaki,qmc,paper_barrier,call,exact,plain,{},1024,252,1,2129424750,zaki-rehnoom_x86_64,7.454115483822447,0.4037630992518699,6.66275435100251,8.245476616642383,7.1055282627933245,0.3485872210291223,0.011975480999808497,
de73919652a7,2026-09-24T19:44:47,zaki,qmc,paper_barrier,call,exact,plain,{},1024,252,2,39427346,zaki-rehnoom_x86_64,6.390325718985763,0.3548294272856476,5.69487282085092,7.0857786171206065,7.1055282627933245,0.7152025438075613,0.012400398999943718,
4d1e34bb02d1,2026-09-24T19:44:47,zaki,qmc,paper_barrier,call,exact,plain,{},1024,252,3,985031457,zaki-rehnoom_x86_64,6.553484904308819,0.37934262848740036,5.809987014672757,7.296982793944881,7.1055282627933245,0.5520433584845055,0.012460501999612461,
a28b6eaa881c,2026-09-24T19:44:47,zaki,qmc,paper_barrier,call,exact,plain,{},1024,252,4,2583832898,zaki-rehnoom_x86_64,6.736892357792533,0.35975194832150287,6.031791495714272,7.441993219870793,7.1055282627933245,0.3686359050007919,0.012598976999925071,
ce442965d31b,2026-09-24T19:44:47,zaki,qmc,paper_barrier,call,exact,plain,{},1024,252,5,550396178,zaki-rehnoom_x86_64,6.436550671058131,0.38170034828643684,5.68843173553032,7.184669606585943,7.1055282627933245,0.6689775917351932,0.013338960000055522,
39483cd9a83f,2026-09-24T19:44:47,zaki,qmc,paper_barrier,call,exact,plain,{},1024,252,6,3961914876,zaki-rehnoom_x86_64,6.768237859520955,0.37413275245861577,6.034951139265228,7.501524579776682,7.1055282627933245,0.3372904032723696,0.012732567000057315,
010e4fbb95ed,2026-09-24T19:44:47,zaki,qmc,paper_barrier,call,exact,plain,{},1024,252,7,2967392654,zaki-rehnoom_x86_64,6.930762275758558,0.3873028126174227,6.171662711917344,7.6898618395997715,7.1055282627933245,0.17476598703476665,0.012525257999641326,
c0228f13da6e,2026-09-24T19:44:47,zaki,qmc,paper_barrier,call,exact,plain,{},1024,252,8,4125316312,zaki-rehnoom_x86_64,7.542105959829975,0.3884489359338909,6.780760035566642,8.303451884093308,7.1055282627933245,0.4365776970366504,0.012888882999959606,
9724e43dada9,2026-09-24T19:44:47,zaki,qmc,paper_barrier,call,exact,plain,{},1024,252,9,206420451,zaki-rehnoom_x86_64,6.296021827339624,0.3714873671825497,5.567919966950219,7.024123687729029,7.1055282627933245,0.8095064354537005,0.012295096999878297,
77d31e2bc642,2026-09-24T19:44:47,zaki,qmc,paper_barrier,call,exact,plain,{},1024,252,10,3554737029,zaki-rehnoom_x86_64,7.142263062668233,0.40220967916977673,6.353946577262061,7.930579548074405,7.1055282627933245,0.036734799874908575,0.013061986000138859,
04354c01eb6f,2026-09-24T19:44:47,zaki,qmc,paper_barrier,call,exact,plain,{},1024,252,11,273569849,zaki-rehnoom_x86_64,7.392649347352691,0.4243508613870336,6.560936942225556,8.224361752479826,7.1055282627933245,0.2871210845593666,0.012409864999881393,
bc515d07ff7a,2026-09-24T19:44:47,zaki,qmc,paper_barrier,call,exact,plain,{},1024,252,12,4108709993,zaki-rehnoom_x86_64,7.015880027933202,0.38597944202100987,6.259374222799156,7.772385833067247,7.1055282627933245,0.08964823486012286,0.012161680999724922,
d087700223a3,2026-09-24T19:44:47,zaki,qmc,paper_barrier,call,exact,plain,{},1024,252,13,3222993510,zaki-rehnoom_x86_64,7.156511536830936,0.41012908213986066,6.3526733068243395,7.960349766837533,7.1055282627933245,0.050983274037611714,0.013274333000026672,
240f655a9b2b,2026-09-24T19:44:47,zaki,qmc,paper_barrier,call,exact,plain,{},1024,252,14,3903568467,zaki-rehnoom_x86_64,6.738747110035076,0.3806358696973313,5.992714514204226,7.484779705865926,7.1055282627933245,0.3667811527582483,0.012727896999876975,
978d5544c54e,2026-09-24T19:44:47,zaki,qmc,paper_barrier,call,exact,plain,{},1024,252,15,2201416814,zaki-rehnoom_x86_64,6.474651644259048,0.3524225735648665,5.783916092732992,7.165387195785104,7.1055282627933245,0.6308766185342769,0.01240265799970075,
b6473721cef6,2026-09-24T19:44:47,zaki,qmc,paper_barrier,call,exact,plain,{},1024,252,16,3829783142,zaki-rehnoom_x86_64,7.154715480537585,0.3703034135639851,6.428934126599933,7.880496834475237,7.1055282627933245,0.049187217744260714,0.012151327000083256,
1f4fcaa135ec,2026-09-24T19:44:47,zaki,qmc,paper_barrier,call,exact,plain,{},1024,252,17,1448422221,zaki-rehnoom_x86_64,6.915902111950494,0.39939322898635127,6.133105767468087,7.6986984564329015,7.1055282627933245,0.1896261508428303,0.012607666000349127,
0c8eca999b38,2026-09-24T19:44:47,zaki,qmc,paper_barrier,call,exact,plain,{},1024,252,18,1796636222,zaki-rehnoom_x86_64,6.871904142590806,0.37755313725705203,6.131913591316876,7.611894693864735,7.1055282627933245,0.23362412020251888,0.012447670999790716,
413e1f37f735,2026-09-24T19:44:47,zaki,qmc,paper_barrier,call,exact,plain,{},1024,252,19,326447506,zaki-rehnoom_x86_64,7.1342967605501215,0.3769818213891002,6.395425967801174,7.873167553299069,7.1055282627933245,0.028768497756797018,0.012094202999833215,
2338947ef12c,2026-09-24T19:44:47,zaki,qmc,paper_barrier,call,exact,plain,{},4096,252,0,3170627379,zaki-rehnoom_x86_64,7.0915294538981914,0.1967426986456826,6.705920850331436,7.477138057464947,7.1055282627933245,0.013998808895133052,0.049871722999796475,
a5f8f72c2c65,2026-09-24T19:44:47,zaki,qmc,paper_barrier,call,exact,plain,{},4096,252,1,2710605921,zaki-rehnoom_x86_64,7.082587744920728,0.1935033413130091,6.703328165059069,7.461847324782387,7.1055282627933245,0.022940517872596544,0.05119879399990168,
3e3de36963f1,2026-09-24T19:44:48,zaki,qmc,paper_barrier,call,exact,plain,{},4096,252,2,739537703,zaki-rehnoom_x86_64,6.8109875219975695,0.18699226310478329,6.4444894209245565,7.177485623070583,7.1055282627933245,0.294540740795755,0.053016048000245064,
66bbac90ff64,2026-09-24T19:44:48,zaki,qmc,paper_barrier,call,exact,plain,{},4096,252,3,2525589954,zaki-rehnoom_x86_64,7.162565274962991,0.20005004763194936,6.770474386498848,7.554656163427134,7.1055282627933245,0.05703701216966639,0.05235755000012432,
cb69de9997c5,2026-09-24T19:44:48,zaki,qmc,paper_barrier,call,exact,plain,{},4096,252,4,232983309,zaki-rehnoom_x86_64,7.119938610558158,0.19648361716657137,6.734837797359522,7.505039423756794,7.1055282627933245,0.014410347764833631,0.05175682700019024,
131ac4f90517,2026-09-24T19:44:48,zaki,qmc,paper_barrier,call,exact,plain,{},4096,252,5,1567977898,zaki-rehnoom_x86_64,6.9077241283553175,0.1922861702869368,6.530850159867786,7.284598096842849,7.1055282627933245,0.19780413443800704,0.05297972900007153,
f6f2b0a76250,2026-09-24T19:44:48,zaki,qmc,paper_barrier,call,exact,plain,{},4096,252,6,2485213860,zaki-rehnoom_x86_64,6.936503176559741,0.1921116387140095,6.559971283669312,7.31303506945017,7.1055282627933245,0.16902508623358337,0.052855069000088406,
9e62e3916660,2026-09-24T19:44:48,zaki,qmc,paper_barrier,call,exact,plain,{},4096,252,7,947161522,zaki-rehnoom_x86_64,7.143075869417471,0.19208638474988435,6.766593473387194,7.519558265447748,7.1055282627933245,0.03754760662414647,0.0537272340002346,
d6c1d2b2c1d8,2026-09-24T19:44:48,zaki,qmc,paper_barrier,call,exact,plain,{},4096,252,8,4092674518,zaki-rehnoom_x86_64,6.9008219205063925,0.19395606131160775,6.520675025752399,7.280968815260386,7.1055282627933245,0.20470634228693196,0.05274506099976861,
d8437d35a0fa,2026-09-24T19:44:48,zaki,qmc,paper_barrier,call,exact,plain,{},4096,252,9,2212731336,zaki-rehnoom_x86_64,7.210125765868728,0.20244023396435018,6.81335019827674,7.6069013334607165,7.1055282627933245,0.10459750307540361,0.05165149599997676,
3118bde8cb8d,2026-09-24T19:44:48,zaki,qmc,paper_barrier,call,exact,plain,{},4096,252,10,695850333,zaki-rehnoom_x86_64,7.009845225635661,0.18874504533144476,6.639911734525649,7.3797787167456725,7.1055282627933245,0.0956830371576638,0.051307586999882915,
5a287c817fcd,2026-09-24T19:44:48,zaki,qmc,paper_barrier,call,exact,plain,{},4096,252,11,4188324715,zaki-rehnoom_x86_64,7.175449540957425,0.19436841456662066,6.7944944486746985,7.5564046332401515,7.1055282627933245,0.06992127816410054,0.052130575999854045,
ab11d3e82e7c,2026-09-24T19:44:48,zaki,qmc,paper_barrier,call,exact,plain,{},4096,252,12,2301687965,zaki-rehnoom_x86_64,7.295122831681972,0.19696156016796257,6.909085267413947,7.681160395949997,7.1055282627933245,0.18959456888864779,0.05906065899989699,
ce7348ad46d9,2026-09-24T19:44:48,zaki,qmc,paper_barrier,call,exact,plain,{},4096,252,13,2275264480,zaki-rehnoom_x86_64,6.7740710637936274,0.18893179952319308,6.403771541193827,7.1443705863934275,7.1055282627933245,0.33145719899969706,0.060140426000089064,
6658972f2c2b,2026-09-24T19:44:48,zaki,qmc,paper_barrier,call,exact,plain,{},4096,252,14,463743830,zaki-rehnoom_x86_64,7.190868387896421,0.20150426233984706,6.79592729097901,7.585809484813832,7.1055282627933245,0.0853401251030963,0.055319834999863815,
28f05acfddb5,2026-09-24T19:44:48,zaki,qmc,paper_barrier,call,exact,plain,{},4096,252,15,1107438157,zaki-rehnoom_x86_64,7.0733611019763645,0.1968621743963888,6.6875183302412,7.459203873711529,7.1055282627933245,0.03216716081696003,0.05141701499996998,
72ec9e3fba15,2026-09-24T19:44:48,zaki,qmc,paper_barrier,call,exact,plain,{},4096,252,16,2533239537,zaki-rehnoom_x86_64,7.039632263570953,0.19714347629175866,6.65323815025208,7.426026376889825,7.1055282627933245,0.06589599922237177,0.05244971699994494,
5740668d467b,2026-09-24T19:44:48,zaki,qmc,paper_barrier,call,exact,plain,{},4096,252,17,3274832944,zaki-rehnoom_x86_64,7.141548124859568,0.19529545157598233,6.758776073426157,7.52432017629298,7.1055282627933245,0.036019862066243746,0.05000679200020386,
000ffb6b952e,2026-09-24T19:44:48,zaki,qmc,paper_barrier,call,exact,plain,{},4096,252,18,683678978,zaki-rehnoom_x86_64,6.96838697257916,0.19291193204879467,6.590286533575484,7.346487411582836,7.1055282627933245,0.13714129021416444,0.05253366899978573,
831099a75d23,2026-09-24T19:44:48,zaki,qmc,paper_barrier,call,exact,plain,{},4096,252,19,137716241,zaki-rehnoom_x86_64,7.039166110446864,0.19130268698514627,6.664219733810238,7.41411248708349,7.1055282627933245,0.06636215234646059,0.052137809000214475,
4799a1e75c8e,2026-09-24T19:44:49,zaki,qmc,paper_barrier,call,exact,plain,{},16384,252,0,4031683528,zaki-rehnoom_x86_64,6.957572940843494,0.09645838800478307,6.768517974347328,7.146627907339659,7.1055282627933245,0.14795532194983085,0.21570836499995494,
b5b3065ac048,2026-09-24T19:44:49,zaki,qmc,paper_barrier,call,exact,plain,{},16384,252,1,266064230,zaki-rehnoom_x86_64,7.071977579803574,0.09847690725618836,6.878966388272554,7.264988771334595,7.1055282627933245,0.03355068298975006,0.20171495500017045,
8319b6c53630,2026-09-24T19:44:49,zaki,qmc,paper_barrier,call,exact,plain,{},16384,252,2,24509674,zaki-rehnoom_x86_64,7.09256879466216,0.09742508262146579,6.901619141533248,7.283518447791072,7.1055282627933245,0.012959468131164442,0.20214769099993646,
e22300ee2c76,2026-09-24T19:44:49,zaki,qmc,paper_barrier,call,exact,plain,{},16384,252,3,2555809685,zaki-rehnoom_x86_64,7.111495306511291,0.0970765893138017,6.921228687714254,7.301761925308328,7.1055282627933245,0.005967043717966192,0.2404503869997825,
6bfc059c5d41,2026-09-24T19:44:49,zaki,qmc,paper_barrier,call,exact,plain,{},16384,252,4,81857677,zaki-rehnoom_x86_64,7.095320293441533,0.09895710726331247,6.901367927191174,7.289272659691893,7.1055282627933245,0.010207969351791135,0.21431839799970476,
f5ca5cb88fad,2026-09-24T19:44:50,zaki,qmc,paper_barrier,call,exact,plain,{},16384,252,5,3883472642,zaki-rehnoom_x86_64,7.20233256828845,0.09921364630310985,7.0078773947594595,7.396787741817441,7.1055282627933245,0.09680430549512575,0.22241652599996087,
3db8ab16a82e,2026-09-24T19:44:50,zaki,qmc,paper_barrier,call,exact,plain,{},16384,252,6,1528140780,zaki-rehnoom_x86_64,7.103547684321608,0.09719450774742647,6.913049949641553,7.294045419001663,7.1055282627933245,0.0019805784717163988,0.2105824200002644,
e977f39b5930,2026-09-24T19:44:50,zaki,qmc,paper_barrier,call,exact,plain,{},16384,252,7,2864688579,zaki-rehnoom_x86_64,6.963704081613784,0.09660770452421266,6.77435646011724,7.153051703110328,7.1055282627933245,0.14182418117954043,0.22464043499985564,
07ba42cb15b4,2026-09-24T19:44:50,zaki,qmc,paper_barrier,call,exact,plain,{},16384,252,8,1762238686,zaki-rehnoom_x86_64,7.131599605538577,0.09838851533872939,6.938761658982301,7.324437552094853,7.1055282627933245,0.02607134274525258,0.21602665099999285,
9f0635ca9dd8,2026-09-24T19:44:51,zaki,qmc,paper_barrier,call,exact,plain,{},16384,252,9,3567411697,zaki-rehnoom_x86_64,7.364336968385041,0.1007532703292853,7.166864187215014,7.561809749555069,7.1055282627933245,0.25880870559171676,0.22711981499969625,
b285f6eb5679,2026-09-24T19:44:51,zaki,qmc,paper_barrier,call,exact,plain,{},16384,252,10,1544863642,zaki-rehnoom_x86_64,6.976475341196167,0.0965942478041158,6.787154094386363,7.165796588005971,7.1055282627933245,0.12905292159715742,0.21183349300008558,
da063174a949,2026-09-24T19:44:51,zaki,qmc,paper_barrier,call,exact,plain,{},16384,252,11,81947201,zaki-rehnoom_x86_64,7.178506604040381,0.09815602357350177,6.986124332970653,7.370888875110109,7.1055282627933245,0.07297834124705638,0.224891284000023,
c227ec41ceaa,2026-09-24T19:44:51,zaki,qmc,paper_barrier,call,exact,plain,{},16384,252,12,163535942,zaki-rehnoom_x86_64,6.899462398338494,0.09653706256667559,6.71025323253452,7.0886715641424685,7.1055282627933245,0.2060658644548301,0.21551235200013252,
986fed50fbd0,2026-09-24T19:44:51,zaki,qmc,paper_barrier,call,exact,plain,{},16384,252,13,3720517827,zaki-rehnoom_x86_64,7.028154393245337,0.09633287211652299,6.839345433369649,7.2169633531210255,7.1055282627933245,0.07737386954798708,0.20476818899987848,
0d121ad69e66,2026-09-24T19:44:52,zaki,qmc,paper_barrier,call,exact,plain,{},16384,252,14,1218198680,zaki-rehnoom_x86_64,7.032182327850656,0.09674104808468408,6.842573357778018,7.221791297923294,7.1055282627933245,0.07334593494266883,0.22669901100016432,
a03be3dc2dfc,2026-09-24T19:44:52,zaki,qmc,paper_barrier,call,exact,plain,{},16384,252,15,406276348,zaki-rehnoom_x86_64,7.202631196456322,0.09985614734358798,7.006916744027964,7.398345648884679,7.1055282627933245,0.09710293366299716,0.22701121399995827,
1fb3ac908f1e,2026-09-24T19:44:52,zaki,qmc,paper_barrier,call,exact,plain,{},16384,252,16,1516524360,zaki-rehnoom_x86_64,7.13960557653469,0.09727754954688546,6.948945082918484,7.330266070150896,7.1055282627933245,0.034077313741365245,0.22318624500030637,
018a56187ebe,2026-09-24T19:44:52,zaki,qmc,paper_barrier,call,exact,plain,{},16384,252,17,925643617,zaki-rehnoom_x86_64,7.073454315567015,0.09839235513124188,6.880608843155707,7.2662997879783235,7.1055282627933245,0.03207394722630941,0.2150206130004335,
8bfcc9575b4e,2026-09-24T19:44:53,zaki,qmc,paper_barrier,call,exact,plain,{},16384,252,18,2178565318,zaki-rehnoom_x86_64,7.0059916774849516,0.097143665032753,6.815593592694532,7.196389762275371,7.1055282627933245,0.09953658530837295,0.2599617969999599,
2bc3e6cb5c4b,2026-09-24T19:44:53,zaki,qmc,paper_barrier,call,exact,plain,{},16384,252,19,3920956399,zaki-rehnoom_x86_64,7.061723451189869,0.09769300815389768,6.870248673666852,7.253198228712886,7.1055282627933245,0.043804811603455285,0.23931334799999604,
b15a8f9d7df1,2026-09-24T19:44:54,zaki,qmc,paper_barrier,call,exact,plain,{},65536,252,0,1757972916,zaki-rehnoom_x86_64,7.104891157405419,0.049079619657151685,7.008696870502478,7.20108544430836,7.1055282627933245,0.0006371053879057342,0.8320279589997881,
105c969c5ece,2026-09-24T19:44:55,zaki,qmc,paper_barrier,call,exact,plain,{},65536,252,1,4003737761,zaki-rehnoom_x86_64,7.142713537190933,0.04911902816934537,7.046442011023408,7.2389850633584585,7.1055282627933245,0.03718527439760866,0.8807611560000623,
5ec4419f7b45,2026-09-24T19:44:55,zaki,qmc,paper_barrier,call,exact,plain,{},65536,252,2,1441351637,zaki-rehnoom_x86_64,7.030827905316849,0.048759967826091814,6.9352601244903775,7.126395686143321,7.1055282627933245,0.07470035747647508,0.8652807720000055,
db9b3585296e,2026-09-24T19:44:56,zaki,qmc,paper_barrier,call,exact,plain,{},65536,252,3,3739454585,zaki-rehnoom_x86_64,7.096558054882353,0.04885862891892889,7.000796901867245,7.1923192078974605,7.1055282627933245,0.008970207910971695,0.8245699859999149,
5b982b5315d7,2026-09-24T19:44:57,zaki,qmc,paper_barrier,call,exact,plain,{},65536,252,4,3741052925,zaki-rehnoom_x86_64,7.087421226276163,0.04921970568990821,6.990952375794282,7.183890076758044,7.1055282627933245,0.01810703651716139,0.844310833000236,
9e4abecc427c,2026-09-24T19:44:58,zaki,qmc,paper_barrier,call,exact,plain,{},65536,252,5,2377119056,zaki-rehnoom_x86_64,7.06483522958697,0.04890548467327085,6.968982240980884,7.160688218193057,7.1055282627933245,0.0406930332063542,0.8386241860002883,
cf3863b3d18d,2026-09-24T19:44:59,zaki,qmc,paper_barrier,call,exact,plain,{},65536,252,6,2786169408,zaki-rehnoom_x86_64,7.036837337534195,0.048619268494549873,6.941545322330194,7.132129352738195,7.1055282627933245,0.0686909252591299,0.828858844000024,
24ef327ef8d5,2026-09-24T19:45:00,zaki,qmc,paper_barrier,call,exact,plain,{},65536,252,7,811978296,zaki-rehnoom_x86_64,7.098818783810579,0.049221169783305804,7.002347063758368,7.19529050386279,7.1055282627933245,0.006709478982745765,0.8226978019997659,
97dbb3f7ba71,2026-09-24T19:45:00,zaki,qmc,paper_barrier,call,exact,plain,{},65536,252,8,1980718585,zaki-rehnoom_x86_64,7.129867042655411,0.04940735374736181,7.033030408739151,7.22670367657167,7.1055282627933245,0.024338779862086213,0.827795020999929,
6abea9a069be,2026-09-24T19:45:01,zaki,qmc,paper_barrier,call,exact,plain,{},65536,252,9,3167574030,zaki-rehnoom_x86_64,7.07349541075921,0.04895019269510644,6.977554796040506,7.169436025477914,7.1055282627933245,0.032032852034114434,0.8228980579997369,
96dcf1909b1f,2026-09-24T19:45:02,zaki,qmc,paper_barrier,call,exact,plain,{},65536,252,10,3001321612,zaki-rehnoom_x86_64,6.990148868728612,0.048450311280661365,6.895188003578761,7.085109733878463,7.1055282627933245,0.11537939406471232,0.8609336350000376,
6622e18f5d6e,2026-09-24T19:45:03,zaki,qmc,paper_barrier,call,exact,plain,{},65536,252,11,4254918787,zaki-rehnoom_x86_64,7.124239217337655,0.049200485438174936,7.0278080378569445,7.220670396818365,7.1055282627933245,0.01871095454433025,0.8585967320000236,
fdc6c862c586,2026-09-24T19:45:04,zaki,qmc,paper_barrier,call,exact,plain,{},65536,252,12,1659207836,zaki-rehnoom_x86_64,7.1184796555011305,0.04939872546208033,7.021659932713272,7.215299378288989,7.1055282627933245,0.012951392707805987,0.8148835770002734,
cf97c6669f19,2026-09-24T19:45:05,zaki,qmc,paper_barrier,call,exact,plain,{},65536,252,13,4212747912,zaki-rehnoom_x86_64,7.128843854933461,0.04901452326850666,7.032777154607787,7.224910555259134,7.1055282627933245,0.023315592140136232,0.8114531580004041,
db0977263588,2026-09-24T19:45:05,zaki,qmc,paper_barrier,call,exact,plain,{},65536,252,14,1316099281,zaki-rehnoom_x86_64,7.046980782752106,0.04860454690844743,6.951717621326662,7.142243944177551,7.1055282627933245,0.058547480041218236,0.820566842000062,
01b73ea697cb,2026-09-24T19:45:06,zaki,qmc,paper_barrier,call,exact,plain,{},65536,252,15,3863770539,zaki-rehnoom_x86_64,7.032587975814496,0.048665253401739335,6.937205831848572,7.127970119780421,7.1055282627933245,0.07294028697882826,0.8214139400001841,
1072ce8dc413,2026-09-24T19:45:07,zaki,qmc,paper_barrier,call,exact,plain,{},65536,252,16,1856436784,zaki-rehnoom_x86_64,7.140292904100867,0.049059703705036005,7.04413765174679,7.236448156454943,7.1055282627933245,0.0347646413075422,0.8616030970001702,
ac49b946c616,2026-09-24T19:45:08,zaki,qmc,paper_barrier,call,exact,plain,{},65536,252,17,912462806,zaki-rehnoom_x86_64,7.0282032907967,0.048711251880325976,6.932730991469402,7.123675590123998,7.1055282627933245,0.07732497199662447,0.8342677719997482,
c6a9d7f875be,2026-09-24T19:45:09,zaki,qmc,paper_barrier,call,exact,plain,{},65536,252,18,233325579,zaki-rehnoom_x86_64,7.0759174341837685,0.04885665719352981,6.98016014567943,7.171674722688107,7.1055282627933245,0.029610828609555995,0.8260468240000591,
220ec392223e,2026-09-24T19:45:10,zaki,qmc,paper_barrier,call,exact,plain,{},65536,252,19,3239375308,zaki-rehnoom_x86_64,7.103508814330416,0.04915828311595497,7.007160349881321,7.199857278779511,7.1055282627933245,0.0020194484629083576,0.8302224409999326,
f666edfaa2d6,2026-09-24T19:45:10,zaki,qmc,paper_barrier,call,exact,rqmc,{},256,252,0,1522490171,zaki-rehnoom_x86_64,7.072083032173301,nan,nan,nan,7.1055282627933245,0.033445230620023914,0.04537997399984306,"{""construction"": ""bridge"", ""sobol_dim"": 252, ""naive_iid_se"": 0.7764258321270854, ""se_valid"": false}"
896c63355c36,2026-09-24T19:45:10,zaki,qmc,paper_barrier,call,exact,rqmc,{},256,252,1,4208758959,zaki-rehnoom_x86_64,7.053501248674106,nan,nan,nan,7.1055282627933245,0.052027014119218506,0.05218568899999809,"{""construction"": ""bridge"", ""sobol_dim"": 252, ""naive_iid_se"": 0.7765781172145748, ""se_valid"": false}"
39c32d2793ef,2026-09-24T19:45:10,zaki,qmc,paper_barrier,call,exact,rqmc,{},256,252,2,1684541392,zaki-rehnoom_x86_64,7.161120084900481,nan,nan,nan,7.1055282627933245,0.0555918221071563,0.042066888000135805,"{""construction"": ""bridge"", ""sobol_dim"": 252, ""naive_iid_se"": 0.7970454170101681, ""se_valid"": false}"
3bd5f141ec9c,2026-09-24T19:45:10,zaki,qmc,paper_barrier,call,exact,rqmc,{},256,252,3,3791632430,zaki-rehnoom_x86_64,7.064494923387979,nan,nan,nan,7.1055282627933245,0.04103333940534526,0.04302078899991102,"{""construction"": ""bridge"", ""sobol_dim"": 252, ""naive_iid_se"": 0.780977545300588, ""se_valid"": false}"
9498c758f2a1,2026-09-24T19:45:10,zaki,qmc,paper_barrier,call,exact,rqmc,{},256,252,4,3623373,zaki-rehnoom_x86_64,7.112723567732983,nan,nan,nan,7.1055282627933245,0.007195304939658698,0.042001745000106894,"{""construction"": ""bridge"", ""sobol_dim"": 252, ""naive_iid_se"": 0.783523711282222, ""se_valid"": false}"
1e6149de2825,2026-09-24T19:45:10,zaki,qmc,paper_barrier,call,exact,rqmc,{},256,252,5,1599244075,zaki-rehnoom_x86_64,7.077476840861669,nan,nan,nan,7.1055282627933245,0.02805142193165544,0.035973500999716634,"{""construction"": ""bridge"", ""sobol_dim"": 252, ""naive_iid_se"": 0.7800904836422184, ""se_valid"": false}"
82bb154f2eff,2026-09-24T19:45:10,zaki,qmc,paper_barrier,call,exact,rqmc,{},256,252,6,799802295,zaki-rehnoom_x86_64,7.077436775182858,nan,nan,nan,7.1055282627933245,0.028091487610466537,0.03724482999996326,"{""construction"": ""bridge"", ""sobol_dim"": 252, ""naive_iid_se"": 0.7768639817585336, ""se_valid"": false}"
e324537fedb0,2026-09-24T19:45:10,zaki,qmc,paper_barrier,call,exact,rqmc,{},256,252,7,106694143,zaki-rehnoom_x86_64,7.153329329685611,nan,nan,nan,7.1055282627933245,0.04780106689228614,0.03625180500011993,"{""construction"": ""bridge"", ""sobol_dim"": 252, ""naive_iid_se"": 0.822549788791466, ""se_valid"": false}"
dabb90da47bf,2026-09-24T19:45:10,zaki,qmc,paper_barrier,call,exact,rqmc,{},256,252,8,2961843248,zaki-rehnoom_x86_64,7.080874857582298,nan,nan,nan,7.1055282627933245,0.024653405211026325,0.03422929299995303,"{""construction"": ""bridge"", ""sobol_dim"": 252, ""naive_iid_se"": 0.7777116960547475, ""se_valid"": false}"
28f571a8bca2,2026-09-24T19:45:10,zaki,qmc,paper_barrier,call,exact,rqmc,{},256,252,9,448481242,zaki-rehnoom_x86_64,7.23902941081054,nan,nan,nan,7.1055282627933245,0.13350114801721524,0.03582992799965723,"{""construction"": ""bridge"", ""sobol_dim"": 252, ""naive_iid_se"": 0.8381104810652146, ""se_valid"": false}"
efac2311b218,2026-09-24T19:45:10,zaki,qmc,paper_barrier,call,exact,rqmc,{},256,252,10,2985324416,zaki-rehnoom_x86_64,7.071387212881328,nan,nan,nan,7.1055282627933245,0.03414104991199629,0.03710297699990406,"{""construction"": ""bridge"", ""sobol_dim"": 252, ""naive_iid_se"": 0.7796887587852238, ""se_valid"": false}"
ee3d4a6ab958,2026-09-24T19:45:10,zaki,qmc,paper_barrier,call,exact,rqmc,{},256,252,11,263480069,zaki-rehnoom_x86_64,7.195721683199626,nan,nan,nan,7.1055282627933245,0.09019342040630107,0.034029638999982126,"{""construction"": ""bridge"", ""sobol_dim"": 252, ""naive_iid_se"": 0.8210781590988039, ""se_valid"": false}"
b15f48df7d21,2026-09-24T19:45:10,zaki,qmc,paper_barrier,call,exact,rqmc,{},256,252,12,1992587387,zaki-rehnoom_x86_64,7.089035135539865,nan,nan,nan,7.1055282627933245,0.01649312725345986,0.04075141300018004,"{""construction"": ""bridge"", ""sobol_dim"": 252, ""naive_iid_se"": 0.7791171253983645, ""se_valid"": false}"
c74b3e0bfbe8,2026-09-24T19:45:10,zaki,qmc,paper_barrier,call,exact,rqmc,{},256,252,13,3620664689,zaki-rehnoom_x86_64,7.069717485932709,nan,nan,nan,7.1055282627933245,0.03581077686061551,0.041673838999940926,"{""construction"": ""bridge"", ""sobol_dim"": 252, ""naive_iid_se"": 0.7786216206012385, ""se_valid"": false}"
74ae5f73d7a8,2026-09-24T19:45:10,zaki,qmc,paper_barrier,call,exact,rqmc,{},256,252,14,3412088333,zaki-rehnoom_x86_64,7.087737456423804,nan,nan,nan,7.1055282627933245,0.01779080636952024,0.0391645449999487,"{""construction"": ""bridge"", ""sobol_dim"": 252, ""naive_iid_se"": 0.7770270816920983, ""se_valid"": false}"
161540a1e71c,2026-09-24T19:45:10,zaki,qmc,paper_barrier,call,exact,rqmc,{},256,252,15,603709110,zaki-rehnoom_x86_64,7.124653879649269,nan,nan,nan,7.1055282627933245,0.019125616855944827,0.040189000999816926,"{""construction"": ""bridge"", ""sobol_dim"": 252, ""naive_iid_se"": 0.790649086575215, ""se_valid"": false}"
1d2028da35ee,2026-09-24T19:45:10,zaki,qmc,paper_barrier,call,exact,rqmc,{},256,252,16,948564747,zaki-rehnoom_x86_64,7.051954986107976,nan,nan,nan,7.1055282627933245,0.0535732766853485,0.039058172999830276,"{""construction"": ""bridge"", ""sobol_dim"": 252, ""naive_iid_se"": 0.7752062138136541, ""se_valid"": false}"
113aa56f449d,2026-09-24T19:45:10,zaki,qmc,paper_barrier,call,exact,rqmc,{},256,252,17,1718192162,zaki-rehnoom_x86_64,7.068853689896516,nan,nan,nan,7.1055282627933245,0.036674572896808755,0.03673721800032581,"{""construction"": ""bridge"", ""sobol_dim"": 252, ""naive_iid_se"": 0.7727154349425047, ""se_valid"": false}"
9c70b135fec3,2026-09-24T19:45:10,zaki,qmc,paper_barrier,call,exact,rqmc,{},256,252,18,432327370,zaki-rehnoom_x86_64,7.185321185662092,nan,nan,nan,7.1055282627933245,0.07979292286876749,0.0347048349999568,"{""construction"": ""bridge"", ""sobol_dim"": 252, ""naive_iid_se"": 0.8232545598370699, ""se_valid"": false}"
10562a158f32,2026-09-24T19:45:10,zaki,qmc,paper_barrier,call,exact,rqmc,{},256,252,19,4264809767,zaki-rehnoom_x86_64,7.138040702162986,nan,nan,nan,7.1055282627933245,0.032512439369661195,0.03666041299993594,"{""construction"": ""bridge"", ""sobol_dim"": 252, ""naive_iid_se"": 0.795911817084013, ""se_valid"": false}"
55239848eb7d,2026-09-24T19:45:10,zaki,qmc,paper_barrier,call,exact,rqmc,{},1024,252,0,2673556132,zaki-rehnoom_x86_64,7.0840406449483435,nan,nan,nan,7.1055282627933245,0.02148761784498099,0.054460813000332564,"{""construction"": ""bridge"", ""sobol_dim"": 252, ""naive_iid_se"": 0.39021339504949265, ""se_valid"": false}"
8684c53e8251,2026-09-24T19:45:11,zaki,qmc,paper_barrier,call,exact,rqmc,{},1024,252,1,4288948864,zaki-rehnoom_x86_64,7.103015365612775,nan,nan,nan,7.1055282627933245,0.0025128971805497002,0.05239564800012886,"{""construction"": ""bridge"", ""sobol_dim"": 252, ""naive_iid_se"": 0.39208959869303434, ""se_valid"": false}"
e122f138782a,2026-09-24T19:45:11,zaki,qmc,paper_barrier,call,exact,rqmc,{},1024,252,2,264229529,zaki-rehnoom_x86_64,7.109622053478288,nan,nan,nan,7.1055282627933245,0.0040937906849638495,0.05677181400005793,"{""construction"": ""bridge"", ""sobol_dim"": 252, ""naive_iid_se"": 0.39530149017869903, ""se_valid"": false}"
1d533eabb90a,2026-09-24T19:45:11,zaki,qmc,paper_barrier,call,exact,rqmc,{},1024,252,3,3049570232,zaki-rehnoom_x86_64,7.084350452014341,nan,nan,nan,7.1055282627933245,0.021177810778983286,0.052024594000158686,"{""construction"": ""bridge"", ""sobol_dim"": 252, ""naive_iid_se"": 0.3909749155900674, ""se_valid"": false}"
fe79195f48f4,2026-09-24T19:45:11,zaki,qmc,paper_barrier,call,exact,rqmc,{},1024,252,4,3251082844,zaki-rehnoom_x86_64,7.1103893632081725,nan,nan,nan,7.1055282627933245,0.004861100414847996,0.05180694000000585,"{""construction"": ""bridge"", ""sobol_dim"": 252, ""naive_iid_se"": 0.3941991776737614, ""se_valid"": false}"
508c56ab9431,2026-09-24T19:45:11,zaki,qmc,paper_barrier,call,exact,rqmc,{},1024,252,5,2686401701,zaki-rehnoom_x86_64,7.113264838284625,nan,nan,nan,7.1055282627933245,0.007736575491300357,0.05190306199983752,"{""construction"": ""bridge"", ""sobol_dim"": 252, ""naive_iid_se"": 0.3944413795467078, ""se_valid"": false}"
d44ac01c600a,2026-09-24T19:45:11,zaki,qmc,paper_barrier,call,exact,rqmc,{},1024,252,6,1159952667,zaki-rehnoom_x86_64,7.089372184981527,nan,nan,nan,7.1055282627933245,0.01615607781179751,0.05571859199972096,"{""construction"": ""bridge"", ""sobol_dim"": 252, ""naive_iid_se"": 0.3923700574939592, ""se_valid"": false}"
50262d9a3fb5,2026-09-24T19:45:11,zaki,qmc,paper_barrier,call,exact,rqmc,{},1024,252,7,2270072187,zaki-rehnoom_x86_64,7.095815314552689,nan,nan,nan,7.1055282627933245,0.009712948240635733,0.05456201500010138,"{""construction"": ""bridge"", ""sobol_dim"": 252, ""naive_iid_se"": 0.39214927892805435, ""se_valid"": false}"
f19c8394d189,2026-09-24T19:45:11,zaki,qmc,paper_barrier,call,exact,rqmc,{},1024,252,8,2635241714,zaki-rehnoom_x86_64,7.112891363840447,nan,nan,nan,7.1055282627933245,0.007363101047122456,0.05603255699998044,"{""construction"": ""bridge"", ""sobol_dim"": 252, ""naive_iid_se"": 0.39267021030431726, ""se_valid"": false}"
a87cbdf6978c,2026-09-24T19:45:11,zaki,qmc,paper_barrier,call,exact,rqmc,{},1024,252,9,609144482,zaki-rehnoom_x86_64,7.076545263349939,nan,nan,nan,7.1055282627933245,0.028982999443385893,0.05335297600004196,"{""construction"": ""bridge"", ""sobol_dim"": 252, ""naive_iid_se"": 0.3899119216132047, ""se_valid"": false}"
5e250db1eca9,2026-09-24T19:45:11,zaki,qmc,paper_barrier,call,exact,rqmc,{},1024,252,10,3852095005,zaki-rehnoom_x86_64,7.099999209444437,nan,nan,nan,7.1055282627933245,0.005529053348887203,0.05456475999972099,"{""construction"": ""bridge"", ""sobol_dim"": 252, ""naive_iid_se"": 0.3927389315148745, ""se_valid"": false}"
4cd8d7bf1cf8,2026-09-24T19:45:11,zaki,qmc,paper_barrier,call,exact,rqmc,{},1024,252,11,3059981249,zaki-rehnoom_x86_64,7.133622117420487,nan,nan,nan,7.1055282627933245,0.028093854627162074,0.05022073400004956,"{""construction"": ""bridge"", ""sobol_dim"": 252, ""naive_iid_se"": 0.400546331049553, ""se_valid"": false}"
acb395789fc3,2026-09-24T19:45:11,zaki,qmc,paper_barrier,call,exact,rqmc,{},1024,252,12,669618599,zaki-rehnoom_x86_64,7.089334888919906,nan,nan,nan,7.1055282627933245,0.016193373873418793,0.0520232640001268,"{""construction"": ""bridge"", ""sobol_dim"": 252, ""naive_iid_se"": 0.3920418153582128, ""se_valid"": false}"
2d88478f2cc0,2026-09-24T19:45:11,zaki,qmc,paper_barrier,call,exact,rqmc,{},1024,252,13,3585880002,zaki-rehnoom_x86_64,7.097948011467684,nan,nan,nan,7.1055282627933245,0.007580251325640219,0.05421521100015525,"{""construction"": ""bridge"", ""sobol_dim"": 252, ""naive_iid_se"": 0.392976820285041, ""se_valid"": false}"
8dd0f9a89e00,2026-09-24T19:45:11,zaki,qmc,paper_barrier,call,exact,rqmc,{},1024,252,14,2293670153,zaki-rehnoom_x86_64,7.103498189000863,nan,nan,nan,7.1055282627933245,0.002030073792461451,0.054122939000080805,"{""construction"": ""bridge"", ""sobol_dim"": 252, ""naive_iid_se"": 0.392447427498381, ""se_valid"": false}"
b79700484c75,2026-09-24T19:45:11,zaki,qmc,paper_barrier,call,exact,rqmc,{},1024,252,15,3792470134,zaki-rehnoom_x86_64,7.085341385943309,nan,nan,nan,7.1055282627933245,0.020186876850015523,0.0489881480002623,"{""construction"": ""bridge"", ""sobol_dim"": 252, ""naive_iid_se"": 0.39047616157199916, ""se_valid"": false}"
4fa843e37125,2026-09-24T19:45:11,zaki,qmc,paper_barrier,call,exact,rqmc,{},1024,252,16,1513031274,zaki-rehnoom_x86_64,7.077344979658404,nan,nan,nan,7.1055282627933245,0.028183283134920245,0.050811611999961315,"{""construction"": ""bridge"", ""sobol_dim"": 252, ""naive_iid_se"": 0.3921862904064514, ""se_valid"": false}"
23e04abb2c5e,2026-09-24T19:45:11,zaki,qmc,paper_barrier,call,exact,rqmc,{},1024,252,17,3750709845,zaki-rehnoom_x86_64,7.104271968622227,nan,nan,nan,7.1055282627933245,0.0012562941710978492,0.05232752900019477,"{""construction"": ""bridge"", ""sobol_dim"": 252, ""naive_iid_se"": 0.3927713364370415, ""se_valid"": false}"
250946bb89f8,2026-09-24T19:45:11,zaki,qmc,paper_barrier,call,exact,rqmc,{},1024,252,18,3386047765,zaki-rehnoom_x86_64,7.090689504284908,nan,nan,nan,7.1055282627933245,0.014838758508416205,0.06339842100032911,"{""construction"": ""bridge"", ""sobol_dim"": 252, ""naive_iid_se"": 0.39056231525667273, ""se_valid"": false}"
be9930a08e6e,2026-09-24T19:45:11,zaki,qmc,paper_barrier,call,exact,rqmc,{},1024,252,19,3306951989,zaki-rehnoom_x86_64,7.082740093467838,nan,nan,nan,7.1055282627933245,0.02278816932548633,0.05908170999964568,"{""construction"": ""bridge"", ""sobol_dim"": 252, ""naive_iid_se"": 0.39044709784179327, ""se_valid"": false}"
5b74682f31ed,2026-09-24T19:45:12,zaki,qmc,paper_barrier,call,exact,rqmc,{},4096,252,0,1358237617,zaki-rehnoom_x86_64,7.097331510007438,nan,nan,nan,7.1055282627933245,0.00819675278588683,0.12240605799979676,"{""construction"": ""bridge"", ""sobol_dim"": 252, ""naive_iid_se"": 0.19575390880505966, ""se_valid"": false}"
9edae7b0d49e,2026-09-24T19:45:12,zaki,qmc,paper_barrier,call,exact,rqmc,{},4096,252,1,377238376,zaki-rehnoom_x86_64,7.089413343211417,nan,nan,nan,7.1055282627933245,0.016114919581907472,0.12256214099988938,"{""construction"": ""bridge"", ""sobol_dim"": 252, ""naive_iid_se"": 0.1961452413416477, ""se_valid"": false}"
2b02c523eeb1,2026-09-24T19:45:12,zaki,qmc,paper_barrier,call,exact,rqmc,{},4096,252,2,3557850771,zaki-rehnoom_x86_64,7.093046850779327,nan,nan,nan,7.1055282627933245,0.012481412013997328,0.12090277100014646,"{""construction"": ""bridge"", ""sobol_dim"": 252, ""naive_iid_se"": 0.19570705395195556, ""se_valid"": false}"
e1f55876996f,2026-09-24T19:45:12,zaki,qmc,paper_barrier,call,exact,rqmc,{},4096,252,3,3867462895,zaki-rehnoom_x86_64,7.091736450404479,nan,nan,nan,7.1055282627933245,0.013791812388845415,0.1204085929998655,"{""construction"": ""bridge"", ""sobol_dim"": 252, ""naive_iid_se"": 0.19573938048958825, ""se_valid"": false}"
a924560c10cd,2026-09-24T19:45:12,zaki,qmc,paper_barrier,call,exact,rqmc,{},4096,252,4,3151178326,zaki-rehnoom_x86_64,7.097264521744483,nan,nan,nan,7.1055282627933245,0.008263741048841311,0.1264808539999649,"{""construction"": ""bridge"", ""sobol_dim"": 252, ""naive_iid_se"": 0.19585327834887756, ""se_valid"": false}"
c989488c1f5b,2026-09-24T19:45:12,zaki,qmc,paper_barrier,call,exact,rqmc,{},4096,252,5,1703269371,zaki-rehnoom_x86_64,7.102708727038912,nan,nan,nan,7.1055282627933245,0.0028195357544120725,0.12673462400016433,"{""construction"": ""bridge"", ""sobol_dim"": 252, ""naive_iid_se"": 0.19625512048073354, ""se_valid"": false}"
245da7f2a22b,2026-09-24T19:45:12,zaki,qmc,paper_barrier,call,exact,rqmc,{},4096,252,6,2190163307,zaki-rehnoom_x86_64,7.094366702183615,nan,nan,nan,7.1055282627933245,0.011161560609709298,0.12182736799968552,"{""construction"": ""bridge"", ""sobol_dim"": 252, ""naive_iid_se"": 0.19630666580172712, ""se_valid"": false}"
a928a3ebbc19,2026-09-24T19:45:12,zaki,qmc,paper_barrier,call,exact,rqmc,{},4096,252,7,768073193,zaki-rehnoom_x86_64,7.099211318660475,nan,nan,nan,7.1055282627933245,0.006316944132849223,0.12192138099999283,"{""construction"": ""bridge"", ""sobol_dim"": 252, ""naive_iid_se"": 0.1962371294720726, ""se_valid"": false}"
7e613048c00c,2026-09-24T19:45:13,zaki,qmc,paper_barrier,call,exact,rqmc,{},4096,252,8,3354989742,zaki-rehnoom_x86_64,7.0921808015394685,nan,nan,nan,7.1055282627933245,0.013347461253855997,0.12644810599977063,"{""construction"": ""bridge"", ""sobol_dim"": 252, ""naive_iid_se"": 0.19592026947179214, ""se_valid"": false}"
7cd91a1398d6,2026-09-24T19:45:13,zaki,qmc,paper_barrier,call,exact,rqmc,{},4096,252,9,2856613892,zaki-rehnoom_x86_64,7.0906460421630735,nan,nan,nan,7.1055282627933245,0.01488222063025102,0.12193593800020608,"{""construction"": ""bridge"", ""sobol_dim"": 252, ""naive_iid_se"": 0.19590371436007942, ""se_valid"": false}"
dca5dee33adf,2026-09-24T19:45:13,zaki,qmc,paper_barrier,call,exact,rqmc,{},4096,252,10,2231041475,zaki-rehnoom_x86_64,7.090652353996312,nan,nan,nan,7.1055282627933245,0.014875908797012727,0.11885121000022991,"{""construction"": ""bridge"", ""sobol_dim"": 252, ""naive_iid_se"": 0.19651975129169863, ""se_valid"": false}"
1a8bec549390,2026-09-24T19:45:13,zaki,qmc,paper_barrier,call,exact,rqmc,{},4096,252,11,3831755533,zaki-rehnoom_x86_64,7.093374207126404,nan,nan,nan,7.1055282627933245,0.012154055666920627,0.12305525000010675,"{""construction"": ""bridge"", ""sobol_dim"": 252, ""naive_iid_se"": 0.19578038762914457, ""se_valid"": false}"
d132d5d55f2f,2026-09-24T19:45:13,zaki,qmc,paper_barrier,call,exact,rqmc,{},4096,252,12,1647000417,zaki-rehnoom_x86_64,7.0909484006282,nan,nan,nan,7.1055282627933245,0.014579862165124524,0.12390144600021813,"{""construction"": ""bridge"", ""sobol_dim"": 252, ""naive_iid_se"": 0.19586974918975553, ""se_valid"": false}"
9a702d5f3c51,2026-09-24T19:45:13,zaki,qmc,paper_barrier,call,exact,rqmc,{},4096,252,13,463329359,zaki-rehnoom_x86_64,7.095799104994002,nan,nan,nan,7.1055282627933245,0.009729157799322152,0.12847303199987437,"{""construction"": ""bridge"", ""sobol_dim"": 252, ""naive_iid_se"": 0.19590078581217632, ""se_valid"": false}"
efcc1dae79a7,2026-09-24T19:45:13,zaki,qmc,paper_barrier,call,exact,rqmc,{},4096,252,14,1792901903,zaki-rehnoom_x86_64,7.094435692040132,nan,nan,nan,7.1055282627933245,0.01109257075319281,0.12293824900007166,"{""construction"": ""bridge"", ""sobol_dim"": 252, ""naive_iid_se"": 0.1958723721966405, ""se_valid"": false}"
217c445e6ad9,2026-09-24T19:45:13,zaki,qmc,paper_barrier,call,exact,rqmc,{},4096,252,15,4177492329,zaki-rehnoom_x86_64,7.099876366515395,nan,nan,nan,7.1055282627933245,0.005651896277929502,0.1289975139998205,"{""construction"": ""bridge"", ""sobol_dim"": 252, ""naive_iid_se"": 0.1960299255782412, ""se_valid"": false}"
d1c860deca0b,2026-09-24T19:45:14,zaki,qmc,paper_barrier,call,exact,rqmc,{},4096,252,16,2277359690,zaki-rehnoom_x86_64,7.097549194149354,nan,nan,nan,7.1055282627933245,0.007979068643970244,0.13413794699999926,"{""construction"": ""bridge"", ""sobol_dim"": 252, ""naive_iid_se"": 0.19581121681683447, ""se_valid"": false}"
2dc9dabbd11d,2026-09-24T19:45:14,zaki,qmc,paper_barrier,call,exact,rqmc,{},4096,252,17,4251445505,zaki-rehnoom_x86_64,7.09732619798435,nan,nan,nan,7.1055282627933245,0.008202064808974896,0.1389439190002122,"{""construction"": ""bridge"", ""sobol_dim"": 252, ""naive_iid_se"": 0.1958696011692264, ""se_valid"": false}"
f450587bbaaa,2026-09-24T19:45:14,zaki,qmc,paper_barrier,call,exact,rqmc,{},4096,252,18,779939550,zaki-rehnoom_x86_64,7.0956137200198475,nan,nan,nan,7.1055282627933245,0.00991454277347703,0.12623497000004136,"{""construction"": ""bridge"", ""sobol_dim"": 252, ""naive_iid_se"": 0.1961616972149373, ""se_valid"": false}"
28014b3d2983,2026-09-24T19:45:14,zaki,qmc,paper_barrier,call,exact,rqmc,{},4096,252,19,3247108229,zaki-rehnoom_x86_64,7.096637565555527,nan,nan,nan,7.1055282627933245,0.00889069723779734,0.12122120599997288,"{""construction"": ""bridge"", ""sobol_dim"": 252, ""naive_iid_se"": 0.1961186517021854, ""se_valid"": false}"
9c99fdc63d2b,2026-09-24T19:45:14,zaki,qmc,paper_barrier,call,exact,rqmc,{},16384,252,0,262915808,zaki-rehnoom_x86_64,7.095218791350852,nan,nan,nan,7.1055282627933245,0.010309471442472073,0.40062130399974194,"{""construction"": ""bridge"", ""sobol_dim"": 252, ""naive_iid_se"": 0.09801416214272804, ""se_valid"": false}"
e2032ab4b4bf,2026-09-24T19:45:15,zaki,qmc,paper_barrier,call,exact,rqmc,{},16384,252,1,3685132996,zaki-rehnoom_x86_64,7.092910310970568,nan,nan,nan,7.1055282627933245,0.012617951822756268,0.41126873199982583,"{""construction"": ""bridge"", ""sobol_dim"": 252, ""naive_iid_se"": 0.09799375568967603, ""se_valid"": false}"
1a7e849c67c5,2026-09-24T19:45:15,zaki,qmc,paper_barrier,call,exact,rqmc,{},16384,252,2,1640522316,zaki-rehnoom_x86_64,7.09466421586146,nan,nan,nan,7.1055282627933245,0.01086404693186438,0.40915043999984846,"{""construction"": ""bridge"", ""sobol_dim"": 252, ""naive_iid_se"": 0.09800981799789044, ""se_valid"": false}"
6ef7eee76557,2026-09-24T19:45:16,zaki,qmc,paper_barrier,call,exact,rqmc,{},16384,252,3,2176755312,zaki-rehnoom_x86_64,7.095698787869258,nan,nan,nan,7.1055282627933245,0.009829474924066162,0.3960702700001093,"{""construction"": ""bridge"", ""sobol_dim"": 252, ""naive_iid_se"": 0.09798857414957249, ""se_valid"": false}"
8e7c19a7cab7,2026-09-24T19:45:16,zaki,qmc,paper_barrier,call,exact,rqmc,{},16384,252,4,2335149380,zaki-rehnoom_x86_64,7.0912280313710285,nan,nan,nan,7.1055282627933245,0.014300231422295973,0.41713908099973196,"{""construction"": ""bridge"", ""sobol_dim"": 252, ""naive_iid_se"": 0.09799875619292592, ""se_valid"": false}"
7d331133e04a,2026-09-24T19:45:16,zaki,qmc,paper_barrier,call,exact,rqmc,{},16384,252,5,959849253,zaki-rehnoom_x86_64,7.094715946055776,nan,nan,nan,7.1055282627933245,0.010812316737548677,0.39969516500013924,"{""construction"": ""bridge"", ""sobol_dim"": 252, ""naive_iid_se"": 0.09797461065153644, ""se_valid"": false}"
3e23229f1fc6,2026-09-24T19:45:17,zaki,qmc,paper_barrier,call,exact,rqmc,{},16384,252,6,3317802187,zaki-rehnoom_x86_64,7.095417202217232,nan,nan,nan,7.1055282627933245,0.01011106057609279,0.4337144270002682,"{""construction"": ""bridge"", ""sobol_dim"": 252, ""naive_iid_se"": 0.09803934399347329, ""se_valid"": false}"
0a03b08fda42,2026-09-24T19:45:17,zaki,qmc,paper_barrier,call,exact,rqmc,{},16384,252,7,1643253735,zaki-rehnoom_x86_64,7.094080938578959,nan,nan,nan,7.1055282627933245,0.011447324214365118,0.47086580099994535,"{""construction"": ""bridge"", ""sobol_dim"": 252, ""naive_iid_se"": 0.09798771148437208, ""se_valid"": false}"
6617e2e7cdb0,2026-09-24T19:45:18,zaki,qmc,paper_barrier,call,exact,rqmc,{},16384,252,8,468506414,zaki-rehnoom_x86_64,7.09501172477489,nan,nan,nan,7.1055282627933245,0.010516538018434218,0.4225580280003669,"{""construction"": ""bridge"", ""sobol_dim"": 252, ""naive_iid_se"": 0.0981401399825223, ""se_valid"": false}"
b97a5420a829,2026-09-24T19:45:18,zaki,qmc,paper_barrier,call,exact,rqmc,{},16384,252,9,3523144640,zaki-rehnoom_x86_64,7.090448878315335,nan,nan,nan,7.1055282627933245,0.015079384477989066,0.4459704379996765,"{""construction"": ""bridge"", ""sobol_dim"": 252, ""naive_iid_se"": 0.09798869818293472, ""se_valid"": false}"
3cc533c9de5c,2026-09-24T19:45:19,zaki,qmc,paper_barrier,call,exact,rqmc,{},16384,252,10,1086755909,zaki-rehnoom_x86_64,7.095394323554232,nan,nan,nan,7.1055282627933245,0.010133939239092449,0.40287981199981004,"{""construction"": ""bridge"", ""sobol_dim"": 252, ""naive_iid_se"": 0.09804049424236073, ""se_valid"": false}"
311fee87afec,2026-09-24T19:45:19,zaki,qmc,paper_barrier,call,exact,rqmc,{},16384,252,11,4159311958,zaki-rehnoom_x86_64,7.095123700841218,nan,nan,nan,7.1055282627933245,0.010404561952106484,0.4014118549998784,"{""construction"": ""bridge"", ""sobol_dim"": 252, ""naive_iid_se"": 0.09802570654645637, ""se_valid"": false}"
289d1003a201,2026-09-24T19:45:19,zaki,qmc,paper_barrier,call,exact,rqmc,{},16384,252,12,666433384,zaki-rehnoom_x86_64,7.0976988474786165,nan,nan,nan,7.1055282627933245,0.007829415314708044,0.4085922079998454,"{""construction"": ""bridge"", ""sobol_dim"": 252, ""naive_iid_se"": 0.09802403936004331, ""se_valid"": false}"
3f471f87596a,2026-09-24T19:45:20,zaki,qmc,paper_barrier,call,exact,rqmc,{},16384,252,13,3470127453,zaki-rehnoom_x86_64,7.095068262919886,nan,nan,nan,7.1055282627933245,0.010459999873438264,0.42620180099993377,"{""construction"": ""bridge"", ""sobol_dim"": 252, ""naive_iid_se"": 0.09799726146965838, ""se_valid"": false}"
7b5ad18cdd0b,2026-09-24T19:45:20,zaki,qmc,paper_barrier,call,exact,rqmc,{},16384,252,14,2347197320,zaki-rehnoom_x86_64,7.093210623663355,nan,nan,nan,7.1055282627933245,0.012317639129969749,0.42138543999999456,"{""construction"": ""bridge"", ""sobol_dim"": 252, ""naive_iid_se"": 0.09797990479971826, ""se_valid"": false}"
8467ea7eac42,2026-09-24T19:45:21,zaki,qmc,paper_barrier,call,exact,rqmc,{},16384,252,15,2867020752,zaki-rehnoom_x86_64,7.095617927380047,nan,nan,nan,7.1055282627933245,0.009910335413277238,0.4126963510002497,"{""construction"": ""bridge"", ""sobol_dim"": 252, ""naive_iid_se"": 0.0981268294930527, ""se_valid"": false}"
429a97149904,2026-09-24T19:45:21,zaki,qmc,paper_barrier,call,exact,rqmc,{},16384,252,16,490434145,zaki-rehnoom_x86_64,7.096808157839293,nan,nan,nan,7.1055282627933245,0.008720104954031527,0.4005894689998968,"{""construction"": ""bridge"", ""sobol_dim"": 252, ""naive_iid_se"": 0.0980028802916431, ""se_valid"": false}"
c71cb5360af8,2026-09-24T19:45:22,zaki,qmc,paper_barrier,call,exact,rqmc,{},16384,252,17,1579934262,zaki-rehnoom_x86_64,7.094928827092528,nan,nan,nan,7.1055282627933245,0.010599435700796356,0.40002676699987205,"{""construction"": ""bridge"", ""sobol_dim"": 252, ""naive_iid_se"": 0.09800703433053633, ""se_valid"": false}"
2bf2bbe01b56,2026-09-24T19:45:22,zaki,qmc,paper_barrier,call,exact,rqmc,{},16384,252,18,3067904827,zaki-rehnoom_x86_64,7.095984526099622,nan,nan,nan,7.1055282627933245,0.009543736693702343,0.41733263200012516,"{""construction"": ""bridge"", ""sobol_dim"": 252, ""naive_iid_se"": 0.09808448224057231, ""se_valid"": false}"
b9d8be8dbd87,2026-09-24T19:45:22,zaki,qmc,paper_barrier,call,exact,rqmc,{},16384,252,19,1262144378,zaki-rehnoom_x86_64,7.094267346267447,nan,nan,nan,7.1055282627933245,0.011260916525877462,0.41765012899986687,"{""construction"": ""bridge"", ""sobol_dim"": 252, ""naive_iid_se"": 0.09798553819091879, ""se_valid"": false}"
88318eeb1c2d,2026-09-24T19:45:24,zaki,qmc,paper_barrier,call,exact,rqmc,{},65536,252,0,2570625912,zaki-rehnoom_x86_64,7.094214572975749,nan,nan,nan,7.1055282627933245,0.011313689817575856,1.5719497929999307,"{""construction"": ""bridge"", ""sobol_dim"": 252, ""naive_iid_se"": 0.04901050962976628, ""se_valid"": false}"
1005812cb360,2026-09-24T19:45:26,zaki,qmc,paper_barrier,call,exact,rqmc,{},65536,252,1,4065037904,zaki-rehnoom_x86_64,7.093876928692915,nan,nan,nan,7.1055282627933245,0.011651334100409194,1.5610958719998962,"{""construction"": ""bridge"", ""sobol_dim"": 252, ""naive_iid_se"": 0.04900833925068274, ""se_valid"": false}"
eccbd4d09870,2026-09-24T19:45:27,zaki,qmc,paper_barrier,call,exact,rqmc,{},65536,252,2,3763698001,zaki-rehnoom_x86_64,7.094624595755297,nan,nan,nan,7.1055282627933245,0.010903667038027365,1.5510998340000697,"{""construction"": ""bridge"", ""sobol_dim"": 252, ""naive_iid_se"": 0.049005103563063174, ""se_valid"": false}"
5e0a59942a55,2026-09-24T19:45:29,zaki,qmc,paper_barrier,call,exact,rqmc,{},65536,252,3,3660658735,zaki-rehnoom_x86_64,7.093589714497654,nan,nan,nan,7.1055282627933245,0.01193854829567087,1.5521807029999763,"{""construction"": ""bridge"", ""sobol_dim"": 252, ""naive_iid_se"": 0.0490095651665026, ""se_valid"": false}"
a77130a1f6c3,2026-09-24T19:45:30,zaki,qmc,paper_barrier,call,exact,rqmc,{},65536,252,4,3539790510,zaki-rehnoom_x86_64,7.094418991351993,nan,nan,nan,7.1055282627933245,0.011109271441331892,1.5336266179997438,"{""construction"": ""bridge"", ""sobol_dim"": 252, ""naive_iid_se"": 0.04901540841717118, ""se_valid"": false}"
292de4a88428,2026-09-24T19:45:32,zaki,qmc,paper_barrier,call,exact,rqmc,{},65536,252,5,40232208,zaki-rehnoom_x86_64,7.09475805100827,nan,nan,nan,7.1055282627933245,0.010770211785054329,1.5112312289998044,"{""construction"": ""bridge"", ""sobol_dim"": 252, ""naive_iid_se"": 0.04900900512424366, ""se_valid"": false}"
adf678d33029,2026-09-24T19:45:33,zaki,qmc,paper_barrier,call,exact,rqmc,{},65536,252,6,3293491421,zaki-rehnoom_x86_64,7.09408040595367,nan,nan,nan,7.1055282627933245,0.011447856839654769,1.5175983569997697,"{""construction"": ""bridge"", ""sobol_dim"": 252, ""naive_iid_se"": 0.04900679052775015, ""se_valid"": false}"
f267d6bbdf38,2026-09-24T19:45:35,zaki,qmc,paper_barrier,call,exact,rqmc,{},65536,252,7,3871056800,zaki-rehnoom_x86_64,7.095207298016244,nan,nan,nan,7.1055282627933245,0.010320964777080555,1.5480572320002466,"{""construction"": ""bridge"", ""sobol_dim"": 252, ""naive_iid_se"": 0.04901152200841279, ""se_valid"": false}"
8e41e47bbed9,2026-09-24T19:45:36,zaki,qmc,paper_barrier,call,exact,rqmc,{},65536,252,8,4239911637,zaki-rehnoom_x86_64,7.094278698863574,nan,nan,nan,7.1055282627933245,0.011249563929750295,1.462241245000314,"{""construction"": ""bridge"", ""sobol_dim"": 252, ""naive_iid_se"": 0.04902679615913517, ""se_valid"": false}"
b89bd804c651,2026-09-24T19:45:38,zaki,qmc,paper_barrier,call,exact,rqmc,{},65536,252,9,298718939,zaki-rehnoom_x86_64,7.094672360252681,nan,nan,nan,7.1055282627933245,0.010855902540643392,1.542002311000033,"{""construction"": ""bridge"", ""sobol_dim"": 252, ""naive_iid_se"": 0.04901531549658991, ""se_valid"": false}"
4caf822da16f,2026-09-24T19:45:39,zaki,qmc,paper_barrier,call,exact,rqmc,{},65536,252,10,505779337,zaki-rehnoom_x86_64,7.093789906872165,nan,nan,nan,7.1055282627933245,0.01173835592115946,1.5897634739999376,"{""construction"": ""bridge"", ""sobol_dim"": 252, ""naive_iid_se"": 0.04900845571314855, ""se_valid"": false}"
f128480967d2,2026-09-24T19:45:41,zaki,qmc,paper_barrier,call,exact,rqmc,{},65536,252,11,3278133505,zaki-rehnoom_x86_64,7.094400126673703,nan,nan,nan,7.1055282627933245,0.011128136119621601,1.5279924459996437,"{""construction"": ""bridge"", ""sobol_dim"": 252, ""naive_iid_se"": 0.04900521504870522, ""se_valid"": false}"
86425df96946,2026-09-24T19:45:42,zaki,qmc,paper_barrier,call,exact,rqmc,{},65536,252,12,1522346634,zaki-rehnoom_x86_64,7.093946940648301,nan,nan,nan,7.1055282627933245,0.011581322145023165,1.475261634999697,"{""construction"": ""bridge"", ""sobol_dim"": 252, ""naive_iid_se"": 0.0490037898534597, ""se_valid"": false}"
83b04cb7cae0,2026-09-24T19:45:44,zaki,qmc,paper_barrier,call,exact,rqmc,{},65536,252,13,1641233300,zaki-rehnoom_x86_64,7.094244108061494,nan,nan,nan,7.1055282627933245,0.011284154731830753,1.703916973000105,"{""construction"": ""bridge"", ""sobol_dim"": 252, ""naive_iid_se"": 0.04900404027482992, ""se_valid"": false}"
a81325d7cff9,2026-09-24T19:45:46,zaki,qmc,paper_barrier,call,exact,rqmc,{},65536,252,14,531971044,zaki-rehnoom_x86_64,7.094354729540666,nan,nan,nan,7.1055282627933245,0.011173533252658352,1.5390471570003683,"{""construction"": ""bridge"", ""sobol_dim"": 252, ""naive_iid_se"": 0.04900432020922786, ""se_valid"": false}"
e5c3efc6b938,2026-09-24T19:45:47,zaki,qmc,paper_barrier,call,exact,rqmc,{},65536,252,15,3291271389,zaki-rehnoom_x86_64,7.0948984894008245,nan,nan,nan,7.1055282627933245,0.010629773392500041,1.4997565509997912,"{""construction"": ""bridge"", ""sobol_dim"": 252, ""naive_iid_se"": 0.0490192167635977, ""se_valid"": false}"
dc3fa4053d13,2026-09-24T19:45:49,zaki,qmc,paper_barrier,call,exact,rqmc,{},65536,252,16,3122774059,zaki-rehnoom_x86_64,7.09536010836918,nan,nan,nan,7.1055282627933245,0.01016815442414476,1.6667975069999557,"{""construction"": ""bridge"", ""sobol_dim"": 252, ""naive_iid_se"": 0.04901881447772152, ""se_valid"": false}"
804c98a1276e,2026-09-24T19:45:50,zaki,qmc,paper_barrier,call,exact,rqmc,{},65536,252,17,329560391,zaki-rehnoom_x86_64,7.094804311606893,nan,nan,nan,7.1055282627933245,0.010723951186431435,1.6146216170000116,"{""construction"": ""bridge"", ""sobol_dim"": 252, ""naive_iid_se"": 0.04901577011189921, ""se_valid"": false}"
822fb9892f68,2026-09-24T19:45:52,zaki,qmc,paper_barrier,call,exact,rqmc,{},65536,252,18,3086121836,zaki-rehnoom_x86_64,7.094092433855469,nan,nan,nan,7.1055282627933245,0.011435828937855774,1.5207868749998852,"{""construction"": ""bridge"", ""sobol_dim"": 252, ""naive_iid_se"": 0.04900905418336915, ""se_valid"": false}"
9c02d307d1f0,2026-09-24T19:45:53,zaki,qmc,paper_barrier,call,exact,rqmc,{},65536,252,19,451940080,zaki-rehnoom_x86_64,7.095509632724898,nan,nan,nan,7.1055282627933245,0.010018630068426404,1.536321205999684,"{""construction"": ""bridge"", ""sobol_dim"": 252, ""naive_iid_se"": 0.04900740002326057, ""se_valid"": false}"
5fc8803796d6,2026-09-24T19:45:53,zaki,qmc,paper_barrier,call,exact,rqmc_incremental,{},256,252,0,1215541582,zaki-rehnoom_x86_64,7.112880871218618,nan,nan,nan,7.1055282627933245,0.007352608425293283,0.03949348400010422,"{""construction"": ""incremental"", ""sobol_dim"": 252, ""naive_iid_se"": 0.7498210936004818, ""se_valid"": false}"
06530465efd6,2026-09-24T19:45:54,zaki,qmc,paper_barrier,call,exact,rqmc_incremental,{},256,252,1,2808646620,zaki-rehnoom_x86_64,6.940160460719372,nan,nan,nan,7.1055282627933245,0.16536780207395285,0.040246011999897746,"{""construction"": ""incremental"", ""sobol_dim"": 252, ""naive_iid_se"": 0.8375295051049286, ""se_valid"": false}"
53ce3ae37365,2026-09-24T19:45:54,zaki,qmc,paper_barrier,call,exact,rqmc_incremental,{},256,252,2,388361555,zaki-rehnoom_x86_64,7.242597953900991,nan,nan,nan,7.1055282627933245,0.13706969110766654,0.0378149090001898,"{""construction"": ""incremental"", ""sobol_dim"": 252, ""naive_iid_se"": 0.7742350747888327, ""se_valid"": false}"
925e5ba47ba7,2026-09-24T19:45:54,zaki,qmc,paper_barrier,call,exact,rqmc_incremental,{},256,252,3,1509350382,zaki-rehnoom_x86_64,6.8210476695034785,nan,nan,nan,7.1055282627933245,0.284480593289846,0.03352567599995382,"{""construction"": ""incremental"", ""sobol_dim"": 252, ""naive_iid_se"": 0.7232884212931361, ""se_valid"": false}"
2bd03310c94d,2026-09-24T19:45:54,zaki,qmc,paper_barrier,call,exact,rqmc_incremental,{},256,252,4,2232465461,zaki-rehnoom_x86_64,6.85587572670668,nan,nan,nan,7.1055282627933245,0.24965253608664462,0.032213272000262805,"{""construction"": ""incremental"", ""sobol_dim"": 252, ""naive_iid_se"": 0.7315527666533862, ""se_valid"": false}"
e26002827469,2026-09-24T19:45:54,zaki,qmc,paper_barrier,call,exact,rqmc_incremental,{},256,252,5,1783866122,zaki-rehnoom_x86_64,6.927965873222487,nan,nan,nan,7.1055282627933245,0.1775623895708378,0.03389098100024057,"{""construction"": ""incremental"", ""sobol_dim"": 252, ""naive_iid_se"": 0.7886805369535181, ""se_valid"": false}"
bde94f8d5af5,2026-09-24T19:45:54,zaki,qmc,paper_barrier,call,exact,rqmc_incremental,{},256,252,6,1176485743,zaki-rehnoom_x86_64,6.610378077796028,nan,nan,nan,7.1055282627933245,0.49515018499729635,0.03840377799997441,"{""construction"": ""incremental"", ""sobol_dim"": 252, ""naive_iid_se"": 0.772246545373644, ""se_valid"": false}"
d99b802d1cf6,2026-09-24T19:45:54,zaki,qmc,paper_barrier,call,exact,rqmc_incremental,{},256,252,7,397234350,zaki-rehnoom_x86_64,6.49218821660154,nan,nan,nan,7.1055282627933245,0.6133400461917846,0.036552386000039405,"{""construction"": ""incremental"", ""sobol_dim"": 252, ""naive_iid_se"": 0.7780672785643266, ""se_valid"": false}"
ca6d52a85953,2026-09-24T19:45:54,zaki,qmc,paper_barrier,call,exact,rqmc_incremental,{},256,252,8,803338477,zaki-rehnoom_x86_64,7.247125981885347,nan,nan,nan,7.1055282627933245,0.14159771909202234,0.03354273600007218,"{""construction"": ""incremental"", ""sobol_dim"": 252, ""naive_iid_se"": 0.8593637897589083, ""se_valid"": false}"
41b306b27d5d,2026-09-24T19:45:54,zaki,qmc,paper_barrier,call,exact,rqmc_incremental,{},256,252,9,3698261766,zaki-rehnoom_x86_64,6.372774610065991,nan,nan,nan,7.1055282627933245,0.7327536527273333,0.03775592499960112,"{""construction"": ""incremental"", ""sobol_dim"": 252, ""naive_iid_se"": 0.7441834956215088, ""se_valid"": false}"
2c29de96b62f,2026-09-24T19:45:54,zaki,qmc,paper_barrier,call,exact,rqmc_incremental,{},256,252,10,1124258475,zaki-rehnoom_x86_64,7.897751511863981,nan,nan,nan,7.1055282627933245,0.7922232490706564,0.03641367399995943,"{""construction"": ""incremental"", ""sobol_dim"": 252, ""naive_iid_se"": 0.8760535306906606, ""se_valid"": false}"
db06ab60e0f0,2026-09-24T19:45:54,zaki,qmc,paper_barrier,call,exact,rqmc_incremental,{},256,252,11,2375621107,zaki-rehnoom_x86_64,7.484249697272866,nan,nan,nan,7.1055282627933245,0.37872143447954176,0.038140448999911314,"{""construction"": ""incremental"", ""sobol_dim"": 252, ""naive_iid_se"": 0.8169326935147334, ""se_valid"": false}"
76654ed4acaa,2026-09-24T19:45:54,zaki,qmc,paper_barrier,call,exact,rqmc_incremental,{},256,252,12,348543808,zaki-rehnoom_x86_64,6.565738776523876,nan,nan,nan,7.1055282627933245,0.5397894862694486,0.0322831559997212,"{""construction"": ""incremental"", ""sobol_dim"": 252, ""naive_iid_se"": 0.8221292630994242, ""se_valid"": false}"
f56b1560d496,2026-09-24T19:45:54,zaki,qmc,paper_barrier,call,exact,rqmc_incremental,{},256,252,13,1810908726,zaki-rehnoom_x86_64,6.6499492393519795,nan,nan,nan,7.1055282627933245,0.45557902344134504,0.03567061199964883,"{""construction"": ""incremental"", ""sobol_dim"": 252, ""naive_iid_se"": 0.7842255563994338, ""se_valid"": false}"
8e36bf9cb5b4,2026-09-24T19:45:54,zaki,qmc,paper_barrier,call,exact,rqmc_incremental,{},256,252,14,1660443893,zaki-rehnoom_x86_64,7.546732312321939,nan,nan,nan,7.1055282627933245,0.4412040495286149,0.035718359000384226,"{""construction"": ""incremental"", ""sobol_dim"": 252, ""naive_iid_se"": 0.8120370019050067, ""se_valid"": false}"
9624c0ee3b1d,2026-09-24T19:45:54,zaki,qmc,paper_barrier,call,exact,rqmc_incremental,{},256,252,15,3431551531,zaki-rehnoom_x86_64,7.771484173290368,nan,nan,nan,7.1055282627933245,0.6659559104970434,0.03190723199986678,"{""construction"": ""incremental"", ""sobol_dim"": 252, ""naive_iid_se"": 0.8862729660530876, ""se_valid"": false}"
857bf0985306,2026-09-24T19:45:54,zaki,qmc,paper_barrier,call,exact,rqmc_incremental,{},256,252,16,2198375096,zaki-rehnoom_x86_64,7.002987224834501,nan,nan,nan,7.1055282627933245,0.10254103795882319,0.036992636999912065,"{""construction"": ""incremental"", ""sobol_dim"": 252, ""naive_iid_se"": 0.7915558869661132, ""se_valid"": false}"
e33dcf28a138,2026-09-24T19:45:54,zaki,qmc,paper_barrier,call,exact,rqmc_incremental,{},256,252,17,748076932,zaki-rehnoom_x86_64,8.296506006334663,nan,nan,nan,7.1055282627933245,1.190977743541339,0.031990786000278604,"{""construction"": ""incremental"", ""sobol_dim"": 252, ""naive_iid_se"": 0.9139930737071371, ""se_valid"": false}"
f08c86f1513b,2026-09-24T19:45:54,zaki,qmc,paper_barrier,call,exact,rqmc_incremental,{},256,252,18,2809685741,zaki-rehnoom_x86_64,7.168361980594998,nan,nan,nan,7.1055282627933245,0.06283371780167357,0.03805932000022949,"{""construction"": ""incremental"", ""sobol_dim"": 252, ""naive_iid_se"": 0.7471191139787168, ""se_valid"": false}"
3ccae229fcdb,2026-09-24T19:45:54,zaki,qmc,paper_barrier,call,exact,rqmc_incremental,{},256,252,19,3122737714,zaki-rehnoom_x86_64,7.308238729307553,nan,nan,nan,7.1055282627933245,0.20271046651422875,0.03713076399981219,"{""construction"": ""incremental"", ""sobol_dim"": 252, ""naive_iid_se"": 0.7792807978513902, ""se_valid"": false}"
78e336fef6ac,2026-09-24T19:45:54,zaki,qmc,paper_barrier,call,exact,rqmc_incremental,{},1024,252,0,338850649,zaki-rehnoom_x86_64,6.915830196997621,nan,nan,nan,7.1055282627933245,0.18969806579570392,0.05613477600036276,"{""construction"": ""incremental"", ""sobol_dim"": 252, ""naive_iid_se"": 0.3820804204892326, ""se_valid"": false}"
44de9d0435df,2026-09-24T19:45:54,zaki,qmc,paper_barrier,call,exact,rqmc_incremental,{},1024,252,1,2508464048,zaki-rehnoom_x86_64,7.114811872970041,nan,nan,nan,7.1055282627933245,0.009283610176716195,0.05061245299975781,"{""construction"": ""incremental"", ""sobol_dim"": 252, ""naive_iid_se"": 0.39355858042167813, ""se_valid"": false}"
ada4cd36e923,2026-09-24T19:45:54,zaki,qmc,paper_barrier,call,exact,rqmc_incremental,{},1024,252,2,3245713544,zaki-rehnoom_x86_64,7.217438379083019,nan,nan,nan,7.1055282627933245,0.11191011628969427,0.05078185599995777,"{""construction"": ""incremental"", ""sobol_dim"": 252, ""naive_iid_se"": 0.4130418677415843, ""se_valid"": false}"
68bc231f4717,2026-09-24T19:45:54,zaki,qmc,paper_barrier,call,exact,rqmc_incremental,{},1024,252,3,1232783238,zaki-rehnoom_x86_64,7.0045322944836625,nan,nan,nan,7.1055282627933245,0.10099596830966195,0.051986732999921514,"{""construction"": ""incremental"", ""sobol_dim"": 252, ""naive_iid_se"": 0.38486499944820357, ""se_valid"": false}"
8f0a6c5d36a9,2026-09-24T19:45:54,zaki,qmc,paper_barrier,call,exact,rqmc_incremental,{},1024,252,4,2842872005,zaki-rehnoom_x86_64,7.060629130931257,nan,nan,nan,7.1055282627933245,0.044899131862067065,0.05294947299989872,"{""construction"": ""incremental"", ""sobol_dim"": 252, ""naive_iid_se"": 0.39515069773727346, ""se_valid"": false}"
1d2fcba0eb14,2026-09-24T19:45:54,zaki,qmc,paper_barrier,call,exact,rqmc_incremental,{},1024,252,5,754662469,zaki-rehnoom_x86_64,7.3186333111233,nan,nan,nan,7.1055282627933245,0.21310504832997523,0.049672237999857316,"{""construction"": ""incremental"", ""sobol_dim"": 252, ""naive_iid_se"": 0.4116755389776301, ""se_valid"": false}"
77ac04aa1a22,2026-09-24T19:45:55,zaki,qmc,paper_barrier,call,exact,rqmc_incremental,{},1024,252,6,758268362,zaki-rehnoom_x86_64,7.1803024124201755,nan,nan,nan,7.1055282627933245,0.07477414962685103,0.04607095200026379,"{""construction"": ""incremental"", ""sobol_dim"": 252, ""naive_iid_se"": 0.3911063452051348, ""se_valid"": false}"
2ca8d3506121,2026-09-24T19:45:55,zaki,qmc,paper_barrier,call,exact,rqmc_incremental,{},1024,252,7,3373917548,zaki-rehnoom_x86_64,6.913774591327747,nan,nan,nan,7.1055282627933245,0.19175367146557765,0.04987288000029366,"{""construction"": ""incremental"", ""sobol_dim"": 252, ""naive_iid_se"": 0.3918188730572235, ""se_valid"": false}"
2c2fc3a89257,2026-09-24T19:45:55,zaki,qmc,paper_barrier,call,exact,rqmc_incremental,{},1024,252,8,22116120,zaki-rehnoom_x86_64,7.271966106837848,nan,nan,nan,7.1055282627933245,0.16643784404452333,0.05332575900001757,"{""construction"": ""incremental"", ""sobol_dim"": 252, ""naive_iid_se"": 0.3937886478512074, ""se_valid"": false}"
5d2c8c1e75c3,2026-09-24T19:45:55,zaki,qmc,paper_barrier,call,exact,rqmc_incremental,{},1024,252,9,3895450691,zaki-rehnoom_x86_64,7.18466905743287,nan,nan,nan,7.1055282627933245,0.07914079463954593,0.0513704139998481,"{""construction"": ""incremental"", ""sobol_dim"": 252, ""naive_iid_se"": 0.3844449131285311, ""se_valid"": false}"
84a334f630f9,2026-09-24T19:45:55,zaki,qmc,paper_barrier,call,exact,rqmc_incremental,{},1024,252,10,3277625855,zaki-rehnoom_x86_64,7.182985948507344,nan,nan,nan,7.1055282627933245,0.07745768571401968,0.05053449599972737,"{""construction"": ""incremental"", ""sobol_dim"": 252, ""naive_iid_se"": 0.394857191803128, ""se_valid"": false}"
2f525880399c,2026-09-24T19:45:55,zaki,qmc,paper_barrier,call,exact,rqmc_incremental,{},1024,252,11,3183225074,zaki-rehnoom_x86_64,7.100947963553531,nan,nan,nan,7.1055282627933245,0.004580299239793639,0.046588043000156176,"{""construction"": ""incremental"", ""sobol_dim"": 252, ""naive_iid_se"": 0.39422142961406553, ""se_valid"": false}"
65c971adbcea,2026-09-24T19:45:55,zaki,qmc,paper_barrier,call,exact,rqmc_incremental,{},1024,252,12,3008334125,zaki-rehnoom_x86_64,6.830007244752914,nan,nan,nan,7.1055282627933245,0.2755210180404104,0.05158285400011664,"{""construction"": ""incremental"", ""sobol_dim"": 252, ""naive_iid_se"": 0.37957440744284643, ""se_valid"": false}"
1bc4524ea464,2026-09-24T19:45:55,zaki,qmc,paper_barrier,call,exact,rqmc_incremental,{},1024,252,13,2873664530,zaki-rehnoom_x86_64,6.94142256478211,nan,nan,nan,7.1055282627933245,0.16410569801121433,0.04553670199993576,"{""construction"": ""incremental"", ""sobol_dim"": 252, ""naive_iid_se"": 0.40901463515849723, ""se_valid"": false}"
9434ee0240eb,2026-09-24T19:45:55,zaki,qmc,paper_barrier,call,exact,rqmc_incremental,{},1024,252,14,1424152721,zaki-rehnoom_x86_64,6.966284819070049,nan,nan,nan,7.1055282627933245,0.13924344372327546,0.046604375000242726,"{""construction"": ""incremental"", ""sobol_dim"": 252, ""naive_iid_se"": 0.3833034624151502, ""se_valid"": false}"
789af31370e6,2026-09-24T19:45:55,zaki,qmc,paper_barrier,call,exact,rqmc_incremental,{},1024,252,15,2976568300,zaki-rehnoom_x86_64,7.184255151204848,nan,nan,nan,7.1055282627933245,0.07872688841152353,0.05732427800012374,"{""construction"": ""incremental"", ""sobol_dim"": 252, ""naive_iid_se"": 0.3982279695799962, ""se_valid"": false}"
13588b7378bd,2026-09-24T19:45:55,zaki,qmc,paper_barrier,call,exact,rqmc_incremental,{},1024,252,16,2397949992,zaki-rehnoom_x86_64,7.423561756357293,nan,nan,nan,7.1055282627933245,0.31803349356396815,0.05270120799968936,"{""construction"": ""incremental"", ""sobol_dim"": 252, ""naive_iid_se"": 0.40509243097419895, ""se_valid"": false}"
928f77ccba37,2026-09-24T19:45:55,zaki,qmc,paper_barrier,call,exact,rqmc_incremental,{},1024,252,17,3818802504,zaki-rehnoom_x86_64,7.329245992760591,nan,nan,nan,7.1055282627933245,0.2237177299672668,0.052786328000365756,"{""construction"": ""incremental"", ""sobol_dim"": 252, ""naive_iid_se"": 0.4126496043139692, ""se_valid"": false}"
a05fae74623a,2026-09-24T19:45:55,zaki,qmc,paper_barrier,call,exact,rqmc_incremental,{},1024,252,18,3889028654,zaki-rehnoom_x86_64,7.407718835040356,nan,nan,nan,7.1055282627933245,0.3021905722470315,0.04490698400013571,"{""construction"": ""incremental"", ""sobol_dim"": 252, ""naive_iid_se"": 0.41688544868354305, ""se_valid"": false}"
36d04d0ae39f,2026-09-24T19:45:55,zaki,qmc,paper_barrier,call,exact,rqmc_incremental,{},1024,252,19,918932932,zaki-rehnoom_x86_64,6.768142704795771,nan,nan,nan,7.1055282627933245,0.3373855579975533,0.04579528799968102,"{""construction"": ""incremental"", ""sobol_dim"": 252, ""naive_iid_se"": 0.3779691668777929, ""se_valid"": false}"
e72b0f0e549f,2026-09-24T19:45:55,zaki,qmc,paper_barrier,call,exact,rqmc_incremental,{},4096,252,0,2948490079,zaki-rehnoom_x86_64,6.977269340225572,nan,nan,nan,7.1055282627933245,0.12825892256775262,0.09311029700029394,"{""construction"": ""incremental"", ""sobol_dim"": 252, ""naive_iid_se"": 0.19198879901474547, ""se_valid"": false}"
9bef2cbf1c78,2026-09-24T19:45:55,zaki,qmc,paper_barrier,call,exact,rqmc_incremental,{},4096,252,1,1132277483,zaki-rehnoom_x86_64,7.1448666056481365,nan,nan,nan,7.1055282627933245,0.03933834285481197,0.09646887999997489,"{""construction"": ""incremental"", ""sobol_dim"": 252, ""naive_iid_se"": 0.1952912276836689, ""se_valid"": false}"
e4ac215f02fd,2026-09-24T19:45:55,zaki,qmc,paper_barrier,call,exact,rqmc_incremental,{},4096,252,2,326243725,zaki-rehnoom_x86_64,6.892537631632111,nan,nan,nan,7.1055282627933245,0.21299063116121353,0.09880874300006326,"{""construction"": ""incremental"", ""sobol_dim"": 252, ""naive_iid_se"": 0.19687790295168112, ""se_valid"": false}"
46847afb5535,2026-09-24T19:45:56,zaki,qmc,paper_barrier,call,exact,rqmc_incremental,{},4096,252,3,2503154664,zaki-rehnoom_x86_64,7.261539168394003,nan,nan,nan,7.1055282627933245,0.1560109056006782,0.09477650300004825,"{""construction"": ""incremental"", ""sobol_dim"": 252, ""naive_iid_se"": 0.19469420659296077, ""se_valid"": false}"
295594a579e0,2026-09-24T19:45:56,zaki,qmc,paper_barrier,call,exact,rqmc_incremental,{},4096,252,4,1252289677,zaki-rehnoom_x86_64,7.1465471103813645,nan,nan,nan,7.1055282627933245,0.041018847588039975,0.09602212600020721,"{""construction"": ""incremental"", ""sobol_dim"": 252, ""naive_iid_se"": 0.19671723700586347, ""se_valid"": false}"
6f74c4db98a0,2026-09-24T19:45:56,zaki,qmc,paper_barrier,call,exact,rqmc_incremental,{},4096,252,5,3935516351,zaki-rehnoom_x86_64,7.2429770356616565,nan,nan,nan,7.1055282627933245,0.13744877286833201,0.09254129300006753,"{""construction"": ""incremental"", ""sobol_dim"": 252, ""naive_iid_se"": 0.19917155648111223, ""se_valid"": false}"
73d10f329bad,2026-09-24T19:45:56,zaki,qmc,paper_barrier,call,exact,rqmc_incremental,{},4096,252,6,1905229961,zaki-rehnoom_x86_64,7.093730992928805,nan,nan,nan,7.1055282627933245,0.011797269864519677,0.10924862699994264,"{""construction"": ""incremental"", ""sobol_dim"": 252, ""naive_iid_se"": 0.19444467866660223, ""se_valid"": false}"
6d53ad164a42,2026-09-24T19:45:56,zaki,qmc,paper_barrier,call,exact,rqmc_incremental,{},4096,252,7,784391072,zaki-rehnoom_x86_64,7.1065696440550274,nan,nan,nan,7.1055282627933245,0.001041381261702945,0.09757797299971571,"{""construction"": ""incremental"", ""sobol_dim"": 252, ""naive_iid_se"": 0.19352518164230703, ""se_valid"": false}"
90e263ed085d,2026-09-24T19:45:56,zaki,qmc,paper_barrier,call,exact,rqmc_incremental,{},4096,252,8,1415315028,zaki-rehnoom_x86_64,7.136263307228099,nan,nan,nan,7.1055282627933245,0.030735044434774927,0.09368970700006685,"{""construction"": ""incremental"", ""sobol_dim"": 252, ""naive_iid_se"": 0.19463997699587465, ""se_valid"": false}"
73ba97f872bb,2026-09-24T19:45:56,zaki,qmc,paper_barrier,call,exact,rqmc_incremental,{},4096,252,9,3391535204,zaki-rehnoom_x86_64,7.0168793317595295,nan,nan,nan,7.1055282627933245,0.08864893103379501,0.09489341800008333,"{""construction"": ""incremental"", ""sobol_dim"": 252, ""naive_iid_se"": 0.19611450233161068, ""se_valid"": false}"
d95c0cf23c4d,2026-09-24T19:45:56,zaki,qmc,paper_barrier,call,exact,rqmc_incremental,{},4096,252,10,472777531,zaki-rehnoom_x86_64,7.049196677235738,nan,nan,nan,7.1055282627933245,0.05633158555758655,0.10098395299974072,"{""construction"": ""incremental"", ""sobol_dim"": 252, ""naive_iid_se"": 0.19518117625104706, ""se_valid"": false}"
89ba0c2e655f,2026-09-24T19:45:56,zaki,qmc,paper_barrier,call,exact,rqmc_incremental,{},4096,252,11,3241427112,zaki-rehnoom_x86_64,7.119804134648833,nan,nan,nan,7.1055282627933245,0.014275871855508271,0.09194281899999623,"{""construction"": ""incremental"", ""sobol_dim"": 252, ""naive_iid_se"": 0.1972143422453764, ""se_valid"": false}"
d71911265d5c,2026-09-24T19:45:56,zaki,qmc,paper_barrier,call,exact,rqmc_incremental,{},4096,252,12,2774156998,zaki-rehnoom_x86_64,7.097767788699534,nan,nan,nan,7.1055282627933245,0.007760474093790215,0.09873436900033994,"{""construction"": ""incremental"", ""sobol_dim"": 252, ""naive_iid_se"": 0.19654108826288727, ""se_valid"": false}"
25e0b04f8dff,2026-09-24T19:45:57,zaki,qmc,paper_barrier,call,exact,rqmc_incremental,{},4096,252,13,3637895961,zaki-rehnoom_x86_64,7.0954236731994325,nan,nan,nan,7.1055282627933245,0.010104589593892044,0.09148550200006866,"{""construction"": ""incremental"", ""sobol_dim"": 252, ""naive_iid_se"": 0.19801354682370817, ""se_valid"": false}"
8fc2a420a4af,2026-09-24T19:45:57,zaki,qmc,paper_barrier,call,exact,rqmc_incremental,{},4096,252,14,2943469601,zaki-rehnoom_x86_64,7.087221260568039,nan,nan,nan,7.1055282627933245,0.018307002225285807,0.09254715400038549,"{""construction"": ""incremental"", ""sobol_dim"": 252, ""naive_iid_se"": 0.1946677923273948, ""se_valid"": false}"
7e8f5a8789b2,2026-09-24T19:45:57,zaki,qmc,paper_barrier,call,exact,rqmc_incremental,{},4096,252,15,3058614214,zaki-rehnoom_x86_64,7.127796261832669,nan,nan,nan,7.1055282627933245,0.022267999039344843,0.09525389600003109,"{""construction"": ""incremental"", ""sobol_dim"": 252, ""naive_iid_se"": 0.19890956955123895, ""se_valid"": false}"
360c71d11b79,2026-09-24T19:45:57,zaki,qmc,paper_barrier,call,exact,rqmc_incremental,{},4096,252,16,2490161627,zaki-rehnoom_x86_64,7.102145139636715,nan,nan,nan,7.1055282627933245,0.003383123156609713,0.09849939900004756,"{""construction"": ""incremental"", ""sobol_dim"": 252, ""naive_iid_se"": 0.1959243911379045, ""se_valid"": false}"
4656b8770e28,2026-09-24T19:45:57,zaki,qmc,paper_barrier,call,exact,rqmc_incremental,{},4096,252,17,2212743883,zaki-rehnoom_x86_64,7.106580631219872,nan,nan,nan,7.1055282627933245,0.0010523684265475453,0.09391297999991366,"{""construction"": ""incremental"", ""sobol_dim"": 252, ""naive_iid_se"": 0.19535186151996797, ""se_valid"": false}"
e44bf8b1bcd2,2026-09-24T19:45:57,zaki,qmc,paper_barrier,call,exact,rqmc_incremental,{},4096,252,18,3468798424,zaki-rehnoom_x86_64,7.064914845381008,nan,nan,nan,7.1055282627933245,0.04061341741231672,0.09663685500026986,"{""construction"": ""incremental"", ""sobol_dim"": 252, ""naive_iid_se"": 0.19570486612349286, ""se_valid"": false}"
d57567a393a9,2026-09-24T19:45:57,zaki,qmc,paper_barrier,call,exact,rqmc_incremental,{},4096,252,19,518469116,zaki-rehnoom_x86_64,7.021970086391546,nan,nan,nan,7.1055282627933245,0.08355817640177854,0.10971508900001936,"{""construction"": ""incremental"", ""sobol_dim"": 252, ""naive_iid_se"": 0.19435202043443148, ""se_valid"": false}"
55f938295c24,2026-09-24T19:45:57,zaki,qmc,paper_barrier,call,exact,rqmc_incremental,{},16384,252,0,2658612421,zaki-rehnoom_x86_64,7.117447344151797,nan,nan,nan,7.1055282627933245,0.011919081358472638,0.2945999939997819,"{""construction"": ""incremental"", ""sobol_dim"": 252, ""naive_iid_se"": 0.09736199265077321, ""se_valid"": false}"
f0bbc1f0c47d,2026-09-24T19:45:58,zaki,qmc,paper_barrier,call,exact,rqmc_incremental,{},16384,252,1,3254771460,zaki-rehnoom_x86_64,7.118864112820501,nan,nan,nan,7.1055282627933245,0.0133358500271763,0.304658197000208,"{""construction"": ""incremental"", ""sobol_dim"": 252, ""naive_iid_se"": 0.09817501345409567, ""se_valid"": false}"
a9978ee95073,2026-09-24T19:45:58,zaki,qmc,paper_barrier,call,exact,rqmc_incremental,{},16384,252,2,2862584554,zaki-rehnoom_x86_64,7.102581015379085,nan,nan,nan,7.1055282627933245,0.002947247414239129,0.33225271499986775,"{""construction"": ""incremental"", ""sobol_dim"": 252, ""naive_iid_se"": 0.09758034179714611, ""se_valid"": false}"
bdd092d2f086,2026-09-24T19:45:58,zaki,qmc,paper_barrier,call,exact,rqmc_incremental,{},16384,252,3,1180748381,zaki-rehnoom_x86_64,7.082604719948225,nan,nan,nan,7.1055282627933245,0.02292354284509912,0.30753539199986335,"{""construction"": ""incremental"", ""sobol_dim"": 252, ""naive_iid_se"": 0.09720580170472527, ""se_valid"": false}"
1e6d1f1334ce,2026-09-24T19:45:59,zaki,qmc,paper_barrier,call,exact,rqmc_incremental,{},16384,252,4,2668228009,zaki-rehnoom_x86_64,7.100562355038361,nan,nan,nan,7.1055282627933245,0.004965907754963084,0.3076612770000793,"{""construction"": ""incremental"", ""sobol_dim"": 252, ""naive_iid_se"": 0.09797084726367375, ""se_valid"": false}"
6267721ac6f5,2026-09-24T19:45:59,zaki,qmc,paper_barrier,call,exact,rqmc_incremental,{},16384,252,5,2800898582,zaki-rehnoom_x86_64,7.097893516529085,nan,nan,nan,7.1055282627933245,0.007634746264239212,0.29709346000026926,"{""construction"": ""incremental"", ""sobol_dim"": 252, ""naive_iid_se"": 0.09787238353691644, ""se_valid"": false}"
943c62c7e66d,2026-09-24T19:45:59,zaki,qmc,paper_barrier,call,exact,rqmc_incremental,{},16384,252,6,3126259445,zaki-rehnoom_x86_64,7.097593319441385,nan,nan,nan,7.1055282627933245,0.007934943351939339,0.29514198900005795,"{""construction"": ""incremental"", ""sobol_dim"": 252, ""naive_iid_se"": 0.09801681486286472, ""se_valid"": false}"
fffb4d7770b4,2026-09-24T19:46:00,zaki,qmc,paper_barrier,call,exact,rqmc_incremental,{},16384,252,7,2986692401,zaki-rehnoom_x86_64,7.069540942409818,nan,nan,nan,7.1055282627933245,0.03598732038350683,0.29203638999979376,"{""construction"": ""incremental"", ""sobol_dim"": 252, ""naive_iid_se"": 0.09768068512346476, ""se_valid"": false}"
68f5d9421a9c,2026-09-24T19:46:00,zaki,qmc,paper_barrier,call,exact,rqmc_incremental,{},16384,252,8,2596582285,zaki-rehnoom_x86_64,7.093909867014991,nan,nan,nan,7.1055282627933245,0.011618395778333124,0.289620291999654,"{""construction"": ""incremental"", ""sobol_dim"": 252, ""naive_iid_se"": 0.09769621493169948, ""se_valid"": false}"
77164d338189,2026-09-24T19:46:00,zaki,qmc,paper_barrier,call,exact,rqmc_incremental,{},16384,252,9,4083044611,zaki-rehnoom_x86_64,7.097665318572954,nan,nan,nan,7.1055282627933245,0.007862944220370593,0.2911739790001775,"{""construction"": ""incremental"", ""sobol_dim"": 252, ""naive_iid_se"": 0.0969488512966036, ""se_valid"": false}"
9d2c0b09207b,2026-09-24T19:46:00,zaki,qmc,paper_barrier,call,exact,rqmc_incremental,{},16384,252,10,1400686982,zaki-rehnoom_x86_64,7.089516148192744,nan,nan,nan,7.1055282627933245,0.016012114600580496,0.30261172699965755,"{""construction"": ""incremental"", ""sobol_dim"": 252, ""naive_iid_se"": 0.09731698501989249, ""se_valid"": false}"
2e734ff96126,2026-09-24T19:46:01,zaki,qmc,paper_barrier,call,exact,rqmc_incremental,{},16384,252,11,3747220551,zaki-rehnoom_x86_64,7.082852712529544,nan,nan,nan,7.1055282627933245,0.022675550263780764,0.294502201999876,"{""construction"": ""incremental"", ""sobol_dim"": 252, ""naive_iid_se"": 0.09847266767017647, ""se_valid"": false}"
f64ee72827a9,2026-09-24T19:46:01,zaki,qmc,paper_barrier,call,exact,rqmc_incremental,{},16384,252,12,3835501958,zaki-rehnoom_x86_64,7.0945936950131046,nan,nan,nan,7.1055282627933245,0.01093456778021995,0.2911813290002101,"{""construction"": ""incremental"", ""sobol_dim"": 252, ""naive_iid_se"": 0.09762129978669556, ""se_valid"": false}"
d8aa3c706a61,2026-09-24T19:46:01,zaki,qmc,paper_barrier,call,exact,rqmc_incremental,{},16384,252,13,3842772079,zaki-rehnoom_x86_64,7.08831588109593,nan,nan,nan,7.1055282627933245,0.017212381697394363,0.29348897599993506,"{""construction"": ""incremental"", ""sobol_dim"": 252, ""naive_iid_se"": 0.09855271833958351, ""se_valid"": false}"
1e6c9337e6cf,2026-09-24T19:46:02,zaki,qmc,paper_barrier,call,exact,rqmc_incremental,{},16384,252,14,910251385,zaki-rehnoom_x86_64,7.126758227127751,nan,nan,nan,7.1055282627933245,0.021229964334426477,0.29139954900028897,"{""construction"": ""incremental"", ""sobol_dim"": 252, ""naive_iid_se"": 0.09819937794479752, ""se_valid"": false}"
d6a8440b6f64,2026-09-24T19:46:02,zaki,qmc,paper_barrier,call,exact,rqmc_incremental,{},16384,252,15,1544229754,zaki-rehnoom_x86_64,7.111736855313705,nan,nan,nan,7.1055282627933245,0.006208592520380307,0.29543501300031494,"{""construction"": ""incremental"", ""sobol_dim"": 252, ""naive_iid_se"": 0.09819838297706907, ""se_valid"": false}"
7a1efc6905a6,2026-09-24T19:46:02,zaki,qmc,paper_barrier,call,exact,rqmc_incremental,{},16384,252,16,4256415550,zaki-rehnoom_x86_64,7.0885706482349855,nan,nan,nan,7.1055282627933245,0.016957614558338996,0.2921395299999858,"{""construction"": ""incremental"", ""sobol_dim"": 252, ""naive_iid_se"": 0.09828168541591852, ""se_valid"": false}"
70435111a9f9,2026-09-24T19:46:03,zaki,qmc,paper_barrier,call,exact,rqmc_incremental,{},16384,252,17,3375255529,zaki-rehnoom_x86_64,7.104320586423162,nan,nan,nan,7.1055282627933245,0.0012076763701625026,0.2991199120001511,"{""construction"": ""incremental"", ""sobol_dim"": 252, ""naive_iid_se"": 0.09768753739296608, ""se_valid"": false}"
f67012a1628c,2026-09-24T19:46:03,zaki,qmc,paper_barrier,call,exact,rqmc_incremental,{},16384,252,18,142705849,zaki-rehnoom_x86_64,7.076784825520701,nan,nan,nan,7.1055282627933245,0.02874343727262385,0.29091070200001923,"{""construction"": ""incremental"", ""sobol_dim"": 252, ""naive_iid_se"": 0.09725888946947867, ""se_valid"": false}"
f45dd1ae60a7,2026-09-24T19:46:03,zaki,qmc,paper_barrier,call,exact,rqmc_incremental,{},16384,252,19,4272334832,zaki-rehnoom_x86_64,7.109844575360121,nan,nan,nan,7.1055282627933245,0.004316312566796654,0.2890979439998773,"{""construction"": ""incremental"", ""sobol_dim"": 252, ""naive_iid_se"": 0.09788090627105038, ""se_valid"": false}"
2050518a48cc,2026-09-24T19:46:04,zaki,qmc,paper_barrier,call,exact,rqmc_incremental,{},65536,252,0,1841088099,zaki-rehnoom_x86_64,7.082544916820194,nan,nan,nan,7.1055282627933245,0.02298334597313012,1.0413978829997177,"{""construction"": ""incremental"", ""sobol_dim"": 252, ""naive_iid_se"": 0.048758312890697764, ""se_valid"": false}"
8b561ca71793,2026-09-24T19:46:05,zaki,qmc,paper_barrier,call,exact,rqmc_incremental,{},65536,252,1,26935482,zaki-rehnoom_x86_64,7.0999059038764,nan,nan,nan,7.1055282627933245,0.005622358916924419,1.0667716980001387,"{""construction"": ""incremental"", ""sobol_dim"": 252, ""naive_iid_se"": 0.04881116905871303, ""se_valid"": false}"
5f6fa823b21d,2026-09-24T19:46:06,zaki,qmc,paper_barrier,call,exact,rqmc_incremental,{},65536,252,2,2189408241,zaki-rehnoom_x86_64,7.107352064030401,nan,nan,nan,7.1055282627933245,0.0018238012370765944,1.2078863780002393,"{""construction"": ""incremental"", ""sobol_dim"": 252, ""naive_iid_se"": 0.049058369463999524, ""se_valid"": false}"
a5ffdba106cf,2026-09-24T19:46:08,zaki,qmc,paper_barrier,call,exact,rqmc_incremental,{},65536,252,3,3885558176,zaki-rehnoom_x86_64,7.088846143992245,nan,nan,nan,7.1055282627933245,0.016682118801079504,1.1133474230000502,"{""construction"": ""incremental"", ""sobol_dim"": 252, ""naive_iid_se"": 0.049124707694500634, ""se_valid"": false}"
4fc8bbfe5f07,2026-09-24T19:46:09,zaki,qmc,paper_barrier,call,exact,rqmc_incremental,{},65536,252,4,3103053564,zaki-rehnoom_x86_64,7.098907677437405,nan,nan,nan,7.1055282627933245,0.00662058535591914,1.081695216999833,"{""construction"": ""incremental"", ""sobol_dim"": 252, ""naive_iid_se"": 0.04910947705252471, ""se_valid"": false}"
3c137003ad92,2026-09-24T19:46:10,zaki,qmc,paper_barrier,call,exact,rqmc_incremental,{},65536,252,5,787957452,zaki-rehnoom_x86_64,7.097645226382179,nan,nan,nan,7.1055282627933245,0.007883036411145738,1.0654404659999273,"{""construction"": ""incremental"", ""sobol_dim"": 252, ""naive_iid_se"": 0.04897105673940841, ""se_valid"": false}"
9a8a0050889f,2026-09-24T19:46:11,zaki,qmc,paper_barrier,call,exact,rqmc_incremental,{},65536,252,6,1549948983,zaki-rehnoom_x86_64,7.100437972925753,nan,nan,nan,7.1055282627933245,0.005090289867571762,1.0883924360000492,"{""construction"": ""incremental"", ""sobol_dim"": 252, ""naive_iid_se"": 0.04895378756156606, ""se_valid"": false}"
eb5e5e53aa1c,2026-09-24T19:46:12,zaki,qmc,paper_barrier,call,exact,rqmc_incremental,{},65536,252,7,3772699503,zaki-rehnoom_x86_64,7.092191174399427,nan,nan,nan,7.1055282627933245,0.013337088393897467,1.0514492509996671,"{""construction"": ""incremental"", ""sobol_dim"": 252, ""naive_iid_se"": 0.04901360963572125, ""se_valid"": false}"
70d65fdf4900,2026-09-24T19:46:13,zaki,qmc,paper_barrier,call,exact,rqmc_incremental,{},65536,252,8,4170047297,zaki-rehnoom_x86_64,7.115064446603528,nan,nan,nan,7.1055282627933245,0.00953618381020327,1.0643812119997165,"{""construction"": ""incremental"", ""sobol_dim"": 252, ""naive_iid_se"": 0.048989404562242794, ""se_valid"": false}"
a7d47cc91268,2026-09-24T19:46:14,zaki,qmc,paper_barrier,call,exact,rqmc_incremental,{},65536,252,9,990705247,zaki-rehnoom_x86_64,7.093089895265034,nan,nan,nan,7.1055282627933245,0.012438367528290861,1.0479041999997207,"{""construction"": ""incremental"", ""sobol_dim"": 252, ""naive_iid_se"": 0.0491413518146328, ""se_valid"": false}"
92e7c15f7141,2026-09-24T19:46:15,zaki,qmc,paper_barrier,call,exact,rqmc_incremental,{},65536,252,10,3979611074,zaki-rehnoom_x86_64,7.0924419182941065,nan,nan,nan,7.1055282627933245,0.013086344499217972,1.2158921720001672,"{""construction"": ""incremental"", ""sobol_dim"": 252, ""naive_iid_se"": 0.04897391535329382, ""se_valid"": false}"
3867567dc944,2026-09-24T19:46:16,zaki,qmc,paper_barrier,call,exact,rqmc_incremental,{},65536,252,11,3481093598,zaki-rehnoom_x86_64,7.108436682312784,nan,nan,nan,7.1055282627933245,0.0029084195194597484,1.19969214799994,"{""construction"": ""incremental"", ""sobol_dim"": 252, ""naive_iid_se"": 0.04894631885458609, ""se_valid"": false}"
fc294981ea34,2026-09-24T19:46:17,zaki,qmc,paper_barrier,call,exact,rqmc_incremental,{},65536,252,12,3759419913,zaki-rehnoom_x86_64,7.097806161489538,nan,nan,nan,7.1055282627933245,0.007722101303786921,1.0507556470001873,"{""construction"": ""incremental"", ""sobol_dim"": 252, ""naive_iid_se"": 0.04919023103451742, ""se_valid"": false}"
40747b162344,2026-09-24T19:46:19,zaki,qmc,paper_barrier,call,exact,rqmc_incremental,{},65536,252,13,2866016782,zaki-rehnoom_x86_64,7.083589479844006,nan,nan,nan,7.1055282627933245,0.02193878294931828,1.1410362239998904,"{""construction"": ""incremental"", ""sobol_dim"": 252, ""naive_iid_se"": 0.049046024630512795, ""se_valid"": false}"
e7f8919c30c5,2026-09-24T19:46:20,zaki,qmc,paper_barrier,call,exact,rqmc_incremental,{},65536,252,14,3490866845,zaki-rehnoom_x86_64,7.097774485973877,nan,nan,nan,7.1055282627933245,0.007753776819447111,1.0523769779997565,"{""construction"": ""incremental"", ""sobol_dim"": 252, ""naive_iid_se"": 0.04910569383560619, ""se_valid"": false}"
b63038d5b3c6,2026-09-24T19:46:21,zaki,qmc,paper_barrier,call,exact,rqmc_incremental,{},65536,252,15,4050845113,zaki-rehnoom_x86_64,7.105709616940784,nan,nan,nan,7.1055282627933245,0.00018135414745934497,1.0927598039997974,"{""construction"": ""incremental"", ""sobol_dim"": 252, ""naive_iid_se"": 0.04885643975792995, ""se_valid"": false}"
b5bc29444a3a,2026-09-24T19:46:22,zaki,qmc,paper_barrier,call,exact,rqmc_incremental,{},65536,252,16,942575534,zaki-rehnoom_x86_64,7.093222675303966,nan,nan,nan,7.1055282627933245,0.01230558748935806,1.0570042599997578,"{""construction"": ""incremental"", ""sobol_dim"": 252, ""naive_iid_se"": 0.048991491297405126, ""se_valid"": false}"
f72e4a5f8e31,2026-09-24T19:46:23,zaki,qmc,paper_barrier,call,exact,rqmc_incremental,{},65536,252,17,2626819451,zaki-rehnoom_x86_64,7.09312584573271,nan,nan,nan,7.1055282627933245,0.01240241706061429,1.074236115000076,"{""construction"": ""incremental"", ""sobol_dim"": 252, ""naive_iid_se"": 0.049072846782518637, ""se_valid"": false}"
bc6e780d6de9,2026-09-24T19:46:24,zaki,qmc,paper_barrier,call,exact,rqmc_incremental,{},65536,252,18,1649241322,zaki-rehnoom_x86_64,7.090526554955023,nan,nan,nan,7.1055282627933245,0.01500170783830157,1.0789787880003132,"{""construction"": ""incremental"", ""sobol_dim"": 252, ""naive_iid_se"": 0.04897988638315626, ""se_valid"": false}"
abe81b17a67d,2026-09-24T19:46:25,zaki,qmc,paper_barrier,call,exact,rqmc_incremental,{},65536,252,19,846938065,zaki-rehnoom_x86_64,7.082027359397111,nan,nan,nan,7.1055282627933245,0.023500903396213246,1.1315606809998826,"{""construction"": ""incremental"", ""sobol_dim"": 252, ""naive_iid_se"": 0.0490578162130405, ""se_valid"": false}"
5f391c968fca,2026-09-24T19:46:25,zaki,qmc,deep_barrier,call,exact,plain,{},256,252,0,889049453,zaki-rehnoom_x86_64,3.9893164766232414,0.8000850534009282,2.4211785873886162,5.557454365857867,3.545320563728302,0.44399591289493934,0.003575932999865472,
aeb5ce5bf8be,2026-09-24T19:46:25,zaki,qmc,deep_barrier,call,exact,plain,{},256,252,1,737511098,zaki-rehnoom_x86_64,3.8824441673460326,0.822542087657187,2.270291299769558,5.494597034922507,3.545320563728302,0.3371236036177305,0.003465475999746559,
1047af3a4385,2026-09-24T19:46:25,zaki,qmc,deep_barrier,call,exact,plain,{},256,252,2,1881296879,zaki-rehnoom_x86_64,4.116869015751161,0.809007004947353,2.5312444228137316,5.70249360868859,3.545320563728302,0.5715484520228586,0.0031666729996686627,
651c5438dc80,2026-09-24T19:46:25,zaki,qmc,deep_barrier,call,exact,plain,{},256,252,3,3299892981,zaki-rehnoom_x86_64,3.5032165342297437,0.7320498387462442,2.068425215398751,4.9380078530607365,3.545320563728302,0.042104029498558404,0.0031594399997629807,
1a272604756f,2026-09-24T19:46:25,zaki,qmc,deep_barrier,call,exact,plain,{},256,252,4,2331741173,zaki-rehnoom_x86_64,4.2942751720778,0.8436674502494637,2.6407173546601133,5.9478329894954864,3.545320563728302,0.7489546083494978,0.0030125210000733205,
f06f96fe8ae3,2026-09-24T19:46:25,zaki,qmc,deep_barrier,call,exact,plain,{},256,252,5,396716363,zaki-rehnoom_x86_64,2.974255757288519,0.6342877121954158,1.7310746855491967,4.217436829027841,3.545320563728302,0.5710648064397832,0.0034035029998449318,
8453aab4e4de,2026-09-24T19:46:25,zaki,qmc,deep_barrier,call,exact,plain,{},256,252,6,3766479440,zaki-rehnoom_x86_64,3.632083599065047,0.6852035815038778,2.2891092572395912,4.975057940890503,3.545320563728302,0.08676303533674501,0.0031246999997165403,
33514105ea7e,2026-09-24T19:46:25,zaki,qmc,deep_barrier,call,exact,plain,{},256,252,7,1028538832,zaki-rehnoom_x86_64,3.9699042488889855,0.774515726345391,2.4518813197921387,5.487927177985832,3.545320563728302,0.42458368516068345,0.003071411000291846,
651e7ec6986d,2026-09-24T19:46:25,zaki,qmc,deep_barrier,call,exact,plain,{},256,252,8,2999843540,zaki-rehnoom_x86_64,3.171123007969165,0.6338065082412934,1.9288850786491412,4.413360937289189,3.545320563728302,0.37419755575913705,0.00316291800027102,
7ad030559589,2026-09-24T19:46:25,zaki,qmc,deep_barrier,call,exact,plain,{},256,252,9,951344641,zaki-rehnoom_x86_64,3.9325871072792777,0.7699067765837133,2.4235975537218737,5.441576660836682,3.545320563728302,0.3872665435509757,0.0030885389996910817,
4de626d3f609,2026-09-24T19:46:25,zaki,qmc,deep_barrier,call,exact,plain,{},256,252,10,919157541,zaki-rehnoom_x86_64,2.9189037189143856,0.6537798335048656,1.6375187914262561,4.200288646402515,3.545320563728302,0.6264168448139165,0.0030676209999001003,
73607d0be237,2026-09-24T19:46:25,zaki,qmc,deep_barrier,call,exact,plain,{},256,252,11,3080414462,zaki-rehnoom_x86_64,3.3134620986117973,0.7478928277269649,1.847619091971127,4.779305105252467,3.545320563728302,0.23185846511650476,0.0030379279996850528,
af9e2d76a0dc,2026-09-24T19:46:25,zaki,qmc,deep_barrier,call,exact,plain,{},256,252,12,2442351384,zaki-rehnoom_x86_64,3.911734336653086,0.81375740987453,2.316799121146408,5.506669552159764,3.545320563728302,0.36641377292478383,0.0030541510000148264,
97fe66a57bab,2026-09-24T19:46:25,zaki,qmc,deep_barrier,call,exact,plain,{},256,252,13,3294796193,zaki-rehnoom_x86_64,2.8603205068514552,0.659932896039909,1.566875798400018,4.153765215302893,3.545320563728302,0.6850000568768468,0.0028640569998970022,
3f962485f1cc,2026-09-24T19:46:25,zaki,qmc,deep_barrier,call,exact,plain,{},256,252,14,793670404,zaki-rehnoom_x86_64,3.066633808220481,0.6788443957230829,1.7361232414963825,4.397144374944579,3.545320563728302,0.4786867555078209,0.002992962999996962,
33dbf2eaf05d,2026-09-24T19:46:25,zaki,qmc,deep_barrier,call,exact,plain,{},256,252,15,326499020,zaki-rehnoom_x86_64,3.285872098811029,0.737705545427699,1.8399957985772624,4.731748399044796,3.545320563728302,0.259448464917273,0.0030144319998726132,
c82847728ed1,2026-09-24T19:46:25,zaki,qmc,deep_barrier,call,exact,plain,{},256,252,16,2443856287,zaki-rehnoom_x86_64,3.2494246720676214,0.6652752720906638,1.9455090989648354,4.553340245170407,3.545320563728302,0.29589589166068064,0.00294221700005437,
fea93858231e,2026-09-24T19:46:25,zaki,qmc,deep_barrier,call,exact,plain,{},256,252,17,694541114,zaki-rehnoom_x86_64,2.9441104018145454,0.6114500732222284,1.7456902799545988,4.142530523674492,3.545320563728302,0.6012101619137566,0.003010882000126003,
9e375a4222ee,2026-09-24T19:46:25,zaki,qmc,deep_barrier,call,exact,plain,{},256,252,18,3347220824,zaki-rehnoom_x86_64,2.831701850138727,0.6943369402510655,1.4708264541108995,4.192577246166555,3.545320563728302,0.7136187135895748,0.002985573999922053,
854e538a604a,2026-09-24T19:46:25,zaki,qmc,deep_barrier,call,exact,plain,{},256,252,19,3739730943,zaki-rehnoom_x86_64,2.7663578783656124,0.6101292159033869,1.5705265892793114,3.962189167451913,3.545320563728302,0.7789626853626896,0.002978233999783697,
39abe1d34cfe,2026-09-24T19:46:25,zaki,qmc,deep_barrier,call,exact,plain,{},1024,252,0,2109979317,zaki-rehnoom_x86_64,3.4609029811560226,0.36861527350485884,2.7384303209351177,4.183375641376927,3.545320563728302,0.08441758257227949,0.012409261999891896,
bb673716b9a6,2026-09-24T19:46:25,zaki,qmc,deep_barrier,call,exact,plain,{},1024,252,1,3143958874,zaki-rehnoom_x86_64,4.010244788575898,0.38168582163040504,3.262154324770725,4.758335252381071,3.545320563728302,0.464924224847596,0.01168994899990139,
17ac5c6ce1f5,2026-09-24T19:46:25,zaki,qmc,deep_barrier,call,exact,plain,{},1024,252,2,931167958,zaki-rehnoom_x86_64,3.6293257106207966,0.38260954654232954,2.879424779256629,4.379226641984964,3.545320563728302,0.0840051468924945,0.011852068999814946,
c7b8f9b378dd,2026-09-24T19:46:25,zaki,qmc,deep_barrier,call,exact,plain,{},1024,252,3,438134341,zaki-rehnoom_x86_64,3.2719773744994445,0.35141870951637316,2.58320936035381,3.960745388645079,3.545320563728302,0.2733431892288576,0.011727972999779013,
34cca57818fe,2026-09-24T19:46:25,zaki,qmc,deep_barrier,call,exact,plain,{},1024,252,4,1790868242,zaki-rehnoom_x86_64,2.998687055466782,0.33846324617465107,2.3353112828739517,3.6620628280596126,3.545320563728302,0.5466335082615199,0.011602718000176537,
411db629c479,2026-09-24T19:46:25,zaki,qmc,deep_barrier,call,exact,plain,{},1024,252,5,4264206355,zaki-rehnoom_x86_64,2.9614954067980648,0.3255335669413412,2.3234613398341772,3.5995294737619523,3.545320563728302,0.5838251569302373,0.01175062699985574,
2ab90588e229,2026-09-24T19:46:25,zaki,qmc,deep_barrier,call,exact,plain,{},1024,252,6,2875708800,zaki-rehnoom_x86_64,3.4030689676873003,0.35662053982212605,2.7041055534887013,4.102032381885899,3.545320563728302,0.1422515960410018,0.011779416000081255,
2bb0b529082a,2026-09-24T19:46:25,zaki,qmc,deep_barrier,call,exact,plain,{},1024,252,7,373983049,zaki-rehnoom_x86_64,4.166119714724138,0.41805972781264317,3.346737704824739,4.9855017246235365,3.545320563728302,0.6207991509958357,0.01150852999990093,
46c4761c3182,2026-09-24T19:46:25,zaki,qmc,deep_barrier,call,exact,plain,{},1024,252,8,1995827929,zaki-rehnoom_x86_64,4.042871214431609,0.3780901695694482,3.301828099166849,4.78391432969637,3.545320563728302,0.4975506507033072,0.011492014999930689,
1a672587418c,2026-09-24T19:46:25,zaki,qmc,deep_barrier,call,exact,plain,{},1024,252,9,4225329080,zaki-rehnoom_x86_64,3.3306931471082244,0.3676954364414776,2.610023334403192,4.0513629598132574,3.545320563728302,0.21462741662007767,0.011273199999777717,
e7621fb234c9,2026-09-24T19:46:25,zaki,qmc,deep_barrier,call,exact,plain,{},1024,252,10,2135021095,zaki-rehnoom_x86_64,3.31000000609325,0.35516544300824043,2.6138885292438854,4.0061114829426145,3.545320563728302,0.2353205576350521,0.011314077999941219,
83e220de0a13,2026-09-24T19:46:25,zaki,qmc,deep_barrier,call,exact,plain,{},1024,252,11,3748345722,zaki-rehnoom_x86_64,3.1200352057376897,0.3370143670907103,2.4594991839673366,3.7805712275080428,3.545320563728302,0.4252853579906124,0.012176073999853543,
8d8291ebfa7c,2026-09-24T19:46:25,zaki,qmc,deep_barrier,call,exact,plain,{},1024,252,12,51423247,zaki-rehnoom_x86_64,3.291229335080646,0.3501899626834775,2.6048696204736044,3.9775890496876873,3.545320563728302,0.2540912286476562,0.012616780000371364,
f87d8d652fac,2026-09-24T19:46:25,zaki,qmc,deep_barrier,call,exact,plain,{},1024,252,13,310876760,zaki-rehnoom_x86_64,3.2875644560702018,0.36004870825104146,2.581881955217991,3.9932469569224125,3.545320563728302,0.2577561076581003,0.012086448999980348,
ff6789e890b8,2026-09-24T19:46:25,zaki,qmc,deep_barrier,call,exact,plain,{},1024,252,14,1308513331,zaki-rehnoom_x86_64,2.749199317226145,0.3124696166329165,2.1367701223625906,3.361628512089699,3.545320563728302,0.7961212465021572,0.01185576400030186,
da9ffa024d73,2026-09-24T19:46:25,zaki,qmc,deep_barrier,call,exact,plain,{},1024,252,15,1073056728,zaki-rehnoom_x86_64,3.391416422610368,0.3576876106943281,2.690361587933301,4.092471257287435,3.545320563728302,0.15390414111793405,0.011358159999872441,
bc6a285cc02f,2026-09-24T19:46:25,zaki,qmc,deep_barrier,call,exact,plain,{},1024,252,16,4183748782,zaki-rehnoom_x86_64,3.2386190455869768,0.34955201066330405,2.55350969396334,3.9237283972106134,3.545320563728302,0.3067015181413253,0.012052172000039718,
b3ef8499a0eb,2026-09-24T19:46:25,zaki,qmc,deep_barrier,call,exact,plain,{},1024,252,17,323118473,zaki-rehnoom_x86_64,3.102707481133722,0.34108501726685686,2.43419313162446,3.771221830642984,3.545320563728302,0.4426130825945802,0.011793392000072345,
6817888b2659,2026-09-24T19:46:25,zaki,qmc,deep_barrier,call,exact,plain,{},1024,252,18,154584714,zaki-rehnoom_x86_64,3.1900387892855857,0.3484021529697684,2.507183117328625,3.8728944612425464,3.545320563728302,0.35528177444271636,0.011767921000227943,
1ac8b3afe702,2026-09-24T19:46:25,zaki,qmc,deep_barrier,call,exact,plain,{},1024,252,19,360216866,zaki-rehnoom_x86_64,3.375309093617048,0.3703771012250175,2.6493833145176677,4.101234872716428,3.545320563728302,0.17001147011125406,0.011446775999957026,
29362bd579bd,2026-09-24T19:46:25,zaki,qmc,deep_barrier,call,exact,plain,{},4096,252,0,2876958185,zaki-rehnoom_x86_64,3.0543477524569935,0.1688867037876053,2.7233358955656026,3.3853596093483844,3.545320563728302,0.49097281127130854,0.04883116700011669,
0825d109219e,2026-09-24T19:46:26,zaki,qmc,deep_barrier,call,exact,plain,{},4096,252,1,2412169804,zaki-rehnoom_x86_64,3.3488854760932005,0.18061399658767263,2.994888547677522,3.702882404508879,3.545320563728302,0.19643508763510154,0.048691601999962586,
bec4edad131e,2026-09-24T19:46:26,zaki,qmc,deep_barrier,call,exact,plain,{},4096,252,2,2261735335,zaki-rehnoom_x86_64,3.5147532290236256,0.18327654936865426,3.155537793050286,3.873968664996965,3.545320563728302,0.03056733470467643,0.04912962399976095,
e0c8aa20b292,2026-09-24T19:46:26,zaki,qmc,deep_barrier,call,exact,plain,{},4096,252,3,721795179,zaki-rehnoom_x86_64,3.40903289605312,0.18226323137238637,3.051803526857352,3.766262265248888,3.545320563728302,0.13628766767518208,0.05084970000007161,
9d77574873f2,2026-09-24T19:46:26,zaki,qmc,deep_barrier,call,exact,plain,{},4096,252,4,13534589,zaki-rehnoom_x86_64,3.531481410172418,0.18204678497970686,3.1746762681108853,3.888286552233951,3.545320563728302,0.013839153555883943,0.049928801999612915,
def67398b121,2026-09-24T19:46:26,zaki,qmc,deep_barrier,call,exact,plain,{},4096,252,5,3101566885,zaki-rehnoom_x86_64,3.4294854255352893,0.18447177768077752,3.0679273851168856,3.791043465953693,3.545320563728302,0.11583513819301272,0.05392999400010012,
c2bb7f6d031f,2026-09-24T19:46:26,zaki,qmc,deep_barrier,call,exact,plain,{},4096,252,6,3270781830,zaki-rehnoom_x86_64,3.8559069013344236,0.1921331963619948,3.4793327562303515,4.232481046438496,3.545320563728302,0.31058633760612153,0.05549193899969396,
cfbbe5609983,2026-09-24T19:46:26,zaki,qmc,deep_barrier,call,exact,plain,{},4096,252,7,2943516899,zaki-rehnoom_x86_64,3.3101118358648787,0.17805766836326944,2.9611252187016937,3.6590984530280637,3.545320563728302,0.2352087278634234,0.05607042600013301,
8e6b16bfc566,2026-09-24T19:46:26,zaki,qmc,deep_barrier,call,exact,plain,{},4096,252,8,925270876,zaki-rehnoom_x86_64,3.0524956727126025,0.1702289822658063,2.7188529983467147,3.3861383470784903,3.545320563728302,0.4928248910156996,0.05486013900008402,
5e1dfaa28ec6,2026-09-24T19:46:26,zaki,qmc,deep_barrier,call,exact,plain,{},4096,252,9,2238339156,zaki-rehnoom_x86_64,3.1887583544852482,0.17611207013939786,2.8435850397692364,3.53393166920126,3.545320563728302,0.3565622092430538,0.05649416599999313,
53ecedf940c8,2026-09-24T19:46:26,zaki,qmc,deep_barrier,call,exact,plain,{},4096,252,10,320625687,zaki-rehnoom_x86_64,3.4817885788523775,0.18148808724760498,3.1260784642240087,3.8374986934807462,3.545320563728302,0.0635319848759246,0.0608992570000737,
95b24aac8ae1,2026-09-24T19:46:26,zaki,qmc,deep_barrier,call,exact,plain,{},4096,252,11,920738329,zaki-rehnoom_x86_64,3.3274313812479117,0.17801977716297682,2.978519029472631,3.6763437330231925,3.545320563728302,0.21788918248039035,0.05793481699993208,
a30223aa7800,2026-09-24T19:46:26,zaki,qmc,deep_barrier,call,exact,plain,{},4096,252,12,2874454920,zaki-rehnoom_x86_64,3.1336121017457947,0.1778820417732803,2.7849697063737158,3.4822544971178737,3.545320563728302,0.4117084619825073,0.05891490199974214,
3bf7e0ae1d8d,2026-09-24T19:46:26,zaki,qmc,deep_barrier,call,exact,plain,{},4096,252,13,2328949372,zaki-rehnoom_x86_64,3.506641430460303,0.18546684012304968,3.1431331034926773,3.870149757427929,3.545320563728302,0.03867913326799899,0.05715317400017739,
719e9e1a8006,2026-09-24T19:46:26,zaki,qmc,deep_barrier,call,exact,plain,{},4096,252,14,1352181167,zaki-rehnoom_x86_64,3.4560365488956704,0.17720900127142047,3.1087132886673734,3.8033598091239673,3.545320563728302,0.08928401483263171,0.05607133600005909,
bf118a437e81,2026-09-24T19:46:26,zaki,qmc,deep_barrier,call,exact,plain,{},4096,252,15,3729702565,zaki-rehnoom_x86_64,3.549759729120791,0.18402645365157153,3.1890745077610814,3.910444950480501,3.545320563728302,0.0044391653924891195,0.057082203999925696,
2fe4470615b5,2026-09-24T19:46:26,zaki,qmc,deep_barrier,call,exact,plain,{},4096,252,16,259990765,zaki-rehnoom_x86_64,3.172034551411762,0.16878349292881997,2.841224984086404,3.50284411873712,3.545320563728302,0.37328601231654,0.05617044599966903,
edcb8705a7b3,2026-09-24T19:46:26,zaki,qmc,deep_barrier,call,exact,plain,{},4096,252,17,2226384259,zaki-rehnoom_x86_64,3.459872985865074,0.1845611972101179,3.0981396863896484,3.8216062853404993,3.545320563728302,0.08544757786322821,0.05668113599995195,
65afb482ab02,2026-09-24T19:46:26,zaki,qmc,deep_barrier,call,exact,plain,{},4096,252,18,2150618000,zaki-rehnoom_x86_64,3.438301494361491,0.1849694878002093,3.07576796003426,3.800835028688722,3.545320563728302,0.10701906936681116,0.05654462100028468,
30be39ee4f63,2026-09-24T19:46:27,zaki,qmc,deep_barrier,call,exact,plain,{},4096,252,19,1950895693,zaki-rehnoom_x86_64,3.403541171416297,0.17733359094352485,3.05597371991783,3.7511086229147637,3.545320563728302,0.1417793923120052,0.06363127300028282,
c28a5aeb6823,2026-09-24T19:46:27,zaki,qmc,deep_barrier,call,exact,plain,{},16384,252,0,1827785173,zaki-rehnoom_x86_64,3.472535548109815,0.09149915482693166,3.2932005000331745,3.6518705961864555,3.545320563728302,0.07278501561848705,0.2241334629998164,
f86f84164b6d,2026-09-24T19:46:27,zaki,qmc,deep_barrier,call,exact,plain,{},16384,252,1,1076662131,zaki-rehnoom_x86_64,3.5273201844042212,0.09194365653408496,3.347113928990494,3.7075264398179484,3.545320563728302,0.01800037932408083,0.22295679399985602,
a518a311cc40,2026-09-24T19:46:27,zaki,qmc,deep_barrier,call,exact,plain,{},16384,252,2,101828520,zaki-rehnoom_x86_64,3.482858526378175,0.0906416955503686,3.305204067601808,3.660512985154542,3.545320563728302,0.06246203735012701,0.22388603299987153,
c8669c4c4950,2026-09-24T19:46:27,zaki,qmc,deep_barrier,call,exact,plain,{},16384,252,3,23411764,zaki-rehnoom_x86_64,3.2799315120543104,0.08854489025092398,3.1063867161474477,3.453476307961173,3.545320563728302,0.2653890516739916,0.19343911599980856,
95abec4f8027,2026-09-24T19:46:28,zaki,qmc,deep_barrier,call,exact,plain,{},16384,252,4,4003950937,zaki-rehnoom_x86_64,3.35322020134132,0.08913126896536189,3.178526124272858,3.527914278409782,3.545320563728302,0.19210036238698214,0.21409230000017487,
edbd50aa2c90,2026-09-24T19:46:28,zaki,qmc,deep_barrier,call,exact,plain,{},16384,252,5,32585767,zaki-rehnoom_x86_64,3.3103369612710294,0.08953293790401191,3.134855627549105,3.4858182949929537,3.545320563728302,0.23498360245727268,0.2141071720002401,
37e3eeee9e0f,2026-09-24T19:46:28,zaki,qmc,deep_barrier,call,exact,plain,{},16384,252,6,4285855112,zaki-rehnoom_x86_64,3.3201778103878232,0.08935717450203745,3.145040966603569,3.4953146541720774,3.545320563728302,0.22514275334047884,0.21250726700009182,
a09f8f55e1ff,2026-09-24T19:46:28,zaki,qmc,deep_barrier,call,exact,plain,{},16384,252,7,57872797,zaki-rehnoom_x86_64,3.3688748606824612,0.08990818597890267,3.192658054248483,3.5450916671164396,3.545320563728302,0.17644570304584084,0.2073595669999122,
b92061878183,2026-09-24T19:46:28,zaki,qmc,deep_barrier,call,exact,plain,{},16384,252,8,1957706837,zaki-rehnoom_x86_64,3.42469497348787,0.08936481530155438,3.2495431540117496,3.5998467929639903,3.545320563728302,0.12062559024043207,0.19535704600002646,
35f6fb3c59c5,2026-09-24T19:46:29,zaki,qmc,deep_barrier,call,exact,plain,{},16384,252,9,686886448,zaki-rehnoom_x86_64,3.373434150758797,0.090223823035132,3.196598707062423,3.550269594455171,3.545320563728302,0.17188641296950502,0.21586368599992056,
fb9e4b9aa3e2,2026-09-24T19:46:29,zaki,qmc,deep_barrier,call,exact,plain,{},16384,252,10,3238975414,zaki-rehnoom_x86_64,3.4602174452698087,0.09190138221729127,3.280094045994468,3.6403408445451495,3.545320563728302,0.08510311845849339,0.21131607899997107,
8c7750a0ddad,2026-09-24T19:46:29,zaki,qmc,deep_barrier,call,exact,plain,{},16384,252,11,2981109121,zaki-rehnoom_x86_64,3.3940173744321793,0.0899330459430718,3.2177518433637724,3.5702829055005862,3.545320563728302,0.15130318929612274,0.20250020799994672,
c42a25028f45,2026-09-24T19:46:29,zaki,qmc,deep_barrier,call,exact,plain,{},16384,252,12,1068335222,zaki-rehnoom_x86_64,3.3533897671216435,0.08931485980044836,3.1783358586285204,3.5284436756147666,3.545320563728302,0.19193079660665857,0.19811517000016465,
75fb3fea937e,2026-09-24T19:46:30,zaki,qmc,deep_barrier,call,exact,plain,{},16384,252,13,3650949479,zaki-rehnoom_x86_64,3.361499818597892,0.0890227875813047,3.1870183611351752,3.5359812760606086,3.545320563728302,0.18382074513041013,0.22047892899990984,
f21c293f4a9d,2026-09-24T19:46:30,zaki,qmc,deep_barrier,call,exact,plain,{},16384,252,14,482898466,zaki-rehnoom_x86_64,3.388889687654645,0.089867339558236,3.212752938734071,3.565026436575219,3.545320563728302,0.15643087607365702,0.21599847099969338,
d0ef1977e38e,2026-09-24T19:46:30,zaki,qmc,deep_barrier,call,exact,plain,{},16384,252,15,3406127971,zaki-rehnoom_x86_64,3.485563066195836,0.09098155681653444,3.3072424915780436,3.663883640813628,3.545320563728302,0.059757497532466175,0.20076288500013106,
1c9a6b0d6c5c,2026-09-24T19:46:30,zaki,qmc,deep_barrier,call,exact,plain,{},16384,252,16,2898110076,zaki-rehnoom_x86_64,3.46005858741722,0.09099321452524096,3.2817151641102207,3.638402010724219,3.545320563728302,0.08526197631108223,0.20898145799992562,
bb9c78f65ee7,2026-09-24T19:46:30,zaki,qmc,deep_barrier,call,exact,plain,{},16384,252,17,2405632981,zaki-rehnoom_x86_64,3.489960405793364,0.09117676275339055,3.3112572345697657,3.6686635770169627,3.545320563728302,0.05536015793493787,0.20066155299991806,
9dae7f8bd0fe,2026-09-24T19:46:31,zaki,qmc,deep_barrier,call,exact,plain,{},16384,252,18,2442900977,zaki-rehnoom_x86_64,3.440916914351843,0.09135576444416477,3.2618629062611553,3.619970922442531,3.545320563728302,0.10440364937645885,0.19571660600013274,
543e276e6e7f,2026-09-24T19:46:31,zaki,qmc,deep_barrier,call,exact,plain,{},16384,252,19,3406090873,zaki-rehnoom_x86_64,3.4380987055354724,0.09010861190688799,3.261489071501075,3.61470833956987,3.545320563728302,0.1072218581928297,0.19867401400006202,
b97f06167021,2026-09-24T19:46:32,zaki,qmc,deep_barrier,call,exact,plain,{},65536,252,0,1502314983,zaki-rehnoom_x86_64,3.396955968295204,0.04499601774997464,3.308765394057529,3.4851465425328794,3.545320563728302,0.14836459543309788,0.8144171690000803,
e899530bc710,2026-09-24T19:46:32,zaki,qmc,deep_barrier,call,exact,plain,{},65536,252,1,1819889516,zaki-rehnoom_x86_64,3.4154125287643695,0.04533555881752575,3.3265564662630216,3.5042685912657174,3.545320563728302,0.12990803496393255,0.8154224760000943,
7f6be9783f10,2026-09-24T19:46:33,zaki,qmc,deep_barrier,call,exact,plain,{},65536,252,2,2046805235,zaki-rehnoom_x86_64,3.4349369849045397,0.04528416967685421,3.3461816432681046,3.5236923265409748,3.545320563728302,0.11038357882376237,0.7865366179999,
14affaaa01c9,2026-09-24T19:46:34,zaki,qmc,deep_barrier,call,exact,plain,{},65536,252,3,2303207598,zaki-rehnoom_x86_64,3.3443314956425514,0.04459169969080132,3.256933370239155,3.431729621045948,3.545320563728302,0.20098906808575068,0.790126366000095,
ab91823ae87a,2026-09-24T19:46:35,zaki,qmc,deep_barrier,call,exact,plain,{},65536,252,4,2220510808,zaki-rehnoom_x86_64,3.2833893812057426,0.04443836347854693,3.1962917892558904,3.370486973155595,3.545320563728302,0.2619311825225594,0.8634994849999202,
2a7fa03f7db0,2026-09-24T19:46:36,zaki,qmc,deep_barrier,call,exact,plain,{},65536,252,5,1107807316,zaki-rehnoom_x86_64,3.4439118176017125,0.04550998434045227,3.3547138873574442,3.5331097478459808,3.545320563728302,0.10140874612658957,0.879514036999808,
46142cd040eb,2026-09-24T19:46:37,zaki,qmc,deep_barrier,call,exact,plain,{},65536,252,6,3957655460,zaki-rehnoom_x86_64,3.3266546416634624,0.044847942566234096,3.2387542894529227,3.414554993874002,3.545320563728302,0.2186659220648397,0.8331376959999943,
d09afc6e2e67,2026-09-24T19:46:37,zaki,qmc,deep_barrier,call,exact,plain,{},65536,252,7,747510355,zaki-rehnoom_x86_64,3.41625391999795,0.04509082768360193,3.3278775217049885,3.5046303182909115,3.545320563728302,0.12906664373035204,0.8951054890003434,
72cb040f54b7,2026-09-24T19:46:38,zaki,qmc,deep_barrier,call,exact,plain,{},65536,252,8,3448635295,zaki-rehnoom_x86_64,3.4164997116101192,0.045226675654147036,3.3278570561875167,3.5051423670327218,3.545320563728302,0.12882085211818284,0.8434272380000039,
93a97830e938,2026-09-24T19:46:39,zaki,qmc,deep_barrier,call,exact,plain,{},65536,252,9,837253528,zaki-rehnoom_x86_64,3.3753134800200706,0.04501034582857072,3.2870948232643795,3.4635321367757617,3.545320563728302,0.17000708370823148,0.7849086289998013,
a4bb8ba2d2e8,2026-09-24T19:46:40,zaki,qmc,deep_barrier,call,exact,plain,{},65536,252,10,3801042519,zaki-rehnoom_x86_64,3.407942864416321,0.045120202450827575,3.319508892637543,3.496376836195099,3.545320563728302,0.13737769931198107,0.8206609890003165,
9ebebaa82773,2026-09-24T19:46:41,zaki,qmc,deep_barrier,call,exact,plain,{},65536,252,11,1959077886,zaki-rehnoom_x86_64,3.5159607102424504,0.04582280119490167,3.4261496702297043,3.6057717502551965,3.545320563728302,0.029359853485851684,0.8336485919999177,
512eb104962e,2026-09-24T19:46:42,zaki,qmc,deep_barrier,call,exact,plain,{},65536,252,12,3701581144,zaki-rehnoom_x86_64,3.389907885141185,0.04496758935215531,3.3017730295393735,3.478042740742996,3.545320563728302,0.15541267858711727,0.7876193170000079,
a22a22fff7cd,2026-09-24T19:46:42,zaki,qmc,deep_barrier,call,exact,plain,{},65536,252,13,2773769301,zaki-rehnoom_x86_64,3.41179299066745,0.04519711420069193,3.32320827462895,3.50037770670595,3.545320563728302,0.13352757306085206,0.806934315000035,
1a980aed5708,2026-09-24T19:46:43,zaki,qmc,deep_barrier,call,exact,plain,{},65536,252,14,3218209606,zaki-rehnoom_x86_64,3.4528603724363873,0.045413518190229395,3.363851512372283,3.5418692325004915,3.545320563728302,0.09246019129191474,0.8044947950002097,
3a202c8b1aba,2026-09-24T19:46:44,zaki,qmc,deep_barrier,call,exact,plain,{},65536,252,15,1456725312,zaki-rehnoom_x86_64,3.424571145753962,0.04531124622252401,3.3357627350631884,3.5133795564447357,3.545320563728302,0.12074941797434002,0.826715755999885,
fe3caa0da3a2,2026-09-24T19:46:45,zaki,qmc,deep_barrier,call,exact,plain,{},65536,252,16,1392381188,zaki-rehnoom_x86_64,3.404186549201132,0.04505432615193158,3.315881692595625,3.4924914058066387,3.545320563728302,0.14113401452717023,0.8811651219998566,
0342b2875db0,2026-09-24T19:46:46,zaki,qmc,deep_barrier,call,exact,plain,{},65536,252,17,1114173133,zaki-rehnoom_x86_64,3.401454888219546,0.044889634298802876,3.3134728217147185,3.4894369547243738,3.545320563728302,0.14386567550875595,0.8201521490000232,
95a73e120311,2026-09-24T19:46:46,zaki,qmc,deep_barrier,call,exact,plain,{},65536,252,18,1619780189,zaki-rehnoom_x86_64,3.3136910514881106,0.04436651589211714,3.226734278220037,3.400647824756184,3.545320563728302,0.23162951224019146,0.8182231880000472,
edf2572bd5da,2026-09-24T19:46:47,zaki,qmc,deep_barrier,call,exact,plain,{},65536,252,19,2827402102,zaki-rehnoom_x86_64,3.35603336866105,0.04489358893696987,3.2680435512078434,3.444023186114257,3.545320563728302,0.1892871950672519,0.8029828479998287,
b1d8a41dde5f,2026-09-24T19:46:47,zaki,qmc,deep_barrier,call,exact,rqmc,{},256,252,0,9456162,zaki-rehnoom_x86_64,3.258089604294051,nan,nan,nan,3.545320563728302,0.28723095943425125,0.0351082749998568,"{""construction"": ""bridge"", ""sobol_dim"": 252, ""naive_iid_se"": 0.7262256024766964, ""se_valid"": false}"
fdd1c17e590e,2026-09-24T19:46:47,zaki,qmc,deep_barrier,call,exact,rqmc,{},256,252,1,469241402,zaki-rehnoom_x86_64,3.2264606432521714,nan,nan,nan,3.545320563728302,0.31885992047613065,0.03561883400016086,"{""construction"": ""bridge"", ""sobol_dim"": 252, ""naive_iid_se"": 0.7548544544701526, ""se_valid"": false}"
b74c670aedc3,2026-09-24T19:46:47,zaki,qmc,deep_barrier,call,exact,rqmc,{},256,252,2,690577922,zaki-rehnoom_x86_64,3.3583887624636835,nan,nan,nan,3.545320563728302,0.1869318012646186,0.03862540599993736,"{""construction"": ""bridge"", ""sobol_dim"": 252, ""naive_iid_se"": 0.7157614136183844, ""se_valid"": false}"
8e23fb0df9a5,2026-09-24T19:46:47,zaki,qmc,deep_barrier,call,exact,rqmc,{},256,252,3,760946988,zaki-rehnoom_x86_64,3.477729774748356,nan,nan,nan,3.545320563728302,0.06759078897994586,0.041169212000113475,"{""construction"": ""bridge"", ""sobol_dim"": 252, ""naive_iid_se"": 0.7260641930883145, ""se_valid"": false}"
9fe34ff76302,2026-09-24T19:46:47,zaki,qmc,deep_barrier,call,exact,rqmc,{},256,252,4,303705722,zaki-rehnoom_x86_64,3.3323010937710205,nan,nan,nan,3.545320563728302,0.2130194699572816,0.04258157999993273,"{""construction"": ""bridge"", ""sobol_dim"": 252, ""naive_iid_se"": 0.7184791294884157, ""se_valid"": false}"
5d5adfc2e29c,2026-09-24T19:46:48,zaki,qmc,deep_barrier,call,exact,rqmc,{},256,252,5,1303157040,zaki-rehnoom_x86_64,3.539735012035801,nan,nan,nan,3.545320563728302,0.005585551692500967,0.03678116599985515,"{""construction"": ""bridge"", ""sobol_dim"": 252, ""naive_iid_se"": 0.762095335733504, ""se_valid"": false}"
b62a11fa5181,2026-09-24T19:46:48,zaki,qmc,deep_barrier,call,exact,rqmc,{},256,252,6,1701745620,zaki-rehnoom_x86_64,3.033293692445334,nan,nan,nan,3.545320563728302,0.5120268712829681,0.03451022399985959,"{""construction"": ""bridge"", ""sobol_dim"": 252, ""naive_iid_se"": 0.6951579290601251, ""se_valid"": false}"
f89adfd16b8f,2026-09-24T19:46:48,zaki,qmc,deep_barrier,call,exact,rqmc,{},256,252,7,489734560,zaki-rehnoom_x86_64,3.1449782508434976,nan,nan,nan,3.545320563728302,0.4003423128848045,0.03384686999970654,"{""construction"": ""bridge"", ""sobol_dim"": 252, ""naive_iid_se"": 0.7183585106303466, ""se_valid"": false}"
72e96e821818,2026-09-24T19:46:48,zaki,qmc,deep_barrier,call,exact,rqmc,{},256,252,8,946682198,zaki-rehnoom_x86_64,3.576475555470262,nan,nan,nan,3.545320563728302,0.031154991741960014,0.03461258200013617,"{""construction"": ""bridge"", ""sobol_dim"": 252, ""naive_iid_se"": 0.7454584466233456, ""se_valid"": false}"
9b20244de368,2026-09-24T19:46:48,zaki,qmc,deep_barrier,call,exact,rqmc,{},256,252,9,2161243583,zaki-rehnoom_x86_64,3.3426831021830354,nan,nan,nan,3.545320563728302,0.20263746154526663,0.03512270400005946,"{""construction"": ""bridge"", ""sobol_dim"": 252, ""naive_iid_se"": 0.6997659957547997, ""se_valid"": false}"
7b520057e967,2026-09-24T19:46:48,zaki,qmc,deep_barrier,call,exact,rqmc,{},256,252,10,1983089545,zaki-rehnoom_x86_64,3.5918387049160936,nan,nan,nan,3.545320563728302,0.04651814118779152,0.03980403399964416,"{""construction"": ""bridge"", ""sobol_dim"": 252, ""naive_iid_se"": 0.7683742791915412, ""se_valid"": false}"
8777881274c7,2026-09-24T19:46:48,zaki,qmc,deep_barrier,call,exact,rqmc,{},256,252,11,3964879748,zaki-rehnoom_x86_64,3.3472110284546805,nan,nan,nan,3.545320563728302,0.19810953527362152,0.03359684999986712,"{""construction"": ""bridge"", ""sobol_dim"": 252, ""naive_iid_se"": 0.7064380352616887, ""se_valid"": false}"
117b8088d368,2026-09-24T19:46:48,zaki,qmc,deep_barrier,call,exact,rqmc,{},256,252,12,758807958,zaki-rehnoom_x86_64,3.4406138065746537,nan,nan,nan,3.545320563728302,0.10470675715364841,0.0322269180001058,"{""construction"": ""bridge"", ""sobol_dim"": 252, ""naive_iid_se"": 0.7123827611935662, ""se_valid"": false}"
64384efc78c1,2026-09-24T19:46:48,zaki,qmc,deep_barrier,call,exact,rqmc,{},256,252,13,3945097497,zaki-rehnoom_x86_64,3.765228726560117,nan,nan,nan,3.545320563728302,0.2199081628318149,0.03819532800025627,"{""construction"": ""bridge"", ""sobol_dim"": 252, ""naive_iid_se"": 0.7615044501125605, ""se_valid"": false}"
3b866dc81b2d,2026-09-24T19:46:48,zaki,qmc,deep_barrier,call,exact,rqmc,{},256,252,14,77832283,zaki-rehnoom_x86_64,3.0986251298344056,nan,nan,nan,3.545320563728302,0.44669543389389643,0.03936158099986642,"{""construction"": ""bridge"", ""sobol_dim"": 252, ""naive_iid_se"": 0.6846966459862964, ""se_valid"": false}"
4facc6e11fc5,2026-09-24T19:46:48,zaki,qmc,deep_barrier,call,exact,rqmc,{},256,252,15,3828481833,zaki-rehnoom_x86_64,3.907118784988513,nan,nan,nan,3.545320563728302,0.3617982212602109,0.03909428399992976,"{""construction"": ""bridge"", ""sobol_dim"": 252, ""naive_iid_se"": 0.8337750427966016, ""se_valid"": false}"
7e620ef1f31f,2026-09-24T19:46:48,zaki,qmc,deep_barrier,call,exact,rqmc,{},256,252,16,3056376527,zaki-rehnoom_x86_64,3.377888075783354,nan,nan,nan,3.545320563728302,0.16743248794494825,0.04017641000018557,"{""construction"": ""bridge"", ""sobol_dim"": 252, ""naive_iid_se"": 0.7137307197688968, ""se_valid"": false}"
79c8071ce0b8,2026-09-24T19:46:48,zaki,qmc,deep_barrier,call,exact,rqmc,{},256,252,17,1944909236,zaki-rehnoom_x86_64,3.20439487157483,nan,nan,nan,3.545320563728302,0.34092569215347224,0.03803175699977146,"{""construction"": ""bridge"", ""sobol_dim"": 252, ""naive_iid_se"": 0.7143501167192039, ""se_valid"": false}"
39ce06b7e973,2026-09-24T19:46:48,zaki,qmc,deep_barrier,call,exact,rqmc,{},256,252,18,4094356802,zaki-rehnoom_x86_64,3.350227892480461,nan,nan,nan,3.545320563728302,0.19509267124784113,0.03781171899981928,"{""construction"": ""bridge"", ""sobol_dim"": 252, ""naive_iid_se"": 0.7048814371644874, ""se_valid"": false}"
d1b0d218fc89,2026-09-24T19:46:48,zaki,qmc,deep_barrier,call,exact,rqmc,{},256,252,19,650873772,zaki-rehnoom_x86_64,3.692220246886121,nan,nan,nan,3.545320563728302,0.1468996831578191,0.03671819500004858,"{""construction"": ""bridge"", ""sobol_dim"": 252, ""naive_iid_se"": 0.7216460371038541, ""se_valid"": false}"
e8d28b554d85,2026-09-24T19:46:48,zaki,qmc,deep_barrier,call,exact,rqmc,{},1024,252,0,3649392745,zaki-rehnoom_x86_64,3.304446670410411,nan,nan,nan,3.545320563728302,0.24087389331789089,0.05697336000002906,"{""construction"": ""bridge"", ""sobol_dim"": 252, ""naive_iid_se"": 0.35564401303019044, ""se_valid"": false}"
d242063ea06e,2026-09-24T19:46:48,zaki,qmc,deep_barrier,call,exact,rqmc,{},1024,252,1,550641482,zaki-rehnoom_x86_64,3.4697494580859147,nan,nan,nan,3.545320563728302,0.07557110564238734,0.05900238999993235,"{""construction"": ""bridge"", ""sobol_dim"": 252, ""naive_iid_se"": 0.36785947598432844, ""se_valid"": false}"
f1be93d5c1eb,2026-09-24T19:46:48,zaki,qmc,deep_barrier,call,exact,rqmc,{},1024,252,2,3561825164,zaki-rehnoom_x86_64,3.301868627921368,nan,nan,nan,3.545320563728302,0.24345193580693403,0.061015728000256786,"{""construction"": ""bridge"", ""sobol_dim"": 252, ""naive_iid_se"": 0.3566417802807608, ""se_valid"": false}"
9adac359667e,2026-09-24T19:46:48,zaki,qmc,deep_barrier,call,exact,rqmc,{},1024,252,3,108300613,zaki-rehnoom_x86_64,3.4724692917428532,nan,nan,nan,3.545320563728302,0.07285127198544883,0.05326135300038004,"{""construction"": ""bridge"", ""sobol_dim"": 252, ""naive_iid_se"": 0.362359209141223, ""se_valid"": false}"
8fa34777361e,2026-09-24T19:46:48,zaki,qmc,deep_barrier,call,exact,rqmc,{},1024,252,4,3818399810,zaki-rehnoom_x86_64,3.240940087715127,nan,nan,nan,3.545320563728302,0.3043804760131752,0.05230166499995903,"{""construction"": ""bridge"", ""sobol_dim"": 252, ""naive_iid_se"": 0.3534951848007488, ""se_valid"": false}"
484cdb866306,2026-09-24T19:46:48,zaki,qmc,deep_barrier,call,exact,rqmc,{},1024,252,5,807697750,zaki-rehnoom_x86_64,3.3465370971584996,nan,nan,nan,3.545320563728302,0.1987834665698025,0.05574290700042184,"{""construction"": ""bridge"", ""sobol_dim"": 252, ""naive_iid_se"": 0.3585305040864326, ""se_valid"": false}"
fe2787c7d139,2026-09-24T19:46:48,zaki,qmc,deep_barrier,call,exact,rqmc,{},1024,252,6,857743732,zaki-rehnoom_x86_64,3.302482227266724,nan,nan,nan,3.545320563728302,0.24283833646157804,0.05817509300004531,"{""construction"": ""bridge"", ""sobol_dim"": 252, ""naive_iid_se"": 0.35699741606901775, ""se_valid"": false}"
e93279b2eef0,2026-09-24T19:46:48,zaki,qmc,deep_barrier,call,exact,rqmc,{},1024,252,7,2708892572,zaki-rehnoom_x86_64,3.3799873634469146,nan,nan,nan,3.545320563728302,0.16533320028138743,0.058212195000123756,"{""construction"": ""bridge"", ""sobol_dim"": 252, ""naive_iid_se"": 0.356175259494923, ""se_valid"": false}"
626cb4cd2c6f,2026-09-24T19:46:49,zaki,qmc,deep_barrier,call,exact,rqmc,{},1024,252,8,395410300,zaki-rehnoom_x86_64,3.2573200431892957,nan,nan,nan,3.545320563728302,0.2880005205390064,0.056027503999757755,"{""construction"": ""bridge"", ""sobol_dim"": 252, ""naive_iid_se"": 0.3553792625997234, ""se_valid"": false}"
6dc8da5801bf,2026-09-24T19:46:49,zaki,qmc,deep_barrier,call,exact,rqmc,{},1024,252,9,4253977103,zaki-rehnoom_x86_64,3.579038326324851,nan,nan,nan,3.545320563728302,0.033717762596548795,0.0517428650000511,"{""construction"": ""bridge"", ""sobol_dim"": 252, ""naive_iid_se"": 0.37796099987244675, ""se_valid"": false}"
52546ab64ad1,2026-09-24T19:46:49,zaki,qmc,deep_barrier,call,exact,rqmc,{},1024,252,10,631254064,zaki-rehnoom_x86_64,3.389939056643802,nan,nan,nan,3.545320563728302,0.15538150708449994,0.057471304000046075,"{""construction"": ""bridge"", ""sobol_dim"": 252, ""naive_iid_se"": 0.35940366824537767, ""se_valid"": false}"
c0b1fd24af2b,2026-09-24T19:46:49,zaki,qmc,deep_barrier,call,exact,rqmc,{},1024,252,11,4094934082,zaki-rehnoom_x86_64,3.4289865994629265,nan,nan,nan,3.545320563728302,0.11633396426537557,0.058307449000039924,"{""construction"": ""bridge"", ""sobol_dim"": 252, ""naive_iid_se"": 0.36017310248429163, ""se_valid"": false}"
80a109fee755,2026-09-24T19:46:49,zaki,qmc,deep_barrier,call,exact,rqmc,{},1024,252,12,2691610528,zaki-rehnoom_x86_64,3.463699204181275,nan,nan,nan,3.545320563728302,0.08162135954702698,0.0559984749997966,"{""construction"": ""bridge"", ""sobol_dim"": 252, ""naive_iid_se"": 0.36190338502675384, ""se_valid"": false}"
eea1782f0b18,2026-09-24T19:46:49,zaki,qmc,deep_barrier,call,exact,rqmc,{},1024,252,13,4191799111,zaki-rehnoom_x86_64,3.4401579994248714,nan,nan,nan,3.545320563728302,0.10516256430343063,0.05950226599998132,"{""construction"": ""bridge"", ""sobol_dim"": 252, ""naive_iid_se"": 0.3629517434535703, ""se_valid"": false}"
f81db36553d1,2026-09-24T19:46:49,zaki,qmc,deep_barrier,call,exact,rqmc,{},1024,252,14,2705960983,zaki-rehnoom_x86_64,3.334360379894812,nan,nan,nan,3.545320563728302,0.21096018383349024,0.05024979900008475,"{""construction"": ""bridge"", ""sobol_dim"": 252, ""naive_iid_se"": 0.3569601767376563, ""se_valid"": false}"
091453bb7cd0,2026-09-24T19:46:49,zaki,qmc,deep_barrier,call,exact,rqmc,{},1024,252,15,2480624377,zaki-rehnoom_x86_64,3.363932284852296,nan,nan,nan,3.545320563728302,0.18138827887600595,0.05239280499972665,"{""construction"": ""bridge"", ""sobol_dim"": 252, ""naive_iid_se"": 0.36027643416880983, ""se_valid"": false}"
b6b3f6c1a5f5,2026-09-24T19:46:49,zaki,qmc,deep_barrier,call,exact,rqmc,{},1024,252,16,449831270,zaki-rehnoom_x86_64,3.475235205344336,nan,nan,nan,3.545320563728302,0.07008535838396623,0.049034258000119735,"{""construction"": ""bridge"", ""sobol_dim"": 252, ""naive_iid_se"": 0.3620612079717511, ""se_valid"": false}"
b470c70af119,2026-09-24T19:46:49,zaki,qmc,deep_barrier,call,exact,rqmc,{},1024,252,17,1181536254,zaki-rehnoom_x86_64,3.4722062882727585,nan,nan,nan,3.545320563728302,0.07311427545554361,0.052971579000313795,"{""construction"": ""bridge"", ""sobol_dim"": 252, ""naive_iid_se"": 0.36708524792023234, ""se_valid"": false}"
37fa3d3aa4ac,2026-09-24T19:46:49,zaki,qmc,deep_barrier,call,exact,rqmc,{},1024,252,18,3282906875,zaki-rehnoom_x86_64,3.4004447843377257,nan,nan,nan,3.545320563728302,0.1448757793905764,0.05490530299994134,"{""construction"": ""bridge"", ""sobol_dim"": 252, ""naive_iid_se"": 0.3588229443717389, ""se_valid"": false}"
92d65973aab2,2026-09-24T19:46:49,zaki,qmc,deep_barrier,call,exact,rqmc,{},1024,252,19,902438671,zaki-rehnoom_x86_64,3.2847036110404995,nan,nan,nan,3.545320563728302,0.2606169526878026,0.05614273300034256,"{""construction"": ""bridge"", ""sobol_dim"": 252, ""naive_iid_se"": 0.35601811236681286, ""se_valid"": false}"
8083a07b9d3f,2026-09-24T19:46:49,zaki,qmc,deep_barrier,call,exact,rqmc,{},4096,252,0,2894364252,zaki-rehnoom_x86_64,3.413611594742723,nan,nan,nan,3.545320563728302,0.13170896898557904,0.12487698300037664,"{""construction"": ""bridge"", ""sobol_dim"": 252, ""naive_iid_se"": 0.17989411368231611, ""se_valid"": false}"
781a25d82935,2026-09-24T19:46:49,zaki,qmc,deep_barrier,call,exact,rqmc,{},4096,252,1,4271904,zaki-rehnoom_x86_64,3.3987966932159797,nan,nan,nan,3.545320563728302,0.1465238705123224,0.125050714000281,"{""construction"": ""bridge"", ""sobol_dim"": 252, ""naive_iid_se"": 0.1804132909952753, ""se_valid"": false}"
ef98c24de138,2026-09-24T19:46:50,zaki,qmc,deep_barrier,call,exact,rqmc,{},4096,252,2,2714556739,zaki-rehnoom_x86_64,3.3745713962118407,nan,nan,nan,3.545320563728302,0.1707491675164614,0.12660648200017022,"{""construction"": ""bridge"", ""sobol_dim"": 252, ""naive_iid_se"": 0.1805015616753051, ""se_valid"": false}"
5949e27079fb,2026-09-24T19:46:50,zaki,qmc,deep_barrier,call,exact,rqmc,{},4096,252,3,3278608412,zaki-rehnoom_x86_64,3.4323992241485612,nan,nan,nan,3.545320563728302,0.11292133957974082,0.12254233900011968,"{""construction"": ""bridge"", ""sobol_dim"": 252, ""naive_iid_se"": 0.18170814827273224, ""se_valid"": false}"
ca1bc5bc2ce2,2026-09-24T19:46:50,zaki,qmc,deep_barrier,call,exact,rqmc,{},4096,252,4,515258332,zaki-rehnoom_x86_64,3.3810752159107516,nan,nan,nan,3.545320563728302,0.1642453478175505,0.1260007390001192,"{""construction"": ""bridge"", ""sobol_dim"": 252, ""naive_iid_se"": 0.18023923525998542, ""se_valid"": false}"
2f02a3d72dc6,2026-09-24T19:46:50,zaki,qmc,deep_barrier,call,exact,rqmc,{},4096,252,5,120732153,zaki-rehnoom_x86_64,3.4479523710527746,nan,nan,nan,3.545320563728302,0.09736819267552743,0.1304600680000476,"{""construction"": ""bridge"", ""sobol_dim"": 252, ""naive_iid_se"": 0.18063867835565176, ""se_valid"": false}"
a03430aaa34d,2026-09-24T19:46:50,zaki,qmc,deep_barrier,call,exact,rqmc,{},4096,252,6,141387520,zaki-rehnoom_x86_64,3.322375731377777,nan,nan,nan,3.545320563728302,0.22294483235052498,0.12538149100009832,"{""construction"": ""bridge"", ""sobol_dim"": 252, ""naive_iid_se"": 0.1792240425534804, ""se_valid"": false}"
773a6b773479,2026-09-24T19:46:50,zaki,qmc,deep_barrier,call,exact,rqmc,{},4096,252,7,4267744058,zaki-rehnoom_x86_64,3.351854647912945,nan,nan,nan,3.545320563728302,0.1934659158153571,0.12159459799977412,"{""construction"": ""bridge"", ""sobol_dim"": 252, ""naive_iid_se"": 0.17966835014272287, ""se_valid"": false}"
41bab300577f,2026-09-24T19:46:50,zaki,qmc,deep_barrier,call,exact,rqmc,{},4096,252,8,1681077520,zaki-rehnoom_x86_64,3.384808276438455,nan,nan,nan,3.545320563728302,0.16051228728984723,0.11895569199987222,"{""construction"": ""bridge"", ""sobol_dim"": 252, ""naive_iid_se"": 0.17985985641247892, ""se_valid"": false}"
8ab349bbd668,2026-09-24T19:46:50,zaki,qmc,deep_barrier,call,exact,rqmc,{},4096,252,9,3197103272,zaki-rehnoom_x86_64,3.3848953954132415,nan,nan,nan,3.545320563728302,0.1604251683150606,0.12069689499958258,"{""construction"": ""bridge"", ""sobol_dim"": 252, ""naive_iid_se"": 0.1802665999780508, ""se_valid"": false}"
76d5d63383ec,2026-09-24T19:46:51,zaki,qmc,deep_barrier,call,exact,rqmc,{},4096,252,10,3275530960,zaki-rehnoom_x86_64,3.3123600397411526,nan,nan,nan,3.545320563728302,0.2329605239871495,0.1185405549999814,"{""construction"": ""bridge"", ""sobol_dim"": 252, ""naive_iid_se"": 0.17880756729035407, ""se_valid"": false}"
bdd272211baf,2026-09-24T19:46:51,zaki,qmc,deep_barrier,call,exact,rqmc,{},4096,252,11,60807148,zaki-rehnoom_x86_64,3.3901290793493764,nan,nan,nan,3.545320563728302,0.15519148437892571,0.12911269199958042,"{""construction"": ""bridge"", ""sobol_dim"": 252, ""naive_iid_se"": 0.1802653620881055, ""se_valid"": false}"
215b0c2e5e83,2026-09-24T19:46:51,zaki,qmc,deep_barrier,call,exact,rqmc,{},4096,252,12,1891654501,zaki-rehnoom_x86_64,3.379541605322774,nan,nan,nan,3.545320563728302,0.16577895840552825,0.12088106500004869,"{""construction"": ""bridge"", ""sobol_dim"": 252, ""naive_iid_se"": 0.17971098436747773, ""se_valid"": false}"
84018a751f85,2026-09-24T19:46:51,zaki,qmc,deep_barrier,call,exact,rqmc,{},4096,252,13,3137723888,zaki-rehnoom_x86_64,3.322281723411302,nan,nan,nan,3.545320563728302,0.22303884031700028,0.12720113300019875,"{""construction"": ""bridge"", ""sobol_dim"": 252, ""naive_iid_se"": 0.17884223932714713, ""se_valid"": false}"
d6445d19b10c,2026-09-24T19:46:51,zaki,qmc,deep_barrier,call,exact,rqmc,{},4096,252,14,287317902,zaki-rehnoom_x86_64,3.33475200626148,nan,nan,nan,3.545320563728302,0.2105685574668219,0.12392096499979743,"{""construction"": ""bridge"", ""sobol_dim"": 252, ""naive_iid_se"": 0.17923290741570944, ""se_valid"": false}"
312fd65e773b,2026-09-24T19:46:51,zaki,qmc,deep_barrier,call,exact,rqmc,{},4096,252,15,2566791877,zaki-rehnoom_x86_64,3.351094255772758,nan,nan,nan,3.545320563728302,0.1942263079555442,0.1287189889999354,"{""construction"": ""bridge"", ""sobol_dim"": 252, ""naive_iid_se"": 0.17931714640677254, ""se_valid"": false}"
91c0f86bb4d0,2026-09-24T19:46:51,zaki,qmc,deep_barrier,call,exact,rqmc,{},4096,252,16,2524213398,zaki-rehnoom_x86_64,3.404050910751181,nan,nan,nan,3.545320563728302,0.14126965297712113,0.12095490699994116,"{""construction"": ""bridge"", ""sobol_dim"": 252, ""naive_iid_se"": 0.17993417734565081, ""se_valid"": false}"
ebfc08450062,2026-09-24T19:46:51,zaki,qmc,deep_barrier,call,exact,rqmc,{},4096,252,17,1798035410,zaki-rehnoom_x86_64,3.3090172371123217,nan,nan,nan,3.545320563728302,0.2363033266159804,0.12713185300026453,"{""construction"": ""bridge"", ""sobol_dim"": 252, ""naive_iid_se"": 0.17877442224013948, ""se_valid"": false}"
d0a4e3c314b4,2026-09-24T19:46:52,zaki,qmc,deep_barrier,call,exact,rqmc,{},4096,252,18,2442859661,zaki-rehnoom_x86_64,3.430203566888607,nan,nan,nan,3.545320563728302,0.11511699683969523,0.12278709700012769,"{""construction"": ""bridge"", ""sobol_dim"": 252, ""naive_iid_se"": 0.18132423559836688, ""se_valid"": false}"
de0a55bc4a5e,2026-09-24T19:46:52,zaki,qmc,deep_barrier,call,exact,rqmc,{},4096,252,19,3666187769,zaki-rehnoom_x86_64,3.352139903605132,nan,nan,nan,3.545320563728302,0.19318066012317026,0.12930699800017464,"{""construction"": ""bridge"", ""sobol_dim"": 252, ""naive_iid_se"": 0.17919428968604126, ""se_valid"": false}"
08a424a7c419,2026-09-24T19:46:52,zaki,qmc,deep_barrier,call,exact,rqmc,{},16384,252,0,3767727480,zaki-rehnoom_x86_64,3.383407828419699,nan,nan,nan,3.545320563728302,0.16191273530860295,0.40462598499971136,"{""construction"": ""bridge"", ""sobol_dim"": 252, ""naive_iid_se"": 0.089993176936013, ""se_valid"": false}"
44af3c37764f,2026-09-24T19:46:52,zaki,qmc,deep_barrier,call,exact,rqmc,{},16384,252,1,3555006582,zaki-rehnoom_x86_64,3.394446071567186,nan,nan,nan,3.545320563728302,0.15087449216111626,0.4162122359998648,"{""construction"": ""bridge"", ""sobol_dim"": 252, ""naive_iid_se"": 0.08998137744895958, ""se_valid"": false}"
3edc6ef7a728,2026-09-24T19:46:53,zaki,qmc,deep_barrier,call,exact,rqmc,{},16384,252,2,588291578,zaki-rehnoom_x86_64,3.3698163415502,nan,nan,nan,3.545320563728302,0.17550422217810224,0.41050945100005265,"{""construction"": ""bridge"", ""sobol_dim"": 252, ""naive_iid_se"": 0.0899210200596331, ""se_valid"": false}"
d06353aea928,2026-09-24T19:46:53,zaki,qmc,deep_barrier,call,exact,rqmc,{},16384,252,3,561127102,zaki-rehnoom_x86_64,3.395856248376549,nan,nan,nan,3.545320563728302,0.1494643153517532,0.42135832399981155,"{""construction"": ""bridge"", ""sobol_dim"": 252, ""naive_iid_se"": 0.09000765773130041, ""se_valid"": false}"
cf1313888417,2026-09-24T19:46:54,zaki,qmc,deep_barrier,call,exact,rqmc,{},16384,252,4,3570775437,zaki-rehnoom_x86_64,3.36636523251401,nan,nan,nan,3.545320563728302,0.1789553312142922,0.4336773510003695,"{""construction"": ""bridge"", ""sobol_dim"": 252, ""naive_iid_se"": 0.08974291097238446, ""se_valid"": false}"
ce5764056519,2026-09-24T19:46:54,zaki,qmc,deep_barrier,call,exact,rqmc,{},16384,252,5,460723971,zaki-rehnoom_x86_64,3.3875414233314607,nan,nan,nan,3.545320563728302,0.15777914039684138,0.41092488300000696,"{""construction"": ""bridge"", ""sobol_dim"": 252, ""naive_iid_se"": 0.09011734618301157, ""se_valid"": false}"
bf5de534996f,2026-09-24T19:46:55,zaki,qmc,deep_barrier,call,exact,rqmc,{},16384,252,6,3780222714,zaki-rehnoom_x86_64,3.430431274923133,nan,nan,nan,3.545320563728302,0.11488928880516891,0.4171116319998873,"{""construction"": ""bridge"", ""sobol_dim"": 252, ""naive_iid_se"": 0.09026826254330805, ""se_valid"": false}"
bd504da153ce,2026-09-24T19:46:55,zaki,qmc,deep_barrier,call,exact,rqmc,{},16384,252,7,2117219685,zaki-rehnoom_x86_64,3.381331217040498,nan,nan,nan,3.545320563728302,0.16398934668780418,0.421438414000022,"{""construction"": ""bridge"", ""sobol_dim"": 252, ""naive_iid_se"": 0.08991659479369077, ""se_valid"": false}"
31f6d979caf1,2026-09-24T19:46:55,zaki,qmc,deep_barrier,call,exact,rqmc,{},16384,252,8,914784446,zaki-rehnoom_x86_64,3.404061942952997,nan,nan,nan,3.545320563728302,0.14125862077530504,0.42574618600019676,"{""construction"": ""bridge"", ""sobol_dim"": 252, ""naive_iid_se"": 0.09005988743999327, ""se_valid"": false}"
82524651df5c,2026-09-24T19:46:56,zaki,qmc,deep_barrier,call,exact,rqmc,{},16384,252,9,323893659,zaki-rehnoom_x86_64,3.38180925162769,nan,nan,nan,3.545320563728302,0.1635113121006122,0.4207933950001461,"{""construction"": ""bridge"", ""sobol_dim"": 252, ""naive_iid_se"": 0.0899444420494623, ""se_valid"": false}"
d239ac61094b,2026-09-24T19:46:56,zaki,qmc,deep_barrier,call,exact,rqmc,{},16384,252,10,3835801971,zaki-rehnoom_x86_64,3.4050592593356335,nan,nan,nan,3.545320563728302,0.1402613043926686,0.42103905399972064,"{""construction"": ""bridge"", ""sobol_dim"": 252, ""naive_iid_se"": 0.0900209285107884, ""se_valid"": false}"
0494186099be,2026-09-24T19:46:57,zaki,qmc,deep_barrier,call,exact,rqmc,{},16384,252,11,3108601548,zaki-rehnoom_x86_64,3.3391459043315006,nan,nan,nan,3.545320563728302,0.20617465939680146,0.4369193070001529,"{""construction"": ""bridge"", ""sobol_dim"": 252, ""naive_iid_se"": 0.08956314090224639, ""se_valid"": false}"
5790d1dcb8ca,2026-09-24T19:46:57,zaki,qmc,deep_barrier,call,exact,rqmc,{},16384,252,12,3869825499,zaki-rehnoom_x86_64,3.377981187472207,nan,nan,nan,3.545320563728302,0.16733937625609485,0.40703120000034687,"{""construction"": ""bridge"", ""sobol_dim"": 252, ""naive_iid_se"": 0.08986793088387682, ""se_valid"": false}"
74f3864b61b4,2026-09-24T19:46:58,zaki,qmc,deep_barrier,call,exact,rqmc,{},16384,252,13,1678116973,zaki-rehnoom_x86_64,3.396627801919571,nan,nan,nan,3.545320563728302,0.14869276180873126,0.40215407499999856,"{""construction"": ""bridge"", ""sobol_dim"": 252, ""naive_iid_se"": 0.09000267191396118, ""se_valid"": false}"
29720dccd3dc,2026-09-24T19:46:58,zaki,qmc,deep_barrier,call,exact,rqmc,{},16384,252,14,1087836654,zaki-rehnoom_x86_64,3.397766453607944,nan,nan,nan,3.545320563728302,0.14755411012035813,0.41397860500001116,"{""construction"": ""bridge"", ""sobol_dim"": 252, ""naive_iid_se"": 0.09009825834180112, ""se_valid"": false}"
ca0cdc1f5980,2026-09-24T19:46:58,zaki,qmc,deep_barrier,call,exact,rqmc,{},16384,252,15,2646481639,zaki-rehnoom_x86_64,3.3832010417393388,nan,nan,nan,3.545320563728302,0.1621195219889633,0.43871779800019794,"{""construction"": ""bridge"", ""sobol_dim"": 252, ""naive_iid_se"": 0.08985804409832844, ""se_valid"": false}"
0853da1ecc76,2026-09-24T19:46:59,zaki,qmc,deep_barrier,call,exact,rqmc,{},16384,252,16,3698330380,zaki-rehnoom_x86_64,3.364045864250316,nan,nan,nan,3.545320563728302,0.1812746994779859,0.42208509900001445,"{""construction"": ""bridge"", ""sobol_dim"": 252, ""naive_iid_se"": 0.08972040427408168, ""se_valid"": false}"
e9b9456274ab,2026-09-24T19:46:59,zaki,qmc,deep_barrier,call,exact,rqmc,{},16384,252,17,64736228,zaki-rehnoom_x86_64,3.3997025717764964,nan,nan,nan,3.545320563728302,0.1456179919518057,0.4063540780002768,"{""construction"": ""bridge"", ""sobol_dim"": 252, ""naive_iid_se"": 0.09014625018516091, ""se_valid"": false}"
8f7188a77e66,2026-09-24T19:47:00,zaki,qmc,deep_barrier,call,exact,rqmc,{},16384,252,18,1136152648,zaki-rehnoom_x86_64,3.3949418771056363,nan,nan,nan,3.545320563728302,0.15037868662266574,0.4181151239999963,"{""construction"": ""bridge"", ""sobol_dim"": 252, ""naive_iid_se"": 0.09000510161215156, ""se_valid"": false}"
4608acbcd35f,2026-09-24T19:47:00,zaki,qmc,deep_barrier,call,exact,rqmc,{},16384,252,19,4026692300,zaki-rehnoom_x86_64,3.3951902242103182,nan,nan,nan,3.545320563728302,0.15013033951798382,0.4267514459997983,"{""construction"": ""bridge"", ""sobol_dim"": 252, ""naive_iid_se"": 0.09007590550019758, ""se_valid"": false}"
861b8d71dff2,2026-09-24T19:47:02,zaki,qmc,deep_barrier,call,exact,rqmc,{},65536,252,0,1875962573,zaki-rehnoom_x86_64,3.3868673256547424,nan,nan,nan,3.545320563728302,0.1584532380735597,1.5401629859998138,"{""construction"": ""bridge"", ""sobol_dim"": 252, ""naive_iid_se"": 0.04499246136473547, ""se_valid"": false}"
ced6f7320d93,2026-09-24T19:47:03,zaki,qmc,deep_barrier,call,exact,rqmc,{},65536,252,1,3834709413,zaki-rehnoom_x86_64,3.3859598810652587,nan,nan,nan,3.545320563728302,0.15936068266304337,1.515549068999917,"{""construction"": ""bridge"", ""sobol_dim"": 252, ""naive_iid_se"": 0.044974317942582574, ""se_valid"": false}"
6027233ea9c9,2026-09-24T19:47:05,zaki,qmc,deep_barrier,call,exact,rqmc,{},65536,252,2,2010852301,zaki-rehnoom_x86_64,3.3818491454254884,nan,nan,nan,3.545320563728302,0.16347141830281364,1.514453911000146,"{""construction"": ""bridge"", ""sobol_dim"": 252, ""naive_iid_se"": 0.044952428254842955, ""se_valid"": false}"
78fef1aa41a8,2026-09-24T19:47:06,zaki,qmc,deep_barrier,call,exact,rqmc,{},65536,252,3,507979999,zaki-rehnoom_x86_64,3.3760906998094264,nan,nan,nan,3.545320563728302,0.16922986391887562,1.6082733519997419,"{""construction"": ""bridge"", ""sobol_dim"": 252, ""naive_iid_se"": 0.04496917989160977, ""se_valid"": false}"
95588e1e5ba2,2026-09-24T19:47:08,zaki,qmc,deep_barrier,call,exact,rqmc,{},65536,252,4,1792257366,zaki-rehnoom_x86_64,3.383479933317989,nan,nan,nan,3.545320563728302,0.16184063041031305,1.5461582230000204,"{""construction"": ""bridge"", ""sobol_dim"": 252, ""naive_iid_se"": 0.044965738444610104, ""se_valid"": false}"
ffed4defdc75,2026-09-24T19:47:09,zaki,qmc,deep_barrier,call,exact,rqmc,{},65536,252,5,2918909442,zaki-rehnoom_x86_64,3.3866435616114425,nan,nan,nan,3.545320563728302,0.15867700211685953,1.474543881000045,"{""construction"": ""bridge"", ""sobol_dim"": 252, ""naive_iid_se"": 0.04497486913588557, ""se_valid"": false}"
2051928ff8f8,2026-09-24T19:47:11,zaki,qmc,deep_barrier,call,exact,rqmc,{},65536,252,6,4005243659,zaki-rehnoom_x86_64,3.3710551996862037,nan,nan,nan,3.545320563728302,0.17426536404209836,1.4725687830000425,"{""construction"": ""bridge"", ""sobol_dim"": 252, ""naive_iid_se"": 0.04496203780053773, ""se_valid"": false}"
271b1ab6d620,2026-09-24T19:47:12,zaki,qmc,deep_barrier,call,exact,rqmc,{},65536,252,7,1964812511,zaki-rehnoom_x86_64,3.388899164831689,nan,nan,nan,3.545320563728302,0.156421398896613,1.5268889359999775,"{""construction"": ""bridge"", ""sobol_dim"": 252, ""naive_iid_se"": 0.04497860456498561, ""se_valid"": false}"
51453f17084b,2026-09-24T19:47:14,zaki,qmc,deep_barrier,call,exact,rqmc,{},65536,252,8,521709940,zaki-rehnoom_x86_64,3.381619593346315,nan,nan,nan,3.545320563728302,0.16370097038198717,1.54716112899996,"{""construction"": ""bridge"", ""sobol_dim"": 252, ""naive_iid_se"": 0.04495082012697572, ""se_valid"": false}"
a8839569aaa4,2026-09-24T19:47:15,zaki,qmc,deep_barrier,call,exact,rqmc,{},65536,252,9,3499483805,zaki-rehnoom_x86_64,3.3851161720152105,nan,nan,nan,3.545320563728302,0.16020439171309153,1.5749578729996756,"{""construction"": ""bridge"", ""sobol_dim"": 252, ""naive_iid_se"": 0.04497461764674017, ""se_valid"": false}"
66aedabf2dfd,2026-09-24T19:47:17,zaki,qmc,deep_barrier,call,exact,rqmc,{},65536,252,10,885661411,zaki-rehnoom_x86_64,3.400434853241561,nan,nan,nan,3.545320563728302,0.14488571048674093,1.5077751969997735,"{""construction"": ""bridge"", ""sobol_dim"": 252, ""naive_iid_se"": 0.04502647273844324, ""se_valid"": false}"
3de6ae2352d4,2026-09-24T19:47:18,zaki,qmc,deep_barrier,call,exact,rqmc,{},65536,252,11,2803434483,zaki-rehnoom_x86_64,3.3860264861051577,nan,nan,nan,3.545320563728302,0.1592940776231444,1.5345278320000943,"{""construction"": ""bridge"", ""sobol_dim"": 252, ""naive_iid_se"": 0.04497689494417051, ""se_valid"": false}"
db1533748c09,2026-09-24T19:47:20,zaki,qmc,deep_barrier,call,exact,rqmc,{},65536,252,12,3856309148,zaki-rehnoom_x86_64,3.3753165754833843,nan,nan,nan,3.545320563728302,0.1700039882449178,1.5945198270001129,"{""construction"": ""bridge"", ""sobol_dim"": 252, ""naive_iid_se"": 0.0449614683561803, ""se_valid"": false}"
34c35058309f,2026-09-24T19:47:22,zaki,qmc,deep_barrier,call,exact,rqmc,{},65536,252,13,1074914062,zaki-rehnoom_x86_64,3.386290072260946,nan,nan,nan,3.545320563728302,0.15903049146735615,1.502866608000204,"{""construction"": ""bridge"", ""sobol_dim"": 252, ""naive_iid_se"": 0.044971641583603915, ""se_valid"": false}"
4dab008a1234,2026-09-24T19:47:23,zaki,qmc,deep_barrier,call,exact,rqmc,{},65536,252,14,2951169642,zaki-rehnoom_x86_64,3.390483473795534,nan,nan,nan,3.545320563728302,0.154837089932768,1.518241393000153,"{""construction"": ""bridge"", ""sobol_dim"": 252, ""naive_iid_se"": 0.04497410230807432, ""se_valid"": false}"
95183605a9ba,2026-09-24T19:47:25,zaki,qmc,deep_barrier,call,exact,rqmc,{},65536,252,15,2247112989,zaki-rehnoom_x86_64,3.376183554027609,nan,nan,nan,3.545320563728302,0.16913700970069323,1.4812531699999454,"{""construction"": ""bridge"", ""sobol_dim"": 252, ""naive_iid_se"": 0.04493286493550925, ""se_valid"": false}"
a1d5b1830726,2026-09-24T19:47:26,zaki,qmc,deep_barrier,call,exact,rqmc,{},65536,252,16,254741535,zaki-rehnoom_x86_64,3.4012248920040773,nan,nan,nan,3.545320563728302,0.14409567172422477,1.485604300000432,"{""construction"": ""bridge"", ""sobol_dim"": 252, ""naive_iid_se"": 0.045023872966776665, ""se_valid"": false}"
cbfb5aee7d67,2026-09-24T19:47:28,zaki,qmc,deep_barrier,call,exact,rqmc,{},65536,252,17,1366716541,zaki-rehnoom_x86_64,3.391407779673667,nan,nan,nan,3.545320563728302,0.15391278405463504,1.5123960730002182,"{""construction"": ""bridge"", ""sobol_dim"": 252, ""naive_iid_se"": 0.044988325766328614, ""se_valid"": false}"
278ea30d521e,2026-09-24T19:47:29,zaki,qmc,deep_barrier,call,exact,rqmc,{},65536,252,18,4248261922,zaki-rehnoom_x86_64,3.3772029263953263,nan,nan,nan,3.545320563728302,0.1681176373329758,1.5084276899997349,"{""construction"": ""bridge"", ""sobol_dim"": 252, ""naive_iid_se"": 0.04493827796699957, ""se_valid"": false}"
623e0f0f8d48,2026-09-24T19:47:31,zaki,qmc,deep_barrier,call,exact,rqmc,{},65536,252,19,3826419720,zaki-rehnoom_x86_64,3.3787075835981337,nan,nan,nan,3.545320563728302,0.16661298013016834,1.496579238999857,"{""construction"": ""bridge"", ""sobol_dim"": 252, ""naive_iid_se"": 0.04496411308242064, ""se_valid"": false}"
9f4e8d4aac8c,2026-09-24T19:47:31,zaki,qmc,deep_barrier,call,exact,rqmc_incremental,{},256,252,0,3475733604,zaki-rehnoom_x86_64,3.702502513686187,nan,nan,nan,3.545320563728302,0.15718194995788481,0.034350764000009804,"{""construction"": ""incremental"", ""sobol_dim"": 252, ""naive_iid_se"": 0.81693008202699, ""se_valid"": false}"
74077f2b13a9,2026-09-24T19:47:31,zaki,qmc,deep_barrier,call,exact,rqmc_incremental,{},256,252,1,1253564081,zaki-rehnoom_x86_64,3.1206270610017275,nan,nan,nan,3.545320563728302,0.4246935027265746,0.034385057000235975,"{""construction"": ""incremental"", ""sobol_dim"": 252, ""naive_iid_se"": 0.7273940609324613, ""se_valid"": false}"
648833c12ffd,2026-09-24T19:47:31,zaki,qmc,deep_barrier,call,exact,rqmc_incremental,{},256,252,2,1728337888,zaki-rehnoom_x86_64,4.001993855868894,nan,nan,nan,3.545320563728302,0.4566732921405916,0.029930427000181226,"{""construction"": ""incremental"", ""sobol_dim"": 252, ""naive_iid_se"": 0.7528596486918351, ""se_valid"": false}"
4e54269e97c6,2026-09-24T19:47:31,zaki,qmc,deep_barrier,call,exact,rqmc_incremental,{},256,252,3,2389386497,zaki-rehnoom_x86_64,2.9385979145238883,nan,nan,nan,3.545320563728302,0.6067226492044138,0.030604873999891424,"{""construction"": ""incremental"", ""sobol_dim"": 252, ""naive_iid_se"": 0.6773865982860503, ""se_valid"": false}"
4631e9ad96a1,2026-09-24T19:47:31,zaki,qmc,deep_barrier,call,exact,rqmc_incremental,{},256,252,4,1693928448,zaki-rehnoom_x86_64,3.1441970609695797,nan,nan,nan,3.545320563728302,0.40112350275872233,0.03425751099985064,"{""construction"": ""incremental"", ""sobol_dim"": 252, ""naive_iid_se"": 0.7247966304961863, ""se_valid"": false}"
9c6e1d0d4e84,2026-09-24T19:47:31,zaki,qmc,deep_barrier,call,exact,rqmc_incremental,{},256,252,5,3087043543,zaki-rehnoom_x86_64,4.75611705809505,nan,nan,nan,3.545320563728302,1.2107964943667482,0.03220737799983908,"{""construction"": ""incremental"", ""sobol_dim"": 252, ""naive_iid_se"": 0.9509548752976515, ""se_valid"": false}"
5e01e83bab3e,2026-09-24T19:47:31,zaki,qmc,deep_barrier,call,exact,rqmc_incremental,{},256,252,6,3308612563,zaki-rehnoom_x86_64,3.1467396695428755,nan,nan,nan,3.545320563728302,0.3985808941854265,0.03212021999979697,"{""construction"": ""incremental"", ""sobol_dim"": 252, ""naive_iid_se"": 0.7008773756926419, ""se_valid"": false}"
f4e93282bb4e,2026-09-24T19:47:31,zaki,qmc,deep_barrier,call,exact,rqmc_incremental,{},256,252,7,2756030352,zaki-rehnoom_x86_64,2.760278205434104,nan,nan,nan,3.545320563728302,0.7850423582941981,0.0322860680003032,"{""construction"": ""incremental"", ""sobol_dim"": 252, ""naive_iid_se"": 0.6158737389161869, ""se_valid"": false}"
87132a086205,2026-09-24T19:47:31,zaki,qmc,deep_barrier,call,exact,rqmc_incremental,{},256,252,8,729573730,zaki-rehnoom_x86_64,2.2199709645612926,nan,nan,nan,3.545320563728302,1.3253495991670095,0.032384126000124525,"{""construction"": ""incremental"", ""sobol_dim"": 252, ""naive_iid_se"": 0.5138096408946375, ""se_valid"": false}"
f7d3a02ec44b,2026-09-24T19:47:31,zaki,qmc,deep_barrier,call,exact,rqmc_incremental,{},256,252,9,834888761,zaki-rehnoom_x86_64,4.070410308613047,nan,nan,nan,3.545320563728302,0.5250897448847449,0.031828895999751694,"{""construction"": ""incremental"", ""sobol_dim"": 252, ""naive_iid_se"": 0.8183465844347608, ""se_valid"": false}"
9b0a656c7747,2026-09-24T19:47:31,zaki,qmc,deep_barrier,call,exact,rqmc_incremental,{},256,252,10,4179475834,zaki-rehnoom_x86_64,2.525270809407323,nan,nan,nan,3.545320563728302,1.0200497543209792,0.03548424900009195,"{""construction"": ""incremental"", ""sobol_dim"": 252, ""naive_iid_se"": 0.6237879165378625, ""se_valid"": false}"
1f33319ee90a,2026-09-24T19:47:31,zaki,qmc,deep_barrier,call,exact,rqmc_incremental,{},256,252,11,389503051,zaki-rehnoom_x86_64,2.702278658693327,nan,nan,nan,3.545320563728302,0.8430419050349749,0.031127730999742198,"{""construction"": ""incremental"", ""sobol_dim"": 252, ""naive_iid_se"": 0.6840121698953805, ""se_valid"": false}"
6f30f8a38a58,2026-09-24T19:47:31,zaki,qmc,deep_barrier,call,exact,rqmc_incremental,{},256,252,12,2650186086,zaki-rehnoom_x86_64,3.960069056327776,nan,nan,nan,3.545320563728302,0.414748492599474,0.03312056799995844,"{""construction"": ""incremental"", ""sobol_dim"": 252, ""naive_iid_se"": 0.8101841296628577, ""se_valid"": false}"
499225a0a9af,2026-09-24T19:47:31,zaki,qmc,deep_barrier,call,exact,rqmc_incremental,{},256,252,13,2779723015,zaki-rehnoom_x86_64,2.681060401607923,nan,nan,nan,3.545320563728302,0.8642601621203791,0.03184241400003884,"{""construction"": ""incremental"", ""sobol_dim"": 252, ""naive_iid_se"": 0.605939643550468, ""se_valid"": false}"
4afcfd312838,2026-09-24T19:47:31,zaki,qmc,deep_barrier,call,exact,rqmc_incremental,{},256,252,14,429445099,zaki-rehnoom_x86_64,3.1937726576484105,nan,nan,nan,3.545320563728302,0.3515479060798916,0.0344149610000386,"{""construction"": ""incremental"", ""sobol_dim"": 252, ""naive_iid_se"": 0.6360547857566085, ""se_valid"": false}"
27869b97aee5,2026-09-24T19:47:31,zaki,qmc,deep_barrier,call,exact,rqmc_incremental,{},256,252,15,2182644583,zaki-rehnoom_x86_64,2.9453585555448782,nan,nan,nan,3.545320563728302,0.5999620081834238,0.03285629299989523,"{""construction"": ""incremental"", ""sobol_dim"": 252, ""naive_iid_se"": 0.6460952552444923, ""se_valid"": false}"
1bb4f34e27bf,2026-09-24T19:47:31,zaki,qmc,deep_barrier,call,exact,rqmc_incremental,{},256,252,16,3583419784,zaki-rehnoom_x86_64,3.898169521007106,nan,nan,nan,3.545320563728302,0.35284895727880405,0.03804779600022812,"{""construction"": ""incremental"", ""sobol_dim"": 252, ""naive_iid_se"": 0.8001246811932589, ""se_valid"": false}"
59e925a4b1a3,2026-09-24T19:47:31,zaki,qmc,deep_barrier,call,exact,rqmc_incremental,{},256,252,17,3842581364,zaki-rehnoom_x86_64,4.208613063975054,nan,nan,nan,3.545320563728302,0.6632925002467522,0.03805247599984796,"{""construction"": ""incremental"", ""sobol_dim"": 252, ""naive_iid_se"": 0.8140223558098844, ""se_valid"": false}"
4332ad268911,2026-09-24T19:47:31,zaki,qmc,deep_barrier,call,exact,rqmc_incremental,{},256,252,18,3425345897,zaki-rehnoom_x86_64,3.7493064151183066,nan,nan,nan,3.545320563728302,0.20398585139000458,0.03155458700030067,"{""construction"": ""incremental"", ""sobol_dim"": 252, ""naive_iid_se"": 0.8147849853728341, ""se_valid"": false}"
4d73b4eea7c8,2026-09-24T19:47:31,zaki,qmc,deep_barrier,call,exact,rqmc_incremental,{},256,252,19,521609983,zaki-rehnoom_x86_64,3.2116186923523085,nan,nan,nan,3.545320563728302,0.3337018713759936,0.030856096999741567,"{""construction"": ""incremental"", ""sobol_dim"": 252, ""naive_iid_se"": 0.673482676199864, ""se_valid"": false}"
a5ca96eabfa1,2026-09-24T19:47:31,zaki,qmc,deep_barrier,call,exact,rqmc_incremental,{},1024,252,0,3038588424,zaki-rehnoom_x86_64,3.386485853469215,nan,nan,nan,3.545320563728302,0.15883471025908724,0.04306582099980005,"{""construction"": ""incremental"", ""sobol_dim"": 252, ""naive_iid_se"": 0.3528383246377958, ""se_valid"": false}"
9678cdddde4e,2026-09-24T19:47:31,zaki,qmc,deep_barrier,call,exact,rqmc_incremental,{},1024,252,1,497806396,zaki-rehnoom_x86_64,3.9889431270727,nan,nan,nan,3.545320563728302,0.44362256334439776,0.0484435050002503,"{""construction"": ""incremental"", ""sobol_dim"": 252, ""naive_iid_se"": 0.40589986211602824, ""se_valid"": false}"
bdc450311062,2026-09-24T19:47:31,zaki,qmc,deep_barrier,call,exact,rqmc_incremental,{},1024,252,2,2662284097,zaki-rehnoom_x86_64,3.330622234383962,nan,nan,nan,3.545320563728302,0.21469832934434008,0.04583420600010868,"{""construction"": ""incremental"", ""sobol_dim"": 252, ""naive_iid_se"": 0.3582941482175435, ""se_valid"": false}"
e3f7bcfff1f5,2026-09-24T19:47:31,zaki,qmc,deep_barrier,call,exact,rqmc_incremental,{},1024,252,3,3658456807,zaki-rehnoom_x86_64,3.0895325751762712,nan,nan,nan,3.545320563728302,0.45578798855203084,0.0409776569999849,"{""construction"": ""incremental"", ""sobol_dim"": 252, ""naive_iid_se"": 0.34360898866978956, ""se_valid"": false}"
2c455d02fcc8,2026-09-24T19:47:31,zaki,qmc,deep_barrier,call,exact,rqmc_incremental,{},1024,252,4,393230797,zaki-rehnoom_x86_64,3.56857107647918,nan,nan,nan,3.545320563728302,0.02325051275087775,0.04195587699996395,"{""construction"": ""incremental"", ""sobol_dim"": 252, ""naive_iid_se"": 0.37061793347673216, ""se_valid"": false}"
3139be02f06b,2026-09-24T19:47:32,zaki,qmc,deep_barrier,call,exact,rqmc_incremental,{},1024,252,5,1455889662,zaki-rehnoom_x86_64,3.4258281884138926,nan,nan,nan,3.545320563728302,0.11949237531440948,0.043016641000122036,"{""construction"": ""incremental"", ""sobol_dim"": 252, ""naive_iid_se"": 0.37171785494638027, ""se_valid"": false}"
dd38c4ab1768,2026-09-24T19:47:32,zaki,qmc,deep_barrier,call,exact,rqmc_incremental,{},1024,252,6,3162130789,zaki-rehnoom_x86_64,3.2001606371337807,nan,nan,nan,3.545320563728302,0.3451599265945213,0.04434116399988852,"{""construction"": ""incremental"", ""sobol_dim"": 252, ""naive_iid_se"": 0.34624609108568394, ""se_valid"": false}"
be570a1125f3,2026-09-24T19:47:32,zaki,qmc,deep_barrier,call,exact,rqmc_incremental,{},1024,252,7,4103377671,zaki-rehnoom_x86_64,3.4742897998805597,nan,nan,nan,3.545320563728302,0.07103076384774232,0.042955263999829185,"{""construction"": ""incremental"", ""sobol_dim"": 252, ""naive_iid_se"": 0.36208845639139675, ""se_valid"": false}"
eb6c363a8fdc,2026-09-24T19:47:32,zaki,qmc,deep_barrier,call,exact,rqmc_incremental,{},1024,252,8,3462206569,zaki-rehnoom_x86_64,3.243339051480528,nan,nan,nan,3.545320563728302,0.30198151224777403,0.047569106000082684,"{""construction"": ""incremental"", ""sobol_dim"": 252, ""naive_iid_se"": 0.34901115876786654, ""se_valid"": false}"
aefb7f76fa5a,2026-09-24T19:47:32,zaki,qmc,deep_barrier,call,exact,rqmc_incremental,{},1024,252,9,86962559,zaki-rehnoom_x86_64,3.049727326405005,nan,nan,nan,3.545320563728302,0.49559323732329696,0.04705484999976761,"{""construction"": ""incremental"", ""sobol_dim"": 252, ""naive_iid_se"": 0.34553627633162654, ""se_valid"": false}"
e4900d5e1aad,2026-09-24T19:47:32,zaki,qmc,deep_barrier,call,exact,rqmc_incremental,{},1024,252,10,640827163,zaki-rehnoom_x86_64,3.320479158025953,nan,nan,nan,3.545320563728302,0.22484140570234912,0.04502005199992709,"{""construction"": ""incremental"", ""sobol_dim"": 252, ""naive_iid_se"": 0.34720555778495177, ""se_valid"": false}"
585c86371dc3,2026-09-24T19:47:32,zaki,qmc,deep_barrier,call,exact,rqmc_incremental,{},1024,252,11,3353767132,zaki-rehnoom_x86_64,3.538196654392797,nan,nan,nan,3.545320563728302,0.0071239093355051075,0.046138659000007465,"{""construction"": ""incremental"", ""sobol_dim"": 252, ""naive_iid_se"": 0.3678931958513486, ""se_valid"": false}"
95a4b9e3f3a1,2026-09-24T19:47:32,zaki,qmc,deep_barrier,call,exact,rqmc_incremental,{},1024,252,12,2962234599,zaki-rehnoom_x86_64,3.495315462544921,nan,nan,nan,3.545320563728302,0.05000510118338086,0.04893087699974785,"{""construction"": ""incremental"", ""sobol_dim"": 252, ""naive_iid_se"": 0.373838328600786, ""se_valid"": false}"
8359ad6a4858,2026-09-24T19:47:32,zaki,qmc,deep_barrier,call,exact,rqmc_incremental,{},1024,252,13,2802994101,zaki-rehnoom_x86_64,3.2756614683096634,nan,nan,nan,3.545320563728302,0.26965909541863864,0.04309586900035356,"{""construction"": ""incremental"", ""sobol_dim"": 252, ""naive_iid_se"": 0.3492859892367996, ""se_valid"": false}"
460ddc821aad,2026-09-24T19:47:32,zaki,qmc,deep_barrier,call,exact,rqmc_incremental,{},1024,252,14,3290221897,zaki-rehnoom_x86_64,3.137912988007165,nan,nan,nan,3.545320563728302,0.40740757572113706,0.043858285999704094,"{""construction"": ""incremental"", ""sobol_dim"": 252, ""naive_iid_se"": 0.3436742774707381, ""se_valid"": false}"
f35465f7602e,2026-09-24T19:47:32,zaki,qmc,deep_barrier,call,exact,rqmc_incremental,{},1024,252,15,1095110579,zaki-rehnoom_x86_64,2.917718712877594,nan,nan,nan,3.545320563728302,0.627601850850708,0.047361027999613725,"{""construction"": ""incremental"", ""sobol_dim"": 252, ""naive_iid_se"": 0.3204717680444892, ""se_valid"": false}"
f13869297a4a,2026-09-24T19:47:32,zaki,qmc,deep_barrier,call,exact,rqmc_incremental,{},1024,252,16,2196703775,zaki-rehnoom_x86_64,3.378904081623811,nan,nan,nan,3.545320563728302,0.1664164821044909,0.04802241800007323,"{""construction"": ""incremental"", ""sobol_dim"": 252, ""naive_iid_se"": 0.36782665084502997, ""se_valid"": false}"
74a2044e79b2,2026-09-24T19:47:32,zaki,qmc,deep_barrier,call,exact,rqmc_incremental,{},1024,252,17,636969020,zaki-rehnoom_x86_64,3.4876504298879945,nan,nan,nan,3.545320563728302,0.057670133840307614,0.04801834099998814,"{""construction"": ""incremental"", ""sobol_dim"": 252, ""naive_iid_se"": 0.3588491439366746, ""se_valid"": false}"
7e43e1787013,2026-09-24T19:47:32,zaki,qmc,deep_barrier,call,exact,rqmc_incremental,{},1024,252,18,1000987508,zaki-rehnoom_x86_64,3.4470465683958906,nan,nan,nan,3.545320563728302,0.09827399533241143,0.04301242800011096,"{""construction"": ""incremental"", ""sobol_dim"": 252, ""naive_iid_se"": 0.37058490950700756, ""se_valid"": false}"
366137dc15fb,2026-09-24T19:47:32,zaki,qmc,deep_barrier,call,exact,rqmc_incremental,{},1024,252,19,635786991,zaki-rehnoom_x86_64,3.1399851020244727,nan,nan,nan,3.545320563728302,0.4053354617038294,0.050223923999965336,"{""construction"": ""incremental"", ""sobol_dim"": 252, ""naive_iid_se"": 0.351174896293311, ""se_valid"": false}"
a4dca3601cfa,2026-09-24T19:47:32,zaki,qmc,deep_barrier,call,exact,rqmc_incremental,{},4096,252,0,895949250,zaki-rehnoom_x86_64,3.4577533498924717,nan,nan,nan,3.545320563728302,0.08756721383583033,0.09232522599995718,"{""construction"": ""incremental"", ""sobol_dim"": 252, ""naive_iid_se"": 0.1832681306277543, ""se_valid"": false}"
a87aff8f2b47,2026-09-24T19:47:32,zaki,qmc,deep_barrier,call,exact,rqmc_incremental,{},4096,252,1,3994646579,zaki-rehnoom_x86_64,3.3872974902615764,nan,nan,nan,3.545320563728302,0.15802307346672562,0.09079200400037735,"{""construction"": ""incremental"", ""sobol_dim"": 252, ""naive_iid_se"": 0.18330736574021608, ""se_valid"": false}"
e23642a0b849,2026-09-24T19:47:32,zaki,qmc,deep_barrier,call,exact,rqmc_incremental,{},4096,252,2,2720073705,zaki-rehnoom_x86_64,3.390232373311179,nan,nan,nan,3.545320563728302,0.15508819041712307,0.09532208099972195,"{""construction"": ""incremental"", ""sobol_dim"": 252, ""naive_iid_se"": 0.177506320200525, ""se_valid"": false}"
2bba51be6190,2026-09-24T19:47:33,zaki,qmc,deep_barrier,call,exact,rqmc_incremental,{},4096,252,3,1996225725,zaki-rehnoom_x86_64,3.3443794508583173,nan,nan,nan,3.545320563728302,0.20094111286998473,0.09815694899998562,"{""construction"": ""incremental"", ""sobol_dim"": 252, ""naive_iid_se"": 0.1777426027203943, ""se_valid"": false}"
fb08766df12c,2026-09-24T19:47:33,zaki,qmc,deep_barrier,call,exact,rqmc_incremental,{},4096,252,4,575123306,zaki-rehnoom_x86_64,3.3534761236820594,nan,nan,nan,3.545320563728302,0.19184444004624268,0.09897433899959651,"{""construction"": ""incremental"", ""sobol_dim"": 252, ""naive_iid_se"": 0.17708443982068575, ""se_valid"": false}"
17cc9042c437,2026-09-24T19:47:33,zaki,qmc,deep_barrier,call,exact,rqmc_incremental,{},4096,252,5,3936277054,zaki-rehnoom_x86_64,3.1660673932721344,nan,nan,nan,3.545320563728302,0.3792531704561677,0.09675172500010376,"{""construction"": ""incremental"", ""sobol_dim"": 252, ""naive_iid_se"": 0.17767977014231373, ""se_valid"": false}"
d22b474fa6d5,2026-09-24T19:47:33,zaki,qmc,deep_barrier,call,exact,rqmc_incremental,{},4096,252,6,3217811913,zaki-rehnoom_x86_64,3.386009292547386,nan,nan,nan,3.545320563728302,0.15931127118091615,0.09695043199963038,"{""construction"": ""incremental"", ""sobol_dim"": 252, ""naive_iid_se"": 0.18376412000094405, ""se_valid"": false}"
ca2210349ed5,2026-09-24T19:47:33,zaki,qmc,deep_barrier,call,exact,rqmc_incremental,{},4096,252,7,3816412506,zaki-rehnoom_x86_64,3.4437628377089813,nan,nan,nan,3.545320563728302,0.10155772601932078,0.1016738409998652,"{""construction"": ""incremental"", ""sobol_dim"": 252, ""naive_iid_se"": 0.18310598168389056, ""se_valid"": false}"
173ae9d2d484,2026-09-24T19:47:33,zaki,qmc,deep_barrier,call,exact,rqmc_incremental,{},4096,252,8,928109979,zaki-rehnoom_x86_64,3.503041814883344,nan,nan,nan,3.545320563728302,0.04227874884495808,0.0965086579999479,"{""construction"": ""incremental"", ""sobol_dim"": 252, ""naive_iid_se"": 0.18363422453135822, ""se_valid"": false}"
5e22a4eaede0,2026-09-24T19:47:33,zaki,qmc,deep_barrier,call,exact,rqmc_incremental,{},4096,252,9,841068455,zaki-rehnoom_x86_64,3.5270193733135056,nan,nan,nan,3.545320563728302,0.018301190414796498,0.09673018500006947,"{""construction"": ""incremental"", ""sobol_dim"": 252, ""naive_iid_se"": 0.18543795887523581, ""se_valid"": false}"
f056a0dd8415,2026-09-24T19:47:33,zaki,qmc,deep_barrier,call,exact,rqmc_incremental,{},4096,252,10,1319387117,zaki-rehnoom_x86_64,3.356150014395401,nan,nan,nan,3.545320563728302,0.18917054933290123,0.09831244299994069,"{""construction"": ""incremental"", ""sobol_dim"": 252, ""naive_iid_se"": 0.17887260399832527, ""se_valid"": false}"
732adccf1060,2026-09-24T19:47:33,zaki,qmc,deep_barrier,call,exact,rqmc_incremental,{},4096,252,11,3702327349,zaki-rehnoom_x86_64,3.4788234803163656,nan,nan,nan,3.545320563728302,0.0664970834119365,0.0945555369999056,"{""construction"": ""incremental"", ""sobol_dim"": 252, ""naive_iid_se"": 0.18450546254076783, ""se_valid"": false}"
18bb6a83ba5d,2026-09-24T19:47:33,zaki,qmc,deep_barrier,call,exact,rqmc_incremental,{},4096,252,12,86269692,zaki-rehnoom_x86_64,3.623877177286227,nan,nan,nan,3.545320563728302,0.07855661355792476,0.09553994099996999,"{""construction"": ""incremental"", ""sobol_dim"": 252, ""naive_iid_se"": 0.1869554998795931, ""se_valid"": false}"
2df31b5f67a4,2026-09-24T19:47:34,zaki,qmc,deep_barrier,call,exact,rqmc_incremental,{},4096,252,13,2636917660,zaki-rehnoom_x86_64,3.479456897339566,nan,nan,nan,3.545320563728302,0.06586366638873598,0.089738226999998,"{""construction"": ""incremental"", ""sobol_dim"": 252, ""naive_iid_se"": 0.1810147909194118, ""se_valid"": false}"
f5334e128a06,2026-09-24T19:47:34,zaki,qmc,deep_barrier,call,exact,rqmc_incremental,{},4096,252,14,862306432,zaki-rehnoom_x86_64,3.2754253902945036,nan,nan,nan,3.545320563728302,0.26989517343379843,0.09102969700006724,"{""construction"": ""incremental"", ""sobol_dim"": 252, ""naive_iid_se"": 0.17599939971559245, ""se_valid"": false}"
401cfaadcb30,2026-09-24T19:47:34,zaki,qmc,deep_barrier,call,exact,rqmc_incremental,{},4096,252,15,2917476649,zaki-rehnoom_x86_64,3.4027993090081456,nan,nan,nan,3.545320563728302,0.14252125472015642,0.09537206400000287,"{""construction"": ""incremental"", ""sobol_dim"": 252, ""naive_iid_se"": 0.17961167304923972, ""se_valid"": false}"
aa2b65b1334b,2026-09-24T19:47:34,zaki,qmc,deep_barrier,call,exact,rqmc_incremental,{},4096,252,16,536462914,zaki-rehnoom_x86_64,3.4314085382807997,nan,nan,nan,3.545320563728302,0.11391202544750234,0.09781455399979677,"{""construction"": ""incremental"", ""sobol_dim"": 252, ""naive_iid_se"": 0.17935424281493553, ""se_valid"": false}"
14a0d163bf2a,2026-09-24T19:47:34,zaki,qmc,deep_barrier,call,exact,rqmc_incremental,{},4096,252,17,3064336522,zaki-rehnoom_x86_64,3.433534846246734,nan,nan,nan,3.545320563728302,0.11178571748156818,0.09216780699989613,"{""construction"": ""incremental"", ""sobol_dim"": 252, ""naive_iid_se"": 0.1825294614150906, ""se_valid"": false}"
ccf719300bf7,2026-09-24T19:47:34,zaki,qmc,deep_barrier,call,exact,rqmc_incremental,{},4096,252,18,3697040001,zaki-rehnoom_x86_64,3.3718607478457763,nan,nan,nan,3.545320563728302,0.1734598158825258,0.09351622100029999,"{""construction"": ""incremental"", ""sobol_dim"": 252, ""naive_iid_se"": 0.1800668899574502, ""se_valid"": false}"
6c53ea812791,2026-09-24T19:47:34,zaki,qmc,deep_barrier,call,exact,rqmc_incremental,{},4096,252,19,3246111276,zaki-rehnoom_x86_64,3.3732585033606997,nan,nan,nan,3.545320563728302,0.1720620603676024,0.0934515270000702,"{""construction"": ""incremental"", ""sobol_dim"": 252, ""naive_iid_se"": 0.1743683755776801, ""se_valid"": false}"
b8292c7c0560,2026-09-24T19:47:34,zaki,qmc,deep_barrier,call,exact,rqmc_incremental,{},16384,252,0,2742110477,zaki-rehnoom_x86_64,3.396666176384052,nan,nan,nan,3.545320563728302,0.14865438734425007,0.2839199820000431,"{""construction"": ""incremental"", ""sobol_dim"": 252, ""naive_iid_se"": 0.08979674892918174, ""se_valid"": false}"
eded31ff2257,2026-09-24T19:47:35,zaki,qmc,deep_barrier,call,exact,rqmc_incremental,{},16384,252,1,4179975241,zaki-rehnoom_x86_64,3.3920028590328486,nan,nan,nan,3.545320563728302,0.15331770469545347,0.29867445299987594,"{""construction"": ""incremental"", ""sobol_dim"": 252, ""naive_iid_se"": 0.08942457699062148, ""se_valid"": false}"
d4cf7b0a8fae,2026-09-24T19:47:35,zaki,qmc,deep_barrier,call,exact,rqmc_incremental,{},16384,252,2,4146218633,zaki-rehnoom_x86_64,3.491879209889799,nan,nan,nan,3.545320563728302,0.053441353838503236,0.303789630999745,"{""construction"": ""incremental"", ""sobol_dim"": 252, ""naive_iid_se"": 0.09205475604998212, ""se_valid"": false}"
9233f32f080c,2026-09-24T19:47:35,zaki,qmc,deep_barrier,call,exact,rqmc_incremental,{},16384,252,3,1491305008,zaki-rehnoom_x86_64,3.40978188462406,nan,nan,nan,3.545320563728302,0.1355386791042421,0.28726075000031415,"{""construction"": ""incremental"", ""sobol_dim"": 252, ""naive_iid_se"": 0.08999187106146923, ""se_valid"": false}"
764e0ff36f5d,2026-09-24T19:47:36,zaki,qmc,deep_barrier,call,exact,rqmc_incremental,{},16384,252,4,3751535085,zaki-rehnoom_x86_64,3.422476394116514,nan,nan,nan,3.545320563728302,0.1228441696117879,0.2914206230002492,"{""construction"": ""incremental"", ""sobol_dim"": 252, ""naive_iid_se"": 0.09051097333979094, ""se_valid"": false}"
391c5252de01,2026-09-24T19:47:36,zaki,qmc,deep_barrier,call,exact,rqmc_incremental,{},16384,252,5,169696971,zaki-rehnoom_x86_64,3.326245561240211,nan,nan,nan,3.545320563728302,0.2190750024880912,0.2974402210002154,"{""construction"": ""incremental"", ""sobol_dim"": 252, ""naive_iid_se"": 0.08897800299582345, ""se_valid"": false}"
272b96a3f5d7,2026-09-24T19:47:36,zaki,qmc,deep_barrier,call,exact,rqmc_incremental,{},16384,252,6,2902321989,zaki-rehnoom_x86_64,3.4191734586064584,nan,nan,nan,3.545320563728302,0.12614710512184368,0.2909411160003401,"{""construction"": ""incremental"", ""sobol_dim"": 252, ""naive_iid_se"": 0.09044812986893633, ""se_valid"": false}"
6ff5adf256fb,2026-09-24T19:47:36,zaki,qmc,deep_barrier,call,exact,rqmc_incremental,{},16384,252,7,41260787,zaki-rehnoom_x86_64,3.368663482251522,nan,nan,nan,3.545320563728302,0.17665708147678005,0.2879163679999692,"{""construction"": ""incremental"", ""sobol_dim"": 252, ""naive_iid_se"": 0.08958993827665451, ""se_valid"": false}"
b555aeacc65e,2026-09-24T19:47:37,zaki,qmc,deep_barrier,call,exact,rqmc_incremental,{},16384,252,8,2519395029,zaki-rehnoom_x86_64,3.3737332756583878,nan,nan,nan,3.545320563728302,0.1715872880699143,0.28926377700008743,"{""construction"": ""incremental"", ""sobol_dim"": 252, ""naive_iid_se"": 0.0895339726331379, ""se_valid"": false}"
19f40b273d3f,2026-09-24T19:47:37,zaki,qmc,deep_barrier,call,exact,rqmc_incremental,{},16384,252,9,3973536559,zaki-rehnoom_x86_64,3.463006491691276,nan,nan,nan,3.545320563728302,0.0823140720370259,0.287068401000397,"{""construction"": ""incremental"", ""sobol_dim"": 252, ""naive_iid_se"": 0.09189074702731032, ""se_valid"": false}"
1935dba82dfc,2026-09-24T19:47:37,zaki,qmc,deep_barrier,call,exact,rqmc_incremental,{},16384,252,10,475312156,zaki-rehnoom_x86_64,3.410026984598091,nan,nan,nan,3.545320563728302,0.13529357913021123,0.28728188700006285,"{""construction"": ""incremental"", ""sobol_dim"": 252, ""naive_iid_se"": 0.08967048424258917, ""se_valid"": false}"
4415ea9464ce,2026-09-24T19:47:38,zaki,qmc,deep_barrier,call,exact,rqmc_incremental,{},16384,252,11,288275617,zaki-rehnoom_x86_64,3.4402630569037935,nan,nan,nan,3.545320563728302,0.10505750682450854,0.29193999899962364,"{""construction"": ""incremental"", ""sobol_dim"": 252, ""naive_iid_se"": 0.0900389876529254, ""se_valid"": false}"
772aea147431,2026-09-24T19:47:38,zaki,qmc,deep_barrier,call,exact,rqmc_incremental,{},16384,252,12,3099157275,zaki-rehnoom_x86_64,3.3725315024524383,nan,nan,nan,3.545320563728302,0.1727890612758638,0.29903720999982397,"{""construction"": ""incremental"", ""sobol_dim"": 252, ""naive_iid_se"": 0.09064878548157437, ""se_valid"": false}"
8980fc1e0910,2026-09-24T19:47:38,zaki,qmc,deep_barrier,call,exact,rqmc_incremental,{},16384,252,13,1226169919,zaki-rehnoom_x86_64,3.3482893160234473,nan,nan,nan,3.545320563728302,0.1970312477048548,0.30924133799999254,"{""construction"": ""incremental"", ""sobol_dim"": 252, ""naive_iid_se"": 0.08977282409346005, ""se_valid"": false}"
1cdb564bf734,2026-09-24T19:47:39,zaki,qmc,deep_barrier,call,exact,rqmc_incremental,{},16384,252,14,1032119438,zaki-rehnoom_x86_64,3.3545751707171254,nan,nan,nan,3.545320563728302,0.19074539301117666,0.3005906979997235,"{""construction"": ""incremental"", ""sobol_dim"": 252, ""naive_iid_se"": 0.08874148049641321, ""se_valid"": false}"
6bed3a38270a,2026-09-24T19:47:39,zaki,qmc,deep_barrier,call,exact,rqmc_incremental,{},16384,252,15,3401318898,zaki-rehnoom_x86_64,3.4543170093750106,nan,nan,nan,3.545320563728302,0.09100355435329144,0.29955463200030863,"{""construction"": ""incremental"", ""sobol_dim"": 252, ""naive_iid_se"": 0.09063984779376211, ""se_valid"": false}"
7cdf1068756c,2026-09-24T19:47:39,zaki,qmc,deep_barrier,call,exact,rqmc_incremental,{},16384,252,16,3757159470,zaki-rehnoom_x86_64,3.3580250279866557,nan,nan,nan,3.545320563728302,0.18729553574164637,0.30289524099998744,"{""construction"": ""incremental"", ""sobol_dim"": 252, ""naive_iid_se"": 0.0895654375802609, ""se_valid"": false}"
5b8a432c7302,2026-09-24T19:47:39,zaki,qmc,deep_barrier,call,exact,rqmc_incremental,{},16384,252,17,2157363416,zaki-rehnoom_x86_64,3.476426624306472,nan,nan,nan,3.545320563728302,0.0688939394218302,0.290477491999809,"{""construction"": ""incremental"", ""sobol_dim"": 252, ""naive_iid_se"": 0.09057461961136745, ""se_valid"": false}"
2b9d32a555db,2026-09-24T19:47:40,zaki,qmc,deep_barrier,call,exact,rqmc_incremental,{},16384,252,18,2456426016,zaki-rehnoom_x86_64,3.449608066211925,nan,nan,nan,3.545320563728302,0.09571249751637723,0.2973298839997369,"{""construction"": ""incremental"", ""sobol_dim"": 252, ""naive_iid_se"": 0.09044411859353516, ""se_valid"": false}"
05ff1fa27b70,2026-09-24T19:47:40,zaki,qmc,deep_barrier,call,exact,rqmc_incremental,{},16384,252,19,2944359800,zaki-rehnoom_x86_64,3.347007171398639,nan,nan,nan,3.545320563728302,0.19831339232966316,0.30144752600017455,"{""construction"": ""incremental"", ""sobol_dim"": 252, ""naive_iid_se"": 0.08831719061977722, ""se_valid"": false}"
67211a6f564f,2026-09-24T19:47:41,zaki,qmc,deep_barrier,call,exact,rqmc_incremental,{},65536,252,0,1411101166,zaki-rehnoom_x86_64,3.3995642174909415,nan,nan,nan,3.545320563728302,0.14575634623736056,1.0558579260000442,"{""construction"": ""incremental"", ""sobol_dim"": 252, ""naive_iid_se"": 0.04517024846141864, ""se_valid"": false}"
2cd86390209e,2026-09-24T19:47:42,zaki,qmc,deep_barrier,call,exact,rqmc_incremental,{},65536,252,1,725541932,zaki-rehnoom_x86_64,3.358833290409639,nan,nan,nan,3.545320563728302,0.18648727331866288,1.0626816429999053,"{""construction"": ""incremental"", ""sobol_dim"": 252, ""naive_iid_se"": 0.04449117817460216, ""se_valid"": false}"
018b8a10deed,2026-09-24T19:47:43,zaki,qmc,deep_barrier,call,exact,rqmc_incremental,{},65536,252,2,1081842315,zaki-rehnoom_x86_64,3.3835066227460078,nan,nan,nan,3.545320563728302,0.1618139409822943,1.0571062100002564,"{""construction"": ""incremental"", ""sobol_dim"": 252, ""naive_iid_se"": 0.04486883261693643, ""se_valid"": false}"
3aaa757bb1c4,2026-09-24T19:47:44,zaki,qmc,deep_barrier,call,exact,rqmc_incremental,{},65536,252,3,1465936230,zaki-rehnoom_x86_64,3.4150888524274503,nan,nan,nan,3.545320563728302,0.13023171130085176,1.0339090059997034,"{""construction"": ""incremental"", ""sobol_dim"": 252, ""naive_iid_se"": 0.045103430008021826, ""se_valid"": false}"
df6af2cd6428,2026-09-24T19:47:45,zaki,qmc,deep_barrier,call,exact,rqmc_incremental,{},65536,252,4,639882798,zaki-rehnoom_x86_64,3.4177021716167952,nan,nan,nan,3.545320563728302,0.12761839211150683,1.058837155999754,"{""construction"": ""incremental"", ""sobol_dim"": 252, ""naive_iid_se"": 0.045037832605482254, ""se_valid"": false}"
a7c5fa2b76bb,2026-09-24T19:47:46,zaki,qmc,deep_barrier,call,exact,rqmc_incremental,{},65536,252,5,2908669839,zaki-rehnoom_x86_64,3.405516637947375,nan,nan,nan,3.545320563728302,0.13980392578092715,1.086165526000059,"{""construction"": ""incremental"", ""sobol_dim"": 252, ""naive_iid_se"": 0.045254147811459755, ""se_valid"": false}"
1dafaf1ec545,2026-09-24T19:47:47,zaki,qmc,deep_barrier,call,exact,rqmc_incremental,{},65536,252,6,2053863457,zaki-rehnoom_x86_64,3.376482848761625,nan,nan,nan,3.545320563728302,0.16883771496667688,1.0586678899999242,"{""construction"": ""incremental"", ""sobol_dim"": 252, ""naive_iid_se"": 0.044900595997242006, ""se_valid"": false}"
c8ef15bde4aa,2026-09-24T19:47:49,zaki,qmc,deep_barrier,call,exact,rqmc_incremental,{},65536,252,7,2333769681,zaki-rehnoom_x86_64,3.355207547530041,nan,nan,nan,3.545320563728302,0.19011301619826115,1.0581352909998714,"{""construction"": ""incremental"", ""sobol_dim"": 252, ""naive_iid_se"": 0.04485449040404003, ""se_valid"": false}"
93e296b843ab,2026-09-24T19:47:50,zaki,qmc,deep_barrier,call,exact,rqmc_incremental,{},65536,252,8,2533934330,zaki-rehnoom_x86_64,3.397733635161197,nan,nan,nan,3.545320563728302,0.14758692856710498,1.0326279640003122,"{""construction"": ""incremental"", ""sobol_dim"": 252, ""naive_iid_se"": 0.04512008680987434, ""se_valid"": false}"
93aeb0c75eba,2026-09-24T19:47:51,zaki,qmc,deep_barrier,call,exact,rqmc_incremental,{},65536,252,9,3997009051,zaki-rehnoom_x86_64,3.3481580392010377,nan,nan,nan,3.545320563728302,0.19716252452726435,1.0457341639998958,"{""construction"": ""incremental"", ""sobol_dim"": 252, ""naive_iid_se"": 0.04459440965814021, ""se_valid"": false}"
52795687f842,2026-09-24T19:47:52,zaki,qmc,deep_barrier,call,exact,rqmc_incremental,{},65536,252,10,341731711,zaki-rehnoom_x86_64,3.379768857464626,nan,nan,nan,3.545320563728302,0.1655517062636762,1.0788670460001413,"{""construction"": ""incremental"", ""sobol_dim"": 252, ""naive_iid_se"": 0.04509522176690432, ""se_valid"": false}"
cf68132aa072,2026-09-24T19:47:53,zaki,qmc,deep_barrier,call,exact,rqmc_incremental,{},65536,252,11,1053783967,zaki-rehnoom_x86_64,3.3987724816227116,nan,nan,nan,3.545320563728302,0.14654808210559045,1.0448448450001706,"{""construction"": ""incremental"", ""sobol_dim"": 252, ""naive_iid_se"": 0.04511449992238929, ""se_valid"": false}"
e9031fc27092,2026-09-24T19:47:54,zaki,qmc,deep_barrier,call,exact,rqmc_incremental,{},65536,252,12,3206714530,zaki-rehnoom_x86_64,3.363846009536526,nan,nan,nan,3.545320563728302,0.18147455419177616,1.0613086879998264,"{""construction"": ""incremental"", ""sobol_dim"": 252, ""naive_iid_se"": 0.04478177937909689, ""se_valid"": false}"
9289d3b8bf25,2026-09-24T19:47:55,zaki,qmc,deep_barrier,call,exact,rqmc_incremental,{},65536,252,13,657321770,zaki-rehnoom_x86_64,3.362453130736239,nan,nan,nan,3.545320563728302,0.18286743299206298,1.0261161639996317,"{""construction"": ""incremental"", ""sobol_dim"": 252, ""naive_iid_se"": 0.04493924703714887, ""se_valid"": false}"
5f1db5799272,2026-09-24T19:47:56,zaki,qmc,deep_barrier,call,exact,rqmc_incremental,{},65536,252,14,712744014,zaki-rehnoom_x86_64,3.392728091688334,nan,nan,nan,3.545320563728302,0.15259247203996829,1.0321253060001254,"{""construction"": ""incremental"", ""sobol_dim"": 252, ""naive_iid_se"": 0.044868131249300953, ""se_valid"": false}"
fd678e2cec56,2026-09-24T19:47:57,zaki,qmc,deep_barrier,call,exact,rqmc_incremental,{},65536,252,15,3377712966,zaki-rehnoom_x86_64,3.363107167962038,nan,nan,nan,3.545320563728302,0.18221339576626416,1.0595830739998746,"{""construction"": ""incremental"", ""sobol_dim"": 252, ""naive_iid_se"": 0.04482859293148408, ""se_valid"": false}"
865d3fc558e7,2026-09-24T19:47:58,zaki,qmc,deep_barrier,call,exact,rqmc_incremental,{},65536,252,16,1189882534,zaki-rehnoom_x86_64,3.380458480626016,nan,nan,nan,3.545320563728302,0.16486208310228623,1.0441770639999959,"{""construction"": ""incremental"", ""sobol_dim"": 252, ""naive_iid_se"": 0.04515089942852811, ""se_valid"": false}"
5b117f7f50ee,2026-09-24T19:47:59,zaki,qmc,deep_barrier,call,exact,rqmc_incremental,{},65536,252,17,1902941519,zaki-rehnoom_x86_64,3.317996932472878,nan,nan,nan,3.545320563728302,0.2273236312554241,1.0529452860000674,"{""construction"": ""incremental"", ""sobol_dim"": 252, ""naive_iid_se"": 0.04455272822961616, ""se_valid"": false}"
7c7dd3860f5a,2026-09-24T19:48:00,zaki,qmc,deep_barrier,call,exact,rqmc_incremental,{},65536,252,18,2038973205,zaki-rehnoom_x86_64,3.3621808141901854,nan,nan,nan,3.545320563728302,0.18313974953811663,1.059049782999864,"{""construction"": ""incremental"", ""sobol_dim"": 252, ""naive_iid_se"": 0.044710341424683026, ""se_valid"": false}"
4115bd517849,2026-09-24T19:48:01,zaki,qmc,deep_barrier,call,exact,rqmc_incremental,{},65536,252,19,1141374299,zaki-rehnoom_x86_64,3.3732457732605843,nan,nan,nan,3.545320563728302,0.1720747904677178,1.053851388000112,"{""construction"": ""incremental"", ""sobol_dim"": 252, ""naive_iid_se"": 0.04493259853090271, ""se_valid"": false}"
29a286580ba9,2026-09-24T19:48:03,zaki,qmc,paper_barrier,call,exact,rqmc_reference,{'construction': 'bridge'},65536,252,0,1080236418,zaki-rehnoom_x86_64,7.093786530779174,nan,nan,nan,,,1.5046257949998108,"{""construction"": ""bridge"", ""sobol_dim"": 252, ""naive_iid_se"": 0.049007608078131995, ""se_valid"": false, ""purpose"": ""discrete_monitoring_reference""}"
fd3122fddd58,2026-09-24T19:48:04,zaki,qmc,paper_barrier,call,exact,rqmc_reference,{'construction': 'bridge'},65536,252,1,2785241528,zaki-rehnoom_x86_64,7.094949402925898,nan,nan,nan,,,1.5239071220003098,"{""construction"": ""bridge"", ""sobol_dim"": 252, ""naive_iid_se"": 0.04900798528068852, ""se_valid"": false, ""purpose"": ""discrete_monitoring_reference""}"
230f6e69b50a,2026-09-24T19:48:06,zaki,qmc,paper_barrier,call,exact,rqmc_reference,{'construction': 'bridge'},65536,252,2,3169558653,zaki-rehnoom_x86_64,7.0945049351833935,nan,nan,nan,,,1.5833517639998718,"{""construction"": ""bridge"", ""sobol_dim"": 252, ""naive_iid_se"": 0.04900461620711923, ""se_valid"": false, ""purpose"": ""discrete_monitoring_reference""}"
4f55dbc4b1d0,2026-09-24T19:48:07,zaki,qmc,paper_barrier,call,exact,rqmc_reference,{'construction': 'bridge'},65536,252,3,472711128,zaki-rehnoom_x86_64,7.094038312818953,nan,nan,nan,,,1.5063064539999687,"{""construction"": ""bridge"", ""sobol_dim"": 252, ""naive_iid_se"": 0.04901874702641422, ""se_valid"": false, ""purpose"": ""discrete_monitoring_reference""}"
12d6867e4e48,2026-09-24T19:48:09,zaki,qmc,paper_barrier,call,exact,rqmc_reference,{'construction': 'bridge'},65536,252,4,448768805,zaki-rehnoom_x86_64,7.0945860233301,nan,nan,nan,,,1.4971663679998528,"{""construction"": ""bridge"", ""sobol_dim"": 252, ""naive_iid_se"": 0.049013879802270226, ""se_valid"": false, ""purpose"": ""discrete_monitoring_reference""}"
8bbe2739c1af,2026-09-24T19:48:10,zaki,qmc,paper_barrier,call,exact,rqmc_reference,{'construction': 'bridge'},65536,252,5,2858180986,zaki-rehnoom_x86_64,7.093865118428454,nan,nan,nan,,,1.5368731329999719,"{""construction"": ""bridge"", ""sobol_dim"": 252, ""naive_iid_se"": 0.049006179614576456, ""se_valid"": false, ""purpose"": ""discrete_monitoring_reference""}"
1775f0c76122,2026-09-24T19:48:12,zaki,qmc,paper_barrier,call,exact,rqmc_reference,{'construction': 'bridge'},65536,252,6,3828951532,zaki-rehnoom_x86_64,7.094049508471367,nan,nan,nan,,,1.5351877800003422,"{""construction"": ""bridge"", ""sobol_dim"": 252, ""naive_iid_se"": 0.049005858051376285, ""se_valid"": false, ""purpose"": ""discrete_monitoring_reference""}"
88bf5f2822bf,2026-09-24T19:48:13,zaki,qmc,paper_barrier,call,exact,rqmc_reference,{'construction': 'bridge'},65536,252,7,769496387,zaki-rehnoom_x86_64,7.093523289554445,nan,nan,nan,,,1.59177031299987,"{""construction"": ""bridge"", ""sobol_dim"": 252, ""naive_iid_se"": 0.049007740402263474, ""se_valid"": false, ""purpose"": ""discrete_monitoring_reference""}"
95c244b8d0fc,2026-09-24T19:48:15,zaki,qmc,paper_barrier,call,exact,rqmc_reference,{'construction': 'bridge'},65536,252,8,2278642702,zaki-rehnoom_x86_64,7.093920564514769,nan,nan,nan,,,1.4957129939998595,"{""construction"": ""bridge"", ""sobol_dim"": 252, ""naive_iid_se"": 0.04900646269844685, ""se_valid"": false, ""purpose"": ""discrete_monitoring_reference""}"
0c4b649f1f92,2026-09-24T19:48:16,zaki,qmc,paper_barrier,call,exact,rqmc_reference,{'construction': 'bridge'},65536,252,9,4216009248,zaki-rehnoom_x86_64,7.094565730848627,nan,nan,nan,,,1.4804665350002324,"{""construction"": ""bridge"", ""sobol_dim"": 252, ""naive_iid_se"": 0.04900826721379728, ""se_valid"": false, ""purpose"": ""discrete_monitoring_reference""}"
c618ae4ce5fd,2026-09-24T19:48:18,zaki,qmc,paper_barrier,call,exact,rqmc_reference,{'construction': 'bridge'},65536,252,10,2022017810,zaki-rehnoom_x86_64,7.094259204435042,nan,nan,nan,,,1.5236049479999565,"{""construction"": ""bridge"", ""sobol_dim"": 252, ""naive_iid_se"": 0.04901397173808347, ""se_valid"": false, ""purpose"": ""discrete_monitoring_reference""}"
6124ab4a1e57,2026-09-24T19:48:19,zaki,qmc,paper_barrier,call,exact,rqmc_reference,{'construction': 'bridge'},65536,252,11,3669230,zaki-rehnoom_x86_64,7.094065522793585,nan,nan,nan,,,1.4907799439997689,"{""construction"": ""bridge"", ""sobol_dim"": 252, ""naive_iid_se"": 0.0490243478472574, ""se_valid"": false, ""purpose"": ""discrete_monitoring_reference""}"
47770b204479,2026-09-24T19:48:21,zaki,qmc,paper_barrier,call,exact,rqmc_reference,{'construction': 'bridge'},65536,252,12,1113108230,zaki-rehnoom_x86_64,7.09434408141696,nan,nan,nan,,,1.4691377680001096,"{""construction"": ""bridge"", ""sobol_dim"": 252, ""naive_iid_se"": 0.04900445716640449, ""se_valid"": false, ""purpose"": ""discrete_monitoring_reference""}"
aa7c77b21aab,2026-09-24T19:48:22,zaki,qmc,paper_barrier,call,exact,rqmc_reference,{'construction': 'bridge'},65536,252,13,2712829375,zaki-rehnoom_x86_64,7.093288012656529,nan,nan,nan,,,1.4999777809998704,"{""construction"": ""bridge"", ""sobol_dim"": 252, ""naive_iid_se"": 0.049007458534828706, ""se_valid"": false, ""purpose"": ""discrete_monitoring_reference""}"
c1f54a8794b1,2026-09-24T19:48:24,zaki,qmc,paper_barrier,call,exact,rqmc_reference,{'construction': 'bridge'},65536,252,14,2158469373,zaki-rehnoom_x86_64,7.093263235811608,nan,nan,nan,,,1.4922194029995808,"{""construction"": ""bridge"", ""sobol_dim"": 252, ""naive_iid_se"": 0.04900959224461888, ""se_valid"": false, ""purpose"": ""discrete_monitoring_reference""}"
ac5b0a8c2048,2026-09-24T19:48:25,zaki,qmc,paper_barrier,call,exact,rqmc_reference,{'construction': 'bridge'},65536,252,15,2990624900,zaki-rehnoom_x86_64,7.093095264425203,nan,nan,nan,,,1.4921045860000959,"{""construction"": ""bridge"", ""sobol_dim"": 252, ""naive_iid_se"": 0.049008022564760445, ""se_valid"": false, ""purpose"": ""discrete_monitoring_reference""}"
a544ad37051b,2026-09-24T19:48:27,zaki,qmc,paper_barrier,call,exact,rqmc_reference,{'construction': 'bridge'},65536,252,16,1924803536,zaki-rehnoom_x86_64,7.094854342396979,nan,nan,nan,,,1.4822370219999357,"{""construction"": ""bridge"", ""sobol_dim"": 252, ""naive_iid_se"": 0.04900460839654733, ""se_valid"": false, ""purpose"": ""discrete_monitoring_reference""}"
b9144143e450,2026-09-24T19:48:28,zaki,qmc,paper_barrier,call,exact,rqmc_reference,{'construction': 'bridge'},65536,252,17,453725759,zaki-rehnoom_x86_64,7.092693261351168,nan,nan,nan,,,1.5744774519998828,"{""construction"": ""bridge"", ""sobol_dim"": 252, ""naive_iid_se"": 0.04900740010171467, ""se_valid"": false, ""purpose"": ""discrete_monitoring_reference""}"
f087653a47fd,2026-09-24T19:48:30,zaki,qmc,paper_barrier,call,exact,rqmc_reference,{'construction': 'bridge'},65536,252,18,210611957,zaki-rehnoom_x86_64,7.093688300093859,nan,nan,nan,,,1.4947866869997597,"{""construction"": ""bridge"", ""sobol_dim"": 252, ""naive_iid_se"": 0.049006337898093805, ""se_valid"": false, ""purpose"": ""discrete_monitoring_reference""}"
a2d5d75b38a7,2026-09-24T19:48:31,zaki,qmc,paper_barrier,call,exact,rqmc_reference,{'construction': 'bridge'},65536,252,19,125090022,zaki-rehnoom_x86_64,7.094447990679786,nan,nan,nan,,,1.4730898279999565,"{""construction"": ""bridge"", ""sobol_dim"": 252, ""naive_iid_se"": 0.04900515799831332, ""se_valid"": false, ""purpose"": ""discrete_monitoring_reference""}"
861f677c578d,2026-09-24T19:48:33,zaki,qmc,paper_barrier,call,exact,rqmc_reference,{'construction': 'bridge'},65536,252,20,3044169336,zaki-rehnoom_x86_64,7.093373100458714,nan,nan,nan,,,1.5052463560000433,"{""construction"": ""bridge"", ""sobol_dim"": 252, ""naive_iid_se"": 0.049006501573350625, ""se_valid"": false, ""purpose"": ""discrete_monitoring_reference""}"
8a5be0e201c4,2026-09-24T19:48:34,zaki,qmc,paper_barrier,call,exact,rqmc_reference,{'construction': 'bridge'},65536,252,21,304431655,zaki-rehnoom_x86_64,7.093994562393632,nan,nan,nan,,,1.5053161220002949,"{""construction"": ""bridge"", ""sobol_dim"": 252, ""naive_iid_se"": 0.049007060604865295, ""se_valid"": false, ""purpose"": ""discrete_monitoring_reference""}"
16a55c7294f5,2026-09-24T19:48:36,zaki,qmc,paper_barrier,call,exact,rqmc_reference,{'construction': 'bridge'},65536,252,22,3799003635,zaki-rehnoom_x86_64,7.0941072309107165,nan,nan,nan,,,1.503087432999564,"{""construction"": ""bridge"", ""sobol_dim"": 252, ""naive_iid_se"": 0.049006018242257546, ""se_valid"": false, ""purpose"": ""discrete_monitoring_reference""}"
3a71b1cec011,2026-09-24T19:48:37,zaki,qmc,paper_barrier,call,exact,rqmc_reference,{'construction': 'bridge'},65536,252,23,1873982478,zaki-rehnoom_x86_64,7.093025599120179,nan,nan,nan,,,1.4941469569998844,"{""construction"": ""bridge"", ""sobol_dim"": 252, ""naive_iid_se"": 0.04900849553414193, ""se_valid"": false, ""purpose"": ""discrete_monitoring_reference""}"
ac5cca43d318,2026-09-24T19:48:39,zaki,qmc,paper_barrier,call,exact,rqmc_reference,{'construction': 'bridge'},65536,252,24,2825646763,zaki-rehnoom_x86_64,7.094596514136806,nan,nan,nan,,,1.534010846000001,"{""construction"": ""bridge"", ""sobol_dim"": 252, ""naive_iid_se"": 0.04901939475155823, ""se_valid"": false, ""purpose"": ""discrete_monitoring_reference""}"
f0dc5ba7d95a,2026-09-24T19:48:40,zaki,qmc,paper_barrier,call,exact,rqmc_reference,{'construction': 'bridge'},65536,252,25,3747392987,zaki-rehnoom_x86_64,7.0933781761856975,nan,nan,nan,,,1.4871073479998813,"{""construction"": ""bridge"", ""sobol_dim"": 252, ""naive_iid_se"": 0.04900903827605578, ""se_valid"": false, ""purpose"": ""discrete_monitoring_reference""}"
c69c56c43431,2026-09-24T19:48:42,zaki,qmc,paper_barrier,call,exact,rqmc_reference,{'construction': 'bridge'},65536,252,26,698259482,zaki-rehnoom_x86_64,7.093519897004021,nan,nan,nan,,,1.4878499890000967,"{""construction"": ""bridge"", ""sobol_dim"": 252, ""naive_iid_se"": 0.04900918480738574, ""se_valid"": false, ""purpose"": ""discrete_monitoring_reference""}"
803493fc3a42,2026-09-24T19:48:44,zaki,qmc,paper_barrier,call,exact,rqmc_reference,{'construction': 'bridge'},65536,252,27,4167648126,zaki-rehnoom_x86_64,7.093667831494426,nan,nan,nan,,,1.5428030770003716,"{""construction"": ""bridge"", ""sobol_dim"": 252, ""naive_iid_se"": 0.049006018571954434, ""se_valid"": false, ""purpose"": ""discrete_monitoring_reference""}"
4f15df109663,2026-09-24T19:48:45,zaki,qmc,paper_barrier,call,exact,rqmc_reference,{'construction': 'bridge'},65536,252,28,3171442609,zaki-rehnoom_x86_64,7.09441202245336,nan,nan,nan,,,1.4886865880002915,"{""construction"": ""bridge"", ""sobol_dim"": 252, ""naive_iid_se"": 0.04900563318366056, ""se_valid"": false, ""purpose"": ""discrete_monitoring_reference""}"
e882629a9e69,2026-09-24T19:48:46,zaki,qmc,paper_barrier,call,exact,rqmc_reference,{'construction': 'bridge'},65536,252,29,371462554,zaki-rehnoom_x86_64,7.0949576990376375,nan,nan,nan,,,1.4883369889998903,"{""construction"": ""bridge"", ""sobol_dim"": 252, ""naive_iid_se"": 0.049004945225466945, ""se_valid"": false, ""purpose"": ""discrete_monitoring_reference""}"
e2ef6494d02d,2026-09-24T19:48:48,zaki,qmc,paper_barrier,call,exact,rqmc_reference,{'construction': 'bridge'},65536,252,30,3233590094,zaki-rehnoom_x86_64,7.093732424849531,nan,nan,nan,,,1.5198921219998738,"{""construction"": ""bridge"", ""sobol_dim"": 252, ""naive_iid_se"": 0.04900948561265596, ""se_valid"": false, ""purpose"": ""discrete_monitoring_reference""}"
203dafb46654,2026-09-24T19:48:49,zaki,qmc,paper_barrier,call,exact,rqmc_reference,{'construction': 'bridge'},65536,252,31,3938915955,zaki-rehnoom_x86_64,7.092688694891925,nan,nan,nan,,,1.4882766629998514,"{""construction"": ""bridge"", ""sobol_dim"": 252, ""naive_iid_se"": 0.049028739143051475, ""se_valid"": false, ""purpose"": ""discrete_monitoring_reference""}"
3686c3a6ee31,2026-09-24T19:48:51,zaki,qmc,paper_barrier,call,exact,rqmc_reference,{'construction': 'bridge'},65536,252,32,1389200167,zaki-rehnoom_x86_64,7.0950430288145645,nan,nan,nan,,,1.4760860169999432,"{""construction"": ""bridge"", ""sobol_dim"": 252, ""naive_iid_se"": 0.04902510581770939, ""se_valid"": false, ""purpose"": ""discrete_monitoring_reference""}"
bd882910f57d,2026-09-24T19:48:52,zaki,qmc,paper_barrier,call,exact,rqmc_reference,{'construction': 'bridge'},65536,252,33,2876983595,zaki-rehnoom_x86_64,7.094456262945927,nan,nan,nan,,,1.489925564999794,"{""construction"": ""bridge"", ""sobol_dim"": 252, ""naive_iid_se"": 0.049013994725578706, ""se_valid"": false, ""purpose"": ""discrete_monitoring_reference""}"
863ad6988781,2026-09-24T19:48:54,zaki,qmc,paper_barrier,call,exact,rqmc_reference,{'construction': 'bridge'},65536,252,34,620348440,zaki-rehnoom_x86_64,7.095585757705576,nan,nan,nan,,,1.525803734999954,"{""construction"": ""bridge"", ""sobol_dim"": 252, ""naive_iid_se"": 0.04902674963654544, ""se_valid"": false, ""purpose"": ""discrete_monitoring_reference""}"
3ceeec9d7a0c,2026-09-24T19:48:55,zaki,qmc,paper_barrier,call,exact,rqmc_reference,{'construction': 'bridge'},65536,252,35,1701151049,zaki-rehnoom_x86_64,7.09394384126071,nan,nan,nan,,,1.479393082000115,"{""construction"": ""bridge"", ""sobol_dim"": 252, ""naive_iid_se"": 0.04899935138646203, ""se_valid"": false, ""purpose"": ""discrete_monitoring_reference""}"
4568060241ac,2026-09-24T19:48:57,zaki,qmc,paper_barrier,call,exact,rqmc_reference,{'construction': 'bridge'},65536,252,36,3180880856,zaki-rehnoom_x86_64,7.093817462898988,nan,nan,nan,,,1.5002688019999368,"{""construction"": ""bridge"", ""sobol_dim"": 252, ""naive_iid_se"": 0.04900899581325913, ""se_valid"": false, ""purpose"": ""discrete_monitoring_reference""}"
89d01618987e,2026-09-24T19:48:59,zaki,qmc,paper_barrier,call,exact,rqmc_reference,{'construction': 'bridge'},65536,252,37,1748227527,zaki-rehnoom_x86_64,7.094115545562621,nan,nan,nan,,,1.5364457010000478,"{""construction"": ""bridge"", ""sobol_dim"": 252, ""naive_iid_se"": 0.04902451173064675, ""se_valid"": false, ""purpose"": ""discrete_monitoring_reference""}"
b64564cb41a6,2026-09-24T19:49:00,zaki,qmc,paper_barrier,call,exact,rqmc_reference,{'construction': 'bridge'},65536,252,38,3616928047,zaki-rehnoom_x86_64,7.095775026107396,nan,nan,nan,,,1.5540561319999142,"{""construction"": ""bridge"", ""sobol_dim"": 252, ""naive_iid_se"": 0.04900161983174894, ""se_valid"": false, ""purpose"": ""discrete_monitoring_reference""}"
d5a28feb67cc,2026-09-24T19:49:02,zaki,qmc,paper_barrier,call,exact,rqmc_reference,{'construction': 'bridge'},65536,252,39,3289431770,zaki-rehnoom_x86_64,7.094853224494142,nan,nan,nan,,,1.4734178369999427,"{""construction"": ""bridge"", ""sobol_dim"": 252, ""naive_iid_se"": 0.04901110304421839, ""se_valid"": false, ""purpose"": ""discrete_monitoring_reference""}"
bce11f133c9c,2026-09-24T19:49:03,zaki,qmc,paper_barrier,call,exact,rqmc_reference,{'construction': 'bridge'},65536,252,40,3036887275,zaki-rehnoom_x86_64,7.0930474550840055,nan,nan,nan,,,1.5166234260000238,"{""construction"": ""bridge"", ""sobol_dim"": 252, ""naive_iid_se"": 0.04900949510922956, ""se_valid"": false, ""purpose"": ""discrete_monitoring_reference""}"
6019ec198c9d,2026-09-24T19:49:05,zaki,qmc,paper_barrier,call,exact,rqmc_reference,{'construction': 'bridge'},65536,252,41,1027991946,zaki-rehnoom_x86_64,7.094219149872426,nan,nan,nan,,,1.4844642220000424,"{""construction"": ""bridge"", ""sobol_dim"": 252, ""naive_iid_se"": 0.049009449402128535, ""se_valid"": false, ""purpose"": ""discrete_monitoring_reference""}"
ee7ae7f804e2,2026-09-24T19:49:06,zaki,qmc,paper_barrier,call,exact,rqmc_reference,{'construction': 'bridge'},65536,252,42,2354090943,zaki-rehnoom_x86_64,7.094966314164801,nan,nan,nan,,,1.479973469000015,"{""construction"": ""bridge"", ""sobol_dim"": 252, ""naive_iid_se"": 0.049005811824302005, ""se_valid"": false, ""purpose"": ""discrete_monitoring_reference""}"
2a41c9a3c140,2026-09-24T19:49:08,zaki,qmc,paper_barrier,call,exact,rqmc_reference,{'construction': 'bridge'},65536,252,43,1180482522,zaki-rehnoom_x86_64,7.092817040787073,nan,nan,nan,,,1.5006557149999935,"{""construction"": ""bridge"", ""sobol_dim"": 252, ""naive_iid_se"": 0.049011285302233656, ""se_valid"": false, ""purpose"": ""discrete_monitoring_reference""}"
39660cea1952,2026-09-24T19:49:09,zaki,qmc,paper_barrier,call,exact,rqmc_reference,{'construction': 'bridge'},65536,252,44,2256150437,zaki-rehnoom_x86_64,7.095884698335518,nan,nan,nan,,,1.5365877429999273,"{""construction"": ""bridge"", ""sobol_dim"": 252, ""naive_iid_se"": 0.04900573496888083, ""se_valid"": false, ""purpose"": ""discrete_monitoring_reference""}"
64acf8d70093,2026-09-24T19:49:11,zaki,qmc,paper_barrier,call,exact,rqmc_reference,{'construction': 'bridge'},65536,252,45,4010761684,zaki-rehnoom_x86_64,7.092718805499525,nan,nan,nan,,,1.547855588999937,"{""construction"": ""bridge"", ""sobol_dim"": 252, ""naive_iid_se"": 0.04900586495364862, ""se_valid"": false, ""purpose"": ""discrete_monitoring_reference""}"
1726a2c550c0,2026-09-24T19:49:12,zaki,qmc,paper_barrier,call,exact,rqmc_reference,{'construction': 'bridge'},65536,252,46,4124497721,zaki-rehnoom_x86_64,7.09555762685021,nan,nan,nan,,,1.487216589000127,"{""construction"": ""bridge"", ""sobol_dim"": 252, ""naive_iid_se"": 0.04900894940573834, ""se_valid"": false, ""purpose"": ""discrete_monitoring_reference""}"
21b69d41bda4,2026-09-24T19:49:14,zaki,qmc,paper_barrier,call,exact,rqmc_reference,{'construction': 'bridge'},65536,252,47,1266208122,zaki-rehnoom_x86_64,7.094245967755117,nan,nan,nan,,,1.5168776390000858,"{""construction"": ""bridge"", ""sobol_dim"": 252, ""naive_iid_se"": 0.04900963774737141, ""se_valid"": false, ""purpose"": ""discrete_monitoring_reference""}"
ae0a3f678481,2026-09-24T19:49:15,zaki,qmc,paper_barrier,call,exact,rqmc_reference,{'construction': 'bridge'},65536,252,48,175823119,zaki-rehnoom_x86_64,7.094019368270085,nan,nan,nan,,,1.497054995000326,"{""construction"": ""bridge"", ""sobol_dim"": 252, ""naive_iid_se"": 0.04900186860023084, ""se_valid"": false, ""purpose"": ""discrete_monitoring_reference""}"
d9886fa44798,2026-09-24T19:49:17,zaki,qmc,paper_barrier,call,exact,rqmc_reference,{'construction': 'bridge'},65536,252,49,3218768537,zaki-rehnoom_x86_64,7.0941891532604195,nan,nan,nan,,,1.5140344229998846,"{""construction"": ""bridge"", ""sobol_dim"": 252, ""naive_iid_se"": 0.04900664159070036, ""se_valid"": false, ""purpose"": ""discrete_monitoring_reference""}"
566a37bee7a6,2026-09-24T19:49:18,zaki,qmc,paper_barrier,call,exact,rqmc_reference,{'construction': 'bridge'},65536,252,50,728113633,zaki-rehnoom_x86_64,7.093737530192165,nan,nan,nan,,,1.5275217019998308,"{""construction"": ""bridge"", ""sobol_dim"": 252, ""naive_iid_se"": 0.04900627778898879, ""se_valid"": false, ""purpose"": ""discrete_monitoring_reference""}"
75e614db57ad,2026-09-24T19:49:20,zaki,qmc,paper_barrier,call,exact,rqmc_reference,{'construction': 'bridge'},65536,252,51,756176252,zaki-rehnoom_x86_64,7.09338481206469,nan,nan,nan,,,1.5032452140003443,"{""construction"": ""bridge"", ""sobol_dim"": 252, ""naive_iid_se"": 0.04901588013551127, ""se_valid"": false, ""purpose"": ""discrete_monitoring_reference""}"
7fce54df801a,2026-09-24T19:49:21,zaki,qmc,paper_barrier,call,exact,rqmc_reference,{'construction': 'bridge'},65536,252,52,1813691232,zaki-rehnoom_x86_64,7.095282164077712,nan,nan,nan,,,1.5013757980000264,"{""construction"": ""bridge"", ""sobol_dim"": 252, ""naive_iid_se"": 0.0490028992485962, ""se_valid"": false, ""purpose"": ""discrete_monitoring_reference""}"
f96a7ac41946,2026-09-24T19:49:23,zaki,qmc,paper_barrier,call,exact,rqmc_reference,{'construction': 'bridge'},65536,252,53,2246660820,zaki-rehnoom_x86_64,7.094307006721331,nan,nan,nan,,,1.4878287480000836,"{""construction"": ""bridge"", ""sobol_dim"": 252, ""naive_iid_se"": 0.049016078651731965, ""se_valid"": false, ""purpose"": ""discrete_monitoring_reference""}"
8cc03c9bb97a,2026-09-24T19:49:24,zaki,qmc,paper_barrier,call,exact,rqmc_reference,{'construction': 'bridge'},65536,252,54,910148676,zaki-rehnoom_x86_64,7.094772815059379,nan,nan,nan,,,1.5216694189998634,"{""construction"": ""bridge"", ""sobol_dim"": 252, ""naive_iid_se"": 0.04900441351860657, ""se_valid"": false, ""purpose"": ""discrete_monitoring_reference""}"
5116ba5896d7,2026-09-24T19:49:26,zaki,qmc,paper_barrier,call,exact,rqmc_reference,{'construction': 'bridge'},65536,252,55,845753573,zaki-rehnoom_x86_64,7.094022197692878,nan,nan,nan,,,1.4808343770000647,"{""construction"": ""bridge"", ""sobol_dim"": 252, ""naive_iid_se"": 0.049006838369843694, ""se_valid"": false, ""purpose"": ""discrete_monitoring_reference""}"
e40d7d928a41,2026-09-24T19:49:27,zaki,qmc,paper_barrier,call,exact,rqmc_reference,{'construction': 'bridge'},65536,252,56,3252554965,zaki-rehnoom_x86_64,7.093368750593403,nan,nan,nan,,,1.481669643999794,"{""construction"": ""bridge"", ""sobol_dim"": 252, ""naive_iid_se"": 0.04901326893798495, ""se_valid"": false, ""purpose"": ""discrete_monitoring_reference""}"
8abafa927148,2026-09-24T19:49:29,zaki,qmc,paper_barrier,call,exact,rqmc_reference,{'construction': 'bridge'},65536,252,57,503426569,zaki-rehnoom_x86_64,7.094377439791345,nan,nan,nan,,,1.547090123000089,"{""construction"": ""bridge"", ""sobol_dim"": 252, ""naive_iid_se"": 0.04901413806062191, ""se_valid"": false, ""purpose"": ""discrete_monitoring_reference""}"
b1dbfdd34892,2026-09-24T19:49:30,zaki,qmc,paper_barrier,call,exact,rqmc_reference,{'construction': 'bridge'},65536,252,58,3579281852,zaki-rehnoom_x86_64,7.093652776382161,nan,nan,nan,,,1.509178018000057,"{""construction"": ""bridge"", ""sobol_dim"": 252, ""naive_iid_se"": 0.04900659880854838, ""se_valid"": false, ""purpose"": ""discrete_monitoring_reference""}"
aa3c94d27fbe,2026-09-24T19:49:32,zaki,qmc,paper_barrier,call,exact,rqmc_reference,{'construction': 'bridge'},65536,252,59,4068048536,zaki-rehnoom_x86_64,7.094740163954048,nan,nan,nan,,,1.4784108389999346,"{""construction"": ""bridge"", ""sobol_dim"": 252, ""naive_iid_se"": 0.04900617194012197, ""se_valid"": false, ""purpose"": ""discrete_monitoring_reference""}"
d77c6d00eff2,2026-09-24T19:49:33,zaki,qmc,paper_barrier,call,exact,rqmc_reference,{'construction': 'bridge'},65536,252,60,3674199508,zaki-rehnoom_x86_64,7.093899042220455,nan,nan,nan,,,1.507483165999929,"{""construction"": ""bridge"", ""sobol_dim"": 252, ""naive_iid_se"": 0.049045132634513294, ""se_valid"": false, ""purpose"": ""discrete_monitoring_reference""}"
f5170d13efc9,2026-09-24T19:49:35,zaki,qmc,paper_barrier,call,exact,rqmc_reference,{'construction': 'bridge'},65536,252,61,2698146249,zaki-rehnoom_x86_64,7.095625715785165,nan,nan,nan,,,1.5104227659999196,"{""construction"": ""bridge"", ""sobol_dim"": 252, ""naive_iid_se"": 0.049004100347212406, ""se_valid"": false, ""purpose"": ""discrete_monitoring_reference""}"
6a3e3149471d,2026-09-24T19:49:36,zaki,qmc,paper_barrier,call,exact,rqmc_reference,{'construction': 'bridge'},65536,252,62,2781530815,zaki-rehnoom_x86_64,7.094090284731606,nan,nan,nan,,,1.4940973470002064,"{""construction"": ""bridge"", ""sobol_dim"": 252, ""naive_iid_se"": 0.04900877944103887, ""se_valid"": false, ""purpose"": ""discrete_monitoring_reference""}"
6fd12c10659d,2026-09-24T19:49:38,zaki,qmc,paper_barrier,call,exact,rqmc_reference,{'construction': 'bridge'},65536,252,63,3777843300,zaki-rehnoom_x86_64,7.094769626567949,nan,nan,nan,,,1.492488835000131,"{""construction"": ""bridge"", ""sobol_dim"": 252, ""naive_iid_se"": 0.04900485755792674, ""se_valid"": false, ""purpose"": ""discrete_monitoring_reference""}"
fdac73c978e0,2026-09-24T19:49:39,zaki,qmc,deep_barrier,call,exact,rqmc_reference,{'construction': 'bridge'},65536,252,0,2574973451,zaki-rehnoom_x86_64,3.3874183574383623,nan,nan,nan,,,1.5403499610001745,"{""construction"": ""bridge"", ""sobol_dim"": 252, ""naive_iid_se"": 0.04498492917743993, ""se_valid"": false, ""purpose"": ""discrete_monitoring_reference""}"
695f6ca32ed4,2026-09-24T19:49:41,zaki,qmc,deep_barrier,call,exact,rqmc_reference,{'construction': 'bridge'},65536,252,1,1054006309,zaki-rehnoom_x86_64,3.386542769071389,nan,nan,nan,,,1.4970762869997998,"{""construction"": ""bridge"", ""sobol_dim"": 252, ""naive_iid_se"": 0.04495884063681418, ""se_valid"": false, ""purpose"": ""discrete_monitoring_reference""}"
bc78399f0fdf,2026-09-24T19:49:42,zaki,qmc,deep_barrier,call,exact,rqmc_reference,{'construction': 'bridge'},65536,252,2,192614761,zaki-rehnoom_x86_64,3.377373420248245,nan,nan,nan,,,1.491349598999932,"{""construction"": ""bridge"", ""sobol_dim"": 252, ""naive_iid_se"": 0.04496144857492305, ""se_valid"": false, ""purpose"": ""discrete_monitoring_reference""}"
491e1697c7e4,2026-09-24T19:49:44,zaki,qmc,deep_barrier,call,exact,rqmc_reference,{'construction': 'bridge'},65536,252,3,3726304110,zaki-rehnoom_x86_64,3.375501205655527,nan,nan,nan,,,1.527140418000272,"{""construction"": ""bridge"", ""sobol_dim"": 252, ""naive_iid_se"": 0.04493431478847473, ""se_valid"": false, ""purpose"": ""discrete_monitoring_reference""}"
c760f1eda2d9,2026-09-24T19:49:45,zaki,qmc,deep_barrier,call,exact,rqmc_reference,{'construction': 'bridge'},65536,252,4,58810895,zaki-rehnoom_x86_64,3.3752181448134646,nan,nan,nan,,,1.5427628730003562,"{""construction"": ""bridge"", ""sobol_dim"": 252, ""naive_iid_se"": 0.04493203786073123, ""se_valid"": false, ""purpose"": ""discrete_monitoring_reference""}"
c3c78d4a3a40,2026-09-24T19:49:47,zaki,qmc,deep_barrier,call,exact,rqmc_reference,{'construction': 'bridge'},65536,252,5,1631040629,zaki-rehnoom_x86_64,3.385429986137959,nan,nan,nan,,,1.4836104089999935,"{""construction"": ""bridge"", ""sobol_dim"": 252, ""naive_iid_se"": 0.0449722966488716, ""se_valid"": false, ""purpose"": ""discrete_monitoring_reference""}"
b5bea23c99b5,2026-09-24T19:49:48,zaki,qmc,deep_barrier,call,exact,rqmc_reference,{'construction': 'bridge'},65536,252,6,2559822550,zaki-rehnoom_x86_64,3.3948004874356323,nan,nan,nan,,,1.472993132999818,"{""construction"": ""bridge"", ""sobol_dim"": 252, ""naive_iid_se"": 0.04500560870794967, ""se_valid"": false, ""purpose"": ""discrete_monitoring_reference""}"
56914da40a13,2026-09-24T19:49:50,zaki,qmc,deep_barrier,call,exact,rqmc_reference,{'construction': 'bridge'},65536,252,7,1897668777,zaki-rehnoom_x86_64,3.388296818087038,nan,nan,nan,,,1.5060003049998159,"{""construction"": ""bridge"", ""sobol_dim"": 252, ""naive_iid_se"": 0.04497747275522486, ""se_valid"": false, ""purpose"": ""discrete_monitoring_reference""}"
ea672dc78cb6,2026-09-24T19:49:51,zaki,qmc,deep_barrier,call,exact,rqmc_reference,{'construction': 'bridge'},65536,252,8,33646930,zaki-rehnoom_x86_64,3.4042284142157957,nan,nan,nan,,,1.4749749320003502,"{""construction"": ""bridge"", ""sobol_dim"": 252, ""naive_iid_se"": 0.045049432622720306, ""se_valid"": false, ""purpose"": ""discrete_monitoring_reference""}"
7f258885aa20,2026-09-24T19:49:53,zaki,qmc,deep_barrier,call,exact,rqmc_reference,{'construction': 'bridge'},65536,252,9,3612309624,zaki-rehnoom_x86_64,3.385373046934845,nan,nan,nan,,,1.4637032030000228,"{""construction"": ""bridge"", ""sobol_dim"": 252, ""naive_iid_se"": 0.04496877185471271, ""se_valid"": false, ""purpose"": ""discrete_monitoring_reference""}"
26b3bffb398e,2026-09-24T19:49:54,zaki,qmc,deep_barrier,call,exact,rqmc_reference,{'construction': 'bridge'},65536,252,10,3850075800,zaki-rehnoom_x86_64,3.385708998819765,nan,nan,nan,,,1.514600775999952,"{""construction"": ""bridge"", ""sobol_dim"": 252, ""naive_iid_se"": 0.044972210251567876, ""se_valid"": false, ""purpose"": ""discrete_monitoring_reference""}"
4d00b60bf9e1,2026-09-24T19:49:56,zaki,qmc,deep_barrier,call,exact,rqmc_reference,{'construction': 'bridge'},65536,252,11,1894552310,zaki-rehnoom_x86_64,3.399324880129718,nan,nan,nan,,,1.475468353999986,"{""construction"": ""bridge"", ""sobol_dim"": 252, ""naive_iid_se"": 0.04503988375850285, ""se_valid"": false, ""purpose"": ""discrete_monitoring_reference""}"
d6698e018a90,2026-09-24T19:49:57,zaki,qmc,deep_barrier,call,exact,rqmc_reference,{'construction': 'bridge'},65536,252,12,4241735558,zaki-rehnoom_x86_64,3.384493836751082,nan,nan,nan,,,1.4730832629998076,"{""construction"": ""bridge"", ""sobol_dim"": 252, ""naive_iid_se"": 0.0449744011520049, ""se_valid"": false, ""purpose"": ""discrete_monitoring_reference""}"
754d81afa0f6,2026-09-24T19:49:59,zaki,qmc,deep_barrier,call,exact,rqmc_reference,{'construction': 'bridge'},65536,252,13,1613917471,zaki-rehnoom_x86_64,3.3738016807217055,nan,nan,nan,,,1.504182369999853,"{""construction"": ""bridge"", ""sobol_dim"": 252, ""naive_iid_se"": 0.04493825794286314, ""se_valid"": false, ""purpose"": ""discrete_monitoring_reference""}"
28631585548b,2026-09-24T19:50:00,zaki,qmc,deep_barrier,call,exact,rqmc_reference,{'construction': 'bridge'},65536,252,14,1968152921,zaki-rehnoom_x86_64,3.40292307367383,nan,nan,nan,,,1.4966303699998207,"{""construction"": ""bridge"", ""sobol_dim"": 252, ""naive_iid_se"": 0.04504456932111538, ""se_valid"": false, ""purpose"": ""discrete_monitoring_reference""}"
52897f5c552c,2026-09-24T19:50:02,zaki,qmc,deep_barrier,call,exact,rqmc_reference,{'construction': 'bridge'},65536,252,15,3940320064,zaki-rehnoom_x86_64,3.404287347185416,nan,nan,nan,,,1.4814958750002916,"{""construction"": ""bridge"", ""sobol_dim"": 252, ""naive_iid_se"": 0.045038066550454794, ""se_valid"": false, ""purpose"": ""discrete_monitoring_reference""}"
68cd3a344b68,2026-09-24T19:50:03,zaki,qmc,deep_barrier,call,exact,rqmc_reference,{'construction': 'bridge'},65536,252,16,2331287754,zaki-rehnoom_x86_64,3.3877677985657995,nan,nan,nan,,,1.484538412999882,"{""construction"": ""bridge"", ""sobol_dim"": 252, ""naive_iid_se"": 0.0449792158811118, ""se_valid"": false, ""purpose"": ""discrete_monitoring_reference""}"
6253c999f13c,2026-09-24T19:50:05,zaki,qmc,deep_barrier,call,exact,rqmc_reference,{'construction': 'bridge'},65536,252,17,2661056680,zaki-rehnoom_x86_64,3.3922734340396277,nan,nan,nan,,,1.5152705360001164,"{""construction"": ""bridge"", ""sobol_dim"": 252, ""naive_iid_se"": 0.0449891762408049, ""se_valid"": false, ""purpose"": ""discrete_monitoring_reference""}"
20b5b592b5e4,2026-09-24T19:50:06,zaki,qmc,deep_barrier,call,exact,rqmc_reference,{'construction': 'bridge'},65536,252,18,1200782930,zaki-rehnoom_x86_64,3.385363960047197,nan,nan,nan,,,1.4978005949997168,"{""construction"": ""bridge"", ""sobol_dim"": 252, ""naive_iid_se"": 0.04497670863761207, ""se_valid"": false, ""purpose"": ""discrete_monitoring_reference""}"
7bef1ccc7662,2026-09-24T19:50:08,zaki,qmc,deep_barrier,call,exact,rqmc_reference,{'construction': 'bridge'},65536,252,19,2510484780,zaki-rehnoom_x86_64,3.3978137314298342,nan,nan,nan,,,1.4885047660000055,"{""construction"": ""bridge"", ""sobol_dim"": 252, ""naive_iid_se"": 0.04501247500383316, ""se_valid"": false, ""purpose"": ""discrete_monitoring_reference""}"
49454a587f95,2026-09-24T19:50:09,zaki,qmc,deep_barrier,call,exact,rqmc_reference,{'construction': 'bridge'},65536,252,20,3367973241,zaki-rehnoom_x86_64,3.398260993929056,nan,nan,nan,,,1.5087787930001468,"{""construction"": ""bridge"", ""sobol_dim"": 252, ""naive_iid_se"": 0.045031022872082396, ""se_valid"": false, ""purpose"": ""discrete_monitoring_reference""}"
aad518e6274c,2026-09-24T19:50:11,zaki,qmc,deep_barrier,call,exact,rqmc_reference,{'construction': 'bridge'},65536,252,21,4021566770,zaki-rehnoom_x86_64,3.376979957155424,nan,nan,nan,,,1.4991105569997671,"{""construction"": ""bridge"", ""sobol_dim"": 252, ""naive_iid_se"": 0.044948255232097944, ""se_valid"": false, ""purpose"": ""discrete_monitoring_reference""}"
1e951266220f,2026-09-24T19:50:12,zaki,qmc,deep_barrier,call,exact,rqmc_reference,{'construction': 'bridge'},65536,252,22,1351658151,zaki-rehnoom_x86_64,3.377160388281718,nan,nan,nan,,,1.47617735599988,"{""construction"": ""bridge"", ""sobol_dim"": 252, ""naive_iid_se"": 0.04493974305644369, ""se_valid"": false, ""purpose"": ""discrete_monitoring_reference""}"
8ebd30bccb52,2026-09-24T19:50:14,zaki,qmc,deep_barrier,call,exact,rqmc_reference,{'construction': 'bridge'},65536,252,23,3530933392,zaki-rehnoom_x86_64,3.390032559424118,nan,nan,nan,,,1.5113126249998459,"{""construction"": ""bridge"", ""sobol_dim"": 252, ""naive_iid_se"": 0.04499832218252875, ""se_valid"": false, ""purpose"": ""discrete_monitoring_reference""}"
ba7d962edc2a,2026-09-24T19:50:15,zaki,qmc,deep_barrier,call,exact,rqmc_reference,{'construction': 'bridge'},65536,252,24,1493560613,zaki-rehnoom_x86_64,3.379539133187932,nan,nan,nan,,,1.503770700000132,"{""construction"": ""bridge"", ""sobol_dim"": 252, ""naive_iid_se"": 0.04495839326731585, ""se_valid"": false, ""purpose"": ""discrete_monitoring_reference""}"
bdb677ab0622,2026-09-24T19:50:17,zaki,qmc,deep_barrier,call,exact,rqmc_reference,{'construction': 'bridge'},65536,252,25,2138649938,zaki-rehnoom_x86_64,3.385043601448404,nan,nan,nan,,,1.4861020800003644,"{""construction"": ""bridge"", ""sobol_dim"": 252, ""naive_iid_se"": 0.044973111744762755, ""se_valid"": false, ""purpose"": ""discrete_monitoring_reference""}"
dea60b1e12df,2026-09-24T19:50:18,zaki,qmc,deep_barrier,call,exact,rqmc_reference,{'construction': 'bridge'},65536,252,26,1863207018,zaki-rehnoom_x86_64,3.377119400410117,nan,nan,nan,,,1.5216736070001389,"{""construction"": ""bridge"", ""sobol_dim"": 252, ""naive_iid_se"": 0.04495109340149715, ""se_valid"": false, ""purpose"": ""discrete_monitoring_reference""}"
5d053f9e0bb4,2026-09-24T19:50:20,zaki,qmc,deep_barrier,call,exact,rqmc_reference,{'construction': 'bridge'},65536,252,27,2984556199,zaki-rehnoom_x86_64,3.386577247003128,nan,nan,nan,,,1.5078004209999563,"{""construction"": ""bridge"", ""sobol_dim"": 252, ""naive_iid_se"": 0.04497863339432271, ""se_valid"": false, ""purpose"": ""discrete_monitoring_reference""}"
e1641cd4e3be,2026-09-24T19:50:21,zaki,qmc,deep_barrier,call,exact,rqmc_reference,{'construction': 'bridge'},65536,252,28,118089688,zaki-rehnoom_x86_64,3.379071804685665,nan,nan,nan,,,1.4795234210000672,"{""construction"": ""bridge"", ""sobol_dim"": 252, ""naive_iid_se"": 0.04494392316059395, ""se_valid"": false, ""purpose"": ""discrete_monitoring_reference""}"
8d682f1c679f,2026-09-24T19:50:23,zaki,qmc,deep_barrier,call,exact,rqmc_reference,{'construction': 'bridge'},65536,252,29,4073497446,zaki-rehnoom_x86_64,3.397891506224558,nan,nan,nan,,,1.462572149999687,"{""construction"": ""bridge"", ""sobol_dim"": 252, ""naive_iid_se"": 0.045029306780274454, ""se_valid"": false, ""purpose"": ""discrete_monitoring_reference""}"
a9b9d8f0b939,2026-09-24T19:50:24,zaki,qmc,deep_barrier,call,exact,rqmc_reference,{'construction': 'bridge'},65536,252,30,617615998,zaki-rehnoom_x86_64,3.387403881239122,nan,nan,nan,,,1.503427759999795,"{""construction"": ""bridge"", ""sobol_dim"": 252, ""naive_iid_se"": 0.044970140899180104, ""se_valid"": false, ""purpose"": ""discrete_monitoring_reference""}"
f0256cb197cb,2026-09-24T19:50:26,zaki,qmc,deep_barrier,call,exact,rqmc_reference,{'construction': 'bridge'},65536,252,31,1537677443,zaki-rehnoom_x86_64,3.3774979602376085,nan,nan,nan,,,1.4977557400002297,"{""construction"": ""bridge"", ""sobol_dim"": 252, ""naive_iid_se"": 0.044944789712000284, ""se_valid"": false, ""purpose"": ""discrete_monitoring_reference""}"
a284006815d7,2026-09-24T19:50:27,zaki,qmc,deep_barrier,call,exact,rqmc_reference,{'construction': 'bridge'},65536,252,32,2001688113,zaki-rehnoom_x86_64,3.3871433791589394,nan,nan,nan,,,1.465047155999855,"{""construction"": ""bridge"", ""sobol_dim"": 252, ""naive_iid_se"": 0.044972408880015656, ""se_valid"": false, ""purpose"": ""discrete_monitoring_reference""}"
b0e5a0b7c15c,2026-09-24T19:50:29,zaki,qmc,deep_barrier,call,exact,rqmc_reference,{'construction': 'bridge'},65536,252,33,1400303369,zaki-rehnoom_x86_64,3.394431279471569,nan,nan,nan,,,1.4986502980000296,"{""construction"": ""bridge"", ""sobol_dim"": 252, ""naive_iid_se"": 0.04499466110945372, ""se_valid"": false, ""purpose"": ""discrete_monitoring_reference""}"
16ebd974f08d,2026-09-24T19:50:30,zaki,qmc,deep_barrier,call,exact,rqmc_reference,{'construction': 'bridge'},65536,252,34,1199449452,zaki-rehnoom_x86_64,3.391777896517396,nan,nan,nan,,,1.5069672600002377,"{""construction"": ""bridge"", ""sobol_dim"": 252, ""naive_iid_se"": 0.04499455004728596, ""se_valid"": false, ""purpose"": ""discrete_monitoring_reference""}"
df356981575d,2026-09-24T19:50:32,zaki,qmc,deep_barrier,call,exact,rqmc_reference,{'construction': 'bridge'},65536,252,35,559052270,zaki-rehnoom_x86_64,3.382539216306101,nan,nan,nan,,,1.483070581999982,"{""construction"": ""bridge"", ""sobol_dim"": 252, ""naive_iid_se"": 0.04495469379529083, ""se_valid"": false, ""purpose"": ""discrete_monitoring_reference""}"
de13952ac654,2026-09-24T19:50:33,zaki,qmc,deep_barrier,call,exact,rqmc_reference,{'construction': 'bridge'},65536,252,36,839730285,zaki-rehnoom_x86_64,3.368794973493532,nan,nan,nan,,,1.4784561910000775,"{""construction"": ""bridge"", ""sobol_dim"": 252, ""naive_iid_se"": 0.0449191263988879, ""se_valid"": false, ""purpose"": ""discrete_monitoring_reference""}"
0a76216fc7b9,2026-09-24T19:50:35,zaki,qmc,deep_barrier,call,exact,rqmc_reference,{'construction': 'bridge'},65536,252,37,693821358,zaki-rehnoom_x86_64,3.3863063917850713,nan,nan,nan,,,1.5111062189998847,"{""construction"": ""bridge"", ""sobol_dim"": 252, ""naive_iid_se"": 0.044980830962541234, ""se_valid"": false, ""purpose"": ""discrete_monitoring_reference""}"
526ea6529605,2026-09-24T19:50:36,zaki,qmc,deep_barrier,call,exact,rqmc_reference,{'construction': 'bridge'},65536,252,38,86196421,zaki-rehnoom_x86_64,3.379034817260387,nan,nan,nan,,,1.5093053400000827,"{""construction"": ""bridge"", ""sobol_dim"": 252, ""naive_iid_se"": 0.04495213346711347, ""se_valid"": false, ""purpose"": ""discrete_monitoring_reference""}"
ad3476bce02b,2026-09-24T19:50:38,zaki,qmc,deep_barrier,call,exact,rqmc_reference,{'construction': 'bridge'},65536,252,39,3380561065,zaki-rehnoom_x86_64,3.3876672920775777,nan,nan,nan,,,1.4739179620000868,"{""construction"": ""bridge"", ""sobol_dim"": 252, ""naive_iid_se"": 0.045013606937430145, ""se_valid"": false, ""purpose"": ""discrete_monitoring_reference""}"
ae1610d28633,2026-09-24T19:50:39,zaki,qmc,deep_barrier,call,exact,rqmc_reference,{'construction': 'bridge'},65536,252,40,2785288380,zaki-rehnoom_x86_64,3.376151011798952,nan,nan,nan,,,1.5291164689997458,"{""construction"": ""bridge"", ""sobol_dim"": 252, ""naive_iid_se"": 0.04496038370243313, ""se_valid"": false, ""purpose"": ""discrete_monitoring_reference""}"
f7c09a4fba82,2026-09-24T19:50:41,zaki,qmc,deep_barrier,call,exact,rqmc_reference,{'construction': 'bridge'},65536,252,41,121394807,zaki-rehnoom_x86_64,3.3869142974344095,nan,nan,nan,,,1.5256780549998439,"{""construction"": ""bridge"", ""sobol_dim"": 252, ""naive_iid_se"": 0.0449729786343244, ""se_valid"": false, ""purpose"": ""discrete_monitoring_reference""}"
62d74dc1923d,2026-09-24T19:50:42,zaki,qmc,deep_barrier,call,exact,rqmc_reference,{'construction': 'bridge'},65536,252,42,355417196,zaki-rehnoom_x86_64,3.382063647018272,nan,nan,nan,,,1.4678604730002007,"{""construction"": ""bridge"", ""sobol_dim"": 252, ""naive_iid_se"": 0.04496078721416981, ""se_valid"": false, ""purpose"": ""discrete_monitoring_reference""}"
82beabc3c155,2026-09-24T19:50:44,zaki,qmc,deep_barrier,call,exact,rqmc_reference,{'construction': 'bridge'},65536,252,43,3755913812,zaki-rehnoom_x86_64,3.3828925357686535,nan,nan,nan,,,1.4839534570000978,"{""construction"": ""bridge"", ""sobol_dim"": 252, ""naive_iid_se"": 0.044963227131653155, ""se_valid"": false, ""purpose"": ""discrete_monitoring_reference""}"
cac59c45f98a,2026-09-24T19:50:45,zaki,qmc,deep_barrier,call,exact,rqmc_reference,{'construction': 'bridge'},65536,252,44,3263629027,zaki-rehnoom_x86_64,3.380877492840266,nan,nan,nan,,,1.5038531710001735,"{""construction"": ""bridge"", ""sobol_dim"": 252, ""naive_iid_se"": 0.044961871326482064, ""se_valid"": false, ""purpose"": ""discrete_monitoring_reference""}"
6a1b23178068,2026-09-24T19:50:47,zaki,qmc,deep_barrier,call,exact,rqmc_reference,{'construction': 'bridge'},65536,252,45,4164053045,zaki-rehnoom_x86_64,3.3752982313388076,nan,nan,nan,,,1.4919558599999618,"{""construction"": ""bridge"", ""sobol_dim"": 252, ""naive_iid_se"": 0.04492491061684938, ""se_valid"": false, ""purpose"": ""discrete_monitoring_reference""}"
7d195b882de5,2026-09-24T19:50:48,zaki,qmc,deep_barrier,call,exact,rqmc_reference,{'construction': 'bridge'},65536,252,46,2922194630,zaki-rehnoom_x86_64,3.3784117555139193,nan,nan,nan,,,1.4934630689999722,"{""construction"": ""bridge"", ""sobol_dim"": 252, ""naive_iid_se"": 0.04495058792305207, ""se_valid"": false, ""purpose"": ""discrete_monitoring_reference""}"
68571bd779c9,2026-09-24T19:50:50,zaki,qmc,deep_barrier,call,exact,rqmc_reference,{'construction': 'bridge'},65536,252,47,931974258,zaki-rehnoom_x86_64,3.3750167449204906,nan,nan,nan,,,1.489429654000105,"{""construction"": ""bridge"", ""sobol_dim"": 252, ""naive_iid_se"": 0.04494414473326482, ""se_valid"": false, ""purpose"": ""discrete_monitoring_reference""}"
9f0b1c3bd4ee,2026-09-24T19:50:51,zaki,qmc,deep_barrier,call,exact,rqmc_reference,{'construction': 'bridge'},65536,252,48,3456062593,zaki-rehnoom_x86_64,3.3858945565714578,nan,nan,nan,,,1.6077076579999812,"{""construction"": ""bridge"", ""sobol_dim"": 252, ""naive_iid_se"": 0.044997131623091255, ""se_valid"": false, ""purpose"": ""discrete_monitoring_reference""}"
66a0fbab344c,2026-09-24T19:50:53,zaki,qmc,deep_barrier,call,exact,rqmc_reference,{'construction': 'bridge'},65536,252,49,631913053,zaki-rehnoom_x86_64,3.388894189367138,nan,nan,nan,,,1.4759615009998015,"{""construction"": ""bridge"", ""sobol_dim"": 252, ""naive_iid_se"": 0.04498270333763295, ""se_valid"": false, ""purpose"": ""discrete_monitoring_reference""}"
4dec315c5662,2026-09-24T19:50:54,zaki,qmc,deep_barrier,call,exact,rqmc_reference,{'construction': 'bridge'},65536,252,50,1867138433,zaki-rehnoom_x86_64,3.384559952322147,nan,nan,nan,,,1.5183296689997405,"{""construction"": ""bridge"", ""sobol_dim"": 252, ""naive_iid_se"": 0.04495976938163037, ""se_valid"": false, ""purpose"": ""discrete_monitoring_reference""}"
f209231c814d,2026-09-24T19:50:56,zaki,qmc,deep_barrier,call,exact,rqmc_reference,{'construction': 'bridge'},65536,252,51,2878227516,zaki-rehnoom_x86_64,3.383192682009134,nan,nan,nan,,,1.5228858529999343,"{""construction"": ""bridge"", ""sobol_dim"": 252, ""naive_iid_se"": 0.04498400333552629, ""se_valid"": false, ""purpose"": ""discrete_monitoring_reference""}"
ce15dd8c4e82,2026-09-24T19:50:57,zaki,qmc,deep_barrier,call,exact,rqmc_reference,{'construction': 'bridge'},65536,252,52,3731505580,zaki-rehnoom_x86_64,3.396977809027514,nan,nan,nan,,,1.4846141899997747,"{""construction"": ""bridge"", ""sobol_dim"": 252, ""naive_iid_se"": 0.045010509519193546, ""se_valid"": false, ""purpose"": ""discrete_monitoring_reference""}"
8c65d8212652,2026-09-24T19:50:59,zaki,qmc,deep_barrier,call,exact,rqmc_reference,{'construction': 'bridge'},65536,252,53,4280451647,zaki-rehnoom_x86_64,3.395292298932192,nan,nan,nan,,,1.512326829000358,"{""construction"": ""bridge"", ""sobol_dim"": 252, ""naive_iid_se"": 0.04501119618798304, ""se_valid"": false, ""purpose"": ""discrete_monitoring_reference""}"
c1e7d29910b4,2026-09-24T19:51:00,zaki,qmc,deep_barrier,call,exact,rqmc_reference,{'construction': 'bridge'},65536,252,54,2448238130,zaki-rehnoom_x86_64,3.382331369681723,nan,nan,nan,,,1.5083866410000155,"{""construction"": ""bridge"", ""sobol_dim"": 252, ""naive_iid_se"": 0.0449672875348186, ""se_valid"": false, ""purpose"": ""discrete_monitoring_reference""}"
4f9c8bd0a69a,2026-09-24T19:51:02,zaki,qmc,deep_barrier,call,exact,rqmc_reference,{'construction': 'bridge'},65536,252,55,57818222,zaki-rehnoom_x86_64,3.393860417631732,nan,nan,nan,,,1.5227038789998915,"{""construction"": ""bridge"", ""sobol_dim"": 252, ""naive_iid_se"": 0.04501248684051214, ""se_valid"": false, ""purpose"": ""discrete_monitoring_reference""}"
c2011fbd2b39,2026-09-24T19:51:03,zaki,qmc,deep_barrier,call,exact,rqmc_reference,{'construction': 'bridge'},65536,252,56,117344617,zaki-rehnoom_x86_64,3.3902128157272515,nan,nan,nan,,,1.5123701900001834,"{""construction"": ""bridge"", ""sobol_dim"": 252, ""naive_iid_se"": 0.04499398056307797, ""se_valid"": false, ""purpose"": ""discrete_monitoring_reference""}"
11039871f3e6,2026-09-24T19:51:05,zaki,qmc,deep_barrier,call,exact,rqmc_reference,{'construction': 'bridge'},65536,252,57,1898227932,zaki-rehnoom_x86_64,3.3866042235032765,nan,nan,nan,,,1.506647269000041,"{""construction"": ""bridge"", ""sobol_dim"": 252, ""naive_iid_se"": 0.0449675425399522, ""se_valid"": false, ""purpose"": ""discrete_monitoring_reference""}"
e5f5eeb4491f,2026-09-24T19:51:06,zaki,qmc,deep_barrier,call,exact,rqmc_reference,{'construction': 'bridge'},65536,252,58,2109757959,zaki-rehnoom_x86_64,3.3879134952502756,nan,nan,nan,,,1.5856433659996583,"{""construction"": ""bridge"", ""sobol_dim"": 252, ""naive_iid_se"": 0.04500002315248935, ""se_valid"": false, ""purpose"": ""discrete_monitoring_reference""}"
f38fcd3e6a02,2026-09-24T19:51:08,zaki,qmc,deep_barrier,call,exact,rqmc_reference,{'construction': 'bridge'},65536,252,59,2436488065,zaki-rehnoom_x86_64,3.393812168244246,nan,nan,nan,,,1.5050645090000216,"{""construction"": ""bridge"", ""sobol_dim"": 252, ""naive_iid_se"": 0.044997844997600366, ""se_valid"": false, ""purpose"": ""discrete_monitoring_reference""}"
0b2b64124272,2026-09-24T19:51:09,zaki,qmc,deep_barrier,call,exact,rqmc_reference,{'construction': 'bridge'},65536,252,60,3179397422,zaki-rehnoom_x86_64,3.37120705131232,nan,nan,nan,,,1.4940112350000163,"{""construction"": ""bridge"", ""sobol_dim"": 252, ""naive_iid_se"": 0.04491781078083345, ""se_valid"": false, ""purpose"": ""discrete_monitoring_reference""}"
fd98676d34dc,2026-09-24T19:51:11,zaki,qmc,deep_barrier,call,exact,rqmc_reference,{'construction': 'bridge'},65536,252,61,554134297,zaki-rehnoom_x86_64,3.379329973946763,nan,nan,nan,,,1.5277466799998365,"{""construction"": ""bridge"", ""sobol_dim"": 252, ""naive_iid_se"": 0.04495473503200775, ""se_valid"": false, ""purpose"": ""discrete_monitoring_reference""}"
ba4c74ee0b88,2026-09-24T19:51:12,zaki,qmc,deep_barrier,call,exact,rqmc_reference,{'construction': 'bridge'},65536,252,62,3281598780,zaki-rehnoom_x86_64,3.3803301259018648,nan,nan,nan,,,1.4954850740000438,"{""construction"": ""bridge"", ""sobol_dim"": 252, ""naive_iid_se"": 0.04495165565782214, ""se_valid"": false, ""purpose"": ""discrete_monitoring_reference""}"
30c44243e19a,2026-09-24T19:51:14,zaki,qmc,deep_barrier,call,exact,rqmc_reference,{'construction': 'bridge'},65536,252,63,3315177015,zaki-rehnoom_x86_64,3.3844427972753772,nan,nan,nan,,,1.5035802470001727,"{""construction"": ""bridge"", ""sobol_dim"": 252, ""naive_iid_se"": 0.044967270331431566, ""se_valid"": false, ""purpose"": ""discrete_monitoring_reference""}"
